"waveid","sui","suj","distance"
1,"exsu001","exsu001",0
1,"exsu001","exsu002",1641
1,"exsu001","exsu003",2097
1,"exsu001","exsu004",253
1,"exsu001","exsu005",1041
1,"exsu001","exsu006",1738
1,"exsu001","exsu007",545
1,"exsu001","exsu008",1701
1,"exsu001","exsu009",1474
1,"exsu001","exsu010",1741
1,"exsu001","exsu011",2136
1,"exsu001","exsu012",802
1,"exsu001","exsu013",407
1,"exsu001","exsu014",417
1,"exsu001","exsu015",2184
1,"exsu001","exsu016",1018
1,"exsu001","exsu017",238
1,"exsu001","exsu018",636
1,"exsu001","exsu019",1285
1,"exsu001","exsu020",1662
1,"exsu001","exsu021",178
1,"exsu001","exsu022",1328
1,"exsu001","exsu023",371
1,"exsu001","exsu024",1827
1,"exsu001","exsu025",886
1,"exsu001","exsu026",1674
1,"exsu001","exsu027",2051
1,"exsu001","exsu028",1099
1,"exsu001","exsu029",1502
1,"exsu001","exsu030",1874
1,"exsu001","exsu031",1636
1,"exsu001","exsu032",209
1,"exsu001","exsu033",1446
1,"exsu001","exsu034",967
1,"exsu001","exsu035",2072
1,"exsu001","exsu036",1963
1,"exsu001","exsu037",1668
1,"exsu001","exsu038",450
1,"exsu001","exsu039",1795
1,"exsu001","exsu040",2173
1,"exsu001","exsu041",1195
1,"exsu001","exsu042",623
1,"exsu001","exsu043",1948
1,"exsu001","exsu044",1354
1,"exsu001","exsu045",1965
1,"exsu001","exsu046",1239
1,"exsu001","exsu047",1385
1,"exsu001","exsu048",911
1,"exsu001","exsu049",1288
1,"exsu001","exsu050",423
1,"exsu001","exsu051",1425
1,"exsu001","exsu052",956
1,"exsu001","exsu053",1427
1,"exsu001","exsu054",781
1,"exsu001","exsu055",1055
1,"exsu001","exsu056",1713
1,"exsu001","exsu057",1008
1,"exsu001","exsu058",1483
1,"exsu001","exsu059",1620
1,"exsu001","exsu060",897
1,"exsu001","exsu061",1840
1,"exsu001","exsu062",676
1,"exsu001","exsu063",2206
1,"exsu001","exsu064",826
1,"exsu001","exsu065",1694
1,"exsu001","exsu066",533
1,"exsu001","exsu067",647
1,"exsu001","exsu068",700
1,"exsu001","exsu069",1965
1,"exsu001","exsu070",1887
1,"exsu002","exsu001",1641
1,"exsu002","exsu002",0
1,"exsu002","exsu003",759
1,"exsu002","exsu004",1701
1,"exsu002","exsu005",1608
1,"exsu002","exsu006",408
1,"exsu002","exsu007",1499
1,"exsu002","exsu008",88
1,"exsu002","exsu009",353
1,"exsu002","exsu010",532
1,"exsu002","exsu011",774
1,"exsu002","exsu012",846
1,"exsu002","exsu013",1252
1,"exsu002","exsu014",1579
1,"exsu002","exsu015",726
1,"exsu002","exsu016",651
1,"exsu002","exsu017",1655
1,"exsu002","exsu018",1055
1,"exsu002","exsu019",891
1,"exsu002","exsu020",64
1,"exsu002","exsu021",1642
1,"exsu002","exsu022",1472
1,"exsu002","exsu023",1584
1,"exsu002","exsu024",833
1,"exsu002","exsu025",787
1,"exsu002","exsu026",52
1,"exsu002","exsu027",620
1,"exsu002","exsu028",547
1,"exsu002","exsu029",703
1,"exsu002","exsu030",792
1,"exsu002","exsu031",163
1,"exsu002","exsu032",1502
1,"exsu002","exsu033",378
1,"exsu002","exsu034",860
1,"exsu002","exsu035",1135
1,"exsu002","exsu036",324
1,"exsu002","exsu037",1337
1,"exsu002","exsu038",1406
1,"exsu002","exsu039",761
1,"exsu002","exsu040",752
1,"exsu002","exsu041",491
1,"exsu002","exsu042",1312
1,"exsu002","exsu043",1012
1,"exsu002","exsu044",500
1,"exsu002","exsu045",329
1,"exsu002","exsu046",1386
1,"exsu002","exsu047",310
1,"exsu002","exsu048",1444
1,"exsu002","exsu049",630
1,"exsu002","exsu050",1320
1,"exsu002","exsu051",554
1,"exsu002","exsu052",792
1,"exsu002","exsu053",769
1,"exsu002","exsu054",1526
1,"exsu002","exsu055",645
1,"exsu002","exsu056",932
1,"exsu002","exsu057",1188
1,"exsu002","exsu058",716
1,"exsu002","exsu059",845
1,"exsu002","exsu060",1088
1,"exsu002","exsu061",426
1,"exsu002","exsu062",1027
1,"exsu002","exsu063",876
1,"exsu002","exsu064",958
1,"exsu002","exsu065",265
1,"exsu002","exsu066",1418
1,"exsu002","exsu067",1652
1,"exsu002","exsu068",980
1,"exsu002","exsu069",727
1,"exsu002","exsu070",804
1,"exsu003","exsu001",2097
1,"exsu003","exsu002",759
1,"exsu003","exsu003",0
1,"exsu003","exsu004",2229
1,"exsu003","exsu005",1651
1,"exsu003","exsu006",401
1,"exsu003","exsu007",2114
1,"exsu003","exsu008",674
1,"exsu003","exsu009",1110
1,"exsu003","exsu010",1252
1,"exsu003","exsu011",44
1,"exsu003","exsu012",1330
1,"exsu003","exsu013",1692
1,"exsu003","exsu014",2160
1,"exsu003","exsu015",178
1,"exsu003","exsu016",1112
1,"exsu003","exsu017",2183
1,"exsu003","exsu018",1634
1,"exsu003","exsu019",1641
1,"exsu003","exsu020",696
1,"exsu003","exsu021",2154
1,"exsu003","exsu022",1366
1,"exsu003","exsu023",1914
1,"exsu003","exsu024",392
1,"exsu003","exsu025",1227
1,"exsu003","exsu026",782
1,"exsu003","exsu027",161
1,"exsu003","exsu028",1152
1,"exsu003","exsu029",1461
1,"exsu003","exsu030",1494
1,"exsu003","exsu031",912
1,"exsu003","exsu032",1913
1,"exsu003","exsu033",1133
1,"exsu003","exsu034",1139
1,"exsu003","exsu035",519
1,"exsu003","exsu036",713
1,"exsu003","exsu037",1026
1,"exsu003","exsu038",1992
1,"exsu003","exsu039",369
1,"exsu003","exsu040",124
1,"exsu003","exsu041",1170
1,"exsu003","exsu042",1585
1,"exsu003","exsu043",464
1,"exsu003","exsu044",1248
1,"exsu003","exsu045",619
1,"exsu003","exsu046",1328
1,"exsu003","exsu047",799
1,"exsu003","exsu048",1552
1,"exsu003","exsu049",811
1,"exsu003","exsu050",1883
1,"exsu003","exsu051",672
1,"exsu003","exsu052",1141
1,"exsu003","exsu053",724
1,"exsu003","exsu054",1690
1,"exsu003","exsu055",1058
1,"exsu003","exsu056",585
1,"exsu003","exsu057",1286
1,"exsu003","exsu058",651
1,"exsu003","exsu059",1597
1,"exsu003","exsu060",1286
1,"exsu003","exsu061",1088
1,"exsu003","exsu062",1422
1,"exsu003","exsu063",122
1,"exsu003","exsu064",1607
1,"exsu003","exsu065",518
1,"exsu003","exsu066",2029
1,"exsu003","exsu067",1870
1,"exsu003","exsu068",1563
1,"exsu003","exsu069",152
1,"exsu003","exsu070",1503
1,"exsu004","exsu001",253
1,"exsu004","exsu002",1701
1,"exsu004","exsu003",2229
1,"exsu004","exsu004",0
1,"exsu004","exsu005",1290
1,"exsu004","exsu006",1852
1,"exsu004","exsu007",364
1,"exsu004","exsu008",1770
1,"exsu004","exsu009",1487
1,"exsu004","exsu010",1723
1,"exsu004","exsu011",2266
1,"exsu004","exsu012",901
1,"exsu004","exsu013",560
1,"exsu004","exsu014",217
1,"exsu004","exsu015",2299
1,"exsu004","exsu016",1122
1,"exsu004","exsu017",46
1,"exsu004","exsu018",649
1,"exsu004","exsu019",1209
1,"exsu004","exsu020",1731
1,"exsu004","exsu021",87
1,"exsu004","exsu022",1565
1,"exsu004","exsu023",623
1,"exsu004","exsu024",1989
1,"exsu004","exsu025",1002
1,"exsu004","exsu026",1728
1,"exsu004","exsu027",2167
1,"exsu004","exsu028",1155
1,"exsu004","exsu029",1454
1,"exsu004","exsu030",1824
1,"exsu004","exsu031",1672
1,"exsu004","exsu032",441
1,"exsu004","exsu033",1457
1,"exsu004","exsu034",1128
1,"exsu004","exsu035",2251
1,"exsu004","exsu036",2016
1,"exsu004","exsu037",1886
1,"exsu004","exsu038",338
1,"exsu004","exsu039",1950
1,"exsu004","exsu040",2294
1,"exsu004","exsu041",1226
1,"exsu004","exsu042",848
1,"exsu004","exsu043",2123
1,"exsu004","exsu044",1351
1,"exsu004","exsu045",2030
1,"exsu004","exsu046",1472
1,"exsu004","exsu047",1476
1,"exsu004","exsu048",1153
1,"exsu004","exsu049",1432
1,"exsu004","exsu050",386
1,"exsu004","exsu051",1563
1,"exsu004","exsu052",1098
1,"exsu004","exsu053",1594
1,"exsu004","exsu054",1029
1,"exsu004","exsu055",1172
1,"exsu004","exsu056",1891
1,"exsu004","exsu057",1225
1,"exsu004","exsu058",1643
1,"exsu004","exsu059",1550
1,"exsu004","exsu060",1098
1,"exsu004","exsu061",1845
1,"exsu004","exsu062",828
1,"exsu004","exsu063",2343
1,"exsu004","exsu064",797
1,"exsu004","exsu065",1790
1,"exsu004","exsu066",388
1,"exsu004","exsu067",900
1,"exsu004","exsu068",723
1,"exsu004","exsu069",2105
1,"exsu004","exsu070",1836
1,"exsu005","exsu001",1041
1,"exsu005","exsu002",1608
1,"exsu005","exsu003",1651
1,"exsu005","exsu004",1290
1,"exsu005","exsu005",0
1,"exsu005","exsu006",1446
1,"exsu005","exsu007",1478
1,"exsu005","exsu008",1618
1,"exsu005","exsu009",1668
1,"exsu005","exsu010",1988
1,"exsu005","exsu011",1695
1,"exsu005","exsu012",999
1,"exsu005","exsu013",873
1,"exsu005","exsu014",1399
1,"exsu005","exsu015",1801
1,"exsu005","exsu016",1048
1,"exsu005","exsu017",1266
1,"exsu005","exsu018",1198
1,"exsu005","exsu019",1817
1,"exsu005","exsu020",1589
1,"exsu005","exsu021",1207
1,"exsu005","exsu022",369
1,"exsu005","exsu023",672
1,"exsu005","exsu024",1272
1,"exsu005","exsu025",959
1,"exsu005","exsu026",1659
1,"exsu005","exsu027",1688
1,"exsu005","exsu028",1267
1,"exsu005","exsu029",1900
1,"exsu005","exsu030",2215
1,"exsu005","exsu031",1702
1,"exsu005","exsu032",854
1,"exsu005","exsu033",1655
1,"exsu005","exsu034",773
1,"exsu005","exsu035",1382
1,"exsu005","exsu036",1893
1,"exsu005","exsu037",804
1,"exsu005","exsu038",1331
1,"exsu005","exsu039",1282
1,"exsu005","exsu040",1764
1,"exsu005","exsu041",1412
1,"exsu005","exsu042",512
1,"exsu005","exsu043",1303
1,"exsu005","exsu044",1641
1,"exsu005","exsu045",1847
1,"exsu005","exsu046",343
1,"exsu005","exsu047",1301
1,"exsu005","exsu048",192
1,"exsu005","exsu049",991
1,"exsu005","exsu050",1222
1,"exsu005","exsu051",1106
1,"exsu005","exsu052",868
1,"exsu005","exsu053",950
1,"exsu005","exsu054",261
1,"exsu005","exsu055",1013
1,"exsu005","exsu056",1090
1,"exsu005","exsu057",420
1,"exsu005","exsu058",1026
1,"exsu005","exsu059",2067
1,"exsu005","exsu060",543
1,"exsu005","exsu061",1985
1,"exsu005","exsu062",802
1,"exsu005","exsu063",1721
1,"exsu005","exsu064",1380
1,"exsu005","exsu065",1492
1,"exsu005","exsu066",1421
1,"exsu005","exsu067",419
1,"exsu005","exsu068",1197
1,"exsu005","exsu069",1499
1,"exsu005","exsu070",2230
1,"exsu006","exsu001",1738
1,"exsu006","exsu002",408
1,"exsu006","exsu003",401
1,"exsu006","exsu004",1852
1,"exsu006","exsu005",1446
1,"exsu006","exsu006",0
1,"exsu006","exsu007",1719
1,"exsu006","exsu008",339
1,"exsu006","exsu009",740
1,"exsu006","exsu010",937
1,"exsu006","exsu011",430
1,"exsu006","exsu012",950
1,"exsu006","exsu013",1332
1,"exsu006","exsu014",1771
1,"exsu006","exsu015",447
1,"exsu006","exsu016",730
1,"exsu006","exsu017",1806
1,"exsu006","exsu018",1242
1,"exsu006","exsu019",1255
1,"exsu006","exsu020",345
1,"exsu006","exsu021",1780
1,"exsu006","exsu022",1230
1,"exsu006","exsu023",1593
1,"exsu006","exsu024",433
1,"exsu006","exsu025",854
1,"exsu006","exsu026",446
1,"exsu006","exsu027",315
1,"exsu006","exsu028",752
1,"exsu006","exsu029",1099
1,"exsu006","exsu030",1195
1,"exsu006","exsu031",571
1,"exsu006","exsu032",1565
1,"exsu006","exsu033",759
1,"exsu006","exsu034",811
1,"exsu006","exsu035",728
1,"exsu006","exsu036",518
1,"exsu006","exsu037",1004
1,"exsu006","exsu038",1601
1,"exsu006","exsu039",362
1,"exsu006","exsu040",444
1,"exsu006","exsu041",770
1,"exsu006","exsu042",1278
1,"exsu006","exsu043",608
1,"exsu006","exsu044",865
1,"exsu006","exsu045",442
1,"exsu006","exsu046",1164
1,"exsu006","exsu047",398
1,"exsu006","exsu048",1313
1,"exsu006","exsu049",488
1,"exsu006","exsu050",1496
1,"exsu006","exsu051",351
1,"exsu006","exsu052",789
1,"exsu006","exsu053",504
1,"exsu006","exsu054",1430
1,"exsu006","exsu055",684
1,"exsu006","exsu056",562
1,"exsu006","exsu057",1041
1,"exsu006","exsu058",431
1,"exsu006","exsu059",1249
1,"exsu006","exsu060",997
1,"exsu006","exsu061",807
1,"exsu006","exsu062",1068
1,"exsu006","exsu063",523
1,"exsu006","exsu064",1207
1,"exsu006","exsu065",142
1,"exsu006","exsu066",1634
1,"exsu006","exsu067",1591
1,"exsu006","exsu068",1169
1,"exsu006","exsu069",330
1,"exsu006","exsu070",1206
1,"exsu007","exsu001",545
1,"exsu007","exsu002",1499
1,"exsu007","exsu003",2114
1,"exsu007","exsu004",364
1,"exsu007","exsu005",1478
1,"exsu007","exsu006",1719
1,"exsu007","exsu007",0
1,"exsu007","exsu008",1577
1,"exsu007","exsu009",1235
1,"exsu007","exsu010",1432
1,"exsu007","exsu011",2147
1,"exsu007","exsu012",809
1,"exsu007","exsu013",622
1,"exsu007","exsu014",147
1,"exsu007","exsu015",2158
1,"exsu007","exsu016",1012
1,"exsu007","exsu017",341
1,"exsu007","exsu018",482
1,"exsu007","exsu019",878
1,"exsu007","exsu020",1539
1,"exsu007","exsu021",386
1,"exsu007","exsu022",1693
1,"exsu007","exsu023",863
1,"exsu007","exsu024",1930
1,"exsu007","exsu025",922
1,"exsu007","exsu026",1517
1,"exsu007","exsu027",2029
1,"exsu007","exsu028",975
1,"exsu007","exsu029",1140
1,"exsu007","exsu030",1502
1,"exsu007","exsu031",1441
1,"exsu007","exsu032",650
1,"exsu007","exsu033",1203
1,"exsu007","exsu034",1110
1,"exsu007","exsu035",2220
1,"exsu007","exsu036",1796
1,"exsu007","exsu037",1948
1,"exsu007","exsu038",153
1,"exsu007","exsu039",1881
1,"exsu007","exsu040",2162
1,"exsu007","exsu041",1009
1,"exsu007","exsu042",980
1,"exsu007","exsu043",2084
1,"exsu007","exsu044",1084
1,"exsu007","exsu045",1824
1,"exsu007","exsu046",1590
1,"exsu007","exsu047",1324
1,"exsu007","exsu048",1312
1,"exsu007","exsu049",1365
1,"exsu007","exsu050",276
1,"exsu007","exsu051",1478
1,"exsu007","exsu052",1048
1,"exsu007","exsu053",1558
1,"exsu007","exsu054",1221
1,"exsu007","exsu055",1076
1,"exsu007","exsu056",1866
1,"exsu007","exsu057",1310
1,"exsu007","exsu058",1592
1,"exsu007","exsu059",1218
1,"exsu007","exsu060",1155
1,"exsu007","exsu061",1574
1,"exsu007","exsu062",828
1,"exsu007","exsu063",2233
1,"exsu007","exsu064",542
1,"exsu007","exsu065",1634
1,"exsu007","exsu066",85
1,"exsu007","exsu067",1138
1,"exsu007","exsu068",551
1,"exsu007","exsu069",2006
1,"exsu007","exsu070",1514
1,"exsu008","exsu001",1701
1,"exsu008","exsu002",88
1,"exsu008","exsu003",674
1,"exsu008","exsu004",1770
1,"exsu008","exsu005",1618
1,"exsu008","exsu006",339
1,"exsu008","exsu007",1577
1,"exsu008","exsu008",0
1,"exsu008","exsu009",441
1,"exsu008","exsu010",599
1,"exsu008","exsu011",688
1,"exsu008","exsu012",901
1,"exsu008","exsu013",1307
1,"exsu008","exsu014",1654
1,"exsu008","exsu015",638
1,"exsu008","exsu016",698
1,"exsu008","exsu017",1724
1,"exsu008","exsu018",1127
1,"exsu008","exsu019",979
1,"exsu008","exsu020",39
1,"exsu008","exsu021",1709
1,"exsu008","exsu022",1462
1,"exsu008","exsu023",1628
1,"exsu008","exsu024",770
1,"exsu008","exsu025",834
1,"exsu008","exsu026",110
1,"exsu008","exsu027",533
1,"exsu008","exsu028",615
1,"exsu008","exsu029",787
1,"exsu008","exsu030",856
1,"exsu008","exsu031",239
1,"exsu008","exsu032",1556
1,"exsu008","exsu033",466
1,"exsu008","exsu034",886
1,"exsu008","exsu035",1066
1,"exsu008","exsu036",282
1,"exsu008","exsu037",1302
1,"exsu008","exsu038",1481
1,"exsu008","exsu039",699
1,"exsu008","exsu040",664
1,"exsu008","exsu041",570
1,"exsu008","exsu042",1346
1,"exsu008","exsu043",947
1,"exsu008","exsu044",589
1,"exsu008","exsu045",265
1,"exsu008","exsu046",1381
1,"exsu008","exsu047",338
1,"exsu008","exsu048",1459
1,"exsu008","exsu049",630
1,"exsu008","exsu050",1391
1,"exsu008","exsu051",537
1,"exsu008","exsu052",826
1,"exsu008","exsu053",746
1,"exsu008","exsu054",1550
1,"exsu008","exsu055",684
1,"exsu008","exsu056",883
1,"exsu008","exsu057",1198
1,"exsu008","exsu058",687
1,"exsu008","exsu059",925
1,"exsu008","exsu060",1109
1,"exsu008","exsu061",472
1,"exsu008","exsu062",1073
1,"exsu008","exsu063",790
1,"exsu008","exsu064",1038
1,"exsu008","exsu065",200
1,"exsu008","exsu066",1495
1,"exsu008","exsu067",1684
1,"exsu008","exsu068",1052
1,"exsu008","exsu069",650
1,"exsu008","exsu070",867
1,"exsu009","exsu001",1474
1,"exsu009","exsu002",353
1,"exsu009","exsu003",1110
1,"exsu009","exsu004",1487
1,"exsu009","exsu005",1668
1,"exsu009","exsu006",740
1,"exsu009","exsu007",1235
1,"exsu009","exsu008",441
1,"exsu009","exsu009",0
1,"exsu009","exsu010",320
1,"exsu009","exsu011",1126
1,"exsu009","exsu012",745
1,"exsu009","exsu013",1124
1,"exsu009","exsu014",1336
1,"exsu009","exsu015",1078
1,"exsu009","exsu016",622
1,"exsu009","exsu017",1443
1,"exsu009","exsu018",846
1,"exsu009","exsu019",540
1,"exsu009","exsu020",415
1,"exsu009","exsu021",1441
1,"exsu009","exsu022",1608
1,"exsu009","exsu023",1496
1,"exsu009","exsu024",1141
1,"exsu009","exsu025",733
1,"exsu009","exsu026",341
1,"exsu009","exsu027",973
1,"exsu009","exsu028",420
1,"exsu009","exsu029",360
1,"exsu009","exsu030",558
1,"exsu009","exsu031",225
1,"exsu009","exsu032",1372
1,"exsu009","exsu033",32
1,"exsu009","exsu034",896
1,"exsu009","exsu035",1454
1,"exsu009","exsu036",578
1,"exsu009","exsu037",1560
1,"exsu009","exsu038",1167
1,"exsu009","exsu039",1070
1,"exsu009","exsu040",1105
1,"exsu009","exsu041",289
1,"exsu009","exsu042",1280
1,"exsu009","exsu043",1324
1,"exsu009","exsu044",160
1,"exsu009","exsu045",628
1,"exsu009","exsu046",1509
1,"exsu009","exsu047",459
1,"exsu009","exsu048",1485
1,"exsu009","exsu049",786
1,"exsu009","exsu050",1102
1,"exsu009","exsu051",769
1,"exsu009","exsu052",801
1,"exsu009","exsu053",980
1,"exsu009","exsu054",1534
1,"exsu009","exsu055",656
1,"exsu009","exsu056",1206
1,"exsu009","exsu057",1262
1,"exsu009","exsu058",947
1,"exsu009","exsu059",519
1,"exsu009","exsu060",1126
1,"exsu009","exsu061",367
1,"exsu009","exsu062",957
1,"exsu009","exsu063",1228
1,"exsu009","exsu064",699
1,"exsu009","exsu065",602
1,"exsu009","exsu066",1161
1,"exsu009","exsu067",1622
1,"exsu009","exsu068",776
1,"exsu009","exsu069",1069
1,"exsu009","exsu070",572
1,"exsu010","exsu001",1741
1,"exsu010","exsu002",532
1,"exsu010","exsu003",1252
1,"exsu010","exsu004",1723
1,"exsu010","exsu005",1988
1,"exsu010","exsu006",937
1,"exsu010","exsu007",1432
1,"exsu010","exsu008",599
1,"exsu010","exsu009",320
1,"exsu010","exsu010",0
1,"exsu010","exsu011",1257
1,"exsu010","exsu012",1053
1,"exsu010","exsu013",1415
1,"exsu010","exsu014",1550
1,"exsu010","exsu015",1176
1,"exsu010","exsu016",942
1,"exsu010","exsu017",1681
1,"exsu010","exsu018",1105
1,"exsu010","exsu019",598
1,"exsu010","exsu020",592
1,"exsu010","exsu021",1687
1,"exsu010","exsu022",1919
1,"exsu010","exsu023",1796
1,"exsu010","exsu024",1365
1,"exsu010","exsu025",1050
1,"exsu010","exsu026",491
1,"exsu010","exsu027",1097
1,"exsu010","exsu028",735
1,"exsu010","exsu029",321
1,"exsu010","exsu030",262
1,"exsu010","exsu031",370
1,"exsu010","exsu032",1658
1,"exsu010","exsu033",335
1,"exsu010","exsu034",1215
1,"exsu010","exsu035",1665
1,"exsu010","exsu036",582
1,"exsu010","exsu037",1844
1,"exsu010","exsu038",1390
1,"exsu010","exsu039",1293
1,"exsu010","exsu040",1215
1,"exsu010","exsu041",596
1,"exsu010","exsu042",1594
1,"exsu010","exsu043",1544
1,"exsu010","exsu044",390
1,"exsu010","exsu045",665
1,"exsu010","exsu046",1823
1,"exsu010","exsu047",748
1,"exsu010","exsu048",1805
1,"exsu010","exsu049",1086
1,"exsu010","exsu050",1345
1,"exsu010","exsu051",1049
1,"exsu010","exsu052",1120
1,"exsu010","exsu053",1264
1,"exsu010","exsu054",1852
1,"exsu010","exsu055",975
1,"exsu010","exsu056",1459
1,"exsu010","exsu057",1581
1,"exsu010","exsu058",1222
1,"exsu010","exsu059",378
1,"exsu010","exsu060",1446
1,"exsu010","exsu061",195
1,"exsu010","exsu062",1268
1,"exsu010","exsu063",1359
1,"exsu010","exsu064",928
1,"exsu010","exsu065",795
1,"exsu010","exsu066",1367
1,"exsu010","exsu067",1935
1,"exsu010","exsu068",1042
1,"exsu010","exsu069",1245
1,"exsu010","exsu070",274
1,"exsu011","exsu001",2136
1,"exsu011","exsu002",774
1,"exsu011","exsu003",44
1,"exsu011","exsu004",2266
1,"exsu011","exsu005",1695
1,"exsu011","exsu006",430
1,"exsu011","exsu007",2147
1,"exsu011","exsu008",688
1,"exsu011","exsu009",1126
1,"exsu011","exsu010",1257
1,"exsu011","exsu011",0
1,"exsu011","exsu012",1366
1,"exsu011","exsu013",1731
1,"exsu011","exsu014",2195
1,"exsu011","exsu015",144
1,"exsu011","exsu016",1147
1,"exsu011","exsu017",2220
1,"exsu011","exsu018",1668
1,"exsu011","exsu019",1660
1,"exsu011","exsu020",711
1,"exsu011","exsu021",2191
1,"exsu011","exsu022",1409
1,"exsu011","exsu023",1956
1,"exsu011","exsu024",434
1,"exsu011","exsu025",1264
1,"exsu011","exsu026",794
1,"exsu011","exsu027",160
1,"exsu011","exsu028",1181
1,"exsu011","exsu029",1475
1,"exsu011","exsu030",1496
1,"exsu011","exsu031",924
1,"exsu011","exsu032",1953
1,"exsu011","exsu033",1150
1,"exsu011","exsu034",1180
1,"exsu011","exsu035",547
1,"exsu011","exsu036",709
1,"exsu011","exsu037",1066
1,"exsu011","exsu038",2026
1,"exsu011","exsu039",413
1,"exsu011","exsu040",86
1,"exsu011","exsu041",1195
1,"exsu011","exsu042",1627
1,"exsu011","exsu043",500
1,"exsu011","exsu044",1267
1,"exsu011","exsu045",615
1,"exsu011","exsu046",1372
1,"exsu011","exsu047",828
1,"exsu011","exsu048",1596
1,"exsu011","exsu049",851
1,"exsu011","exsu050",1918
1,"exsu011","exsu051",712
1,"exsu011","exsu052",1180
1,"exsu011","exsu053",768
1,"exsu011","exsu054",1733
1,"exsu011","exsu055",1094
1,"exsu011","exsu056",628
1,"exsu011","exsu057",1330
1,"exsu011","exsu058",695
1,"exsu011","exsu059",1607
1,"exsu011","exsu060",1329
1,"exsu011","exsu061",1090
1,"exsu011","exsu062",1461
1,"exsu011","exsu063",103
1,"exsu011","exsu064",1636
1,"exsu011","exsu065",540
1,"exsu011","exsu066",2062
1,"exsu011","exsu067",1913
1,"exsu011","exsu068",1596
1,"exsu011","exsu069",196
1,"exsu011","exsu070",1505
1,"exsu012","exsu001",802
1,"exsu012","exsu002",846
1,"exsu012","exsu003",1330
1,"exsu012","exsu004",901
1,"exsu012","exsu005",999
1,"exsu012","exsu006",950
1,"exsu012","exsu007",809
1,"exsu012","exsu008",901
1,"exsu012","exsu009",745
1,"exsu012","exsu010",1053
1,"exsu012","exsu011",1366
1,"exsu012","exsu012",0
1,"exsu012","exsu013",406
1,"exsu012","exsu014",835
1,"exsu012","exsu015",1398
1,"exsu012","exsu016",220
1,"exsu012","exsu017",855
1,"exsu012","exsu018",336
1,"exsu012","exsu019",820
1,"exsu012","exsu020",863
1,"exsu012","exsu021",830
1,"exsu012","exsu022",1058
1,"exsu012","exsu023",755
1,"exsu012","exsu024",1121
1,"exsu012","exsu025",113
1,"exsu012","exsu026",883
1,"exsu012","exsu027",1266
1,"exsu012","exsu028",327
1,"exsu012","exsu029",911
1,"exsu012","exsu030",1250
1,"exsu012","exsu031",863
1,"exsu012","exsu032",656
1,"exsu012","exsu033",723
1,"exsu012","exsu034",335
1,"exsu012","exsu035",1411
1,"exsu012","exsu036",1170
1,"exsu012","exsu037",1201
1,"exsu012","exsu038",673
1,"exsu012","exsu039",1074
1,"exsu012","exsu040",1393
1,"exsu012","exsu041",458
1,"exsu012","exsu042",547
1,"exsu012","exsu043",1275
1,"exsu012","exsu044",673
1,"exsu012","exsu045",1166
1,"exsu012","exsu046",949
1,"exsu012","exsu047",583
1,"exsu012","exsu048",807
1,"exsu012","exsu049",555
1,"exsu012","exsu050",558
1,"exsu012","exsu051",674
1,"exsu012","exsu052",249
1,"exsu012","exsu053",752
1,"exsu012","exsu054",818
1,"exsu012","exsu055",273
1,"exsu012","exsu056",1060
1,"exsu012","exsu057",657
1,"exsu012","exsu058",783
1,"exsu012","exsu059",1074
1,"exsu012","exsu060",488
1,"exsu012","exsu061",1105
1,"exsu012","exsu062",217
1,"exsu012","exsu063",1446
1,"exsu012","exsu064",429
1,"exsu012","exsu065",894
1,"exsu012","exsu066",725
1,"exsu012","exsu067",883
1,"exsu012","exsu068",283
1,"exsu012","exsu069",1211
1,"exsu012","exsu070",1265
1,"exsu013","exsu001",407
1,"exsu013","exsu002",1252
1,"exsu013","exsu003",1692
1,"exsu013","exsu004",560
1,"exsu013","exsu005",873
1,"exsu013","exsu006",1332
1,"exsu013","exsu007",622
1,"exsu013","exsu008",1307
1,"exsu013","exsu009",1124
1,"exsu013","exsu010",1415
1,"exsu013","exsu011",1731
1,"exsu013","exsu012",406
1,"exsu013","exsu013",0
1,"exsu013","exsu014",577
1,"exsu013","exsu015",1777
1,"exsu013","exsu016",615
1,"exsu013","exsu017",519
1,"exsu013","exsu018",368
1,"exsu013","exsu019",1053
1,"exsu013","exsu020",1269
1,"exsu013","exsu021",477
1,"exsu013","exsu022",1070
1,"exsu013","exsu023",390
1,"exsu013","exsu024",1433
1,"exsu013","exsu025",481
1,"exsu013","exsu026",1288
1,"exsu013","exsu027",1645
1,"exsu013","exsu028",722
1,"exsu013","exsu029",1219
1,"exsu013","exsu030",1583
1,"exsu013","exsu031",1263
1,"exsu013","exsu032",251
1,"exsu013","exsu033",1098
1,"exsu013","exsu034",570
1,"exsu013","exsu035",1691
1,"exsu013","exsu036",1576
1,"exsu013","exsu037",1345
1,"exsu013","exsu038",470
1,"exsu013","exsu039",1397
1,"exsu013","exsu040",1766
1,"exsu013","exsu041",836
1,"exsu013","exsu042",363
1,"exsu013","exsu043",1563
1,"exsu013","exsu044",1026
1,"exsu013","exsu045",1572
1,"exsu013","exsu046",968
1,"exsu013","exsu047",984
1,"exsu013","exsu048",697
1,"exsu013","exsu049",885
1,"exsu013","exsu050",354
1,"exsu013","exsu051",1020
1,"exsu013","exsu052",551
1,"exsu013","exsu053",1036
1,"exsu013","exsu054",627
1,"exsu013","exsu055",650
1,"exsu013","exsu056",1331
1,"exsu013","exsu057",694
1,"exsu013","exsu058",1087
1,"exsu013","exsu059",1362
1,"exsu013","exsu060",549
1,"exsu013","exsu061",1490
1,"exsu013","exsu062",272
1,"exsu013","exsu063",1802
1,"exsu013","exsu064",576
1,"exsu013","exsu065",1290
1,"exsu013","exsu066",557
1,"exsu013","exsu067",601
1,"exsu013","exsu068",401
1,"exsu013","exsu069",1561
1,"exsu013","exsu070",1597
1,"exsu014","exsu001",417
1,"exsu014","exsu002",1579
1,"exsu014","exsu003",2160
1,"exsu014","exsu004",217
1,"exsu014","exsu005",1399
1,"exsu014","exsu006",1771
1,"exsu014","exsu007",147
1,"exsu014","exsu008",1654
1,"exsu014","exsu009",1336
1,"exsu014","exsu010",1550
1,"exsu014","exsu011",2195
1,"exsu014","exsu012",835
1,"exsu014","exsu013",577
1,"exsu014","exsu014",0
1,"exsu014","exsu015",2215
1,"exsu014","exsu016",1049
1,"exsu014","exsu017",197
1,"exsu014","exsu018",532
1,"exsu014","exsu019",1012
1,"exsu014","exsu020",1615
1,"exsu014","exsu021",247
1,"exsu014","exsu022",1639
1,"exsu014","exsu023",759
1,"exsu014","exsu024",1952
1,"exsu014","exsu025",944
1,"exsu014","exsu026",1601
1,"exsu014","exsu027",2085
1,"exsu014","exsu028",1042
1,"exsu014","exsu029",1267
1,"exsu014","exsu030",1633
1,"exsu014","exsu031",1533
1,"exsu014","exsu032",551
1,"exsu014","exsu033",1304
1,"exsu014","exsu034",1110
1,"exsu014","exsu035",2232
1,"exsu014","exsu036",1885
1,"exsu014","exsu037",1921
1,"exsu014","exsu038",173
1,"exsu014","exsu039",1908
1,"exsu014","exsu040",2215
1,"exsu014","exsu041",1093
1,"exsu014","exsu042",918
1,"exsu014","exsu043",2099
1,"exsu014","exsu044",1190
1,"exsu014","exsu045",1907
1,"exsu014","exsu046",1539
1,"exsu014","exsu047",1382
1,"exsu014","exsu048",1243
1,"exsu014","exsu049",1387
1,"exsu014","exsu050",278
1,"exsu014","exsu051",1509
1,"exsu014","exsu052",1060
1,"exsu014","exsu053",1569
1,"exsu014","exsu054",1139
1,"exsu014","exsu055",1108
1,"exsu014","exsu056",1874
1,"exsu014","exsu057",1271
1,"exsu014","exsu058",1610
1,"exsu014","exsu059",1353
1,"exsu014","exsu060",1125
1,"exsu014","exsu061",1684
1,"exsu014","exsu062",815
1,"exsu014","exsu063",2277
1,"exsu014","exsu064",637
1,"exsu014","exsu065",1695
1,"exsu014","exsu066",186
1,"exsu014","exsu067",1038
1,"exsu014","exsu068",606
1,"exsu014","exsu069",2045
1,"exsu014","exsu070",1645
1,"exsu015","exsu001",2184
1,"exsu015","exsu002",726
1,"exsu015","exsu003",178
1,"exsu015","exsu004",2299
1,"exsu015","exsu005",1801
1,"exsu015","exsu006",447
1,"exsu015","exsu007",2158
1,"exsu015","exsu008",638
1,"exsu015","exsu009",1078
1,"exsu015","exsu010",1176
1,"exsu015","exsu011",144
1,"exsu015","exsu012",1398
1,"exsu015","exsu013",1777
1,"exsu015","exsu014",2215
1,"exsu015","exsu015",0
1,"exsu015","exsu016",1177
1,"exsu015","exsu017",2253
1,"exsu015","exsu018",1684
1,"exsu015","exsu019",1617
1,"exsu015","exsu020",668
1,"exsu015","exsu021",2228
1,"exsu015","exsu022",1529
1,"exsu015","exsu023",2024
1,"exsu015","exsu024",561
1,"exsu015","exsu025",1301
1,"exsu015","exsu026",738
1,"exsu015","exsu027",132
1,"exsu015","exsu028",1184
1,"exsu015","exsu029",1414
1,"exsu015","exsu030",1405
1,"exsu015","exsu031",864
1,"exsu015","exsu032",2007
1,"exsu015","exsu033",1104
1,"exsu015","exsu034",1242
1,"exsu015","exsu035",691
1,"exsu015","exsu036",608
1,"exsu015","exsu037",1201
1,"exsu015","exsu038",2044
1,"exsu015","exsu039",529
1,"exsu015","exsu040",59
1,"exsu015","exsu041",1181
1,"exsu015","exsu042",1701
1,"exsu015","exsu043",642
1,"exsu015","exsu044",1227
1,"exsu015","exsu045",516
1,"exsu015","exsu046",1486
1,"exsu015","exsu047",835
1,"exsu015","exsu048",1692
1,"exsu015","exsu049",913
1,"exsu015","exsu050",1941
1,"exsu015","exsu051",771
1,"exsu015","exsu052",1231
1,"exsu015","exsu053",859
1,"exsu015","exsu054",1824
1,"exsu015","exsu055",1131
1,"exsu015","exsu056",754
1,"exsu015","exsu057",1423
1,"exsu015","exsu058",784
1,"exsu015","exsu059",1537
1,"exsu015","exsu060",1407
1,"exsu015","exsu061",999
1,"exsu015","exsu062",1511
1,"exsu015","exsu063",215
1,"exsu015","exsu064",1635
1,"exsu015","exsu065",526
1,"exsu015","exsu066",2074
1,"exsu015","exsu067",1998
1,"exsu015","exsu068",1611
1,"exsu015","exsu069",314
1,"exsu015","exsu070",1413
1,"exsu016","exsu001",1018
1,"exsu016","exsu002",651
1,"exsu016","exsu003",1112
1,"exsu016","exsu004",1122
1,"exsu016","exsu005",1048
1,"exsu016","exsu006",730
1,"exsu016","exsu007",1012
1,"exsu016","exsu008",698
1,"exsu016","exsu009",622
1,"exsu016","exsu010",942
1,"exsu016","exsu011",1147
1,"exsu016","exsu012",220
1,"exsu016","exsu013",615
1,"exsu016","exsu014",1049
1,"exsu016","exsu015",1177
1,"exsu016","exsu016",0
1,"exsu016","exsu017",1076
1,"exsu016","exsu018",531
1,"exsu016","exsu019",845
1,"exsu016","exsu020",660
1,"exsu016","exsu021",1051
1,"exsu016","exsu022",1029
1,"exsu016","exsu023",933
1,"exsu016","exsu024",923
1,"exsu016","exsu025",137
1,"exsu016","exsu026",693
1,"exsu016","exsu027",1045
1,"exsu016","exsu028",225
1,"exsu016","exsu029",866
1,"exsu016","exsu030",1167
1,"exsu016","exsu031",695
1,"exsu016","exsu032",861
1,"exsu016","exsu033",608
1,"exsu016","exsu034",283
1,"exsu016","exsu035",1224
1,"exsu016","exsu036",974
1,"exsu016","exsu037",1091
1,"exsu016","exsu038",883
1,"exsu016","exsu039",871
1,"exsu016","exsu040",1173
1,"exsu016","exsu041",367
1,"exsu016","exsu042",672
1,"exsu016","exsu043",1086
1,"exsu016","exsu044",597
1,"exsu016","exsu045",962
1,"exsu016","exsu046",923
1,"exsu016","exsu047",369
1,"exsu016","exsu048",864
1,"exsu016","exsu049",365
1,"exsu016","exsu050",772
1,"exsu016","exsu051",466
1,"exsu016","exsu052",181
1,"exsu016","exsu053",579
1,"exsu016","exsu054",913
1,"exsu016","exsu055",73
1,"exsu016","exsu056",883
1,"exsu016","exsu057",653
1,"exsu016","exsu058",596
1,"exsu016","exsu059",1038
1,"exsu016","exsu060",506
1,"exsu016","exsu061",960
1,"exsu016","exsu062",376
1,"exsu016","exsu063",1228
1,"exsu016","exsu064",561
1,"exsu016","exsu065",676
1,"exsu016","exsu066",927
1,"exsu016","exsu067",1016
1,"exsu016","exsu068",465
1,"exsu016","exsu069",996
1,"exsu016","exsu070",1181
1,"exsu017","exsu001",238
1,"exsu017","exsu002",1655
1,"exsu017","exsu003",2183
1,"exsu017","exsu004",46
1,"exsu017","exsu005",1266
1,"exsu017","exsu006",1806
1,"exsu017","exsu007",341
1,"exsu017","exsu008",1724
1,"exsu017","exsu009",1443
1,"exsu017","exsu010",1681
1,"exsu017","exsu011",2220
1,"exsu017","exsu012",855
1,"exsu017","exsu013",519
1,"exsu017","exsu014",197
1,"exsu017","exsu015",2253
1,"exsu017","exsu016",1076
1,"exsu017","exsu017",0
1,"exsu017","exsu018",603
1,"exsu017","exsu019",1171
1,"exsu017","exsu020",1685
1,"exsu017","exsu021",60
1,"exsu017","exsu022",1534
1,"exsu017","exsu023",603
1,"exsu017","exsu024",1945
1,"exsu017","exsu025",956
1,"exsu017","exsu026",1682
1,"exsu017","exsu027",2121
1,"exsu017","exsu028",1109
1,"exsu017","exsu029",1414
1,"exsu017","exsu030",1784
1,"exsu017","exsu031",1627
1,"exsu017","exsu032",413
1,"exsu017","exsu033",1412
1,"exsu017","exsu034",1085
1,"exsu017","exsu035",2209
1,"exsu017","exsu036",1970
1,"exsu017","exsu037",1849
1,"exsu017","exsu038",299
1,"exsu017","exsu039",1906
1,"exsu017","exsu040",2248
1,"exsu017","exsu041",1181
1,"exsu017","exsu042",815
1,"exsu017","exsu043",2080
1,"exsu017","exsu044",1307
1,"exsu017","exsu045",1984
1,"exsu017","exsu046",1440
1,"exsu017","exsu047",1429
1,"exsu017","exsu048",1125
1,"exsu017","exsu049",1387
1,"exsu017","exsu050",341
1,"exsu017","exsu051",1518
1,"exsu017","exsu052",1053
1,"exsu017","exsu053",1551
1,"exsu017","exsu054",1005
1,"exsu017","exsu055",1126
1,"exsu017","exsu056",1849
1,"exsu017","exsu057",1189
1,"exsu017","exsu058",1599
1,"exsu017","exsu059",1513
1,"exsu017","exsu060",1059
1,"exsu017","exsu061",1801
1,"exsu017","exsu062",785
1,"exsu017","exsu063",2297
1,"exsu017","exsu064",754
1,"exsu017","exsu065",1744
1,"exsu017","exsu066",357
1,"exsu017","exsu067",882
1,"exsu017","exsu068",677
1,"exsu017","exsu069",2059
1,"exsu017","exsu070",1797
1,"exsu018","exsu001",636
1,"exsu018","exsu002",1055
1,"exsu018","exsu003",1634
1,"exsu018","exsu004",649
1,"exsu018","exsu005",1198
1,"exsu018","exsu006",1242
1,"exsu018","exsu007",482
1,"exsu018","exsu008",1127
1,"exsu018","exsu009",846
1,"exsu018","exsu010",1105
1,"exsu018","exsu011",1668
1,"exsu018","exsu012",336
1,"exsu018","exsu013",368
1,"exsu018","exsu014",532
1,"exsu018","exsu015",1684
1,"exsu018","exsu016",531
1,"exsu018","exsu017",603
1,"exsu018","exsu018",0
1,"exsu018","exsu019",688
1,"exsu018","exsu020",1088
1,"exsu018","exsu021",597
1,"exsu018","exsu022",1331
1,"exsu018","exsu023",752
1,"exsu018","exsu024",1451
1,"exsu018","exsu025",448
1,"exsu018","exsu026",1080
1,"exsu018","exsu027",1554
1,"exsu018","exsu028",513
1,"exsu018","exsu029",875
1,"exsu018","exsu030",1245
1,"exsu018","exsu031",1024
1,"exsu018","exsu032",574
1,"exsu018","exsu033",816
1,"exsu018","exsu034",659
1,"exsu018","exsu035",1745
1,"exsu018","exsu036",1368
1,"exsu018","exsu037",1522
1,"exsu018","exsu038",360
1,"exsu018","exsu039",1401
1,"exsu018","exsu040",1686
1,"exsu018","exsu041",578
1,"exsu018","exsu042",690
1,"exsu018","exsu043",1609
1,"exsu018","exsu044",720
1,"exsu018","exsu045",1384
1,"exsu018","exsu046",1222
1,"exsu018","exsu047",850
1,"exsu018","exsu048",1010
1,"exsu018","exsu049",887
1,"exsu018","exsu050",265
1,"exsu018","exsu051",997
1,"exsu018","exsu052",583
1,"exsu018","exsu053",1087
1,"exsu018","exsu054",970
1,"exsu018","exsu055",596
1,"exsu018","exsu056",1395
1,"exsu018","exsu057",928
1,"exsu018","exsu058",1116
1,"exsu018","exsu059",1007
1,"exsu018","exsu060",759
1,"exsu018","exsu061",1209
1,"exsu018","exsu062",421
1,"exsu018","exsu063",1753
1,"exsu018","exsu064",209
1,"exsu018","exsu065",1164
1,"exsu018","exsu066",397
1,"exsu018","exsu067",967
1,"exsu018","exsu068",75
1,"exsu018","exsu069",1524
1,"exsu018","exsu070",1259
1,"exsu019","exsu001",1285
1,"exsu019","exsu002",891
1,"exsu019","exsu003",1641
1,"exsu019","exsu004",1209
1,"exsu019","exsu005",1817
1,"exsu019","exsu006",1255
1,"exsu019","exsu007",878
1,"exsu019","exsu008",979
1,"exsu019","exsu009",540
1,"exsu019","exsu010",598
1,"exsu019","exsu011",1660
1,"exsu019","exsu012",820
1,"exsu019","exsu013",1053
1,"exsu019","exsu014",1012
1,"exsu019","exsu015",1617
1,"exsu019","exsu016",845
1,"exsu019","exsu017",1171
1,"exsu019","exsu018",688
1,"exsu019","exsu019",0
1,"exsu019","exsu020",951
1,"exsu019","exsu021",1191
1,"exsu019","exsu022",1863
1,"exsu019","exsu023",1440
1,"exsu019","exsu024",1620
1,"exsu019","exsu025",881
1,"exsu019","exsu026",881
1,"exsu019","exsu027",1509
1,"exsu019","exsu028",637
1,"exsu019","exsu029",280
1,"exsu019","exsu030",625
1,"exsu019","exsu031",761
1,"exsu019","exsu032",1259
1,"exsu019","exsu033",513
1,"exsu019","exsu034",1113
1,"exsu019","exsu035",1938
1,"exsu019","exsu036",1099
1,"exsu019","exsu037",1927
1,"exsu019","exsu038",872
1,"exsu019","exsu039",1553
1,"exsu019","exsu040",1642
1,"exsu019","exsu041",529
1,"exsu019","exsu042",1338
1,"exsu019","exsu043",1802
1,"exsu019","exsu044",392
1,"exsu019","exsu045",1159
1,"exsu019","exsu046",1755
1,"exsu019","exsu047",903
1,"exsu019","exsu048",1625
1,"exsu019","exsu049",1155
1,"exsu019","exsu050",863
1,"exsu019","exsu051",1192
1,"exsu019","exsu052",1009
1,"exsu019","exsu053",1374
1,"exsu019","exsu054",1619
1,"exsu019","exsu055",911
1,"exsu019","exsu056",1647
1,"exsu019","exsu057",1470
1,"exsu019","exsu058",1364
1,"exsu019","exsu059",342
1,"exsu019","exsu060",1304
1,"exsu019","exsu061",775
1,"exsu019","exsu062",1018
1,"exsu019","exsu063",1760
1,"exsu019","exsu064",479
1,"exsu019","exsu065",1125
1,"exsu019","exsu066",827
1,"exsu019","exsu067",1644
1,"exsu019","exsu068",654
1,"exsu019","exsu069",1585
1,"exsu019","exsu070",636
1,"exsu020","exsu001",1662
1,"exsu020","exsu002",64
1,"exsu020","exsu003",696
1,"exsu020","exsu004",1731
1,"exsu020","exsu005",1589
1,"exsu020","exsu006",345
1,"exsu020","exsu007",1539
1,"exsu020","exsu008",39
1,"exsu020","exsu009",415
1,"exsu020","exsu010",592
1,"exsu020","exsu011",711
1,"exsu020","exsu012",863
1,"exsu020","exsu013",1269
1,"exsu020","exsu014",1615
1,"exsu020","exsu015",668
1,"exsu020","exsu016",660
1,"exsu020","exsu017",1685
1,"exsu020","exsu018",1088
1,"exsu020","exsu019",951
1,"exsu020","exsu020",0
1,"exsu020","exsu021",1670
1,"exsu020","exsu022",1440
1,"exsu020","exsu023",1592
1,"exsu020","exsu024",773
1,"exsu020","exsu025",797
1,"exsu020","exsu026",102
1,"exsu020","exsu027",559
1,"exsu020","exsu028",576
1,"exsu020","exsu029",766
1,"exsu020","exsu030",851
1,"exsu020","exsu031",226
1,"exsu020","exsu032",1518
1,"exsu020","exsu033",439
1,"exsu020","exsu034",853
1,"exsu020","exsu035",1073
1,"exsu020","exsu036",316
1,"exsu020","exsu037",1290
1,"exsu020","exsu038",1442
1,"exsu020","exsu039",701
1,"exsu020","exsu040",691
1,"exsu020","exsu041",534
1,"exsu020","exsu042",1311
1,"exsu020","exsu043",952
1,"exsu020","exsu044",559
1,"exsu020","exsu045",303
1,"exsu020","exsu046",1357
1,"exsu020","exsu047",303
1,"exsu020","exsu048",1429
1,"exsu020","exsu049",603
1,"exsu020","exsu050",1353
1,"exsu020","exsu051",516
1,"exsu020","exsu052",791
1,"exsu020","exsu053",728
1,"exsu020","exsu054",1517
1,"exsu020","exsu055",647
1,"exsu020","exsu056",878
1,"exsu020","exsu057",1169
1,"exsu020","exsu058",671
1,"exsu020","exsu059",909
1,"exsu020","exsu060",1077
1,"exsu020","exsu061",476
1,"exsu020","exsu062",1036
1,"exsu020","exsu063",813
1,"exsu020","exsu064",1001
1,"exsu020","exsu065",203
1,"exsu020","exsu066",1458
1,"exsu020","exsu067",1649
1,"exsu020","exsu068",1013
1,"exsu020","exsu069",664
1,"exsu020","exsu070",863
1,"exsu021","exsu001",178
1,"exsu021","exsu002",1642
1,"exsu021","exsu003",2154
1,"exsu021","exsu004",87
1,"exsu021","exsu005",1207
1,"exsu021","exsu006",1780
1,"exsu021","exsu007",386
1,"exsu021","exsu008",1709
1,"exsu021","exsu009",1441
1,"exsu021","exsu010",1687
1,"exsu021","exsu011",2191
1,"exsu021","exsu012",830
1,"exsu021","exsu013",477
1,"exsu021","exsu014",247
1,"exsu021","exsu015",2228
1,"exsu021","exsu016",1051
1,"exsu021","exsu017",60
1,"exsu021","exsu018",597
1,"exsu021","exsu019",1191
1,"exsu021","exsu020",1670
1,"exsu021","exsu021",0
1,"exsu021","exsu022",1478
1,"exsu021","exsu023",543
1,"exsu021","exsu024",1908
1,"exsu021","exsu025",928
1,"exsu021","exsu026",1671
1,"exsu021","exsu027",2096
1,"exsu021","exsu028",1096
1,"exsu021","exsu029",1427
1,"exsu021","exsu030",1799
1,"exsu021","exsu031",1620
1,"exsu021","exsu032",355
1,"exsu021","exsu033",1411
1,"exsu021","exsu034",1047
1,"exsu021","exsu035",2168
1,"exsu021","exsu036",1960
1,"exsu021","exsu037",1799
1,"exsu021","exsu038",323
1,"exsu021","exsu039",1871
1,"exsu021","exsu040",2222
1,"exsu021","exsu041",1174
1,"exsu021","exsu042",761
1,"exsu021","exsu043",2040
1,"exsu021","exsu044",1309
1,"exsu021","exsu045",1971
1,"exsu021","exsu046",1385
1,"exsu021","exsu047",1409
1,"exsu021","exsu048",1067
1,"exsu021","exsu049",1354
1,"exsu021","exsu050",343
1,"exsu021","exsu051",1486
1,"exsu021","exsu052",1019
1,"exsu021","exsu053",1512
1,"exsu021","exsu054",946
1,"exsu021","exsu055",1098
1,"exsu021","exsu056",1808
1,"exsu021","exsu057",1138
1,"exsu021","exsu058",1562
1,"exsu021","exsu059",1532
1,"exsu021","exsu060",1012
1,"exsu021","exsu061",1803
1,"exsu021","exsu062",747
1,"exsu021","exsu063",2267
1,"exsu021","exsu064",760
1,"exsu021","exsu065",1723
1,"exsu021","exsu066",390
1,"exsu021","exsu067",822
1,"exsu021","exsu068",669
1,"exsu021","exsu069",2028
1,"exsu021","exsu070",1811
1,"exsu022","exsu001",1328
1,"exsu022","exsu002",1472
1,"exsu022","exsu003",1366
1,"exsu022","exsu004",1565
1,"exsu022","exsu005",369
1,"exsu022","exsu006",1230
1,"exsu022","exsu007",1693
1,"exsu022","exsu008",1462
1,"exsu022","exsu009",1608
1,"exsu022","exsu010",1919
1,"exsu022","exsu011",1409
1,"exsu022","exsu012",1058
1,"exsu022","exsu013",1070
1,"exsu022","exsu014",1639
1,"exsu022","exsu015",1529
1,"exsu022","exsu016",1029
1,"exsu022","exsu017",1534
1,"exsu022","exsu018",1331
1,"exsu022","exsu019",1863
1,"exsu022","exsu020",1440
1,"exsu022","exsu021",1478
1,"exsu022","exsu022",0
1,"exsu022","exsu023",978
1,"exsu022","exsu024",976
1,"exsu022","exsu025",983
1,"exsu022","exsu026",1524
1,"exsu022","exsu027",1428
1,"exsu022","exsu028",1252
1,"exsu022","exsu029",1892
1,"exsu022","exsu030",2166
1,"exsu022","exsu031",1593
1,"exsu022","exsu032",1125
1,"exsu022","exsu033",1602
1,"exsu022","exsu034",751
1,"exsu022","exsu035",1039
1,"exsu022","exsu036",1721
1,"exsu022","exsu037",439
1,"exsu022","exsu038",1540
1,"exsu022","exsu039",999
1,"exsu022","exsu040",1485
1,"exsu022","exsu041",1391
1,"exsu022","exsu042",722
1,"exsu022","exsu043",975
1,"exsu022","exsu044",1617
1,"exsu022","exsu045",1660
1,"exsu022","exsu046",109
1,"exsu022","exsu047",1183
1,"exsu022","exsu048",420
1,"exsu022","exsu049",845
1,"exsu022","exsu050",1421
1,"exsu022","exsu051",926
1,"exsu022","exsu052",856
1,"exsu022","exsu053",728
1,"exsu022","exsu054",571
1,"exsu022","exsu055",973
1,"exsu022","exsu056",784
1,"exsu022","exsu057",404
1,"exsu022","exsu058",800
1,"exsu022","exsu059",2065
1,"exsu022","exsu060",575
1,"exsu022","exsu061",1881
1,"exsu022","exsu062",909
1,"exsu022","exsu063",1421
1,"exsu022","exsu064",1480
1,"exsu022","exsu065",1305
1,"exsu022","exsu066",1625
1,"exsu022","exsu067",762
1,"exsu022","exsu068",1309
1,"exsu022","exsu069",1217
1,"exsu022","exsu070",2180
1,"exsu023","exsu001",371
1,"exsu023","exsu002",1584
1,"exsu023","exsu003",1914
1,"exsu023","exsu004",623
1,"exsu023","exsu005",672
1,"exsu023","exsu006",1593
1,"exsu023","exsu007",863
1,"exsu023","exsu008",1628
1,"exsu023","exsu009",1496
1,"exsu023","exsu010",1796
1,"exsu023","exsu011",1956
1,"exsu023","exsu012",755
1,"exsu023","exsu013",390
1,"exsu023","exsu014",759
1,"exsu023","exsu015",2024
1,"exsu023","exsu016",933
1,"exsu023","exsu017",603
1,"exsu023","exsu018",752
1,"exsu023","exsu019",1440
1,"exsu023","exsu020",1592
1,"exsu023","exsu021",543
1,"exsu023","exsu022",978
1,"exsu023","exsu023",0
1,"exsu023","exsu024",1601
1,"exsu023","exsu025",797
1,"exsu023","exsu026",1625
1,"exsu023","exsu027",1895
1,"exsu023","exsu028",1082
1,"exsu023","exsu029",1609
1,"exsu023","exsu030",1971
1,"exsu023","exsu031",1616
1,"exsu023","exsu032",214
1,"exsu023","exsu033",1472
1,"exsu023","exsu034",783
1,"exsu023","exsu035",1812
1,"exsu023","exsu036",1906
1,"exsu023","exsu037",1349
1,"exsu023","exsu038",733
1,"exsu023","exsu039",1581
1,"exsu023","exsu040",2005
1,"exsu023","exsu041",1208
1,"exsu023","exsu042",335
1,"exsu023","exsu043",1698
1,"exsu023","exsu044",1408
1,"exsu023","exsu045",1891
1,"exsu023","exsu046",897
1,"exsu023","exsu047",1293
1,"exsu023","exsu048",557
1,"exsu023","exsu049",1112
1,"exsu023","exsu050",653
1,"exsu023","exsu051",1253
1,"exsu023","exsu052",812
1,"exsu023","exsu053",1204
1,"exsu023","exsu054",416
1,"exsu023","exsu055",946
1,"exsu023","exsu056",1462
1,"exsu023","exsu057",706
1,"exsu023","exsu058",1270
1,"exsu023","exsu059",1752
1,"exsu023","exsu060",639
1,"exsu023","exsu061",1859
1,"exsu023","exsu062",557
1,"exsu023","exsu063",2014
1,"exsu023","exsu064",961
1,"exsu023","exsu065",1578
1,"exsu023","exsu066",825
1,"exsu023","exsu067",280
1,"exsu023","exsu068",790
1,"exsu023","exsu069",1772
1,"exsu023","exsu070",1985
1,"exsu024","exsu001",1827
1,"exsu024","exsu002",833
1,"exsu024","exsu003",392
1,"exsu024","exsu004",1989
1,"exsu024","exsu005",1272
1,"exsu024","exsu006",433
1,"exsu024","exsu007",1930
1,"exsu024","exsu008",770
1,"exsu024","exsu009",1141
1,"exsu024","exsu010",1365
1,"exsu024","exsu011",434
1,"exsu024","exsu012",1121
1,"exsu024","exsu013",1433
1,"exsu024","exsu014",1952
1,"exsu024","exsu015",561
1,"exsu024","exsu016",923
1,"exsu024","exsu017",1945
1,"exsu024","exsu018",1451
1,"exsu024","exsu019",1620
1,"exsu024","exsu020",773
1,"exsu024","exsu021",1908
1,"exsu024","exsu022",976
1,"exsu024","exsu023",1601
1,"exsu024","exsu024",0
1,"exsu024","exsu025",1010
1,"exsu024","exsu026",875
1,"exsu024","exsu027",480
1,"exsu024","exsu028",1035
1,"exsu024","exsu029",1500
1,"exsu024","exsu030",1624
1,"exsu024","exsu031",995
1,"exsu024","exsu032",1630
1,"exsu024","exsu033",1155
1,"exsu024","exsu034",862
1,"exsu024","exsu035",318
1,"exsu024","exsu036",932
1,"exsu024","exsu037",643
1,"exsu024","exsu038",1794
1,"exsu024","exsu039",72
1,"exsu024","exsu040",513
1,"exsu024","exsu041",1100
1,"exsu024","exsu042",1266
1,"exsu024","exsu043",184
1,"exsu024","exsu044",1245
1,"exsu024","exsu045",845
1,"exsu024","exsu046",943
1,"exsu024","exsu047",717
1,"exsu024","exsu048",1189
1,"exsu024","exsu049",566
1,"exsu024","exsu050",1676
1,"exsu024","exsu051",459
1,"exsu024","exsu052",894
1,"exsu024","exsu053",400
1,"exsu024","exsu054",1335
1,"exsu024","exsu055",855
1,"exsu024","exsu056",193
1,"exsu024","exsu057",932
1,"exsu024","exsu058",346
1,"exsu024","exsu059",1658
1,"exsu024","exsu060",962
1,"exsu024","exsu061",1240
1,"exsu024","exsu062",1161
1,"exsu024","exsu063",449
1,"exsu024","exsu064",1472
1,"exsu024","exsu065",571
1,"exsu024","exsu066",1845
1,"exsu024","exsu067",1523
1,"exsu024","exsu068",1387
1,"exsu024","exsu069",247
1,"exsu024","exsu070",1636
1,"exsu025","exsu001",886
1,"exsu025","exsu002",787
1,"exsu025","exsu003",1227
1,"exsu025","exsu004",1002
1,"exsu025","exsu005",959
1,"exsu025","exsu006",854
1,"exsu025","exsu007",922
1,"exsu025","exsu008",834
1,"exsu025","exsu009",733
1,"exsu025","exsu010",1050
1,"exsu025","exsu011",1264
1,"exsu025","exsu012",113
1,"exsu025","exsu013",481
1,"exsu025","exsu014",944
1,"exsu025","exsu015",1301
1,"exsu025","exsu016",137
1,"exsu025","exsu017",956
1,"exsu025","exsu018",448
1,"exsu025","exsu019",881
1,"exsu025","exsu020",797
1,"exsu025","exsu021",928
1,"exsu025","exsu022",983
1,"exsu025","exsu023",797
1,"exsu025","exsu024",1010
1,"exsu025","exsu025",0
1,"exsu025","exsu026",828
1,"exsu025","exsu027",1169
1,"exsu025","exsu028",315
1,"exsu025","exsu029",941
1,"exsu025","exsu030",1263
1,"exsu025","exsu031",824
1,"exsu025","exsu032",725
1,"exsu025","exsu033",715
1,"exsu025","exsu034",239
1,"exsu025","exsu035",1299
1,"exsu025","exsu036",1110
1,"exsu025","exsu037",1100
1,"exsu025","exsu038",784
1,"exsu025","exsu039",964
1,"exsu025","exsu040",1294
1,"exsu025","exsu041",458
1,"exsu025","exsu042",548
1,"exsu025","exsu043",1163
1,"exsu025","exsu044",685
1,"exsu025","exsu045",1099
1,"exsu025","exsu046",874
1,"exsu025","exsu047",505
1,"exsu025","exsu048",769
1,"exsu025","exsu049",444
1,"exsu025","exsu050",667
1,"exsu025","exsu051",565
1,"exsu025","exsu052",143
1,"exsu025","exsu053",639
1,"exsu025","exsu054",803
1,"exsu025","exsu055",171
1,"exsu025","exsu056",947
1,"exsu025","exsu057",589
1,"exsu025","exsu058",671
1,"exsu025","exsu059",1109
1,"exsu025","exsu060",426
1,"exsu025","exsu061",1082
1,"exsu025","exsu062",240
1,"exsu025","exsu063",1342
1,"exsu025","exsu064",526
1,"exsu025","exsu065",808
1,"exsu025","exsu066",837
1,"exsu025","exsu067",892
1,"exsu025","exsu068",393
1,"exsu025","exsu069",1105
1,"exsu025","exsu070",1277
1,"exsu026","exsu001",1674
1,"exsu026","exsu002",52
1,"exsu026","exsu003",782
1,"exsu026","exsu004",1728
1,"exsu026","exsu005",1659
1,"exsu026","exsu006",446
1,"exsu026","exsu007",1517
1,"exsu026","exsu008",110
1,"exsu026","exsu009",341
1,"exsu026","exsu010",491
1,"exsu026","exsu011",794
1,"exsu026","exsu012",883
1,"exsu026","exsu013",1288
1,"exsu026","exsu014",1601
1,"exsu026","exsu015",738
1,"exsu026","exsu016",693
1,"exsu026","exsu017",1682
1,"exsu026","exsu018",1080
1,"exsu026","exsu019",881
1,"exsu026","exsu020",102
1,"exsu026","exsu021",1671
1,"exsu026","exsu022",1524
1,"exsu026","exsu023",1625
1,"exsu026","exsu024",875
1,"exsu026","exsu025",828
1,"exsu026","exsu026",0
1,"exsu026","exsu027",638
1,"exsu026","exsu028",576
1,"exsu026","exsu029",680
1,"exsu026","exsu030",750
1,"exsu026","exsu031",130
1,"exsu026","exsu032",1539
1,"exsu026","exsu033",369
1,"exsu026","exsu034",908
1,"exsu026","exsu035",1174
1,"exsu026","exsu036",289
1,"exsu026","exsu037",1387
1,"exsu026","exsu038",1428
1,"exsu026","exsu039",803
1,"exsu026","exsu040",767
1,"exsu026","exsu041",509
1,"exsu026","exsu042",1357
1,"exsu026","exsu043",1053
1,"exsu026","exsu044",495
1,"exsu026","exsu045",308
1,"exsu026","exsu046",1438
1,"exsu026","exsu047",359
1,"exsu026","exsu048",1493
1,"exsu026","exsu049",682
1,"exsu026","exsu050",1345
1,"exsu026","exsu051",606
1,"exsu026","exsu052",838
1,"exsu026","exsu053",820
1,"exsu026","exsu054",1574
1,"exsu026","exsu055",690
1,"exsu026","exsu056",979
1,"exsu026","exsu057",1239
1,"exsu026","exsu058",767
1,"exsu026","exsu059",816
1,"exsu026","exsu060",1137
1,"exsu026","exsu061",376
1,"exsu026","exsu062",1068
1,"exsu026","exsu063",897
1,"exsu026","exsu064",975
1,"exsu026","exsu065",304
1,"exsu026","exsu066",1437
1,"exsu026","exsu067",1698
1,"exsu026","exsu068",1006
1,"exsu026","exsu069",759
1,"exsu026","exsu070",762
1,"exsu027","exsu001",2051
1,"exsu027","exsu002",620
1,"exsu027","exsu003",161
1,"exsu027","exsu004",2167
1,"exsu027","exsu005",1688
1,"exsu027","exsu006",315
1,"exsu027","exsu007",2029
1,"exsu027","exsu008",533
1,"exsu027","exsu009",973
1,"exsu027","exsu010",1097
1,"exsu027","exsu011",160
1,"exsu027","exsu012",1266
1,"exsu027","exsu013",1645
1,"exsu027","exsu014",2085
1,"exsu027","exsu015",132
1,"exsu027","exsu016",1045
1,"exsu027","exsu017",2121
1,"exsu027","exsu018",1554
1,"exsu027","exsu019",1509
1,"exsu027","exsu020",559
1,"exsu027","exsu021",2096
1,"exsu027","exsu022",1428
1,"exsu027","exsu023",1895
1,"exsu027","exsu024",480
1,"exsu027","exsu025",1169
1,"exsu027","exsu026",638
1,"exsu027","exsu027",0
1,"exsu027","exsu028",1057
1,"exsu027","exsu029",1318
1,"exsu027","exsu030",1336
1,"exsu027","exsu031",766
1,"exsu027","exsu032",1876
1,"exsu027","exsu033",998
1,"exsu027","exsu034",1112
1,"exsu027","exsu035",665
1,"exsu027","exsu036",552
1,"exsu027","exsu037",1122
1,"exsu027","exsu038",1914
1,"exsu027","exsu039",436
1,"exsu027","exsu040",136
1,"exsu027","exsu041",1059
1,"exsu027","exsu042",1572
1,"exsu027","exsu043",592
1,"exsu027","exsu044",1117
1,"exsu027","exsu045",458
1,"exsu027","exsu046",1379
1,"exsu027","exsu047",706
1,"exsu027","exsu048",1573
1,"exsu027","exsu049",783
1,"exsu027","exsu050",1810
1,"exsu027","exsu051",642
1,"exsu027","exsu052",1099
1,"exsu027","exsu053",741
1,"exsu027","exsu054",1702
1,"exsu027","exsu055",999
1,"exsu027","exsu056",667
1,"exsu027","exsu057",1303
1,"exsu027","exsu058",665
1,"exsu027","exsu059",1448
1,"exsu027","exsu060",1281
1,"exsu027","exsu061",930
1,"exsu027","exsu062",1379
1,"exsu027","exsu063",262
1,"exsu027","exsu064",1509
1,"exsu027","exsu065",401
1,"exsu027","exsu066",1945
1,"exsu027","exsu067",1874
1,"exsu027","exsu068",1482
1,"exsu027","exsu069",239
1,"exsu027","exsu070",1345
1,"exsu028","exsu001",1099
1,"exsu028","exsu002",547
1,"exsu028","exsu003",1152
1,"exsu028","exsu004",1155
1,"exsu028","exsu005",1267
1,"exsu028","exsu006",752
1,"exsu028","exsu007",975
1,"exsu028","exsu008",615
1,"exsu028","exsu009",420
1,"exsu028","exsu010",735
1,"exsu028","exsu011",1181
1,"exsu028","exsu012",327
1,"exsu028","exsu013",722
1,"exsu028","exsu014",1042
1,"exsu028","exsu015",1184
1,"exsu028","exsu016",225
1,"exsu028","exsu017",1109
1,"exsu028","exsu018",513
1,"exsu028","exsu019",637
1,"exsu028","exsu020",576
1,"exsu028","exsu021",1096
1,"exsu028","exsu022",1252
1,"exsu028","exsu023",1082
1,"exsu028","exsu024",1035
1,"exsu028","exsu025",315
1,"exsu028","exsu026",576
1,"exsu028","exsu027",1057
1,"exsu028","exsu028",0
1,"exsu028","exsu029",641
1,"exsu028","exsu030",949
1,"exsu028","exsu031",541
1,"exsu028","exsu032",973
1,"exsu028","exsu033",401
1,"exsu028","exsu034",507
1,"exsu028","exsu035",1349
1,"exsu028","exsu036",866
1,"exsu028","exsu037",1290
1,"exsu028","exsu038",870
1,"exsu028","exsu039",974
1,"exsu028","exsu040",1191
1,"exsu028","exsu041",145
1,"exsu028","exsu042",860
1,"exsu028","exsu043",1210
1,"exsu028","exsu044",374
1,"exsu028","exsu045",875
1,"exsu028","exsu046",1147
1,"exsu028","exsu047",353
1,"exsu028","exsu048",1080
1,"exsu028","exsu049",523
1,"exsu028","exsu050",777
1,"exsu028","exsu051",582
1,"exsu028","exsu052",404
1,"exsu028","exsu053",744
1,"exsu028","exsu054",1118
1,"exsu028","exsu055",281
1,"exsu028","exsu056",1031
1,"exsu028","exsu057",878
1,"exsu028","exsu058",743
1,"exsu028","exsu059",813
1,"exsu028","exsu060",727
1,"exsu028","exsu061",778
1,"exsu028","exsu062",537
1,"exsu028","exsu063",1273
1,"exsu028","exsu064",455
1,"exsu028","exsu065",659
1,"exsu028","exsu066",892
1,"exsu028","exsu067",1202
1,"exsu028","exsu068",438
1,"exsu028","exsu069",1058
1,"exsu028","exsu070",964
1,"exsu029","exsu001",1502
1,"exsu029","exsu002",703
1,"exsu029","exsu003",1461
1,"exsu029","exsu004",1454
1,"exsu029","exsu005",1900
1,"exsu029","exsu006",1099
1,"exsu029","exsu007",1140
1,"exsu029","exsu008",787
1,"exsu029","exsu009",360
1,"exsu029","exsu010",321
1,"exsu029","exsu011",1475
1,"exsu029","exsu012",911
1,"exsu029","exsu013",1219
1,"exsu029","exsu014",1267
1,"exsu029","exsu015",1414
1,"exsu029","exsu016",866
1,"exsu029","exsu017",1414
1,"exsu029","exsu018",875
1,"exsu029","exsu019",280
1,"exsu029","exsu020",766
1,"exsu029","exsu021",1427
1,"exsu029","exsu022",1892
1,"exsu029","exsu023",1609
1,"exsu029","exsu024",1500
1,"exsu029","exsu025",941
1,"exsu029","exsu026",680
1,"exsu029","exsu027",1318
1,"exsu029","exsu028",641
1,"exsu029","exsu029",0
1,"exsu029","exsu030",373
1,"exsu029","exsu031",551
1,"exsu029","exsu032",1447
1,"exsu029","exsu033",345
1,"exsu029","exsu034",1148
1,"exsu029","exsu035",1814
1,"exsu029","exsu036",857
1,"exsu029","exsu037",1891
1,"exsu029","exsu038",1116
1,"exsu029","exsu039",1430
1,"exsu029","exsu040",1446
1,"exsu029","exsu041",501
1,"exsu029","exsu042",1456
1,"exsu029","exsu043",1684
1,"exsu029","exsu044",279
1,"exsu029","exsu045",927
1,"exsu029","exsu046",1788
1,"exsu029","exsu047",804
1,"exsu029","exsu048",1710
1,"exsu029","exsu049",1108
1,"exsu029","exsu050",1088
1,"exsu029","exsu051",1112
1,"exsu029","exsu052",1045
1,"exsu029","exsu053",1315
1,"exsu029","exsu054",1729
1,"exsu029","exsu055",919
1,"exsu029","exsu056",1558
1,"exsu029","exsu057",1518
1,"exsu029","exsu058",1290
1,"exsu029","exsu059",174
1,"exsu029","exsu060",1364
1,"exsu029","exsu061",505
1,"exsu029","exsu062",1125
1,"exsu029","exsu063",1577
1,"exsu029","exsu064",676
1,"exsu029","exsu065",960
1,"exsu029","exsu066",1082
1,"exsu029","exsu067",1783
1,"exsu029","exsu068",823
1,"exsu029","exsu069",1427
1,"exsu029","exsu070",386
1,"exsu030","exsu001",1874
1,"exsu030","exsu002",792
1,"exsu030","exsu003",1494
1,"exsu030","exsu004",1824
1,"exsu030","exsu005",2215
1,"exsu030","exsu006",1195
1,"exsu030","exsu007",1502
1,"exsu030","exsu008",856
1,"exsu030","exsu009",558
1,"exsu030","exsu010",262
1,"exsu030","exsu011",1496
1,"exsu030","exsu012",1250
1,"exsu030","exsu013",1583
1,"exsu030","exsu014",1633
1,"exsu030","exsu015",1405
1,"exsu030","exsu016",1167
1,"exsu030","exsu017",1784
1,"exsu030","exsu018",1245
1,"exsu030","exsu019",625
1,"exsu030","exsu020",851
1,"exsu030","exsu021",1799
1,"exsu030","exsu022",2166
1,"exsu030","exsu023",1971
1,"exsu030","exsu024",1624
1,"exsu030","exsu025",1263
1,"exsu030","exsu026",750
1,"exsu030","exsu027",1336
1,"exsu030","exsu028",949
1,"exsu030","exsu029",373
1,"exsu030","exsu030",0
1,"exsu030","exsu031",632
1,"exsu030","exsu032",1815
1,"exsu030","exsu033",565
1,"exsu030","exsu034",1446
1,"exsu030","exsu035",1922
1,"exsu030","exsu036",798
1,"exsu030","exsu037",2103
1,"exsu030","exsu038",1486
1,"exsu030","exsu039",1553
1,"exsu030","exsu040",1448
1,"exsu030","exsu041",805
1,"exsu030","exsu042",1797
1,"exsu030","exsu043",1803
1,"exsu030","exsu044",578
1,"exsu030","exsu045",888
1,"exsu030","exsu046",2067
1,"exsu030","exsu047",1004
1,"exsu030","exsu048",2029
1,"exsu030","exsu049",1340
1,"exsu030","exsu050",1461
1,"exsu030","exsu051",1308
1,"exsu030","exsu052",1348
1,"exsu030","exsu053",1523
1,"exsu030","exsu054",2063
1,"exsu030","exsu055",1207
1,"exsu030","exsu056",1720
1,"exsu030","exsu057",1816
1,"exsu030","exsu058",1483
1,"exsu030","exsu059",297
1,"exsu030","exsu060",1673
1,"exsu030","exsu061",406
1,"exsu030","exsu062",1467
1,"exsu030","exsu063",1597
1,"exsu030","exsu064",1048
1,"exsu030","exsu065",1054
1,"exsu030","exsu066",1448
1,"exsu030","exsu067",2132
1,"exsu030","exsu068",1191
1,"exsu030","exsu069",1497
1,"exsu030","exsu070",15
1,"exsu031","exsu001",1636
1,"exsu031","exsu002",163
1,"exsu031","exsu003",912
1,"exsu031","exsu004",1672
1,"exsu031","exsu005",1702
1,"exsu031","exsu006",571
1,"exsu031","exsu007",1441
1,"exsu031","exsu008",239
1,"exsu031","exsu009",225
1,"exsu031","exsu010",370
1,"exsu031","exsu011",924
1,"exsu031","exsu012",863
1,"exsu031","exsu013",1263
1,"exsu031","exsu014",1533
1,"exsu031","exsu015",864
1,"exsu031","exsu016",695
1,"exsu031","exsu017",1627
1,"exsu031","exsu018",1024
1,"exsu031","exsu019",761
1,"exsu031","exsu020",226
1,"exsu031","exsu021",1620
1,"exsu031","exsu022",1593
1,"exsu031","exsu023",1616
1,"exsu031","exsu024",995
1,"exsu031","exsu025",824
1,"exsu031","exsu026",130
1,"exsu031","exsu027",766
1,"exsu031","exsu028",541
1,"exsu031","exsu029",551
1,"exsu031","exsu030",632
1,"exsu031","exsu031",0
1,"exsu031","exsu032",1514
1,"exsu031","exsu033",256
1,"exsu031","exsu034",937
1,"exsu031","exsu035",1298
1,"exsu031","exsu036",358
1,"exsu031","exsu037",1484
1,"exsu031","exsu038",1362
1,"exsu031","exsu039",924
1,"exsu031","exsu040",895
1,"exsu031","exsu041",446
1,"exsu031","exsu042",1367
1,"exsu031","exsu043",1175
1,"exsu031","exsu044",385
1,"exsu031","exsu045",403
1,"exsu031","exsu046",1502
1,"exsu031","exsu047",410
1,"exsu031","exsu048",1529
1,"exsu031","exsu049",748
1,"exsu031","exsu050",1287
1,"exsu031","exsu051",692
1,"exsu031","exsu052",856
1,"exsu031","exsu053",909
1,"exsu031","exsu054",1599
1,"exsu031","exsu055",705
1,"exsu031","exsu056",1089
1,"exsu031","exsu057",1284
1,"exsu031","exsu058",861
1,"exsu031","exsu059",686
1,"exsu031","exsu060",1169
1,"exsu031","exsu061",288
1,"exsu031","exsu062",1062
1,"exsu031","exsu063",1026
1,"exsu031","exsu064",899
1,"exsu031","exsu065",428
1,"exsu031","exsu066",1363
1,"exsu031","exsu067",1710
1,"exsu031","exsu068",951
1,"exsu031","exsu069",888
1,"exsu031","exsu070",644
1,"exsu032","exsu001",209
1,"exsu032","exsu002",1502
1,"exsu032","exsu003",1913
1,"exsu032","exsu004",441
1,"exsu032","exsu005",854
1,"exsu032","exsu006",1565
1,"exsu032","exsu007",650
1,"exsu032","exsu008",1556
1,"exsu032","exsu009",1372
1,"exsu032","exsu010",1658
1,"exsu032","exsu011",1953
1,"exsu032","exsu012",656
1,"exsu032","exsu013",251
1,"exsu032","exsu014",551
1,"exsu032","exsu015",2007
1,"exsu032","exsu016",861
1,"exsu032","exsu017",413
1,"exsu032","exsu018",574
1,"exsu032","exsu019",1259
1,"exsu032","exsu020",1518
1,"exsu032","exsu021",355
1,"exsu032","exsu022",1125
1,"exsu032","exsu023",214
1,"exsu032","exsu024",1630
1,"exsu032","exsu025",725
1,"exsu032","exsu026",1539
1,"exsu032","exsu027",1876
1,"exsu032","exsu028",973
1,"exsu032","exsu029",1447
1,"exsu032","exsu030",1815
1,"exsu032","exsu031",1514
1,"exsu032","exsu032",0
1,"exsu032","exsu033",1346
1,"exsu032","exsu034",776
1,"exsu032","exsu035",1869
1,"exsu032","exsu036",1826
1,"exsu032","exsu037",1460
1,"exsu032","exsu038",519
1,"exsu032","exsu039",1601
1,"exsu032","exsu040",1994
1,"exsu032","exsu041",1085
1,"exsu032","exsu042",415
1,"exsu032","exsu043",1747
1,"exsu032","exsu044",1268
1,"exsu032","exsu045",1821
1,"exsu032","exsu046",1034
1,"exsu032","exsu047",1230
1,"exsu032","exsu048",713
1,"exsu032","exsu049",1102
1,"exsu032","exsu050",442
1,"exsu032","exsu051",1242
1,"exsu032","exsu052",777
1,"exsu032","exsu053",1230
1,"exsu032","exsu054",593
1,"exsu032","exsu055",889
1,"exsu032","exsu056",1511
1,"exsu032","exsu057",800
1,"exsu032","exsu058",1289
1,"exsu032","exsu059",1581
1,"exsu032","exsu060",691
1,"exsu032","exsu061",1739
1,"exsu032","exsu062",497
1,"exsu032","exsu063",2020
1,"exsu032","exsu064",782
1,"exsu032","exsu065",1531
1,"exsu032","exsu066",611
1,"exsu032","exsu067",489
1,"exsu032","exsu068",624
1,"exsu032","exsu069",1777
1,"exsu032","exsu070",1829
1,"exsu033","exsu001",1446
1,"exsu033","exsu002",378
1,"exsu033","exsu003",1133
1,"exsu033","exsu004",1457
1,"exsu033","exsu005",1655
1,"exsu033","exsu006",759
1,"exsu033","exsu007",1203
1,"exsu033","exsu008",466
1,"exsu033","exsu009",32
1,"exsu033","exsu010",335
1,"exsu033","exsu011",1150
1,"exsu033","exsu012",723
1,"exsu033","exsu013",1098
1,"exsu033","exsu014",1304
1,"exsu033","exsu015",1104
1,"exsu033","exsu016",608
1,"exsu033","exsu017",1412
1,"exsu033","exsu018",816
1,"exsu033","exsu019",513
1,"exsu033","exsu020",439
1,"exsu033","exsu021",1411
1,"exsu033","exsu022",1602
1,"exsu033","exsu023",1472
1,"exsu033","exsu024",1155
1,"exsu033","exsu025",715
1,"exsu033","exsu026",369
1,"exsu033","exsu027",998
1,"exsu033","exsu028",401
1,"exsu033","exsu029",345
1,"exsu033","exsu030",565
1,"exsu033","exsu031",256
1,"exsu033","exsu032",1346
1,"exsu033","exsu033",0
1,"exsu033","exsu034",884
1,"exsu033","exsu035",1470
1,"exsu033","exsu036",610
1,"exsu033","exsu037",1563
1,"exsu033","exsu038",1135
1,"exsu033","exsu039",1085
1,"exsu033","exsu040",1130
1,"exsu033","exsu041",265
1,"exsu033","exsu042",1261
1,"exsu033","exsu043",1339
1,"exsu033","exsu044",129
1,"exsu033","exsu045",658
1,"exsu033","exsu046",1502
1,"exsu033","exsu047",465
1,"exsu033","exsu048",1471
1,"exsu033","exsu049",786
1,"exsu033","exsu050",1071
1,"exsu033","exsu051",775
1,"exsu033","exsu052",787
1,"exsu033","exsu053",983
1,"exsu033","exsu054",1517
1,"exsu033","exsu055",644
1,"exsu033","exsu056",1215
1,"exsu033","exsu057",1252
1,"exsu033","exsu058",953
1,"exsu033","exsu059",508
1,"exsu033","exsu060",1113
1,"exsu033","exsu061",395
1,"exsu033","exsu062",937
1,"exsu033","exsu063",1252
1,"exsu033","exsu064",667
1,"exsu033","exsu065",623
1,"exsu033","exsu066",1129
1,"exsu033","exsu067",1602
1,"exsu033","exsu068",747
1,"exsu033","exsu069",1089
1,"exsu033","exsu070",580
1,"exsu034","exsu001",967
1,"exsu034","exsu002",860
1,"exsu034","exsu003",1139
1,"exsu034","exsu004",1128
1,"exsu034","exsu005",773
1,"exsu034","exsu006",811
1,"exsu034","exsu007",1110
1,"exsu034","exsu008",886
1,"exsu034","exsu009",896
1,"exsu034","exsu010",1215
1,"exsu034","exsu011",1180
1,"exsu034","exsu012",335
1,"exsu034","exsu013",570
1,"exsu034","exsu014",1110
1,"exsu034","exsu015",1242
1,"exsu034","exsu016",283
1,"exsu034","exsu017",1085
1,"exsu034","exsu018",659
1,"exsu034","exsu019",1113
1,"exsu034","exsu020",853
1,"exsu034","exsu021",1047
1,"exsu034","exsu022",751
1,"exsu034","exsu023",783
1,"exsu034","exsu024",862
1,"exsu034","exsu025",239
1,"exsu034","exsu026",908
1,"exsu034","exsu027",1112
1,"exsu034","exsu028",507
1,"exsu034","exsu029",1148
1,"exsu034","exsu030",1446
1,"exsu034","exsu031",937
1,"exsu034","exsu032",776
1,"exsu034","exsu033",884
1,"exsu034","exsu034",0
1,"exsu034","exsu035",1125
1,"exsu034","exsu036",1168
1,"exsu034","exsu037",867
1,"exsu034","exsu038",964
1,"exsu034","exsu039",828
1,"exsu034","exsu040",1224
1,"exsu034","exsu041",650
1,"exsu034","exsu042",470
1,"exsu034","exsu043",995
1,"exsu034","exsu044",879
1,"exsu034","exsu045",1138
1,"exsu034","exsu046",644
1,"exsu034","exsu047",551
1,"exsu034","exsu048",594
1,"exsu034","exsu049",330
1,"exsu034","exsu050",841
1,"exsu034","exsu051",471
1,"exsu034","exsu052",105
1,"exsu034","exsu053",466
1,"exsu034","exsu054",666
1,"exsu034","exsu055",240
1,"exsu034","exsu056",766
1,"exsu034","exsu057",371
1,"exsu034","exsu058",517
1,"exsu034","exsu059",1320
1,"exsu034","exsu060",233
1,"exsu034","exsu061",1216
1,"exsu034","exsu062",301
1,"exsu034","exsu063",1244
1,"exsu034","exsu064",762
1,"exsu034","exsu065",805
1,"exsu034","exsu066",1029
1,"exsu034","exsu067",799
1,"exsu034","exsu068",615
1,"exsu034","exsu069",1002
1,"exsu034","exsu070",1461
1,"exsu035","exsu001",2072
1,"exsu035","exsu002",1135
1,"exsu035","exsu003",519
1,"exsu035","exsu004",2251
1,"exsu035","exsu005",1382
1,"exsu035","exsu006",728
1,"exsu035","exsu007",2220
1,"exsu035","exsu008",1066
1,"exsu035","exsu009",1454
1,"exsu035","exsu010",1665
1,"exsu035","exsu011",547
1,"exsu035","exsu012",1411
1,"exsu035","exsu013",1691
1,"exsu035","exsu014",2232
1,"exsu035","exsu015",691
1,"exsu035","exsu016",1224
1,"exsu035","exsu017",2209
1,"exsu035","exsu018",1745
1,"exsu035","exsu019",1938
1,"exsu035","exsu020",1073
1,"exsu035","exsu021",2168
1,"exsu035","exsu022",1039
1,"exsu035","exsu023",1812
1,"exsu035","exsu024",318
1,"exsu035","exsu025",1299
1,"exsu035","exsu026",1174
1,"exsu035","exsu027",665
1,"exsu035","exsu028",1349
1,"exsu035","exsu029",1814
1,"exsu035","exsu030",1922
1,"exsu035","exsu031",1298
1,"exsu035","exsu032",1869
1,"exsu035","exsu033",1470
1,"exsu035","exsu034",1125
1,"exsu035","exsu035",0
1,"exsu035","exsu036",1190
1,"exsu035","exsu037",621
1,"exsu035","exsu038",2079
1,"exsu035","exsu039",386
1,"exsu035","exsu040",632
1,"exsu035","exsu041",1418
1,"exsu035","exsu042",1480
1,"exsu035","exsu043",139
1,"exsu035","exsu044",1562
1,"exsu035","exsu045",1098
1,"exsu035","exsu046",1039
1,"exsu035","exsu047",1035
1,"exsu035","exsu048",1340
1,"exsu035","exsu049",860
1,"exsu035","exsu050",1959
1,"exsu035","exsu051",769
1,"exsu035","exsu052",1173
1,"exsu035","exsu053",663
1,"exsu035","exsu054",1496
1,"exsu035","exsu055",1154
1,"exsu035","exsu056",360
1,"exsu035","exsu057",1112
1,"exsu035","exsu058",629
1,"exsu035","exsu059",1970
1,"exsu035","exsu060",1181
1,"exsu035","exsu061",1528
1,"exsu035","exsu062",1425
1,"exsu035","exsu063",497
1,"exsu035","exsu064",1780
1,"exsu035","exsu065",870
1,"exsu035","exsu066",2136
1,"exsu035","exsu067",1693
1,"exsu035","exsu068",1685
1,"exsu035","exsu069",442
1,"exsu035","exsu070",1933
1,"exsu036","exsu001",1963
1,"exsu036","exsu002",324
1,"exsu036","exsu003",713
1,"exsu036","exsu004",2016
1,"exsu036","exsu005",1893
1,"exsu036","exsu006",518
1,"exsu036","exsu007",1796
1,"exsu036","exsu008",282
1,"exsu036","exsu009",578
1,"exsu036","exsu010",582
1,"exsu036","exsu011",709
1,"exsu036","exsu012",1170
1,"exsu036","exsu013",1576
1,"exsu036","exsu014",1885
1,"exsu036","exsu015",608
1,"exsu036","exsu016",974
1,"exsu036","exsu017",1970
1,"exsu036","exsu018",1368
1,"exsu036","exsu019",1099
1,"exsu036","exsu020",316
1,"exsu036","exsu021",1960
1,"exsu036","exsu022",1721
1,"exsu036","exsu023",1906
1,"exsu036","exsu024",932
1,"exsu036","exsu025",1110
1,"exsu036","exsu026",289
1,"exsu036","exsu027",552
1,"exsu036","exsu028",866
1,"exsu036","exsu029",857
1,"exsu036","exsu030",798
1,"exsu036","exsu031",358
1,"exsu036","exsu032",1826
1,"exsu036","exsu033",610
1,"exsu036","exsu034",1168
1,"exsu036","exsu035",1190
1,"exsu036","exsu036",0
1,"exsu036","exsu037",1522
1,"exsu036","exsu038",1712
1,"exsu036","exsu039",865
1,"exsu036","exsu040",654
1,"exsu036","exsu041",793
1,"exsu036","exsu042",1628
1,"exsu036","exsu043",1090
1,"exsu036","exsu044",739
1,"exsu036","exsu045",94
1,"exsu036","exsu046",1645
1,"exsu036","exsu047",619
1,"exsu036","exsu048",1738
1,"exsu036","exsu049",903
1,"exsu036","exsu050",1632
1,"exsu036","exsu051",798
1,"exsu036","exsu052",1107
1,"exsu036","exsu053",995
1,"exsu036","exsu054",1831
1,"exsu036","exsu055",963
1,"exsu036","exsu056",1078
1,"exsu036","exsu057",1475
1,"exsu036","exsu058",928
1,"exsu036","exsu059",955
1,"exsu036","exsu060",1390
1,"exsu036","exsu061",395
1,"exsu036","exsu062",1349
1,"exsu036","exsu063",807
1,"exsu036","exsu064",1254
1,"exsu036","exsu065",417
1,"exsu036","exsu066",1718
1,"exsu036","exsu067",1965
1,"exsu036","exsu068",1293
1,"exsu036","exsu069",748
1,"exsu036","exsu070",806
1,"exsu037","exsu001",1668
1,"exsu037","exsu002",1337
1,"exsu037","exsu003",1026
1,"exsu037","exsu004",1886
1,"exsu037","exsu005",804
1,"exsu037","exsu006",1004
1,"exsu037","exsu007",1948
1,"exsu037","exsu008",1302
1,"exsu037","exsu009",1560
1,"exsu037","exsu010",1844
1,"exsu037","exsu011",1066
1,"exsu037","exsu012",1201
1,"exsu037","exsu013",1345
1,"exsu037","exsu014",1921
1,"exsu037","exsu015",1201
1,"exsu037","exsu016",1091
1,"exsu037","exsu017",1849
1,"exsu037","exsu018",1522
1,"exsu037","exsu019",1927
1,"exsu037","exsu020",1290
1,"exsu037","exsu021",1799
1,"exsu037","exsu022",439
1,"exsu037","exsu023",1349
1,"exsu037","exsu024",643
1,"exsu037","exsu025",1100
1,"exsu037","exsu026",1387
1,"exsu037","exsu027",1122
1,"exsu037","exsu028",1290
1,"exsu037","exsu029",1891
1,"exsu037","exsu030",2103
1,"exsu037","exsu031",1484
1,"exsu037","exsu032",1460
1,"exsu037","exsu033",1563
1,"exsu037","exsu034",867
1,"exsu037","exsu035",621
1,"exsu037","exsu036",1522
1,"exsu037","exsu037",0
1,"exsu037","exsu038",1796
1,"exsu037","exsu039",689
1,"exsu037","exsu040",1150
1,"exsu037","exsu041",1408
1,"exsu037","exsu042",1045
1,"exsu037","exsu043",585
1,"exsu037","exsu044",1612
1,"exsu037","exsu045",1445
1,"exsu037","exsu046",471
1,"exsu037","exsu047",1102
1,"exsu037","exsu048",811
1,"exsu037","exsu049",782
1,"exsu037","exsu050",1673
1,"exsu037","exsu051",795
1,"exsu037","exsu052",957
1,"exsu037","exsu053",581
1,"exsu037","exsu054",972
1,"exsu037","exsu055",1021
1,"exsu037","exsu056",458
1,"exsu037","exsu057",661
1,"exsu037","exsu058",623
1,"exsu037","exsu059",2063
1,"exsu037","exsu060",797
1,"exsu037","exsu061",1763
1,"exsu037","exsu062",1121
1,"exsu037","exsu063",1057
1,"exsu037","exsu064",1626
1,"exsu037","exsu065",1114
1,"exsu037","exsu066",1871
1,"exsu037","exsu067",1170
1,"exsu037","exsu068",1481
1,"exsu037","exsu069",889
1,"exsu037","exsu070",2117
1,"exsu038","exsu001",450
1,"exsu038","exsu002",1406
1,"exsu038","exsu003",1992
1,"exsu038","exsu004",338
1,"exsu038","exsu005",1331
1,"exsu038","exsu006",1601
1,"exsu038","exsu007",153
1,"exsu038","exsu008",1481
1,"exsu038","exsu009",1167
1,"exsu038","exsu010",1390
1,"exsu038","exsu011",2026
1,"exsu038","exsu012",673
1,"exsu038","exsu013",470
1,"exsu038","exsu014",173
1,"exsu038","exsu015",2044
1,"exsu038","exsu016",883
1,"exsu038","exsu017",299
1,"exsu038","exsu018",360
1,"exsu038","exsu019",872
1,"exsu038","exsu020",1442
1,"exsu038","exsu021",323
1,"exsu038","exsu022",1540
1,"exsu038","exsu023",733
1,"exsu038","exsu024",1794
1,"exsu038","exsu025",784
1,"exsu038","exsu026",1428
1,"exsu038","exsu027",1914
1,"exsu038","exsu028",870
1,"exsu038","exsu029",1116
1,"exsu038","exsu030",1486
1,"exsu038","exsu031",1362
1,"exsu038","exsu032",519
1,"exsu038","exsu033",1135
1,"exsu038","exsu034",964
1,"exsu038","exsu035",2079
1,"exsu038","exsu036",1712
1,"exsu038","exsu037",1796
1,"exsu038","exsu038",0
1,"exsu038","exsu039",1747
1,"exsu038","exsu040",2046
1,"exsu038","exsu041",920
1,"exsu038","exsu042",830
1,"exsu038","exsu043",1945
1,"exsu038","exsu044",1024
1,"exsu038","exsu045",1734
1,"exsu038","exsu046",1437
1,"exsu038","exsu047",1210
1,"exsu038","exsu048",1162
1,"exsu038","exsu049",1228
1,"exsu038","exsu050",124
1,"exsu038","exsu051",1346
1,"exsu038","exsu052",906
1,"exsu038","exsu053",1417
1,"exsu038","exsu054",1076
1,"exsu038","exsu055",944
1,"exsu038","exsu056",1723
1,"exsu038","exsu057",1157
1,"exsu038","exsu058",1453
1,"exsu038","exsu059",1213
1,"exsu038","exsu060",1003
1,"exsu038","exsu061",1518
1,"exsu038","exsu062",678
1,"exsu038","exsu063",2110
1,"exsu038","exsu064",469
1,"exsu038","exsu065",1524
1,"exsu038","exsu066",93
1,"exsu038","exsu067",1003
1,"exsu038","exsu068",434
1,"exsu038","exsu069",1879
1,"exsu038","exsu070",1498
1,"exsu039","exsu001",1795
1,"exsu039","exsu002",761
1,"exsu039","exsu003",369
1,"exsu039","exsu004",1950
1,"exsu039","exsu005",1282
1,"exsu039","exsu006",362
1,"exsu039","exsu007",1881
1,"exsu039","exsu008",699
1,"exsu039","exsu009",1070
1,"exsu039","exsu010",1293
1,"exsu039","exsu011",413
1,"exsu039","exsu012",1074
1,"exsu039","exsu013",1397
1,"exsu039","exsu014",1908
1,"exsu039","exsu015",529
1,"exsu039","exsu016",871
1,"exsu039","exsu017",1906
1,"exsu039","exsu018",1401
1,"exsu039","exsu019",1553
1,"exsu039","exsu020",701
1,"exsu039","exsu021",1871
1,"exsu039","exsu022",999
1,"exsu039","exsu023",1581
1,"exsu039","exsu024",72
1,"exsu039","exsu025",964
1,"exsu039","exsu026",803
1,"exsu039","exsu027",436
1,"exsu039","exsu028",974
1,"exsu039","exsu029",1430
1,"exsu039","exsu030",1553
1,"exsu039","exsu031",924
1,"exsu039","exsu032",1601
1,"exsu039","exsu033",1085
1,"exsu039","exsu034",828
1,"exsu039","exsu035",386
1,"exsu039","exsu036",865
1,"exsu039","exsu037",689
1,"exsu039","exsu038",1747
1,"exsu039","exsu039",0
1,"exsu039","exsu040",486
1,"exsu039","exsu041",1035
1,"exsu039","exsu042",1247
1,"exsu039","exsu043",254
1,"exsu039","exsu044",1175
1,"exsu039","exsu045",780
1,"exsu039","exsu046",959
1,"exsu039","exsu047",651
1,"exsu039","exsu048",1188
1,"exsu039","exsu049",521
1,"exsu039","exsu050",1631
1,"exsu039","exsu051",405
1,"exsu039","exsu052",853
1,"exsu039","exsu053",376
1,"exsu039","exsu054",1330
1,"exsu039","exsu055",805
1,"exsu039","exsu056",232
1,"exsu039","exsu057",927
1,"exsu039","exsu058",313
1,"exsu039","exsu059",1587
1,"exsu039","exsu060",944
1,"exsu039","exsu061",1169
1,"exsu039","exsu062",1125
1,"exsu039","exsu063",444
1,"exsu039","exsu064",1415
1,"exsu039","exsu065",500
1,"exsu039","exsu066",1796
1,"exsu039","exsu067",1515
1,"exsu039","exsu068",1336
1,"exsu039","exsu069",218
1,"exsu039","exsu070",1565
1,"exsu040","exsu001",2173
1,"exsu040","exsu002",752
1,"exsu040","exsu003",124
1,"exsu040","exsu004",2294
1,"exsu040","exsu005",1764
1,"exsu040","exsu006",444
1,"exsu040","exsu007",2162
1,"exsu040","exsu008",664
1,"exsu040","exsu009",1105
1,"exsu040","exsu010",1215
1,"exsu040","exsu011",86
1,"exsu040","exsu012",1393
1,"exsu040","exsu013",1766
1,"exsu040","exsu014",2215
1,"exsu040","exsu015",59
1,"exsu040","exsu016",1173
1,"exsu040","exsu017",2248
1,"exsu040","exsu018",1686
1,"exsu040","exsu019",1642
1,"exsu040","exsu020",691
1,"exsu040","exsu021",2222
1,"exsu040","exsu022",1485
1,"exsu040","exsu023",2005
1,"exsu040","exsu024",513
1,"exsu040","exsu025",1294
1,"exsu040","exsu026",767
1,"exsu040","exsu027",136
1,"exsu040","exsu028",1191
1,"exsu040","exsu029",1446
1,"exsu040","exsu030",1448
1,"exsu040","exsu031",895
1,"exsu040","exsu032",1994
1,"exsu040","exsu033",1130
1,"exsu040","exsu034",1224
1,"exsu040","exsu035",632
1,"exsu040","exsu036",654
1,"exsu040","exsu037",1150
1,"exsu040","exsu038",2046
1,"exsu040","exsu039",486
1,"exsu040","exsu040",0
1,"exsu040","exsu041",1194
1,"exsu040","exsu042",1678
1,"exsu040","exsu043",586
1,"exsu040","exsu044",1251
1,"exsu040","exsu045",561
1,"exsu040","exsu046",1445
1,"exsu040","exsu047",839
1,"exsu040","exsu048",1660
1,"exsu040","exsu049",895
1,"exsu040","exsu050",1940
1,"exsu040","exsu051",754
1,"exsu040","exsu052",1218
1,"exsu040","exsu053",828
1,"exsu040","exsu054",1794
1,"exsu040","exsu055",1123
1,"exsu040","exsu056",707
1,"exsu040","exsu057",1392
1,"exsu040","exsu058",753
1,"exsu040","exsu059",1573
1,"exsu040","exsu060",1383
1,"exsu040","exsu061",1042
1,"exsu040","exsu062",1498
1,"exsu040","exsu063",159
1,"exsu040","exsu064",1644
1,"exsu040","exsu065",537
1,"exsu040","exsu066",2078
1,"exsu040","exsu067",1971
1,"exsu040","exsu068",1613
1,"exsu040","exsu069",269
1,"exsu040","exsu070",1457
1,"exsu041","exsu001",1195
1,"exsu041","exsu002",491
1,"exsu041","exsu003",1170
1,"exsu041","exsu004",1226
1,"exsu041","exsu005",1412
1,"exsu041","exsu006",770
1,"exsu041","exsu007",1009
1,"exsu041","exsu008",570
1,"exsu041","exsu009",289
1,"exsu041","exsu010",596
1,"exsu041","exsu011",1195
1,"exsu041","exsu012",458
1,"exsu041","exsu013",836
1,"exsu041","exsu014",1093
1,"exsu041","exsu015",1181
1,"exsu041","exsu016",367
1,"exsu041","exsu017",1181
1,"exsu041","exsu018",578
1,"exsu041","exsu019",529
1,"exsu041","exsu020",534
1,"exsu041","exsu021",1174
1,"exsu041","exsu022",1391
1,"exsu041","exsu023",1208
1,"exsu041","exsu024",1100
1,"exsu041","exsu025",458
1,"exsu041","exsu026",509
1,"exsu041","exsu027",1059
1,"exsu041","exsu028",145
1,"exsu041","exsu029",501
1,"exsu041","exsu030",805
1,"exsu041","exsu031",446
1,"exsu041","exsu032",1085
1,"exsu041","exsu033",265
1,"exsu041","exsu034",650
1,"exsu041","exsu035",1418
1,"exsu041","exsu036",793
1,"exsu041","exsu037",1408
1,"exsu041","exsu038",920
1,"exsu041","exsu039",1035
1,"exsu041","exsu040",1194
1,"exsu041","exsu041",0
1,"exsu041","exsu042",999
1,"exsu041","exsu043",1281
1,"exsu041","exsu044",230
1,"exsu041","exsu045",816
1,"exsu041","exsu046",1287
1,"exsu041","exsu047",386
1,"exsu041","exsu048",1225
1,"exsu041","exsu049",629
1,"exsu041","exsu050",841
1,"exsu041","exsu051",664
1,"exsu041","exsu052",548
1,"exsu041","exsu053",846
1,"exsu041","exsu054",1260
1,"exsu041","exsu055",418
1,"exsu041","exsu056",1119
1,"exsu041","exsu057",1021
1,"exsu041","exsu058",835
1,"exsu041","exsu059",674
1,"exsu041","exsu060",871
1,"exsu041","exsu061",654
1,"exsu041","exsu062",673
1,"exsu041","exsu063",1291
1,"exsu041","exsu064",468
1,"exsu041","exsu065",658
1,"exsu041","exsu066",928
1,"exsu041","exsu067",1339
1,"exsu041","exsu068",505
1,"exsu041","exsu069",1092
1,"exsu041","exsu070",819
1,"exsu042","exsu001",623
1,"exsu042","exsu002",1312
1,"exsu042","exsu003",1585
1,"exsu042","exsu004",848
1,"exsu042","exsu005",512
1,"exsu042","exsu006",1278
1,"exsu042","exsu007",980
1,"exsu042","exsu008",1346
1,"exsu042","exsu009",1280
1,"exsu042","exsu010",1594
1,"exsu042","exsu011",1627
1,"exsu042","exsu012",547
1,"exsu042","exsu013",363
1,"exsu042","exsu014",918
1,"exsu042","exsu015",1701
1,"exsu042","exsu016",672
1,"exsu042","exsu017",815
1,"exsu042","exsu018",690
1,"exsu042","exsu019",1338
1,"exsu042","exsu020",1311
1,"exsu042","exsu021",761
1,"exsu042","exsu022",722
1,"exsu042","exsu023",335
1,"exsu042","exsu024",1266
1,"exsu042","exsu025",548
1,"exsu042","exsu026",1357
1,"exsu042","exsu027",1572
1,"exsu042","exsu028",860
1,"exsu042","exsu029",1456
1,"exsu042","exsu030",1797
1,"exsu042","exsu031",1367
1,"exsu042","exsu032",415
1,"exsu042","exsu033",1261
1,"exsu042","exsu034",470
1,"exsu042","exsu035",1480
1,"exsu042","exsu036",1628
1,"exsu042","exsu037",1045
1,"exsu042","exsu038",830
1,"exsu042","exsu039",1247
1,"exsu042","exsu040",1678
1,"exsu042","exsu041",999
1,"exsu042","exsu042",0
1,"exsu042","exsu043",1365
1,"exsu042","exsu044",1220
1,"exsu042","exsu045",1603
1,"exsu042","exsu046",625
1,"exsu042","exsu047",1009
1,"exsu042","exsu048",334
1,"exsu042","exsu049",791
1,"exsu042","exsu050",716
1,"exsu042","exsu051",931
1,"exsu042","exsu052",521
1,"exsu042","exsu053",871
1,"exsu042","exsu054",283
1,"exsu042","exsu055",667
1,"exsu042","exsu056",1128
1,"exsu042","exsu057",386
1,"exsu042","exsu058",938
1,"exsu042","exsu059",1615
1,"exsu042","exsu060",304
1,"exsu042","exsu061",1630
1,"exsu042","exsu062",331
1,"exsu042","exsu063",1683
1,"exsu042","exsu064",881
1,"exsu042","exsu065",1275
1,"exsu042","exsu066",918
1,"exsu042","exsu067",344
1,"exsu042","exsu068",697
1,"exsu042","exsu069",1441
1,"exsu042","exsu070",1812
1,"exsu043","exsu001",1948
1,"exsu043","exsu002",1012
1,"exsu043","exsu003",464
1,"exsu043","exsu004",2123
1,"exsu043","exsu005",1303
1,"exsu043","exsu006",608
1,"exsu043","exsu007",2084
1,"exsu043","exsu008",947
1,"exsu043","exsu009",1324
1,"exsu043","exsu010",1544
1,"exsu043","exsu011",500
1,"exsu043","exsu012",1275
1,"exsu043","exsu013",1563
1,"exsu043","exsu014",2099
1,"exsu043","exsu015",642
1,"exsu043","exsu016",1086
1,"exsu043","exsu017",2080
1,"exsu043","exsu018",1609
1,"exsu043","exsu019",1802
1,"exsu043","exsu020",952
1,"exsu043","exsu021",2040
1,"exsu043","exsu022",975
1,"exsu043","exsu023",1698
1,"exsu043","exsu024",184
1,"exsu043","exsu025",1163
1,"exsu043","exsu026",1053
1,"exsu043","exsu027",592
1,"exsu043","exsu028",1210
1,"exsu043","exsu029",1684
1,"exsu043","exsu030",1803
1,"exsu043","exsu031",1175
1,"exsu043","exsu032",1747
1,"exsu043","exsu033",1339
1,"exsu043","exsu034",995
1,"exsu043","exsu035",139
1,"exsu043","exsu036",1090
1,"exsu043","exsu037",585
1,"exsu043","exsu038",1945
1,"exsu043","exsu039",254
1,"exsu043","exsu040",586
1,"exsu043","exsu041",1281
1,"exsu043","exsu042",1365
1,"exsu043","exsu043",0
1,"exsu043","exsu044",1428
1,"exsu043","exsu045",1000
1,"exsu043","exsu046",962
1,"exsu043","exsu047",899
1,"exsu043","exsu048",1245
1,"exsu043","exsu049",723
1,"exsu043","exsu050",1825
1,"exsu043","exsu051",630
1,"exsu043","exsu052",1039
1,"exsu043","exsu053",530
1,"exsu043","exsu054",1399
1,"exsu043","exsu055",1016
1,"exsu043","exsu056",237
1,"exsu043","exsu057",1006
1,"exsu043","exsu058",492
1,"exsu043","exsu059",1842
1,"exsu043","exsu060",1063
1,"exsu043","exsu061",1414
1,"exsu043","exsu062",1295
1,"exsu043","exsu063",476
1,"exsu043","exsu064",1641
1,"exsu043","exsu065",749
1,"exsu043","exsu066",2000
1,"exsu043","exsu067",1593
1,"exsu043","exsu068",1548
1,"exsu043","exsu069",355
1,"exsu043","exsu070",1814
1,"exsu044","exsu001",1354
1,"exsu044","exsu002",500
1,"exsu044","exsu003",1248
1,"exsu044","exsu004",1351
1,"exsu044","exsu005",1641
1,"exsu044","exsu006",865
1,"exsu044","exsu007",1084
1,"exsu044","exsu008",589
1,"exsu044","exsu009",160
1,"exsu044","exsu010",390
1,"exsu044","exsu011",1267
1,"exsu044","exsu012",673
1,"exsu044","exsu013",1026
1,"exsu044","exsu014",1190
1,"exsu044","exsu015",1227
1,"exsu044","exsu016",597
1,"exsu044","exsu017",1307
1,"exsu044","exsu018",720
1,"exsu044","exsu019",392
1,"exsu044","exsu020",559
1,"exsu044","exsu021",1309
1,"exsu044","exsu022",1617
1,"exsu044","exsu023",1408
1,"exsu044","exsu024",1245
1,"exsu044","exsu025",685
1,"exsu044","exsu026",495
1,"exsu044","exsu027",1117
1,"exsu044","exsu028",374
1,"exsu044","exsu029",279
1,"exsu044","exsu030",578
1,"exsu044","exsu031",385
1,"exsu044","exsu032",1268
1,"exsu044","exsu033",129
1,"exsu044","exsu034",879
1,"exsu044","exsu035",1562
1,"exsu044","exsu036",739
1,"exsu044","exsu037",1612
1,"exsu044","exsu038",1024
1,"exsu044","exsu039",1175
1,"exsu044","exsu040",1251
1,"exsu044","exsu041",230
1,"exsu044","exsu042",1220
1,"exsu044","exsu043",1428
1,"exsu044","exsu044",0
1,"exsu044","exsu045",787
1,"exsu044","exsu046",1514
1,"exsu044","exsu047",535
1,"exsu044","exsu048",1453
1,"exsu044","exsu049",830
1,"exsu044","exsu050",967
1,"exsu044","exsu051",840
1,"exsu044","exsu052",778
1,"exsu044","exsu053",1039
1,"exsu044","exsu054",1485
1,"exsu044","exsu055",645
1,"exsu044","exsu056",1290
1,"exsu044","exsu057",1250
1,"exsu044","exsu058",1017
1,"exsu044","exsu059",453
1,"exsu044","exsu060",1101
1,"exsu044","exsu061",495
1,"exsu044","exsu062",890
1,"exsu044","exsu063",1368
1,"exsu044","exsu064",555
1,"exsu044","exsu065",733
1,"exsu044","exsu066",1012
1,"exsu044","exsu067",1556
1,"exsu044","exsu068",654
1,"exsu044","exsu069",1195
1,"exsu044","exsu070",593
1,"exsu045","exsu001",1965
1,"exsu045","exsu002",329
1,"exsu045","exsu003",619
1,"exsu045","exsu004",2030
1,"exsu045","exsu005",1847
1,"exsu045","exsu006",442
1,"exsu045","exsu007",1824
1,"exsu045","exsu008",265
1,"exsu045","exsu009",628
1,"exsu045","exsu010",665
1,"exsu045","exsu011",615
1,"exsu045","exsu012",1166
1,"exsu045","exsu013",1572
1,"exsu045","exsu014",1907
1,"exsu045","exsu015",516
1,"exsu045","exsu016",962
1,"exsu045","exsu017",1984
1,"exsu045","exsu018",1384
1,"exsu045","exsu019",1159
1,"exsu045","exsu020",303
1,"exsu045","exsu021",1971
1,"exsu045","exsu022",1660
1,"exsu045","exsu023",1891
1,"exsu045","exsu024",845
1,"exsu045","exsu025",1099
1,"exsu045","exsu026",308
1,"exsu045","exsu027",458
1,"exsu045","exsu028",875
1,"exsu045","exsu029",927
1,"exsu045","exsu030",888
1,"exsu045","exsu031",403
1,"exsu045","exsu032",1821
1,"exsu045","exsu033",658
1,"exsu045","exsu034",1138
1,"exsu045","exsu035",1098
1,"exsu045","exsu036",94
1,"exsu045","exsu037",1445
1,"exsu045","exsu038",1734
1,"exsu045","exsu039",780
1,"exsu045","exsu040",561
1,"exsu045","exsu041",816
1,"exsu045","exsu042",1603
1,"exsu045","exsu043",1000
1,"exsu045","exsu044",787
1,"exsu045","exsu045",0
1,"exsu045","exsu046",1587
1,"exsu045","exsu047",598
1,"exsu045","exsu048",1697
1,"exsu045","exsu049",857
1,"exsu045","exsu050",1649
1,"exsu045","exsu051",743
1,"exsu045","exsu052",1084
1,"exsu045","exsu053",932
1,"exsu045","exsu054",1796
1,"exsu045","exsu055",945
1,"exsu045","exsu056",997
1,"exsu045","exsu057",1430
1,"exsu045","exsu058",863
1,"exsu045","exsu059",1034
1,"exsu045","exsu060",1354
1,"exsu045","exsu061",483
1,"exsu045","exsu062",1337
1,"exsu045","exsu063",714
1,"exsu045","exsu064",1283
1,"exsu045","exsu065",357
1,"exsu045","exsu066",1744
1,"exsu045","exsu067",1937
1,"exsu045","exsu068",1309
1,"exsu045","exsu069",656
1,"exsu045","exsu070",896
1,"exsu046","exsu001",1239
1,"exsu046","exsu002",1386
1,"exsu046","exsu003",1328
1,"exsu046","exsu004",1472
1,"exsu046","exsu005",343
1,"exsu046","exsu006",1164
1,"exsu046","exsu007",1590
1,"exsu046","exsu008",1381
1,"exsu046","exsu009",1509
1,"exsu046","exsu010",1823
1,"exsu046","exsu011",1372
1,"exsu046","exsu012",949
1,"exsu046","exsu013",968
1,"exsu046","exsu014",1539
1,"exsu046","exsu015",1486
1,"exsu046","exsu016",923
1,"exsu046","exsu017",1440
1,"exsu046","exsu018",1222
1,"exsu046","exsu019",1755
1,"exsu046","exsu020",1357
1,"exsu046","exsu021",1385
1,"exsu046","exsu022",109
1,"exsu046","exsu023",897
1,"exsu046","exsu024",943
1,"exsu046","exsu025",874
1,"exsu046","exsu026",1438
1,"exsu046","exsu027",1379
1,"exsu046","exsu028",1147
1,"exsu046","exsu029",1788
1,"exsu046","exsu030",2067
1,"exsu046","exsu031",1502
1,"exsu046","exsu032",1034
1,"exsu046","exsu033",1502
1,"exsu046","exsu034",644
1,"exsu046","exsu035",1039
1,"exsu046","exsu036",1645
1,"exsu046","exsu037",471
1,"exsu046","exsu038",1437
1,"exsu046","exsu039",959
1,"exsu046","exsu040",1445
1,"exsu046","exsu041",1287
1,"exsu046","exsu042",625
1,"exsu046","exsu043",962
1,"exsu046","exsu044",1514
1,"exsu046","exsu045",1587
1,"exsu046","exsu046",0
1,"exsu046","exsu047",1092
1,"exsu046","exsu048",345
1,"exsu046","exsu049",757
1,"exsu046","exsu050",1317
1,"exsu046","exsu051",847
1,"exsu046","exsu052",749
1,"exsu046","exsu053",660
1,"exsu046","exsu054",504
1,"exsu046","exsu055",869
1,"exsu046","exsu056",755
1,"exsu046","exsu057",295
1,"exsu046","exsu058",734
1,"exsu046","exsu059",1961
1,"exsu046","exsu060",465
1,"exsu046","exsu061",1790
1,"exsu046","exsu062",801
1,"exsu046","exsu063",1392
1,"exsu046","exsu064",1371
1,"exsu046","exsu065",1231
1,"exsu046","exsu066",1521
1,"exsu046","exsu067",701
1,"exsu046","exsu068",1200
1,"exsu046","exsu069",1177
1,"exsu046","exsu070",2081
1,"exsu047","exsu001",1385
1,"exsu047","exsu002",310
1,"exsu047","exsu003",799
1,"exsu047","exsu004",1476
1,"exsu047","exsu005",1301
1,"exsu047","exsu006",398
1,"exsu047","exsu007",1324
1,"exsu047","exsu008",338
1,"exsu047","exsu009",459
1,"exsu047","exsu010",748
1,"exsu047","exsu011",828
1,"exsu047","exsu012",583
1,"exsu047","exsu013",984
1,"exsu047","exsu014",1382
1,"exsu047","exsu015",835
1,"exsu047","exsu016",369
1,"exsu047","exsu017",1429
1,"exsu047","exsu018",850
1,"exsu047","exsu019",903
1,"exsu047","exsu020",303
1,"exsu047","exsu021",1409
1,"exsu047","exsu022",1183
1,"exsu047","exsu023",1293
1,"exsu047","exsu024",717
1,"exsu047","exsu025",505
1,"exsu047","exsu026",359
1,"exsu047","exsu027",706
1,"exsu047","exsu028",353
1,"exsu047","exsu029",804
1,"exsu047","exsu030",1004
1,"exsu047","exsu031",410
1,"exsu047","exsu032",1230
1,"exsu047","exsu033",465
1,"exsu047","exsu034",551
1,"exsu047","exsu035",1035
1,"exsu047","exsu036",619
1,"exsu047","exsu037",1102
1,"exsu047","exsu038",1210
1,"exsu047","exsu039",651
1,"exsu047","exsu040",839
1,"exsu047","exsu041",386
1,"exsu047","exsu042",1009
1,"exsu047","exsu043",899
1,"exsu047","exsu044",535
1,"exsu047","exsu045",598
1,"exsu047","exsu046",1092
1,"exsu047","exsu047",0
1,"exsu047","exsu048",1134
1,"exsu047","exsu049",340
1,"exsu047","exsu050",1109
1,"exsu047","exsu051",310
1,"exsu047","exsu052",488
1,"exsu047","exsu053",521
1,"exsu047","exsu054",1217
1,"exsu047","exsu055",347
1,"exsu047","exsu056",755
1,"exsu047","exsu057",881
1,"exsu047","exsu058",488
1,"exsu047","exsu059",972
1,"exsu047","exsu060",778
1,"exsu047","exsu061",698
1,"exsu047","exsu062",740
1,"exsu047","exsu063",920
1,"exsu047","exsu064",808
1,"exsu047","exsu065",315
1,"exsu047","exsu066",1239
1,"exsu047","exsu067",1347
1,"exsu047","exsu068",777
1,"exsu047","exsu069",710
1,"exsu047","exsu070",1018
1,"exsu048","exsu001",911
1,"exsu048","exsu002",1444
1,"exsu048","exsu003",1552
1,"exsu048","exsu004",1153
1,"exsu048","exsu005",192
1,"exsu048","exsu006",1313
1,"exsu048","exsu007",1312
1,"exsu048","exsu008",1459
1,"exsu048","exsu009",1485
1,"exsu048","exsu010",1805
1,"exsu048","exsu011",1596
1,"exsu048","exsu012",807
1,"exsu048","exsu013",697
1,"exsu048","exsu014",1243
1,"exsu048","exsu015",1692
1,"exsu048","exsu016",864
1,"exsu048","exsu017",1125
1,"exsu048","exsu018",1010
1,"exsu048","exsu019",1625
1,"exsu048","exsu020",1429
1,"exsu048","exsu021",1067
1,"exsu048","exsu022",420
1,"exsu048","exsu023",557
1,"exsu048","exsu024",1189
1,"exsu048","exsu025",769
1,"exsu048","exsu026",1493
1,"exsu048","exsu027",1573
1,"exsu048","exsu028",1080
1,"exsu048","exsu029",1710
1,"exsu048","exsu030",2029
1,"exsu048","exsu031",1529
1,"exsu048","exsu032",713
1,"exsu048","exsu033",1471
1,"exsu048","exsu034",594
1,"exsu048","exsu035",1340
1,"exsu048","exsu036",1738
1,"exsu048","exsu037",811
1,"exsu048","exsu038",1162
1,"exsu048","exsu039",1188
1,"exsu048","exsu040",1660
1,"exsu048","exsu041",1225
1,"exsu048","exsu042",334
1,"exsu048","exsu043",1245
1,"exsu048","exsu044",1453
1,"exsu048","exsu045",1697
1,"exsu048","exsu046",345
1,"exsu048","exsu047",1134
1,"exsu048","exsu048",0
1,"exsu048","exsu049",840
1,"exsu048","exsu050",1050
1,"exsu048","exsu051",965
1,"exsu048","exsu052",685
1,"exsu048","exsu053",833
1,"exsu048","exsu054",161
1,"exsu048","exsu055",832
1,"exsu048","exsu056",1018
1,"exsu048","exsu057",272
1,"exsu048","exsu058",909
1,"exsu048","exsu059",1876
1,"exsu048","exsu060",361
1,"exsu048","exsu061",1809
1,"exsu048","exsu062",610
1,"exsu048","exsu063",1632
1,"exsu048","exsu064",1189
1,"exsu048","exsu065",1346
1,"exsu048","exsu066",1251
1,"exsu048","exsu067",360
1,"exsu048","exsu068",1007
1,"exsu048","exsu069",1401
1,"exsu048","exsu070",2043
1,"exsu049","exsu001",1288
1,"exsu049","exsu002",630
1,"exsu049","exsu003",811
1,"exsu049","exsu004",1432
1,"exsu049","exsu005",991
1,"exsu049","exsu006",488
1,"exsu049","exsu007",1365
1,"exsu049","exsu008",630
1,"exsu049","exsu009",786
1,"exsu049","exsu010",1086
1,"exsu049","exsu011",851
1,"exsu049","exsu012",555
1,"exsu049","exsu013",885
1,"exsu049","exsu014",1387
1,"exsu049","exsu015",913
1,"exsu049","exsu016",365
1,"exsu049","exsu017",1387
1,"exsu049","exsu018",887
1,"exsu049","exsu019",1155
1,"exsu049","exsu020",603
1,"exsu049","exsu021",1354
1,"exsu049","exsu022",845
1,"exsu049","exsu023",1112
1,"exsu049","exsu024",566
1,"exsu049","exsu025",444
1,"exsu049","exsu026",682
1,"exsu049","exsu027",783
1,"exsu049","exsu028",523
1,"exsu049","exsu029",1108
1,"exsu049","exsu030",1340
1,"exsu049","exsu031",748
1,"exsu049","exsu032",1102
1,"exsu049","exsu033",786
1,"exsu049","exsu034",330
1,"exsu049","exsu035",860
1,"exsu049","exsu036",903
1,"exsu049","exsu037",782
1,"exsu049","exsu038",1228
1,"exsu049","exsu039",521
1,"exsu049","exsu040",895
1,"exsu049","exsu041",629
1,"exsu049","exsu042",791
1,"exsu049","exsu043",723
1,"exsu049","exsu044",830
1,"exsu049","exsu045",857
1,"exsu049","exsu046",757
1,"exsu049","exsu047",340
1,"exsu049","exsu048",840
1,"exsu049","exsu049",0
1,"exsu049","exsu050",1111
1,"exsu049","exsu051",141
1,"exsu049","exsu052",335
1,"exsu049","exsu053",221
1,"exsu049","exsu054",947
1,"exsu049","exsu055",294
1,"exsu049","exsu056",519
1,"exsu049","exsu057",573
1,"exsu049","exsu058",232
1,"exsu049","exsu059",1281
1,"exsu049","exsu060",510
1,"exsu049","exsu061",1037
1,"exsu049","exsu062",613
1,"exsu049","exsu063",919
1,"exsu049","exsu064",925
1,"exsu049","exsu065",506
1,"exsu049","exsu066",1280
1,"exsu049","exsu067",1104
1,"exsu049","exsu068",825
1,"exsu049","exsu069",677
1,"exsu049","exsu070",1354
1,"exsu050","exsu001",423
1,"exsu050","exsu002",1320
1,"exsu050","exsu003",1883
1,"exsu050","exsu004",386
1,"exsu050","exsu005",1222
1,"exsu050","exsu006",1496
1,"exsu050","exsu007",276
1,"exsu050","exsu008",1391
1,"exsu050","exsu009",1102
1,"exsu050","exsu010",1345
1,"exsu050","exsu011",1918
1,"exsu050","exsu012",558
1,"exsu050","exsu013",354
1,"exsu050","exsu014",278
1,"exsu050","exsu015",1941
1,"exsu050","exsu016",772
1,"exsu050","exsu017",341
1,"exsu050","exsu018",265
1,"exsu050","exsu019",863
1,"exsu050","exsu020",1353
1,"exsu050","exsu021",343
1,"exsu050","exsu022",1421
1,"exsu050","exsu023",653
1,"exsu050","exsu024",1676
1,"exsu050","exsu025",667
1,"exsu050","exsu026",1345
1,"exsu050","exsu027",1810
1,"exsu050","exsu028",777
1,"exsu050","exsu029",1088
1,"exsu050","exsu030",1461
1,"exsu050","exsu031",1287
1,"exsu050","exsu032",442
1,"exsu050","exsu033",1071
1,"exsu050","exsu034",841
1,"exsu050","exsu035",1959
1,"exsu050","exsu036",1632
1,"exsu050","exsu037",1673
1,"exsu050","exsu038",124
1,"exsu050","exsu039",1631
1,"exsu050","exsu040",1940
1,"exsu050","exsu041",841
1,"exsu050","exsu042",716
1,"exsu050","exsu043",1825
1,"exsu050","exsu044",967
1,"exsu050","exsu045",1649
1,"exsu050","exsu046",1317
1,"exsu050","exsu047",1109
1,"exsu050","exsu048",1050
1,"exsu050","exsu049",1111
1,"exsu050","exsu050",0
1,"exsu050","exsu051",1231
1,"exsu050","exsu052",786
1,"exsu050","exsu053",1296
1,"exsu050","exsu054",971
1,"exsu050","exsu055",830
1,"exsu050","exsu056",1602
1,"exsu050","exsu057",1036
1,"exsu050","exsu058",1334
1,"exsu050","exsu059",1200
1,"exsu050","exsu060",880
1,"exsu050","exsu061",1461
1,"exsu050","exsu062",554
1,"exsu050","exsu063",2000
1,"exsu050","exsu064",417
1,"exsu050","exsu065",1424
1,"exsu050","exsu066",204
1,"exsu050","exsu067",913
1,"exsu050","exsu068",340
1,"exsu050","exsu069",1767
1,"exsu050","exsu070",1473
1,"exsu051","exsu001",1425
1,"exsu051","exsu002",554
1,"exsu051","exsu003",672
1,"exsu051","exsu004",1563
1,"exsu051","exsu005",1106
1,"exsu051","exsu006",351
1,"exsu051","exsu007",1478
1,"exsu051","exsu008",537
1,"exsu051","exsu009",769
1,"exsu051","exsu010",1049
1,"exsu051","exsu011",712
1,"exsu051","exsu012",674
1,"exsu051","exsu013",1020
1,"exsu051","exsu014",1509
1,"exsu051","exsu015",771
1,"exsu051","exsu016",466
1,"exsu051","exsu017",1518
1,"exsu051","exsu018",997
1,"exsu051","exsu019",1192
1,"exsu051","exsu020",516
1,"exsu051","exsu021",1486
1,"exsu051","exsu022",926
1,"exsu051","exsu023",1253
1,"exsu051","exsu024",459
1,"exsu051","exsu025",565
1,"exsu051","exsu026",606
1,"exsu051","exsu027",642
1,"exsu051","exsu028",582
1,"exsu051","exsu029",1112
1,"exsu051","exsu030",1308
1,"exsu051","exsu031",692
1,"exsu051","exsu032",1242
1,"exsu051","exsu033",775
1,"exsu051","exsu034",471
1,"exsu051","exsu035",769
1,"exsu051","exsu036",798
1,"exsu051","exsu037",795
1,"exsu051","exsu038",1346
1,"exsu051","exsu039",405
1,"exsu051","exsu040",754
1,"exsu051","exsu041",664
1,"exsu051","exsu042",931
1,"exsu051","exsu043",630
1,"exsu051","exsu044",840
1,"exsu051","exsu045",743
1,"exsu051","exsu046",847
1,"exsu051","exsu047",310
1,"exsu051","exsu048",965
1,"exsu051","exsu049",141
1,"exsu051","exsu050",1231
1,"exsu051","exsu051",0
1,"exsu051","exsu052",469
1,"exsu051","exsu053",217
1,"exsu051","exsu054",1080
1,"exsu051","exsu055",402
1,"exsu051","exsu056",455
1,"exsu051","exsu057",695
1,"exsu051","exsu058",178
1,"exsu051","exsu059",1281
1,"exsu051","exsu060",646
1,"exsu051","exsu061",976
1,"exsu051","exsu062",749
1,"exsu051","exsu063",782
1,"exsu051","exsu064",1013
1,"exsu051","exsu065",387
1,"exsu051","exsu066",1393
1,"exsu051","exsu067",1241
1,"exsu051","exsu068",931
1,"exsu051","exsu069",542
1,"exsu051","exsu070",1321
1,"exsu052","exsu001",956
1,"exsu052","exsu002",792
1,"exsu052","exsu003",1141
1,"exsu052","exsu004",1098
1,"exsu052","exsu005",868
1,"exsu052","exsu006",789
1,"exsu052","exsu007",1048
1,"exsu052","exsu008",826
1,"exsu052","exsu009",801
1,"exsu052","exsu010",1120
1,"exsu052","exsu011",1180
1,"exsu052","exsu012",249
1,"exsu052","exsu013",551
1,"exsu052","exsu014",1060
1,"exsu052","exsu015",1231
1,"exsu052","exsu016",181
1,"exsu052","exsu017",1053
1,"exsu052","exsu018",583
1,"exsu052","exsu019",1009
1,"exsu052","exsu020",791
1,"exsu052","exsu021",1019
1,"exsu052","exsu022",856
1,"exsu052","exsu023",812
1,"exsu052","exsu024",894
1,"exsu052","exsu025",143
1,"exsu052","exsu026",838
1,"exsu052","exsu027",1099
1,"exsu052","exsu028",404
1,"exsu052","exsu029",1045
1,"exsu052","exsu030",1348
1,"exsu052","exsu031",856
1,"exsu052","exsu032",777
1,"exsu052","exsu033",787
1,"exsu052","exsu034",105
1,"exsu052","exsu035",1173
1,"exsu052","exsu036",1107
1,"exsu052","exsu037",957
1,"exsu052","exsu038",906
1,"exsu052","exsu039",853
1,"exsu052","exsu040",1218
1,"exsu052","exsu041",548
1,"exsu052","exsu042",521
1,"exsu052","exsu043",1039
1,"exsu052","exsu044",778
1,"exsu052","exsu045",1084
1,"exsu052","exsu046",749
1,"exsu052","exsu047",488
1,"exsu052","exsu048",685
1,"exsu052","exsu049",335
1,"exsu052","exsu050",786
1,"exsu052","exsu051",469
1,"exsu052","exsu052",0
1,"exsu052","exsu053",510
1,"exsu052","exsu054",743
1,"exsu052","exsu055",151
1,"exsu052","exsu056",817
1,"exsu052","exsu057",473
1,"exsu052","exsu058",550
1,"exsu052","exsu059",1216
1,"exsu052","exsu060",326
1,"exsu052","exsu061",1129
1,"exsu052","exsu062",281
1,"exsu052","exsu063",1251
1,"exsu052","exsu064",669
1,"exsu052","exsu065",766
1,"exsu052","exsu066",965
1,"exsu052","exsu067",860
1,"exsu052","exsu068",532
1,"exsu052","exsu069",1010
1,"exsu052","exsu070",1362
1,"exsu053","exsu001",1427
1,"exsu053","exsu002",769
1,"exsu053","exsu003",724
1,"exsu053","exsu004",1594
1,"exsu053","exsu005",950
1,"exsu053","exsu006",504
1,"exsu053","exsu007",1558
1,"exsu053","exsu008",746
1,"exsu053","exsu009",980
1,"exsu053","exsu010",1264
1,"exsu053","exsu011",768
1,"exsu053","exsu012",752
1,"exsu053","exsu013",1036
1,"exsu053","exsu014",1569
1,"exsu053","exsu015",859
1,"exsu053","exsu016",579
1,"exsu053","exsu017",1551
1,"exsu053","exsu018",1087
1,"exsu053","exsu019",1374
1,"exsu053","exsu020",728
1,"exsu053","exsu021",1512
1,"exsu053","exsu022",728
1,"exsu053","exsu023",1204
1,"exsu053","exsu024",400
1,"exsu053","exsu025",639
1,"exsu053","exsu026",820
1,"exsu053","exsu027",741
1,"exsu053","exsu028",744
1,"exsu053","exsu029",1315
1,"exsu053","exsu030",1523
1,"exsu053","exsu031",909
1,"exsu053","exsu032",1230
1,"exsu053","exsu033",983
1,"exsu053","exsu034",466
1,"exsu053","exsu035",663
1,"exsu053","exsu036",995
1,"exsu053","exsu037",581
1,"exsu053","exsu038",1417
1,"exsu053","exsu039",376
1,"exsu053","exsu040",828
1,"exsu053","exsu041",846
1,"exsu053","exsu042",871
1,"exsu053","exsu043",530
1,"exsu053","exsu044",1039
1,"exsu053","exsu045",932
1,"exsu053","exsu046",660
1,"exsu053","exsu047",521
1,"exsu053","exsu048",833
1,"exsu053","exsu049",221
1,"exsu053","exsu050",1296
1,"exsu053","exsu051",217
1,"exsu053","exsu052",510
1,"exsu053","exsu053",0
1,"exsu053","exsu054",966
1,"exsu053","exsu055",507
1,"exsu053","exsu056",308
1,"exsu053","exsu057",564
1,"exsu053","exsu058",77
1,"exsu053","exsu059",1486
1,"exsu053","exsu060",567
1,"exsu053","exsu061",1192
1,"exsu053","exsu062",766
1,"exsu053","exsu063",815
1,"exsu053","exsu064",1140
1,"exsu053","exsu065",578
1,"exsu053","exsu066",1474
1,"exsu053","exsu067",1145
1,"exsu053","exsu068",1030
1,"exsu053","exsu069",575
1,"exsu053","exsu070",1537
1,"exsu054","exsu001",781
1,"exsu054","exsu002",1526
1,"exsu054","exsu003",1690
1,"exsu054","exsu004",1029
1,"exsu054","exsu005",261
1,"exsu054","exsu006",1430
1,"exsu054","exsu007",1221
1,"exsu054","exsu008",1550
1,"exsu054","exsu009",1534
1,"exsu054","exsu010",1852
1,"exsu054","exsu011",1733
1,"exsu054","exsu012",818
1,"exsu054","exsu013",627
1,"exsu054","exsu014",1139
1,"exsu054","exsu015",1824
1,"exsu054","exsu016",913
1,"exsu054","exsu017",1005
1,"exsu054","exsu018",970
1,"exsu054","exsu019",1619
1,"exsu054","exsu020",1517
1,"exsu054","exsu021",946
1,"exsu054","exsu022",571
1,"exsu054","exsu023",416
1,"exsu054","exsu024",1335
1,"exsu054","exsu025",803
1,"exsu054","exsu026",1574
1,"exsu054","exsu027",1702
1,"exsu054","exsu028",1118
1,"exsu054","exsu029",1729
1,"exsu054","exsu030",2063
1,"exsu054","exsu031",1599
1,"exsu054","exsu032",593
1,"exsu054","exsu033",1517
1,"exsu054","exsu034",666
1,"exsu054","exsu035",1496
1,"exsu054","exsu036",1831
1,"exsu054","exsu037",972
1,"exsu054","exsu038",1076
1,"exsu054","exsu039",1330
1,"exsu054","exsu040",1794
1,"exsu054","exsu041",1260
1,"exsu054","exsu042",283
1,"exsu054","exsu043",1399
1,"exsu054","exsu044",1485
1,"exsu054","exsu045",1796
1,"exsu054","exsu046",504
1,"exsu054","exsu047",1217
1,"exsu054","exsu048",161
1,"exsu054","exsu049",947
1,"exsu054","exsu050",971
1,"exsu054","exsu051",1080
1,"exsu054","exsu052",743
1,"exsu054","exsu053",966
1,"exsu054","exsu054",0
1,"exsu054","exsu055",894
1,"exsu054","exsu056",1169
1,"exsu054","exsu057",404
1,"exsu054","exsu058",1041
1,"exsu054","exsu059",1891
1,"exsu054","exsu060",442
1,"exsu054","exsu061",1872
1,"exsu054","exsu062",606
1,"exsu054","exsu063",1774
1,"exsu054","exsu064",1164
1,"exsu054","exsu065",1451
1,"exsu054","exsu066",1167
1,"exsu054","exsu067",200
1,"exsu054","exsu068",979
1,"exsu054","exsu069",1540
1,"exsu054","exsu070",2078
1,"exsu055","exsu001",1055
1,"exsu055","exsu002",645
1,"exsu055","exsu003",1058
1,"exsu055","exsu004",1172
1,"exsu055","exsu005",1013
1,"exsu055","exsu006",684
1,"exsu055","exsu007",1076
1,"exsu055","exsu008",684
1,"exsu055","exsu009",656
1,"exsu055","exsu010",975
1,"exsu055","exsu011",1094
1,"exsu055","exsu012",273
1,"exsu055","exsu013",650
1,"exsu055","exsu014",1108
1,"exsu055","exsu015",1131
1,"exsu055","exsu016",73
1,"exsu055","exsu017",1126
1,"exsu055","exsu018",596
1,"exsu055","exsu019",911
1,"exsu055","exsu020",647
1,"exsu055","exsu021",1098
1,"exsu055","exsu022",973
1,"exsu055","exsu023",946
1,"exsu055","exsu024",855
1,"exsu055","exsu025",171
1,"exsu055","exsu026",690
1,"exsu055","exsu027",999
1,"exsu055","exsu028",281
1,"exsu055","exsu029",919
1,"exsu055","exsu030",1207
1,"exsu055","exsu031",705
1,"exsu055","exsu032",889
1,"exsu055","exsu033",644
1,"exsu055","exsu034",240
1,"exsu055","exsu035",1154
1,"exsu055","exsu036",963
1,"exsu055","exsu037",1021
1,"exsu055","exsu038",944
1,"exsu055","exsu039",805
1,"exsu055","exsu040",1123
1,"exsu055","exsu041",418
1,"exsu055","exsu042",667
1,"exsu055","exsu043",1016
1,"exsu055","exsu044",645
1,"exsu055","exsu045",945
1,"exsu055","exsu046",869
1,"exsu055","exsu047",347
1,"exsu055","exsu048",832
1,"exsu055","exsu049",294
1,"exsu055","exsu050",830
1,"exsu055","exsu051",402
1,"exsu055","exsu052",151
1,"exsu055","exsu053",507
1,"exsu055","exsu054",894
1,"exsu055","exsu055",0
1,"exsu055","exsu056",811
1,"exsu055","exsu057",608
1,"exsu055","exsu058",526
1,"exsu055","exsu059",1092
1,"exsu055","exsu060",471
1,"exsu055","exsu061",979
1,"exsu055","exsu062",395
1,"exsu055","exsu063",1173
1,"exsu055","exsu064",633
1,"exsu055","exsu065",642
1,"exsu055","exsu066",991
1,"exsu055","exsu067",1009
1,"exsu055","exsu068",532
1,"exsu055","exsu069",938
1,"exsu055","exsu070",1222
1,"exsu056","exsu001",1713
1,"exsu056","exsu002",932
1,"exsu056","exsu003",585
1,"exsu056","exsu004",1891
1,"exsu056","exsu005",1090
1,"exsu056","exsu006",562
1,"exsu056","exsu007",1866
1,"exsu056","exsu008",883
1,"exsu056","exsu009",1206
1,"exsu056","exsu010",1459
1,"exsu056","exsu011",628
1,"exsu056","exsu012",1060
1,"exsu056","exsu013",1331
1,"exsu056","exsu014",1874
1,"exsu056","exsu015",754
1,"exsu056","exsu016",883
1,"exsu056","exsu017",1849
1,"exsu056","exsu018",1395
1,"exsu056","exsu019",1647
1,"exsu056","exsu020",878
1,"exsu056","exsu021",1808
1,"exsu056","exsu022",784
1,"exsu056","exsu023",1462
1,"exsu056","exsu024",193
1,"exsu056","exsu025",947
1,"exsu056","exsu026",979
1,"exsu056","exsu027",667
1,"exsu056","exsu028",1031
1,"exsu056","exsu029",1558
1,"exsu056","exsu030",1720
1,"exsu056","exsu031",1089
1,"exsu056","exsu032",1511
1,"exsu056","exsu033",1215
1,"exsu056","exsu034",766
1,"exsu056","exsu035",360
1,"exsu056","exsu036",1078
1,"exsu056","exsu037",458
1,"exsu056","exsu038",1723
1,"exsu056","exsu039",232
1,"exsu056","exsu040",707
1,"exsu056","exsu041",1119
1,"exsu056","exsu042",1128
1,"exsu056","exsu043",237
1,"exsu056","exsu044",1290
1,"exsu056","exsu045",997
1,"exsu056","exsu046",755
1,"exsu056","exsu047",755
1,"exsu056","exsu048",1018
1,"exsu056","exsu049",519
1,"exsu056","exsu050",1602
1,"exsu056","exsu051",455
1,"exsu056","exsu052",817
1,"exsu056","exsu053",308
1,"exsu056","exsu054",1169
1,"exsu056","exsu055",811
1,"exsu056","exsu056",0
1,"exsu056","exsu057",773
1,"exsu056","exsu058",289
1,"exsu056","exsu059",1724
1,"exsu056","exsu060",826
1,"exsu056","exsu061",1353
1,"exsu056","exsu062",1065
1,"exsu056","exsu063",638
1,"exsu056","exsu064",1444
1,"exsu056","exsu065",686
1,"exsu056","exsu066",1782
1,"exsu056","exsu067",1362
1,"exsu056","exsu068",1337
1,"exsu056","exsu069",440
1,"exsu056","exsu070",1733
1,"exsu057","exsu001",1008
1,"exsu057","exsu002",1188
1,"exsu057","exsu003",1286
1,"exsu057","exsu004",1225
1,"exsu057","exsu005",420
1,"exsu057","exsu006",1041
1,"exsu057","exsu007",1310
1,"exsu057","exsu008",1198
1,"exsu057","exsu009",1262
1,"exsu057","exsu010",1581
1,"exsu057","exsu011",1330
1,"exsu057","exsu012",657
1,"exsu057","exsu013",694
1,"exsu057","exsu014",1271
1,"exsu057","exsu015",1423
1,"exsu057","exsu016",653
1,"exsu057","exsu017",1189
1,"exsu057","exsu018",928
1,"exsu057","exsu019",1470
1,"exsu057","exsu020",1169
1,"exsu057","exsu021",1138
1,"exsu057","exsu022",404
1,"exsu057","exsu023",706
1,"exsu057","exsu024",932
1,"exsu057","exsu025",589
1,"exsu057","exsu026",1239
1,"exsu057","exsu027",1303
1,"exsu057","exsu028",878
1,"exsu057","exsu029",1518
1,"exsu057","exsu030",1816
1,"exsu057","exsu031",1284
1,"exsu057","exsu032",800
1,"exsu057","exsu033",1252
1,"exsu057","exsu034",371
1,"exsu057","exsu035",1112
1,"exsu057","exsu036",1475
1,"exsu057","exsu037",661
1,"exsu057","exsu038",1157
1,"exsu057","exsu039",927
1,"exsu057","exsu040",1392
1,"exsu057","exsu041",1021
1,"exsu057","exsu042",386
1,"exsu057","exsu043",1006
1,"exsu057","exsu044",1250
1,"exsu057","exsu045",1430
1,"exsu057","exsu046",295
1,"exsu057","exsu047",881
1,"exsu057","exsu048",272
1,"exsu057","exsu049",573
1,"exsu057","exsu050",1036
1,"exsu057","exsu051",695
1,"exsu057","exsu052",473
1,"exsu057","exsu053",564
1,"exsu057","exsu054",404
1,"exsu057","exsu055",608
1,"exsu057","exsu056",773
1,"exsu057","exsu057",0
1,"exsu057","exsu058",639
1,"exsu057","exsu059",1690
1,"exsu057","exsu060",171
1,"exsu057","exsu061",1569
1,"exsu057","exsu062",507
1,"exsu057","exsu063",1371
1,"exsu057","exsu064",1076
1,"exsu057","exsu065",1077
1,"exsu057","exsu066",1238
1,"exsu057","exsu067",591
1,"exsu057","exsu068",905
1,"exsu057","exsu069",1136
1,"exsu057","exsu070",1830
1,"exsu058","exsu001",1483
1,"exsu058","exsu002",716
1,"exsu058","exsu003",651
1,"exsu058","exsu004",1643
1,"exsu058","exsu005",1026
1,"exsu058","exsu006",431
1,"exsu058","exsu007",1592
1,"exsu058","exsu008",687
1,"exsu058","exsu009",947
1,"exsu058","exsu010",1222
1,"exsu058","exsu011",695
1,"exsu058","exsu012",783
1,"exsu058","exsu013",1087
1,"exsu058","exsu014",1610
1,"exsu058","exsu015",784
1,"exsu058","exsu016",596
1,"exsu058","exsu017",1599
1,"exsu058","exsu018",1116
1,"exsu058","exsu019",1364
1,"exsu058","exsu020",671
1,"exsu058","exsu021",1562
1,"exsu058","exsu022",800
1,"exsu058","exsu023",1270
1,"exsu058","exsu024",346
1,"exsu058","exsu025",671
1,"exsu058","exsu026",767
1,"exsu058","exsu027",665
1,"exsu058","exsu028",743
1,"exsu058","exsu029",1290
1,"exsu058","exsu030",1483
1,"exsu058","exsu031",861
1,"exsu058","exsu032",1289
1,"exsu058","exsu033",953
1,"exsu058","exsu034",517
1,"exsu058","exsu035",629
1,"exsu058","exsu036",928
1,"exsu058","exsu037",623
1,"exsu058","exsu038",1453
1,"exsu058","exsu039",313
1,"exsu058","exsu040",753
1,"exsu058","exsu041",835
1,"exsu058","exsu042",938
1,"exsu058","exsu043",492
1,"exsu058","exsu044",1017
1,"exsu058","exsu045",863
1,"exsu058","exsu046",734
1,"exsu058","exsu047",488
1,"exsu058","exsu048",909
1,"exsu058","exsu049",232
1,"exsu058","exsu050",1334
1,"exsu058","exsu051",178
1,"exsu058","exsu052",550
1,"exsu058","exsu053",77
1,"exsu058","exsu054",1041
1,"exsu058","exsu055",526
1,"exsu058","exsu056",289
1,"exsu058","exsu057",639
1,"exsu058","exsu058",0
1,"exsu058","exsu059",1459
1,"exsu058","exsu060",636
1,"exsu058","exsu061",1141
1,"exsu058","exsu062",816
1,"exsu058","exsu063",745
1,"exsu058","exsu064",1156
1,"exsu058","exsu065",512
1,"exsu058","exsu066",1508
1,"exsu058","exsu067",1218
1,"exsu058","exsu068",1056
1,"exsu058","exsu069",504
1,"exsu058","exsu070",1496
1,"exsu059","exsu001",1620
1,"exsu059","exsu002",845
1,"exsu059","exsu003",1597
1,"exsu059","exsu004",1550
1,"exsu059","exsu005",2067
1,"exsu059","exsu006",1249
1,"exsu059","exsu007",1218
1,"exsu059","exsu008",925
1,"exsu059","exsu009",519
1,"exsu059","exsu010",378
1,"exsu059","exsu011",1607
1,"exsu059","exsu012",1074
1,"exsu059","exsu013",1362
1,"exsu059","exsu014",1353
1,"exsu059","exsu015",1537
1,"exsu059","exsu016",1038
1,"exsu059","exsu017",1513
1,"exsu059","exsu018",1007
1,"exsu059","exsu019",342
1,"exsu059","exsu020",909
1,"exsu059","exsu021",1532
1,"exsu059","exsu022",2065
1,"exsu059","exsu023",1752
1,"exsu059","exsu024",1658
1,"exsu059","exsu025",1109
1,"exsu059","exsu026",816
1,"exsu059","exsu027",1448
1,"exsu059","exsu028",813
1,"exsu059","exsu029",174
1,"exsu059","exsu030",297
1,"exsu059","exsu031",686
1,"exsu059","exsu032",1581
1,"exsu059","exsu033",508
1,"exsu059","exsu034",1320
1,"exsu059","exsu035",1970
1,"exsu059","exsu036",955
1,"exsu059","exsu037",2063
1,"exsu059","exsu038",1213
1,"exsu059","exsu039",1587
1,"exsu059","exsu040",1573
1,"exsu059","exsu041",674
1,"exsu059","exsu042",1615
1,"exsu059","exsu043",1842
1,"exsu059","exsu044",453
1,"exsu059","exsu045",1034
1,"exsu059","exsu046",1961
1,"exsu059","exsu047",972
1,"exsu059","exsu048",1876
1,"exsu059","exsu049",1281
1,"exsu059","exsu050",1200
1,"exsu059","exsu051",1281
1,"exsu059","exsu052",1216
1,"exsu059","exsu053",1486
1,"exsu059","exsu054",1891
1,"exsu059","exsu055",1092
1,"exsu059","exsu056",1724
1,"exsu059","exsu057",1690
1,"exsu059","exsu058",1459
1,"exsu059","exsu059",0
1,"exsu059","exsu060",1534
1,"exsu059","exsu061",573
1,"exsu059","exsu062",1285
1,"exsu059","exsu063",1710
1,"exsu059","exsu064",801
1,"exsu059","exsu065",1108
1,"exsu059","exsu066",1168
1,"exsu059","exsu067",1937
1,"exsu059","exsu068",962
1,"exsu059","exsu069",1572
1,"exsu059","exsu070",306
1,"exsu060","exsu001",897
1,"exsu060","exsu002",1088
1,"exsu060","exsu003",1286
1,"exsu060","exsu004",1098
1,"exsu060","exsu005",543
1,"exsu060","exsu006",997
1,"exsu060","exsu007",1155
1,"exsu060","exsu008",1109
1,"exsu060","exsu009",1126
1,"exsu060","exsu010",1446
1,"exsu060","exsu011",1329
1,"exsu060","exsu012",488
1,"exsu060","exsu013",549
1,"exsu060","exsu014",1125
1,"exsu060","exsu015",1407
1,"exsu060","exsu016",506
1,"exsu060","exsu017",1059
1,"exsu060","exsu018",759
1,"exsu060","exsu019",1304
1,"exsu060","exsu020",1077
1,"exsu060","exsu021",1012
1,"exsu060","exsu022",575
1,"exsu060","exsu023",639
1,"exsu060","exsu024",962
1,"exsu060","exsu025",426
1,"exsu060","exsu026",1137
1,"exsu060","exsu027",1281
1,"exsu060","exsu028",727
1,"exsu060","exsu029",1364
1,"exsu060","exsu030",1673
1,"exsu060","exsu031",1169
1,"exsu060","exsu032",691
1,"exsu060","exsu033",1113
1,"exsu060","exsu034",233
1,"exsu060","exsu035",1181
1,"exsu060","exsu036",1390
1,"exsu060","exsu037",797
1,"exsu060","exsu038",1003
1,"exsu060","exsu039",944
1,"exsu060","exsu040",1383
1,"exsu060","exsu041",871
1,"exsu060","exsu042",304
1,"exsu060","exsu043",1063
1,"exsu060","exsu044",1101
1,"exsu060","exsu045",1354
1,"exsu060","exsu046",465
1,"exsu060","exsu047",778
1,"exsu060","exsu048",361
1,"exsu060","exsu049",510
1,"exsu060","exsu050",880
1,"exsu060","exsu051",646
1,"exsu060","exsu052",326
1,"exsu060","exsu053",567
1,"exsu060","exsu054",442
1,"exsu060","exsu055",471
1,"exsu060","exsu056",826
1,"exsu060","exsu057",171
1,"exsu060","exsu058",636
1,"exsu060","exsu059",1534
1,"exsu060","exsu060",0
1,"exsu060","exsu061",1448
1,"exsu060","exsu062",339
1,"exsu060","exsu063",1381
1,"exsu060","exsu064",906
1,"exsu060","exsu065",1011
1,"exsu060","exsu066",1081
1,"exsu060","exsu067",595
1,"exsu060","exsu068",735
1,"exsu060","exsu069",1140
1,"exsu060","exsu070",1688
1,"exsu061","exsu001",1840
1,"exsu061","exsu002",426
1,"exsu061","exsu003",1088
1,"exsu061","exsu004",1845
1,"exsu061","exsu005",1985
1,"exsu061","exsu006",807
1,"exsu061","exsu007",1574
1,"exsu061","exsu008",472
1,"exsu061","exsu009",367
1,"exsu061","exsu010",195
1,"exsu061","exsu011",1090
1,"exsu061","exsu012",1105
1,"exsu061","exsu013",1490
1,"exsu061","exsu014",1684
1,"exsu061","exsu015",999
1,"exsu061","exsu016",960
1,"exsu061","exsu017",1801
1,"exsu061","exsu018",1209
1,"exsu061","exsu019",775
1,"exsu061","exsu020",476
1,"exsu061","exsu021",1803
1,"exsu061","exsu022",1881
1,"exsu061","exsu023",1859
1,"exsu061","exsu024",1240
1,"exsu061","exsu025",1082
1,"exsu061","exsu026",376
1,"exsu061","exsu027",930
1,"exsu061","exsu028",778
1,"exsu061","exsu029",505
1,"exsu061","exsu030",406
1,"exsu061","exsu031",288
1,"exsu061","exsu032",1739
1,"exsu061","exsu033",395
1,"exsu061","exsu034",1216
1,"exsu061","exsu035",1528
1,"exsu061","exsu036",395
1,"exsu061","exsu037",1763
1,"exsu061","exsu038",1518
1,"exsu061","exsu039",1169
1,"exsu061","exsu040",1042
1,"exsu061","exsu041",654
1,"exsu061","exsu042",1630
1,"exsu061","exsu043",1414
1,"exsu061","exsu044",495
1,"exsu061","exsu045",483
1,"exsu061","exsu046",1790
1,"exsu061","exsu047",698
1,"exsu061","exsu048",1809
1,"exsu061","exsu049",1037
1,"exsu061","exsu050",1461
1,"exsu061","exsu051",976
1,"exsu061","exsu052",1129
1,"exsu061","exsu053",1192
1,"exsu061","exsu054",1872
1,"exsu061","exsu055",979
1,"exsu061","exsu056",1353
1,"exsu061","exsu057",1569
1,"exsu061","exsu058",1141
1,"exsu061","exsu059",573
1,"exsu061","exsu060",1448
1,"exsu061","exsu061",0
1,"exsu061","exsu062",1314
1,"exsu061","exsu063",1191
1,"exsu061","exsu064",1050
1,"exsu061","exsu065",671
1,"exsu061","exsu066",1504
1,"exsu061","exsu067",1973
1,"exsu061","exsu068",1141
1,"exsu061","exsu069",1097
1,"exsu061","exsu070",415
1,"exsu062","exsu001",676
1,"exsu062","exsu002",1027
1,"exsu062","exsu003",1422
1,"exsu062","exsu004",828
1,"exsu062","exsu005",802
1,"exsu062","exsu006",1068
1,"exsu062","exsu007",828
1,"exsu062","exsu008",1073
1,"exsu062","exsu009",957
1,"exsu062","exsu010",1268
1,"exsu062","exsu011",1461
1,"exsu062","exsu012",217
1,"exsu062","exsu013",272
1,"exsu062","exsu014",815
1,"exsu062","exsu015",1511
1,"exsu062","exsu016",376
1,"exsu062","exsu017",785
1,"exsu062","exsu018",421
1,"exsu062","exsu019",1018
1,"exsu062","exsu020",1036
1,"exsu062","exsu021",747
1,"exsu062","exsu022",909
1,"exsu062","exsu023",557
1,"exsu062","exsu024",1161
1,"exsu062","exsu025",240
1,"exsu062","exsu026",1068
1,"exsu062","exsu027",1379
1,"exsu062","exsu028",537
1,"exsu062","exsu029",1125
1,"exsu062","exsu030",1467
1,"exsu062","exsu031",1062
1,"exsu062","exsu032",497
1,"exsu062","exsu033",937
1,"exsu062","exsu034",301
1,"exsu062","exsu035",1425
1,"exsu062","exsu036",1349
1,"exsu062","exsu037",1121
1,"exsu062","exsu038",678
1,"exsu062","exsu039",1125
1,"exsu062","exsu040",1498
1,"exsu062","exsu041",673
1,"exsu062","exsu042",331
1,"exsu062","exsu043",1295
1,"exsu062","exsu044",890
1,"exsu062","exsu045",1337
1,"exsu062","exsu046",801
1,"exsu062","exsu047",740
1,"exsu062","exsu048",610
1,"exsu062","exsu049",613
1,"exsu062","exsu050",554
1,"exsu062","exsu051",749
1,"exsu062","exsu052",281
1,"exsu062","exsu053",766
1,"exsu062","exsu054",606
1,"exsu062","exsu055",395
1,"exsu062","exsu056",1065
1,"exsu062","exsu057",507
1,"exsu062","exsu058",816
1,"exsu062","exsu059",1285
1,"exsu062","exsu060",339
1,"exsu062","exsu061",1314
1,"exsu062","exsu062",0
1,"exsu062","exsu063",1531
1,"exsu062","exsu064",582
1,"exsu062","exsu065",1036
1,"exsu062","exsu066",750
1,"exsu062","exsu067",667
1,"exsu062","exsu068",404
1,"exsu062","exsu069",1290
1,"exsu062","exsu070",1481
1,"exsu063","exsu001",2206
1,"exsu063","exsu002",876
1,"exsu063","exsu003",122
1,"exsu063","exsu004",2343
1,"exsu063","exsu005",1721
1,"exsu063","exsu006",523
1,"exsu063","exsu007",2233
1,"exsu063","exsu008",790
1,"exsu063","exsu009",1228
1,"exsu063","exsu010",1359
1,"exsu063","exsu011",103
1,"exsu063","exsu012",1446
1,"exsu063","exsu013",1802
1,"exsu063","exsu014",2277
1,"exsu063","exsu015",215
1,"exsu063","exsu016",1228
1,"exsu063","exsu017",2297
1,"exsu063","exsu018",1753
1,"exsu063","exsu019",1760
1,"exsu063","exsu020",813
1,"exsu063","exsu021",2267
1,"exsu063","exsu022",1421
1,"exsu063","exsu023",2014
1,"exsu063","exsu024",449
1,"exsu063","exsu025",1342
1,"exsu063","exsu026",897
1,"exsu063","exsu027",262
1,"exsu063","exsu028",1273
1,"exsu063","exsu029",1577
1,"exsu063","exsu030",1597
1,"exsu063","exsu031",1026
1,"exsu063","exsu032",2020
1,"exsu063","exsu033",1252
1,"exsu063","exsu034",1244
1,"exsu063","exsu035",497
1,"exsu063","exsu036",807
1,"exsu063","exsu037",1057
1,"exsu063","exsu038",2110
1,"exsu063","exsu039",444
1,"exsu063","exsu040",159
1,"exsu063","exsu041",1291
1,"exsu063","exsu042",1683
1,"exsu063","exsu043",476
1,"exsu063","exsu044",1368
1,"exsu063","exsu045",714
1,"exsu063","exsu046",1392
1,"exsu063","exsu047",920
1,"exsu063","exsu048",1632
1,"exsu063","exsu049",919
1,"exsu063","exsu050",2000
1,"exsu063","exsu051",782
1,"exsu063","exsu052",1251
1,"exsu063","exsu053",815
1,"exsu063","exsu054",1774
1,"exsu063","exsu055",1173
1,"exsu063","exsu056",638
1,"exsu063","exsu057",1371
1,"exsu063","exsu058",745
1,"exsu063","exsu059",1710
1,"exsu063","exsu060",1381
1,"exsu063","exsu061",1191
1,"exsu063","exsu062",1531
1,"exsu063","exsu063",0
1,"exsu063","exsu064",1728
1,"exsu063","exsu065",639
1,"exsu063","exsu066",2148
1,"exsu063","exsu067",1958
1,"exsu063","exsu068",1682
1,"exsu063","exsu069",243
1,"exsu063","exsu070",1606
1,"exsu064","exsu001",826
1,"exsu064","exsu002",958
1,"exsu064","exsu003",1607
1,"exsu064","exsu004",797
1,"exsu064","exsu005",1380
1,"exsu064","exsu006",1207
1,"exsu064","exsu007",542
1,"exsu064","exsu008",1038
1,"exsu064","exsu009",699
1,"exsu064","exsu010",928
1,"exsu064","exsu011",1636
1,"exsu064","exsu012",429
1,"exsu064","exsu013",576
1,"exsu064","exsu014",637
1,"exsu064","exsu015",1635
1,"exsu064","exsu016",561
1,"exsu064","exsu017",754
1,"exsu064","exsu018",209
1,"exsu064","exsu019",479
1,"exsu064","exsu020",1001
1,"exsu064","exsu021",760
1,"exsu064","exsu022",1480
1,"exsu064","exsu023",961
1,"exsu064","exsu024",1472
1,"exsu064","exsu025",526
1,"exsu064","exsu026",975
1,"exsu064","exsu027",1509
1,"exsu064","exsu028",455
1,"exsu064","exsu029",676
1,"exsu064","exsu030",1048
1,"exsu064","exsu031",899
1,"exsu064","exsu032",782
1,"exsu064","exsu033",667
1,"exsu064","exsu034",762
1,"exsu064","exsu035",1780
1,"exsu064","exsu036",1254
1,"exsu064","exsu037",1626
1,"exsu064","exsu038",469
1,"exsu064","exsu039",1415
1,"exsu064","exsu040",1644
1,"exsu064","exsu041",468
1,"exsu064","exsu042",881
1,"exsu064","exsu043",1641
1,"exsu064","exsu044",555
1,"exsu064","exsu045",1283
1,"exsu064","exsu046",1371
1,"exsu064","exsu047",808
1,"exsu064","exsu048",1189
1,"exsu064","exsu049",925
1,"exsu064","exsu050",417
1,"exsu064","exsu051",1013
1,"exsu064","exsu052",669
1,"exsu064","exsu053",1140
1,"exsu064","exsu054",1164
1,"exsu064","exsu055",633
1,"exsu064","exsu056",1444
1,"exsu064","exsu057",1076
1,"exsu064","exsu058",1156
1,"exsu064","exsu059",801
1,"exsu064","exsu060",906
1,"exsu064","exsu061",1050
1,"exsu064","exsu062",582
1,"exsu064","exsu063",1728
1,"exsu064","exsu064",0
1,"exsu064","exsu065",1109
1,"exsu064","exsu066",464
1,"exsu064","exsu067",1172
1,"exsu064","exsu068",184
1,"exsu064","exsu069",1512
1,"exsu064","exsu070",1062
1,"exsu065","exsu001",1694
1,"exsu065","exsu002",265
1,"exsu065","exsu003",518
1,"exsu065","exsu004",1790
1,"exsu065","exsu005",1492
1,"exsu065","exsu006",142
1,"exsu065","exsu007",1634
1,"exsu065","exsu008",200
1,"exsu065","exsu009",602
1,"exsu065","exsu010",795
1,"exsu065","exsu011",540
1,"exsu065","exsu012",894
1,"exsu065","exsu013",1290
1,"exsu065","exsu014",1695
1,"exsu065","exsu015",526
1,"exsu065","exsu016",676
1,"exsu065","exsu017",1744
1,"exsu065","exsu018",1164
1,"exsu065","exsu019",1125
1,"exsu065","exsu020",203
1,"exsu065","exsu021",1723
1,"exsu065","exsu022",1305
1,"exsu065","exsu023",1578
1,"exsu065","exsu024",571
1,"exsu065","exsu025",808
1,"exsu065","exsu026",304
1,"exsu065","exsu027",401
1,"exsu065","exsu028",659
1,"exsu065","exsu029",960
1,"exsu065","exsu030",1054
1,"exsu065","exsu031",428
1,"exsu065","exsu032",1531
1,"exsu065","exsu033",623
1,"exsu065","exsu034",805
1,"exsu065","exsu035",870
1,"exsu065","exsu036",417
1,"exsu065","exsu037",1114
1,"exsu065","exsu038",1524
1,"exsu065","exsu039",500
1,"exsu065","exsu040",537
1,"exsu065","exsu041",658
1,"exsu065","exsu042",1275
1,"exsu065","exsu043",749
1,"exsu065","exsu044",733
1,"exsu065","exsu045",357
1,"exsu065","exsu046",1231
1,"exsu065","exsu047",315
1,"exsu065","exsu048",1346
1,"exsu065","exsu049",506
1,"exsu065","exsu050",1424
1,"exsu065","exsu051",387
1,"exsu065","exsu052",766
1,"exsu065","exsu053",578
1,"exsu065","exsu054",1451
1,"exsu065","exsu055",642
1,"exsu065","exsu056",686
1,"exsu065","exsu057",1077
1,"exsu065","exsu058",512
1,"exsu065","exsu059",1108
1,"exsu065","exsu060",1011
1,"exsu065","exsu061",671
1,"exsu065","exsu062",1036
1,"exsu065","exsu063",639
1,"exsu065","exsu064",1109
1,"exsu065","exsu065",0
1,"exsu065","exsu066",1550
1,"exsu065","exsu067",1601
1,"exsu065","exsu068",1090
1,"exsu065","exsu069",467
1,"exsu065","exsu070",1065
1,"exsu066","exsu001",533
1,"exsu066","exsu002",1418
1,"exsu066","exsu003",2029
1,"exsu066","exsu004",388
1,"exsu066","exsu005",1421
1,"exsu066","exsu006",1634
1,"exsu066","exsu007",85
1,"exsu066","exsu008",1495
1,"exsu066","exsu009",1161
1,"exsu066","exsu010",1367
1,"exsu066","exsu011",2062
1,"exsu066","exsu012",725
1,"exsu066","exsu013",557
1,"exsu066","exsu014",186
1,"exsu066","exsu015",2074
1,"exsu066","exsu016",927
1,"exsu066","exsu017",357
1,"exsu066","exsu018",397
1,"exsu066","exsu019",827
1,"exsu066","exsu020",1458
1,"exsu066","exsu021",390
1,"exsu066","exsu022",1625
1,"exsu066","exsu023",825
1,"exsu066","exsu024",1845
1,"exsu066","exsu025",837
1,"exsu066","exsu026",1437
1,"exsu066","exsu027",1945
1,"exsu066","exsu028",892
1,"exsu066","exsu029",1082
1,"exsu066","exsu030",1448
1,"exsu066","exsu031",1363
1,"exsu066","exsu032",611
1,"exsu066","exsu033",1129
1,"exsu066","exsu034",1029
1,"exsu066","exsu035",2136
1,"exsu066","exsu036",1718
1,"exsu066","exsu037",1871
1,"exsu066","exsu038",93
1,"exsu066","exsu039",1796
1,"exsu066","exsu040",2078
1,"exsu066","exsu041",928
1,"exsu066","exsu042",918
1,"exsu066","exsu043",2000
1,"exsu066","exsu044",1012
1,"exsu066","exsu045",1744
1,"exsu066","exsu046",1521
1,"exsu066","exsu047",1239
1,"exsu066","exsu048",1251
1,"exsu066","exsu049",1280
1,"exsu066","exsu050",204
1,"exsu066","exsu051",1393
1,"exsu066","exsu052",965
1,"exsu066","exsu053",1474
1,"exsu066","exsu054",1167
1,"exsu066","exsu055",991
1,"exsu066","exsu056",1782
1,"exsu066","exsu057",1238
1,"exsu066","exsu058",1508
1,"exsu066","exsu059",1168
1,"exsu066","exsu060",1081
1,"exsu066","exsu061",1504
1,"exsu066","exsu062",750
1,"exsu066","exsu063",2148
1,"exsu066","exsu064",464
1,"exsu066","exsu065",1550
1,"exsu066","exsu066",0
1,"exsu066","exsu067",1096
1,"exsu066","exsu068",466
1,"exsu066","exsu069",1920
1,"exsu066","exsu070",1459
1,"exsu067","exsu001",647
1,"exsu067","exsu002",1652
1,"exsu067","exsu003",1870
1,"exsu067","exsu004",900
1,"exsu067","exsu005",419
1,"exsu067","exsu006",1591
1,"exsu067","exsu007",1138
1,"exsu067","exsu008",1684
1,"exsu067","exsu009",1622
1,"exsu067","exsu010",1935
1,"exsu067","exsu011",1913
1,"exsu067","exsu012",883
1,"exsu067","exsu013",601
1,"exsu067","exsu014",1038
1,"exsu067","exsu015",1998
1,"exsu067","exsu016",1016
1,"exsu067","exsu017",882
1,"exsu067","exsu018",967
1,"exsu067","exsu019",1644
1,"exsu067","exsu020",1649
1,"exsu067","exsu021",822
1,"exsu067","exsu022",762
1,"exsu067","exsu023",280
1,"exsu067","exsu024",1523
1,"exsu067","exsu025",892
1,"exsu067","exsu026",1698
1,"exsu067","exsu027",1874
1,"exsu067","exsu028",1202
1,"exsu067","exsu029",1783
1,"exsu067","exsu030",2132
1,"exsu067","exsu031",1710
1,"exsu067","exsu032",489
1,"exsu067","exsu033",1602
1,"exsu067","exsu034",799
1,"exsu067","exsu035",1693
1,"exsu067","exsu036",1965
1,"exsu067","exsu037",1170
1,"exsu067","exsu038",1003
1,"exsu067","exsu039",1515
1,"exsu067","exsu040",1971
1,"exsu067","exsu041",1339
1,"exsu067","exsu042",344
1,"exsu067","exsu043",1593
1,"exsu067","exsu044",1556
1,"exsu067","exsu045",1937
1,"exsu067","exsu046",701
1,"exsu067","exsu047",1347
1,"exsu067","exsu048",360
1,"exsu067","exsu049",1104
1,"exsu067","exsu050",913
1,"exsu067","exsu051",1241
1,"exsu067","exsu052",860
1,"exsu067","exsu053",1145
1,"exsu067","exsu054",200
1,"exsu067","exsu055",1009
1,"exsu067","exsu056",1362
1,"exsu067","exsu057",591
1,"exsu067","exsu058",1218
1,"exsu067","exsu059",1937
1,"exsu067","exsu060",595
1,"exsu067","exsu061",1973
1,"exsu067","exsu062",667
1,"exsu067","exsu063",1958
1,"exsu067","exsu064",1172
1,"exsu067","exsu065",1601
1,"exsu067","exsu066",1096
1,"exsu067","exsu067",0
1,"exsu067","exsu068",990
1,"exsu067","exsu069",1721
1,"exsu067","exsu070",2146
1,"exsu068","exsu001",700
1,"exsu068","exsu002",980
1,"exsu068","exsu003",1563
1,"exsu068","exsu004",723
1,"exsu068","exsu005",1197
1,"exsu068","exsu006",1169
1,"exsu068","exsu007",551
1,"exsu068","exsu008",1052
1,"exsu068","exsu009",776
1,"exsu068","exsu010",1042
1,"exsu068","exsu011",1596
1,"exsu068","exsu012",283
1,"exsu068","exsu013",401
1,"exsu068","exsu014",606
1,"exsu068","exsu015",1611
1,"exsu068","exsu016",465
1,"exsu068","exsu017",677
1,"exsu068","exsu018",75
1,"exsu068","exsu019",654
1,"exsu068","exsu020",1013
1,"exsu068","exsu021",669
1,"exsu068","exsu022",1309
1,"exsu068","exsu023",790
1,"exsu068","exsu024",1387
1,"exsu068","exsu025",393
1,"exsu068","exsu026",1006
1,"exsu068","exsu027",1482
1,"exsu068","exsu028",438
1,"exsu068","exsu029",823
1,"exsu068","exsu030",1191
1,"exsu068","exsu031",951
1,"exsu068","exsu032",624
1,"exsu068","exsu033",747
1,"exsu068","exsu034",615
1,"exsu068","exsu035",1685
1,"exsu068","exsu036",1293
1,"exsu068","exsu037",1481
1,"exsu068","exsu038",434
1,"exsu068","exsu039",1336
1,"exsu068","exsu040",1613
1,"exsu068","exsu041",505
1,"exsu068","exsu042",697
1,"exsu068","exsu043",1548
1,"exsu068","exsu044",654
1,"exsu068","exsu045",1309
1,"exsu068","exsu046",1200
1,"exsu068","exsu047",777
1,"exsu068","exsu048",1007
1,"exsu068","exsu049",825
1,"exsu068","exsu050",340
1,"exsu068","exsu051",931
1,"exsu068","exsu052",532
1,"exsu068","exsu053",1030
1,"exsu068","exsu054",979
1,"exsu068","exsu055",532
1,"exsu068","exsu056",1337
1,"exsu068","exsu057",905
1,"exsu068","exsu058",1056
1,"exsu068","exsu059",962
1,"exsu068","exsu060",735
1,"exsu068","exsu061",1141
1,"exsu068","exsu062",404
1,"exsu068","exsu063",1682
1,"exsu068","exsu064",184
1,"exsu068","exsu065",1090
1,"exsu068","exsu066",466
1,"exsu068","exsu067",990
1,"exsu068","exsu068",0
1,"exsu068","exsu069",1455
1,"exsu068","exsu070",1205
1,"exsu069","exsu001",1965
1,"exsu069","exsu002",727
1,"exsu069","exsu003",152
1,"exsu069","exsu004",2105
1,"exsu069","exsu005",1499
1,"exsu069","exsu006",330
1,"exsu069","exsu007",2006
1,"exsu069","exsu008",650
1,"exsu069","exsu009",1069
1,"exsu069","exsu010",1245
1,"exsu069","exsu011",196
1,"exsu069","exsu012",1211
1,"exsu069","exsu013",1561
1,"exsu069","exsu014",2045
1,"exsu069","exsu015",314
1,"exsu069","exsu016",996
1,"exsu069","exsu017",2059
1,"exsu069","exsu018",1524
1,"exsu069","exsu019",1585
1,"exsu069","exsu020",664
1,"exsu069","exsu021",2028
1,"exsu069","exsu022",1217
1,"exsu069","exsu023",1772
1,"exsu069","exsu024",247
1,"exsu069","exsu025",1105
1,"exsu069","exsu026",759
1,"exsu069","exsu027",239
1,"exsu069","exsu028",1058
1,"exsu069","exsu029",1427
1,"exsu069","exsu030",1497
1,"exsu069","exsu031",888
1,"exsu069","exsu032",1777
1,"exsu069","exsu033",1089
1,"exsu069","exsu034",1002
1,"exsu069","exsu035",442
1,"exsu069","exsu036",748
1,"exsu069","exsu037",889
1,"exsu069","exsu038",1879
1,"exsu069","exsu039",218
1,"exsu069","exsu040",269
1,"exsu069","exsu041",1092
1,"exsu069","exsu042",1441
1,"exsu069","exsu043",355
1,"exsu069","exsu044",1195
1,"exsu069","exsu045",656
1,"exsu069","exsu046",1177
1,"exsu069","exsu047",710
1,"exsu069","exsu048",1401
1,"exsu069","exsu049",677
1,"exsu069","exsu050",1767
1,"exsu069","exsu051",542
1,"exsu069","exsu052",1010
1,"exsu069","exsu053",575
1,"exsu069","exsu054",1540
1,"exsu069","exsu055",938
1,"exsu069","exsu056",440
1,"exsu069","exsu057",1136
1,"exsu069","exsu058",504
1,"exsu069","exsu059",1572
1,"exsu069","exsu060",1140
1,"exsu069","exsu061",1097
1,"exsu069","exsu062",1290
1,"exsu069","exsu063",243
1,"exsu069","exsu064",1512
1,"exsu069","exsu065",467
1,"exsu069","exsu066",1920
1,"exsu069","exsu067",1721
1,"exsu069","exsu068",1455
1,"exsu069","exsu069",0
1,"exsu069","exsu070",1508
1,"exsu070","exsu001",1887
1,"exsu070","exsu002",804
1,"exsu070","exsu003",1503
1,"exsu070","exsu004",1836
1,"exsu070","exsu005",2230
1,"exsu070","exsu006",1206
1,"exsu070","exsu007",1514
1,"exsu070","exsu008",867
1,"exsu070","exsu009",572
1,"exsu070","exsu010",274
1,"exsu070","exsu011",1505
1,"exsu070","exsu012",1265
1,"exsu070","exsu013",1597
1,"exsu070","exsu014",1645
1,"exsu070","exsu015",1413
1,"exsu070","exsu016",1181
1,"exsu070","exsu017",1797
1,"exsu070","exsu018",1259
1,"exsu070","exsu019",636
1,"exsu070","exsu020",863
1,"exsu070","exsu021",1811
1,"exsu070","exsu022",2180
1,"exsu070","exsu023",1985
1,"exsu070","exsu024",1636
1,"exsu070","exsu025",1277
1,"exsu070","exsu026",762
1,"exsu070","exsu027",1345
1,"exsu070","exsu028",964
1,"exsu070","exsu029",386
1,"exsu070","exsu030",15
1,"exsu070","exsu031",644
1,"exsu070","exsu032",1829
1,"exsu070","exsu033",580
1,"exsu070","exsu034",1461
1,"exsu070","exsu035",1933
1,"exsu070","exsu036",806
1,"exsu070","exsu037",2117
1,"exsu070","exsu038",1498
1,"exsu070","exsu039",1565
1,"exsu070","exsu040",1457
1,"exsu070","exsu041",819
1,"exsu070","exsu042",1812
1,"exsu070","exsu043",1814
1,"exsu070","exsu044",593
1,"exsu070","exsu045",896
1,"exsu070","exsu046",2081
1,"exsu070","exsu047",1018
1,"exsu070","exsu048",2043
1,"exsu070","exsu049",1354
1,"exsu070","exsu050",1473
1,"exsu070","exsu051",1321
1,"exsu070","exsu052",1362
1,"exsu070","exsu053",1537
1,"exsu070","exsu054",2078
1,"exsu070","exsu055",1222
1,"exsu070","exsu056",1733
1,"exsu070","exsu057",1830
1,"exsu070","exsu058",1496
1,"exsu070","exsu059",306
1,"exsu070","exsu060",1688
1,"exsu070","exsu061",415
1,"exsu070","exsu062",1481
1,"exsu070","exsu063",1606
1,"exsu070","exsu064",1062
1,"exsu070","exsu065",1065
1,"exsu070","exsu066",1459
1,"exsu070","exsu067",2146
1,"exsu070","exsu068",1205
1,"exsu070","exsu069",1508
1,"exsu070","exsu070",0
