"waveid","sui","suj","distance"
1,"smsu001","smsu001",0
1,"smsu001","smsu002",954
1,"smsu001","smsu003",1060
1,"smsu001","smsu004",350
1,"smsu001","smsu005",609
1,"smsu001","smsu006",354
1,"smsu001","smsu007",698
1,"smsu001","smsu008",732
1,"smsu001","smsu009",548
1,"smsu001","smsu010",994
1,"smsu001","smsu011",1191
1,"smsu001","smsu012",612
1,"smsu001","smsu013",655
1,"smsu001","smsu014",1255
1,"smsu001","smsu015",915
1,"smsu001","smsu016",723
1,"smsu001","smsu017",1553
1,"smsu001","smsu018",703
1,"smsu001","smsu019",903
1,"smsu001","smsu020",706
1,"smsu001","smsu021",957
1,"smsu001","smsu022",750
1,"smsu001","smsu023",295
1,"smsu001","smsu024",673
1,"smsu001","smsu025",722
1,"smsu001","smsu026",492
1,"smsu001","smsu027",108
1,"smsu001","smsu028",920
1,"smsu001","smsu029",1311
1,"smsu001","smsu030",843
1,"smsu001","smsu031",715
1,"smsu001","smsu032",1096
1,"smsu001","smsu033",1313
1,"smsu001","smsu034",697
1,"smsu001","smsu035",1163
1,"smsu001","smsu036",1086
1,"smsu001","smsu037",485
1,"smsu001","smsu038",856
1,"smsu001","smsu039",1244
1,"smsu001","smsu040",943
1,"smsu001","smsu041",1156
1,"smsu001","smsu042",1202
1,"smsu001","smsu043",750
1,"smsu001","smsu044",408
1,"smsu001","smsu045",1083
1,"smsu001","smsu046",1053
1,"smsu001","smsu047",910
1,"smsu001","smsu048",1344
1,"smsu001","smsu049",1241
1,"smsu001","smsu050",1157
1,"smsu001","smsu051",883
1,"smsu001","smsu052",906
1,"smsu001","smsu053",836
1,"smsu001","smsu054",1270
1,"smsu001","smsu055",633
1,"smsu001","smsu056",873
1,"smsu001","smsu057",1496
1,"smsu001","smsu058",790
1,"smsu001","smsu059",1157
1,"smsu001","smsu060",113
1,"smsu001","smsu061",1085
1,"smsu001","smsu062",487
1,"smsu001","smsu063",867
1,"smsu001","smsu064",633
1,"smsu001","smsu065",1015
1,"smsu001","smsu066",1044
1,"smsu001","smsu067",371
1,"smsu001","smsu068",608
1,"smsu001","smsu069",675
1,"smsu001","smsu070",1277
1,"smsu001","smsu071",659
1,"smsu001","smsu072",848
1,"smsu001","smsu073",821
1,"smsu001","smsu074",1123
1,"smsu001","smsu075",593
1,"smsu001","smsu076",677
1,"smsu001","smsu077",786
1,"smsu001","smsu078",1219
1,"smsu001","smsu079",233
1,"smsu001","smsu080",892
1,"smsu001","smsu081",1322
1,"smsu001","smsu082",492
1,"smsu001","smsu083",766
1,"smsu001","smsu084",342
1,"smsu001","smsu085",364
1,"smsu001","smsu086",569
1,"smsu001","smsu087",1087
1,"smsu001","smsu088",831
1,"smsu001","smsu089",526
1,"smsu001","smsu090",996
1,"smsu001","smsu091",764
1,"smsu001","smsu092",536
1,"smsu001","smsu093",930
1,"smsu001","smsu094",337
1,"smsu001","smsu095",979
1,"smsu001","smsu096",554
1,"smsu001","smsu097",1358
1,"smsu001","smsu098",1076
1,"smsu001","smsu099",1181
1,"smsu001","smsu100",448
1,"smsu002","smsu001",954
1,"smsu002","smsu002",0
1,"smsu002","smsu003",1240
1,"smsu002","smsu004",715
1,"smsu002","smsu005",463
1,"smsu002","smsu006",1119
1,"smsu002","smsu007",1184
1,"smsu002","smsu008",1657
1,"smsu002","smsu009",649
1,"smsu002","smsu010",1418
1,"smsu002","smsu011",1560
1,"smsu002","smsu012",552
1,"smsu002","smsu013",550
1,"smsu002","smsu014",1882
1,"smsu002","smsu015",1601
1,"smsu002","smsu016",1674
1,"smsu002","smsu017",2480
1,"smsu002","smsu018",1082
1,"smsu002","smsu019",1823
1,"smsu002","smsu020",1380
1,"smsu002","smsu021",1732
1,"smsu002","smsu022",1655
1,"smsu002","smsu023",972
1,"smsu002","smsu024",1480
1,"smsu002","smsu025",357
1,"smsu002","smsu026",1249
1,"smsu002","smsu027",880
1,"smsu002","smsu028",670
1,"smsu002","smsu029",2044
1,"smsu002","smsu030",1560
1,"smsu002","smsu031",595
1,"smsu002","smsu032",1788
1,"smsu002","smsu033",2261
1,"smsu002","smsu034",1311
1,"smsu002","smsu035",1276
1,"smsu002","smsu036",1760
1,"smsu002","smsu037",661
1,"smsu002","smsu038",1571
1,"smsu002","smsu039",1816
1,"smsu002","smsu040",1701
1,"smsu002","smsu041",1521
1,"smsu002","smsu042",2108
1,"smsu002","smsu043",1698
1,"smsu002","smsu044",1343
1,"smsu002","smsu045",1752
1,"smsu002","smsu046",1532
1,"smsu002","smsu047",355
1,"smsu002","smsu048",1842
1,"smsu002","smsu049",1834
1,"smsu002","smsu050",1782
1,"smsu002","smsu051",1523
1,"smsu002","smsu052",1809
1,"smsu002","smsu053",1470
1,"smsu002","smsu054",1798
1,"smsu002","smsu055",399
1,"smsu002","smsu056",1600
1,"smsu002","smsu057",2430
1,"smsu002","smsu058",1506
1,"smsu002","smsu059",2064
1,"smsu002","smsu060",970
1,"smsu002","smsu061",2038
1,"smsu002","smsu062",615
1,"smsu002","smsu063",1287
1,"smsu002","smsu064",1469
1,"smsu002","smsu065",1126
1,"smsu002","smsu066",1841
1,"smsu002","smsu067",792
1,"smsu002","smsu068",1468
1,"smsu002","smsu069",394
1,"smsu002","smsu070",2141
1,"smsu002","smsu071",380
1,"smsu002","smsu072",1497
1,"smsu002","smsu073",1375
1,"smsu002","smsu074",2032
1,"smsu002","smsu075",1049
1,"smsu002","smsu076",282
1,"smsu002","smsu077",419
1,"smsu002","smsu078",2123
1,"smsu002","smsu079",1140
1,"smsu002","smsu080",1690
1,"smsu002","smsu081",1455
1,"smsu002","smsu082",876
1,"smsu002","smsu083",1263
1,"smsu002","smsu084",1110
1,"smsu002","smsu085",590
1,"smsu002","smsu086",1089
1,"smsu002","smsu087",1616
1,"smsu002","smsu088",1780
1,"smsu002","smsu089",512
1,"smsu002","smsu090",1290
1,"smsu002","smsu091",1718
1,"smsu002","smsu092",1254
1,"smsu002","smsu093",1365
1,"smsu002","smsu094",1272
1,"smsu002","smsu095",1855
1,"smsu002","smsu096",401
1,"smsu002","smsu097",1782
1,"smsu002","smsu098",1397
1,"smsu002","smsu099",1832
1,"smsu002","smsu100",1261
1,"smsu003","smsu001",1060
1,"smsu003","smsu002",1240
1,"smsu003","smsu003",0
1,"smsu003","smsu004",809
1,"smsu003","smsu005",1303
1,"smsu003","smsu006",1413
1,"smsu003","smsu007",1745
1,"smsu003","smsu008",1209
1,"smsu003","smsu009",1395
1,"smsu003","smsu010",321
1,"smsu003","smsu011",354
1,"smsu003","smsu012",1383
1,"smsu003","smsu013",720
1,"smsu003","smsu014",821
1,"smsu003","smsu015",720
1,"smsu003","smsu016",1484
1,"smsu003","smsu017",1830
1,"smsu003","smsu018",1725
1,"smsu003","smsu019",1752
1,"smsu003","smsu020",637
1,"smsu003","smsu021",923
1,"smsu003","smsu022",1144
1,"smsu003","smsu023",1342
1,"smsu003","smsu024",1691
1,"smsu003","smsu025",1329
1,"smsu003","smsu026",1544
1,"smsu003","smsu027",970
1,"smsu003","smsu028",593
1,"smsu003","smsu029",1073
1,"smsu003","smsu030",1884
1,"smsu003","smsu031",654
1,"smsu003","smsu032",2132
1,"smsu003","smsu033",1767
1,"smsu003","smsu034",554
1,"smsu003","smsu035",113
1,"smsu003","smsu036",2127
1,"smsu003","smsu037",1344
1,"smsu003","smsu038",750
1,"smsu003","smsu039",713
1,"smsu003","smsu040",1963
1,"smsu003","smsu041",322
1,"smsu003","smsu042",1452
1,"smsu003","smsu043",1344
1,"smsu003","smsu044",1090
1,"smsu003","smsu045",2126
1,"smsu003","smsu046",432
1,"smsu003","smsu047",904
1,"smsu003","smsu048",671
1,"smsu003","smsu049",747
1,"smsu003","smsu050",746
1,"smsu003","smsu051",625
1,"smsu003","smsu052",1792
1,"smsu003","smsu053",1893
1,"smsu003","smsu054",659
1,"smsu003","smsu055",1264
1,"smsu003","smsu056",1910
1,"smsu003","smsu057",1821
1,"smsu003","smsu058",1834
1,"smsu003","smsu059",1422
1,"smsu003","smsu060",953
1,"smsu003","smsu061",1745
1,"smsu003","smsu062",1307
1,"smsu003","smsu063",304
1,"smsu003","smsu064",1638
1,"smsu003","smsu065",120
1,"smsu003","smsu066",2033
1,"smsu003","smsu067",730
1,"smsu003","smsu068",1597
1,"smsu003","smsu069",1312
1,"smsu003","smsu070",1371
1,"smsu003","smsu071",909
1,"smsu003","smsu072",629
1,"smsu003","smsu073",1880
1,"smsu003","smsu074",1406
1,"smsu003","smsu075",474
1,"smsu003","smsu076",1145
1,"smsu003","smsu077",1438
1,"smsu003","smsu078",1459
1,"smsu003","smsu079",978
1,"smsu003","smsu080",939
1,"smsu003","smsu081",265
1,"smsu003","smsu082",1477
1,"smsu003","smsu083",408
1,"smsu003","smsu084",1401
1,"smsu003","smsu085",1035
1,"smsu003","smsu086",1613
1,"smsu003","smsu087",534
1,"smsu003","smsu088",1581
1,"smsu003","smsu089",853
1,"smsu003","smsu090",141
1,"smsu003","smsu091",1431
1,"smsu003","smsu092",1592
1,"smsu003","smsu093",322
1,"smsu003","smsu094",1063
1,"smsu003","smsu095",1897
1,"smsu003","smsu096",1056
1,"smsu003","smsu097",573
1,"smsu003","smsu098",205
1,"smsu003","smsu099",811
1,"smsu003","smsu100",831
1,"smsu004","smsu001",350
1,"smsu004","smsu002",715
1,"smsu004","smsu003",809
1,"smsu004","smsu004",0
1,"smsu004","smsu005",541
1,"smsu004","smsu006",676
1,"smsu004","smsu007",957
1,"smsu004","smsu008",956
1,"smsu004","smsu009",594
1,"smsu004","smsu010",842
1,"smsu004","smsu011",1025
1,"smsu004","smsu012",600
1,"smsu004","smsu013",307
1,"smsu004","smsu014",1229
1,"smsu004","smsu015",917
1,"smsu004","smsu016",1038
1,"smsu004","smsu017",1773
1,"smsu004","smsu018",923
1,"smsu004","smsu019",1243
1,"smsu004","smsu020",690
1,"smsu004","smsu021",1027
1,"smsu004","smsu022",946
1,"smsu004","smsu023",569
1,"smsu004","smsu024",1019
1,"smsu004","smsu025",609
1,"smsu004","smsu026",821
1,"smsu004","smsu027",243
1,"smsu004","smsu028",571
1,"smsu004","smsu029",1355
1,"smsu004","smsu030",1176
1,"smsu004","smsu031",365
1,"smsu004","smsu032",1430
1,"smsu004","smsu033",1573
1,"smsu004","smsu034",637
1,"smsu004","smsu035",898
1,"smsu004","smsu036",1416
1,"smsu004","smsu037",539
1,"smsu004","smsu038",878
1,"smsu004","smsu039",1185
1,"smsu004","smsu040",1286
1,"smsu004","smsu041",987
1,"smsu004","smsu042",1396
1,"smsu004","smsu043",1017
1,"smsu004","smsu044",659
1,"smsu004","smsu045",1412
1,"smsu004","smsu046",934
1,"smsu004","smsu047",583
1,"smsu004","smsu048",1248
1,"smsu004","smsu049",1194
1,"smsu004","smsu050",1126
1,"smsu004","smsu051",852
1,"smsu004","smsu052",1251
1,"smsu004","smsu053",1150
1,"smsu004","smsu054",1187
1,"smsu004","smsu055",525
1,"smsu004","smsu056",1210
1,"smsu004","smsu057",1727
1,"smsu004","smsu058",1122
1,"smsu004","smsu059",1352
1,"smsu004","smsu060",302
1,"smsu004","smsu061",1390
1,"smsu004","smsu062",508
1,"smsu004","smsu063",703
1,"smsu004","smsu064",982
1,"smsu004","smsu065",738
1,"smsu004","smsu066",1393
1,"smsu004","smsu067",96
1,"smsu004","smsu068",958
1,"smsu004","smsu069",575
1,"smsu004","smsu070",1427
1,"smsu004","smsu071",356
1,"smsu004","smsu072",821
1,"smsu004","smsu073",1112
1,"smsu004","smsu074",1321
1,"smsu004","smsu075",414
1,"smsu004","smsu076",477
1,"smsu004","smsu077",707
1,"smsu004","smsu078",1410
1,"smsu004","smsu079",455
1,"smsu004","smsu080",980
1,"smsu004","smsu081",1073
1,"smsu004","smsu082",671
1,"smsu004","smsu083",635
1,"smsu004","smsu084",663
1,"smsu004","smsu085",238
1,"smsu004","smsu086",826
1,"smsu004","smsu087",997
1,"smsu004","smsu088",1148
1,"smsu004","smsu089",211
1,"smsu004","smsu090",784
1,"smsu004","smsu091",1055
1,"smsu004","smsu092",857
1,"smsu004","smsu093",779
1,"smsu004","smsu094",591
1,"smsu004","smsu095",1328
1,"smsu004","smsu096",347
1,"smsu004","smsu097",1225
1,"smsu004","smsu098",882
1,"smsu004","smsu099",1167
1,"smsu004","smsu100",546
1,"smsu005","smsu001",609
1,"smsu005","smsu002",463
1,"smsu005","smsu003",1303
1,"smsu005","smsu004",541
1,"smsu005","smsu005",0
1,"smsu005","smsu006",679
1,"smsu005","smsu007",723
1,"smsu005","smsu008",1341
1,"smsu005","smsu009",187
1,"smsu005","smsu010",1379
1,"smsu005","smsu011",1557
1,"smsu005","smsu012",102
1,"smsu005","smsu013",607
1,"smsu005","smsu014",1763
1,"smsu005","smsu015",1441
1,"smsu005","smsu016",1285
1,"smsu005","smsu017",2160
1,"smsu005","smsu018",628
1,"smsu005","smsu019",1399
1,"smsu005","smsu020",1215
1,"smsu005","smsu021",1526
1,"smsu005","smsu022",1358
1,"smsu005","smsu023",534
1,"smsu005","smsu024",1029
1,"smsu005","smsu025",125
1,"smsu005","smsu026",799
1,"smsu005","smsu027",576
1,"smsu005","smsu028",864
1,"smsu005","smsu029",1869
1,"smsu005","smsu030",1098
1,"smsu005","smsu031",686
1,"smsu005","smsu032",1325
1,"smsu005","smsu033",1908
1,"smsu005","smsu034",1171
1,"smsu005","smsu035",1374
1,"smsu005","smsu036",1298
1,"smsu005","smsu037",201
1,"smsu005","smsu038",1394
1,"smsu005","smsu039",1724
1,"smsu005","smsu040",1240
1,"smsu005","smsu041",1518
1,"smsu005","smsu042",1811
1,"smsu005","smsu043",1350
1,"smsu005","smsu044",1017
1,"smsu005","smsu045",1289
1,"smsu005","smsu046",1474
1,"smsu005","smsu047",646
1,"smsu005","smsu048",1788
1,"smsu005","smsu049",1732
1,"smsu005","smsu050",1661
1,"smsu005","smsu051",1384
1,"smsu005","smsu052",1377
1,"smsu005","smsu053",1007
1,"smsu005","smsu054",1728
1,"smsu005","smsu055",68
1,"smsu005","smsu056",1139
1,"smsu005","smsu057",2100
1,"smsu005","smsu058",1045
1,"smsu005","smsu059",1766
1,"smsu005","smsu060",669
1,"smsu005","smsu061",1648
1,"smsu005","smsu062",159
1,"smsu005","smsu063",1240
1,"smsu005","smsu064",1024
1,"smsu005","smsu065",1211
1,"smsu005","smsu066",1383
1,"smsu005","smsu067",637
1,"smsu005","smsu068",1029
1,"smsu005","smsu069",76
1,"smsu005","smsu070",1880
1,"smsu005","smsu071",443
1,"smsu005","smsu072",1351
1,"smsu005","smsu073",914
1,"smsu005","smsu074",1732
1,"smsu005","smsu075",954
1,"smsu005","smsu076",233
1,"smsu005","smsu077",179
1,"smsu005","smsu078",1827
1,"smsu005","smsu079",834
1,"smsu005","smsu080",1469
1,"smsu005","smsu081",1557
1,"smsu005","smsu082",413
1,"smsu005","smsu083",1176
1,"smsu005","smsu084",671
1,"smsu005","smsu085",308
1,"smsu005","smsu086",626
1,"smsu005","smsu087",1538
1,"smsu005","smsu088",1385
1,"smsu005","smsu089",452
1,"smsu005","smsu090",1304
1,"smsu005","smsu091",1350
1,"smsu005","smsu092",799
1,"smsu005","smsu093",1317
1,"smsu005","smsu094",946
1,"smsu005","smsu095",1412
1,"smsu005","smsu096",254
1,"smsu005","smsu097",1763
1,"smsu005","smsu098",1407
1,"smsu005","smsu099",1699
1,"smsu005","smsu100",1015
1,"smsu006","smsu001",354
1,"smsu006","smsu002",1119
1,"smsu006","smsu003",1413
1,"smsu006","smsu004",676
1,"smsu006","smsu005",679
1,"smsu006","smsu006",0
1,"smsu006","smsu007",380
1,"smsu006","smsu008",829
1,"smsu006","smsu009",528
1,"smsu006","smsu010",1328
1,"smsu006","smsu011",1526
1,"smsu006","smsu012",627
1,"smsu006","smsu013",960
1,"smsu006","smsu014",1526
1,"smsu006","smsu015",1187
1,"smsu006","smsu016",651
1,"smsu006","smsu017",1585
1,"smsu006","smsu018",429
1,"smsu006","smsu019",723
1,"smsu006","smsu020",1003
1,"smsu006","smsu021",1181
1,"smsu006","smsu022",879
1,"smsu006","smsu023",147
1,"smsu006","smsu024",367
1,"smsu006","smsu025",804
1,"smsu006","smsu026",147
1,"smsu006","smsu027",452
1,"smsu006","smsu028",1241
1,"smsu006","smsu029",1532
1,"smsu006","smsu030",501
1,"smsu006","smsu031",1030
1,"smsu006","smsu032",755
1,"smsu006","smsu033",1298
1,"smsu006","smsu034",1013
1,"smsu006","smsu035",1516
1,"smsu006","smsu036",741
1,"smsu006","smsu037",485
1,"smsu006","smsu038",1120
1,"smsu006","smsu039",1534
1,"smsu006","smsu040",619
1,"smsu006","smsu041",1492
1,"smsu006","smsu042",1288
1,"smsu006","smsu043",779
1,"smsu006","smsu044",550
1,"smsu006","smsu045",737
1,"smsu006","smsu046",1376
1,"smsu006","smsu047",1171
1,"smsu006","smsu048",1649
1,"smsu006","smsu049",1525
1,"smsu006","smsu050",1434
1,"smsu006","smsu051",1175
1,"smsu006","smsu052",698
1,"smsu006","smsu053",482
1,"smsu006","smsu054",1571
1,"smsu006","smsu055",732
1,"smsu006","smsu056",536
1,"smsu006","smsu057",1515
1,"smsu006","smsu058",447
1,"smsu006","smsu059",1244
1,"smsu006","smsu060",460
1,"smsu006","smsu061",999
1,"smsu006","smsu062",520
1,"smsu006","smsu063",1207
1,"smsu006","smsu064",350
1,"smsu006","smsu065",1369
1,"smsu006","smsu066",741
1,"smsu006","smsu067",716
1,"smsu006","smsu068",350
1,"smsu006","smsu069",755
1,"smsu006","smsu070",1407
1,"smsu006","smsu071",913
1,"smsu006","smsu072",1139
1,"smsu006","smsu073",473
1,"smsu006","smsu074",1209
1,"smsu006","smsu075",943
1,"smsu006","smsu076",842
1,"smsu006","smsu077",822
1,"smsu006","smsu078",1305
1,"smsu006","smsu079",491
1,"smsu006","smsu080",1106
1,"smsu006","smsu081",1674
1,"smsu006","smsu082",335
1,"smsu006","smsu083",1101
1,"smsu006","smsu084",12
1,"smsu006","smsu085",582
1,"smsu006","smsu086",272
1,"smsu006","smsu087",1396
1,"smsu006","smsu088",738
1,"smsu006","smsu089",806
1,"smsu006","smsu090",1345
1,"smsu006","smsu091",744
1,"smsu006","smsu092",183
1,"smsu006","smsu093",1266
1,"smsu006","smsu094",506
1,"smsu006","smsu095",736
1,"smsu006","smsu096",752
1,"smsu006","smsu097",1678
1,"smsu006","smsu098",1420
1,"smsu006","smsu099",1447
1,"smsu006","smsu100",720
1,"smsu007","smsu001",698
1,"smsu007","smsu002",1184
1,"smsu007","smsu003",1745
1,"smsu007","smsu004",957
1,"smsu007","smsu005",723
1,"smsu007","smsu006",380
1,"smsu007","smsu007",0
1,"smsu007","smsu008",1182
1,"smsu007","smsu009",536
1,"smsu007","smsu010",1691
1,"smsu007","smsu011",1889
1,"smsu007","smsu012",632
1,"smsu007","smsu013",1195
1,"smsu007","smsu014",1906
1,"smsu007","smsu015",1567
1,"smsu007","smsu016",939
1,"smsu007","smsu017",1883
1,"smsu007","smsu018",125
1,"smsu007","smsu019",909
1,"smsu007","smsu020",1380
1,"smsu007","smsu021",1558
1,"smsu007","smsu022",1241
1,"smsu007","smsu023",405
1,"smsu007","smsu024",468
1,"smsu007","smsu025",829
1,"smsu007","smsu026",332
1,"smsu007","smsu027",777
1,"smsu007","smsu028",1481
1,"smsu007","smsu029",1908
1,"smsu007","smsu030",425
1,"smsu007","smsu031",1274
1,"smsu007","smsu032",616
1,"smsu007","smsu033",1574
1,"smsu007","smsu034",1385
1,"smsu007","smsu035",1843
1,"smsu007","smsu036",584
1,"smsu007","smsu037",537
1,"smsu007","smsu038",1500
1,"smsu007","smsu039",1913
1,"smsu007","smsu040",573
1,"smsu007","smsu041",1854
1,"smsu007","smsu042",1622
1,"smsu007","smsu043",1108
1,"smsu007","smsu044",926
1,"smsu007","smsu045",574
1,"smsu007","smsu046",1746
1,"smsu007","smsu047",1338
1,"smsu007","smsu048",2026
1,"smsu007","smsu049",1905
1,"smsu007","smsu050",1814
1,"smsu007","smsu051",1553
1,"smsu007","smsu052",856
1,"smsu007","smsu053",300
1,"smsu007","smsu054",1948
1,"smsu007","smsu055",790
1,"smsu007","smsu056",465
1,"smsu007","smsu057",1806
1,"smsu007","smsu058",383
1,"smsu007","smsu059",1580
1,"smsu007","smsu060",811
1,"smsu007","smsu061",1241
1,"smsu007","smsu062",587
1,"smsu007","smsu063",1565
1,"smsu007","smsu064",506
1,"smsu007","smsu065",1688
1,"smsu007","smsu066",728
1,"smsu007","smsu067",1021
1,"smsu007","smsu068",546
1,"smsu007","smsu069",789
1,"smsu007","smsu070",1757
1,"smsu007","smsu071",1095
1,"smsu007","smsu072",1517
1,"smsu007","smsu073",191
1,"smsu007","smsu074",1545
1,"smsu007","smsu075",1288
1,"smsu007","smsu076",944
1,"smsu007","smsu077",796
1,"smsu007","smsu078",1639
1,"smsu007","smsu079",868
1,"smsu007","smsu080",1483
1,"smsu007","smsu081",2010
1,"smsu007","smsu082",322
1,"smsu007","smsu083",1463
1,"smsu007","smsu084",388
1,"smsu007","smsu085",786
1,"smsu007","smsu086",132
1,"smsu007","smsu087",1771
1,"smsu007","smsu088",1000
1,"smsu007","smsu089",1025
1,"smsu007","smsu090",1691
1,"smsu007","smsu091",1052
1,"smsu007","smsu092",280
1,"smsu007","smsu093",1628
1,"smsu007","smsu094",885
1,"smsu007","smsu095",839
1,"smsu007","smsu096",902
1,"smsu007","smsu097",2050
1,"smsu007","smsu098",1774
1,"smsu007","smsu099",1827
1,"smsu007","smsu100",1098
1,"smsu008","smsu001",732
1,"smsu008","smsu002",1657
1,"smsu008","smsu003",1209
1,"smsu008","smsu004",956
1,"smsu008","smsu005",1341
1,"smsu008","smsu006",829
1,"smsu008","smsu007",1182
1,"smsu008","smsu008",0
1,"smsu008","smsu009",1262
1,"smsu008","smsu010",954
1,"smsu008","smsu011",1114
1,"smsu008","smsu012",1337
1,"smsu008","smsu013",1228
1,"smsu008","smsu014",866
1,"smsu008","smsu015",598
1,"smsu008","smsu016",361
1,"smsu008","smsu017",824
1,"smsu008","smsu018",1254
1,"smsu008","smsu019",628
1,"smsu008","smsu020",574
1,"smsu008","smsu021",470
1,"smsu008","smsu022",85
1,"smsu008","smsu023",905
1,"smsu008","smsu024",823
1,"smsu008","smsu025",1454
1,"smsu008","smsu026",851
1,"smsu008","smsu027",783
1,"smsu008","smsu028",1409
1,"smsu008","smsu029",770
1,"smsu008","smsu030",1029
1,"smsu008","smsu031",1253
1,"smsu008","smsu032",1212
1,"smsu008","smsu033",622
1,"smsu008","smsu034",654
1,"smsu008","smsu035",1320
1,"smsu008","smsu036",1227
1,"smsu008","smsu037",1202
1,"smsu008","smsu038",532
1,"smsu008","smsu039",927
1,"smsu008","smsu040",1026
1,"smsu008","smsu041",1096
1,"smsu008","smsu042",473
1,"smsu008","smsu043",152
1,"smsu008","smsu044",324
1,"smsu008","smsu045",1233
1,"smsu008","smsu046",923
1,"smsu008","smsu047",1527
1,"smsu008","smsu048",1078
1,"smsu008","smsu049",900
1,"smsu008","smsu050",805
1,"smsu008","smsu051",653
1,"smsu008","smsu052",692
1,"smsu008","smsu053",1125
1,"smsu008","smsu054",995
1,"smsu008","smsu055",1364
1,"smsu008","smsu056",1032
1,"smsu008","smsu057",773
1,"smsu008","smsu058",1004
1,"smsu008","smsu059",428
1,"smsu008","smsu060",690
1,"smsu008","smsu061",537
1,"smsu008","smsu062",1212
1,"smsu008","smsu063",908
1,"smsu008","smsu064",759
1,"smsu008","smsu065",1240
1,"smsu008","smsu066",1019
1,"smsu008","smsu067",902
1,"smsu008","smsu068",705
1,"smsu008","smsu069",1407
1,"smsu008","smsu070",578
1,"smsu008","smsu071",1312
1,"smsu008","smsu072",629
1,"smsu008","smsu073",1194
1,"smsu008","smsu074",393
1,"smsu008","smsu075",830
1,"smsu008","smsu076",1391
1,"smsu008","smsu077",1517
1,"smsu008","smsu078",489
1,"smsu008","smsu079",519
1,"smsu008","smsu080",396
1,"smsu008","smsu081",1406
1,"smsu008","smsu082",1138
1,"smsu008","smsu083",801
1,"smsu008","smsu084",826
1,"smsu008","smsu085",1080
1,"smsu008","smsu086",1096
1,"smsu008","smsu087",883
1,"smsu008","smsu088",419
1,"smsu008","smsu089",1168
1,"smsu008","smsu090",1080
1,"smsu008","smsu091",256
1,"smsu008","smsu092",907
1,"smsu008","smsu093",915
1,"smsu008","smsu094",396
1,"smsu008","smsu095",812
1,"smsu008","smsu096",1261
1,"smsu008","smsu097",1166
1,"smsu008","smsu098",1095
1,"smsu008","smsu099",786
1,"smsu008","smsu100",443
1,"smsu009","smsu001",548
1,"smsu009","smsu002",649
1,"smsu009","smsu003",1395
1,"smsu009","smsu004",594
1,"smsu009","smsu005",187
1,"smsu009","smsu006",528
1,"smsu009","smsu007",536
1,"smsu009","smsu008",1262
1,"smsu009","smsu009",0
1,"smsu009","smsu010",1432
1,"smsu009","smsu011",1618
1,"smsu009","smsu012",103
1,"smsu009","smsu013",736
1,"smsu009","smsu014",1773
1,"smsu009","smsu015",1440
1,"smsu009","smsu016",1162
1,"smsu009","smsu017",2067
1,"smsu009","smsu018",442
1,"smsu009","smsu019",1251
1,"smsu009","smsu020",1219
1,"smsu009","smsu021",1501
1,"smsu009","smsu022",1290
1,"smsu009","smsu023",392
1,"smsu009","smsu024",861
1,"smsu009","smsu025",298
1,"smsu009","smsu026",633
1,"smsu009","smsu027",549
1,"smsu009","smsu028",1011
1,"smsu009","smsu029",1852
1,"smsu009","smsu030",916
1,"smsu009","smsu031",818
1,"smsu009","smsu032",1140
1,"smsu009","smsu033",1799
1,"smsu009","smsu034",1189
1,"smsu009","smsu035",1476
1,"smsu009","smsu036",1111
1,"smsu009","smsu037",63
1,"smsu009","smsu038",1387
1,"smsu009","smsu039",1746
1,"smsu009","smsu040",1060
1,"smsu009","smsu041",1580
1,"smsu009","smsu042",1735
1,"smsu009","smsu043",1252
1,"smsu009","smsu044",942
1,"smsu009","smsu045",1103
1,"smsu009","smsu046",1516
1,"smsu009","smsu047",820
1,"smsu009","smsu048",1825
1,"smsu009","smsu049",1749
1,"smsu009","smsu050",1672
1,"smsu009","smsu051",1394
1,"smsu009","smsu052",1222
1,"smsu009","smsu053",821
1,"smsu009","smsu054",1759
1,"smsu009","smsu055",255
1,"smsu009","smsu056",957
1,"smsu009","smsu057",2003
1,"smsu009","smsu058",864
1,"smsu009","smsu059",1690
1,"smsu009","smsu060",634
1,"smsu009","smsu061",1520
1,"smsu009","smsu062",87
1,"smsu009","smsu063",1293
1,"smsu009","smsu064",862
1,"smsu009","smsu065",1313
1,"smsu009","smsu066",1206
1,"smsu009","smsu067",686
1,"smsu009","smsu068",873
1,"smsu009","smsu069",255
1,"smsu009","smsu070",1821
1,"smsu009","smsu071",596
1,"smsu009","smsu072",1359
1,"smsu009","smsu073",727
1,"smsu009","smsu074",1655
1,"smsu009","smsu075",1002
1,"smsu009","smsu076",413
1,"smsu009","smsu077",296
1,"smsu009","smsu078",1752
1,"smsu009","smsu079",781
1,"smsu009","smsu080",1438
1,"smsu009","smsu081",1656
1,"smsu009","smsu082",230
1,"smsu009","smsu083",1216
1,"smsu009","smsu084",522
1,"smsu009","smsu085",361
1,"smsu009","smsu086",441
1,"smsu009","smsu087",1570
1,"smsu009","smsu088",1257
1,"smsu009","smsu089",568
1,"smsu009","smsu090",1378
1,"smsu009","smsu091",1239
1,"smsu009","smsu092",626
1,"smsu009","smsu093",1368
1,"smsu009","smsu094",874
1,"smsu009","smsu095",1249
1,"smsu009","smsu096",397
1,"smsu009","smsu097",1814
1,"smsu009","smsu098",1477
1,"smsu009","smsu099",1703
1,"smsu009","smsu100",988
1,"smsu010","smsu001",994
1,"smsu010","smsu002",1418
1,"smsu010","smsu003",321
1,"smsu010","smsu004",842
1,"smsu010","smsu005",1379
1,"smsu010","smsu006",1328
1,"smsu010","smsu007",1691
1,"smsu010","smsu008",954
1,"smsu010","smsu009",1432
1,"smsu010","smsu010",0
1,"smsu010","smsu011",198
1,"smsu010","smsu012",1443
1,"smsu010","smsu013",869
1,"smsu010","smsu014",514
1,"smsu010","smsu015",411
1,"smsu010","smsu016",1267
1,"smsu010","smsu017",1517
1,"smsu010","smsu018",1694
1,"smsu010","smsu019",1542
1,"smsu010","smsu020",390
1,"smsu010","smsu021",613
1,"smsu010","smsu022",880
1,"smsu010","smsu023",1289
1,"smsu010","smsu024",1554
1,"smsu010","smsu025",1432
1,"smsu010","smsu026",1443
1,"smsu010","smsu027",927
1,"smsu010","smsu028",835
1,"smsu010","smsu029",755
1,"smsu010","smsu030",1759
1,"smsu010","smsu031",825
1,"smsu010","smsu032",1996
1,"smsu010","smsu033",1475
1,"smsu010","smsu034",334
1,"smsu010","smsu035",410
1,"smsu010","smsu036",1997
1,"smsu010","smsu037",1373
1,"smsu010","smsu038",452
1,"smsu010","smsu039",418
1,"smsu010","smsu040",1817
1,"smsu010","smsu041",165
1,"smsu010","smsu042",1145
1,"smsu010","smsu043",1099
1,"smsu010","smsu044",906
1,"smsu010","smsu045",1998
1,"smsu010","smsu046",123
1,"smsu010","smsu047",1115
1,"smsu010","smsu048",424
1,"smsu010","smsu049",446
1,"smsu010","smsu050",431
1,"smsu010","smsu051",321
1,"smsu010","smsu052",1591
1,"smsu010","smsu053",1792
1,"smsu010","smsu054",384
1,"smsu010","smsu055",1355
1,"smsu010","smsu056",1779
1,"smsu010","smsu057",1512
1,"smsu010","smsu058",1714
1,"smsu010","smsu059",1117
1,"smsu010","smsu060",881
1,"smsu010","smsu061",1488
1,"smsu010","smsu062",1346
1,"smsu010","smsu063",140
1,"smsu010","smsu064",1494
1,"smsu010","smsu065",414
1,"smsu010","smsu066",1865
1,"smsu010","smsu067",748
1,"smsu010","smsu068",1448
1,"smsu010","smsu069",1405
1,"smsu010","smsu070",1054
1,"smsu010","smsu071",1052
1,"smsu010","smsu072",334
1,"smsu010","smsu073",1800
1,"smsu010","smsu074",1104
1,"smsu010","smsu075",430
1,"smsu010","smsu076",1266
1,"smsu010","smsu077",1537
1,"smsu010","smsu078",1151
1,"smsu010","smsu079",848
1,"smsu010","smsu080",639
1,"smsu010","smsu081",455
1,"smsu010","smsu082",1464
1,"smsu010","smsu083",228
1,"smsu010","smsu084",1318
1,"smsu010","smsu085",1080
1,"smsu010","smsu086",1563
1,"smsu010","smsu087",223
1,"smsu010","smsu088",1353
1,"smsu010","smsu089",957
1,"smsu010","smsu090",183
1,"smsu010","smsu091",1195
1,"smsu010","smsu092",1497
1,"smsu010","smsu093",64
1,"smsu010","smsu094",898
1,"smsu010","smsu095",1703
1,"smsu010","smsu096",1155
1,"smsu010","smsu097",383
1,"smsu010","smsu098",145
1,"smsu010","smsu099",495
1,"smsu010","smsu100",650
1,"smsu011","smsu001",1191
1,"smsu011","smsu002",1560
1,"smsu011","smsu003",354
1,"smsu011","smsu004",1025
1,"smsu011","smsu005",1557
1,"smsu011","smsu006",1526
1,"smsu011","smsu007",1889
1,"smsu011","smsu008",1114
1,"smsu011","smsu009",1618
1,"smsu011","smsu010",198
1,"smsu011","smsu011",0
1,"smsu011","smsu012",1624
1,"smsu011","smsu013",1018
1,"smsu011","smsu014",504
1,"smsu011","smsu015",532
1,"smsu011","smsu016",1441
1,"smsu011","smsu017",1600
1,"smsu011","smsu018",1891
1,"smsu011","smsu019",1718
1,"smsu011","smsu020",570
1,"smsu011","smsu021",722
1,"smsu011","smsu022",1036
1,"smsu011","smsu023",1486
1,"smsu011","smsu024",1747
1,"smsu011","smsu025",1602
1,"smsu011","smsu026",1640
1,"smsu011","smsu027",1123
1,"smsu011","smsu028",937
1,"smsu011","smsu029",775
1,"smsu011","smsu030",1953
1,"smsu011","smsu031",965
1,"smsu011","smsu032",2189
1,"smsu011","smsu033",1594
1,"smsu011","smsu034",526
1,"smsu011","smsu035",394
1,"smsu011","smsu036",2190
1,"smsu011","smsu037",1561
1,"smsu011","smsu038",588
1,"smsu011","smsu039",386
1,"smsu011","smsu040",2008
1,"smsu011","smsu041",39
1,"smsu011","smsu042",1246
1,"smsu011","smsu043",1262
1,"smsu011","smsu044",1094
1,"smsu011","smsu045",2191
1,"smsu011","smsu046",191
1,"smsu011","smsu047",1238
1,"smsu011","smsu048",318
1,"smsu011","smsu049",425
1,"smsu011","smsu050",453
1,"smsu011","smsu051",461
1,"smsu011","smsu052",1769
1,"smsu011","smsu053",1988
1,"smsu011","smsu054",318
1,"smsu011","smsu055",1528
1,"smsu011","smsu056",1972
1,"smsu011","smsu057",1605
1,"smsu011","smsu058",1909
1,"smsu011","smsu059",1224
1,"smsu011","smsu060",1078
1,"smsu011","smsu061",1640
1,"smsu011","smsu062",1532
1,"smsu011","smsu063",328
1,"smsu011","smsu064",1687
1,"smsu011","smsu065",472
1,"smsu011","smsu066",2052
1,"smsu011","smsu067",933
1,"smsu011","smsu068",1640
1,"smsu011","smsu069",1578
1,"smsu011","smsu070",1129
1,"smsu011","smsu071",1206
1,"smsu011","smsu072",485
1,"smsu011","smsu073",1998
1,"smsu011","smsu074",1215
1,"smsu011","smsu075",619
1,"smsu011","smsu076",1429
1,"smsu011","smsu077",1709
1,"smsu011","smsu078",1250
1,"smsu011","smsu079",1045
1,"smsu011","smsu080",764
1,"smsu011","smsu081",354
1,"smsu011","smsu082",1658
1,"smsu011","smsu083",426
1,"smsu011","smsu084",1516
1,"smsu011","smsu085",1263
1,"smsu011","smsu086",1760
1,"smsu011","smsu087",258
1,"smsu011","smsu088",1522
1,"smsu011","smsu089",1123
1,"smsu011","smsu090",269
1,"smsu011","smsu091",1362
1,"smsu011","smsu092",1694
1,"smsu011","smsu093",261
1,"smsu011","smsu094",1090
1,"smsu011","smsu095",1884
1,"smsu011","smsu096",1325
1,"smsu011","smsu097",224
1,"smsu011","smsu098",163
1,"smsu011","smsu099",518
1,"smsu011","smsu100",841
1,"smsu012","smsu001",612
1,"smsu012","smsu002",552
1,"smsu012","smsu003",1383
1,"smsu012","smsu004",600
1,"smsu012","smsu005",102
1,"smsu012","smsu006",627
1,"smsu012","smsu007",632
1,"smsu012","smsu008",1337
1,"smsu012","smsu009",103
1,"smsu012","smsu010",1443
1,"smsu012","smsu011",1624
1,"smsu012","smsu012",0
1,"smsu012","smsu013",698
1,"smsu012","smsu014",1807
1,"smsu012","smsu015",1479
1,"smsu012","smsu016",1254
1,"smsu012","smsu017",2148
1,"smsu012","smsu018",531
1,"smsu012","smsu019",1350
1,"smsu012","smsu020",1255
1,"smsu012","smsu021",1552
1,"smsu012","smsu022",1360
1,"smsu012","smsu023",487
1,"smsu012","smsu024",964
1,"smsu012","smsu025",198
1,"smsu012","smsu026",736
1,"smsu012","smsu027",596
1,"smsu012","smsu028",962
1,"smsu012","smsu029",1900
1,"smsu012","smsu030",1019
1,"smsu012","smsu031",779
1,"smsu012","smsu032",1240
1,"smsu012","smsu033",1887
1,"smsu012","smsu034",1218
1,"smsu012","smsu035",1458
1,"smsu012","smsu036",1211
1,"smsu012","smsu037",144
1,"smsu012","smsu038",1429
1,"smsu012","smsu039",1774
1,"smsu012","smsu040",1163
1,"smsu012","smsu041",1585
1,"smsu012","smsu042",1810
1,"smsu012","smsu043",1335
1,"smsu012","smsu044",1014
1,"smsu012","smsu045",1202
1,"smsu012","smsu046",1533
1,"smsu012","smsu047",748
1,"smsu012","smsu048",1845
1,"smsu012","smsu049",1780
1,"smsu012","smsu050",1706
1,"smsu012","smsu051",1427
1,"smsu012","smsu052",1323
1,"smsu012","smsu053",921
1,"smsu012","smsu054",1782
1,"smsu012","smsu055",169
1,"smsu012","smsu056",1060
1,"smsu012","smsu057",2086
1,"smsu012","smsu058",967
1,"smsu012","smsu059",1765
1,"smsu012","smsu060",686
1,"smsu012","smsu061",1614
1,"smsu012","smsu062",125
1,"smsu012","smsu063",1303
1,"smsu012","smsu064",964
1,"smsu012","smsu065",1294
1,"smsu012","smsu066",1309
1,"smsu012","smsu067",695
1,"smsu012","smsu068",974
1,"smsu012","smsu069",158
1,"smsu012","smsu070",1888
1,"smsu012","smsu071",541
1,"smsu012","smsu072",1394
1,"smsu012","smsu073",823
1,"smsu012","smsu074",1730
1,"smsu012","smsu075",1014
1,"smsu012","smsu076",334
1,"smsu012","smsu077",196
1,"smsu012","smsu078",1826
1,"smsu012","smsu079",843
1,"smsu012","smsu080",1492
1,"smsu012","smsu081",1640
1,"smsu012","smsu082",332
1,"smsu012","smsu083",1233
1,"smsu012","smsu084",620
1,"smsu012","smsu085",362
1,"smsu012","smsu086",542
1,"smsu012","smsu087",1592
1,"smsu012","smsu088",1351
1,"smsu012","smsu089",537
1,"smsu012","smsu090",1377
1,"smsu012","smsu091",1326
1,"smsu012","smsu092",729
1,"smsu012","smsu093",1380
1,"smsu012","smsu094",945
1,"smsu012","smsu095",1351
1,"smsu012","smsu096",347
1,"smsu012","smsu097",1826
1,"smsu012","smsu098",1478
1,"smsu012","smsu099",1740
1,"smsu012","smsu100",1039
1,"smsu013","smsu001",655
1,"smsu013","smsu002",550
1,"smsu013","smsu003",720
1,"smsu013","smsu004",307
1,"smsu013","smsu005",607
1,"smsu013","smsu006",960
1,"smsu013","smsu007",1195
1,"smsu013","smsu008",1228
1,"smsu013","smsu009",736
1,"smsu013","smsu010",869
1,"smsu013","smsu011",1018
1,"smsu013","smsu012",698
1,"smsu013","smsu013",0
1,"smsu013","smsu014",1335
1,"smsu013","smsu015",1067
1,"smsu013","smsu016",1340
1,"smsu013","smsu017",2027
1,"smsu013","smsu018",1138
1,"smsu013","smsu019",1550
1,"smsu013","smsu020",854
1,"smsu013","smsu021",1215
1,"smsu013","smsu022",1206
1,"smsu013","smsu023",837
1,"smsu013","smsu024",1315
1,"smsu013","smsu025",614
1,"smsu013","smsu026",1107
1,"smsu013","smsu027",549
1,"smsu013","smsu028",286
1,"smsu013","smsu029",1509
1,"smsu013","smsu030",1461
1,"smsu013","smsu031",81
1,"smsu013","smsu032",1713
1,"smsu013","smsu033",1850
1,"smsu013","smsu034",777
1,"smsu013","smsu035",778
1,"smsu013","smsu036",1696
1,"smsu013","smsu037",699
1,"smsu013","smsu038",1045
1,"smsu013","smsu039",1267
1,"smsu013","smsu040",1578
1,"smsu013","smsu041",979
1,"smsu013","smsu042",1642
1,"smsu013","smsu043",1304
1,"smsu013","smsu044",950
1,"smsu013","smsu045",1691
1,"smsu013","smsu046",983
1,"smsu013","smsu047",303
1,"smsu013","smsu048",1293
1,"smsu013","smsu049",1285
1,"smsu013","smsu050",1236
1,"smsu013","smsu051",984
1,"smsu013","smsu052",1558
1,"smsu013","smsu053",1419
1,"smsu013","smsu054",1248
1,"smsu013","smsu055",558
1,"smsu013","smsu056",1496
1,"smsu013","smsu057",1988
1,"smsu013","smsu058",1406
1,"smsu013","smsu059",1600
1,"smsu013","smsu060",607
1,"smsu013","smsu061",1687
1,"smsu013","smsu062",653
1,"smsu013","smsu063",737
1,"smsu013","smsu064",1281
1,"smsu013","smsu065",616
1,"smsu013","smsu066",1691
1,"smsu013","smsu067",330
1,"smsu013","smsu068",1260
1,"smsu013","smsu069",603
1,"smsu013","smsu070",1647
1,"smsu013","smsu071",190
1,"smsu013","smsu072",960
1,"smsu013","smsu073",1366
1,"smsu013","smsu074",1571
1,"smsu013","smsu075",509
1,"smsu013","smsu076",426
1,"smsu013","smsu077",724
1,"smsu013","smsu078",1655
1,"smsu013","smsu079",750
1,"smsu013","smsu080",1183
1,"smsu013","smsu081",961
1,"smsu013","smsu082",883
1,"smsu013","smsu083",716
1,"smsu013","smsu084",948
1,"smsu013","smsu085",409
1,"smsu013","smsu086",1068
1,"smsu013","smsu087",1067
1,"smsu013","smsu088",1450
1,"smsu013","smsu089",171
1,"smsu013","smsu090",751
1,"smsu013","smsu091",1350
1,"smsu013","smsu092",1138
1,"smsu013","smsu093",816
1,"smsu013","smsu094",886
1,"smsu013","smsu095",1634
1,"smsu013","smsu096",353
1,"smsu013","smsu097",1238
1,"smsu013","smsu098",858
1,"smsu013","smsu099",1288
1,"smsu013","smsu100",794
1,"smsu014","smsu001",1255
1,"smsu014","smsu002",1882
1,"smsu014","smsu003",821
1,"smsu014","smsu004",1229
1,"smsu014","smsu005",1763
1,"smsu014","smsu006",1526
1,"smsu014","smsu007",1906
1,"smsu014","smsu008",866
1,"smsu014","smsu009",1773
1,"smsu014","smsu010",514
1,"smsu014","smsu011",504
1,"smsu014","smsu012",1807
1,"smsu014","smsu013",1335
1,"smsu014","smsu014",0
1,"smsu014","smsu015",341
1,"smsu014","smsu016",1227
1,"smsu014","smsu017",1138
1,"smsu014","smsu018",1940
1,"smsu014","smsu019",1492
1,"smsu014","smsu020",554
1,"smsu014","smsu021",396
1,"smsu014","smsu022",781
1,"smsu014","smsu023",1534
1,"smsu014","smsu024",1646
1,"smsu014","smsu025",1838
1,"smsu014","smsu026",1605
1,"smsu014","smsu027",1226
1,"smsu014","smsu028",1341
1,"smsu014","smsu029",276
1,"smsu014","smsu030",1858
1,"smsu014","smsu031",1305
1,"smsu014","smsu032",2063
1,"smsu014","smsu033",1192
1,"smsu014","smsu034",592
1,"smsu014","smsu035",887
1,"smsu014","smsu036",2074
1,"smsu014","smsu037",1710
1,"smsu014","smsu038",405
1,"smsu014","smsu039",121
1,"smsu014","smsu040",1876
1,"smsu014","smsu041",520
1,"smsu014","smsu042",824
1,"smsu014","smsu043",1013
1,"smsu014","smsu044",995
1,"smsu014","smsu045",2078
1,"smsu014","smsu046",392
1,"smsu014","smsu047",1606
1,"smsu014","smsu048",263
1,"smsu014","smsu049",80
1,"smsu014","smsu050",102
1,"smsu014","smsu051",380
1,"smsu014","smsu052",1557
1,"smsu014","smsu053",1929
1,"smsu014","smsu054",203
1,"smsu014","smsu055",1752
1,"smsu014","smsu056",1867
1,"smsu014","smsu057",1156
1,"smsu014","smsu058",1824
1,"smsu014","smsu059",814
1,"smsu014","smsu060",1150
1,"smsu014","smsu061",1324
1,"smsu014","smsu062",1695
1,"smsu014","smsu063",614
1,"smsu014","smsu064",1581
1,"smsu014","smsu065",924
1,"smsu014","smsu066",1883
1,"smsu014","smsu067",1134
1,"smsu014","smsu068",1528
1,"smsu014","smsu069",1803
1,"smsu014","smsu070",671
1,"smsu014","smsu071",1505
1,"smsu014","smsu072",413
1,"smsu014","smsu073",1971
1,"smsu014","smsu074",816
1,"smsu014","smsu075",836
1,"smsu014","smsu076",1694
1,"smsu014","smsu077",1934
1,"smsu014","smsu078",824
1,"smsu014","smsu079",1044
1,"smsu014","smsu080",471
1,"smsu014","smsu081",855
1,"smsu014","smsu082",1747
1,"smsu014","smsu083",620
1,"smsu014","smsu084",1518
1,"smsu014","smsu085",1455
1,"smsu014","smsu086",1791
1,"smsu014","smsu087",291
1,"smsu014","smsu088",1279
1,"smsu014","smsu089",1389
1,"smsu014","smsu090",693
1,"smsu014","smsu091",1118
1,"smsu014","smsu092",1663
1,"smsu014","smsu093",545
1,"smsu014","smsu094",1024
1,"smsu014","smsu095",1677
1,"smsu014","smsu096",1571
1,"smsu014","smsu097",397
1,"smsu014","smsu098",618
1,"smsu014","smsu099",81
1,"smsu014","smsu100",813
1,"smsu015","smsu001",915
1,"smsu015","smsu002",1601
1,"smsu015","smsu003",720
1,"smsu015","smsu004",917
1,"smsu015","smsu005",1441
1,"smsu015","smsu006",1187
1,"smsu015","smsu007",1567
1,"smsu015","smsu008",598
1,"smsu015","smsu009",1440
1,"smsu015","smsu010",411
1,"smsu015","smsu011",532
1,"smsu015","smsu012",1479
1,"smsu015","smsu013",1067
1,"smsu015","smsu014",341
1,"smsu015","smsu015",0
1,"smsu015","smsu016",946
1,"smsu015","smsu017",1110
1,"smsu015","smsu018",1600
1,"smsu015","smsu019",1220
1,"smsu015","smsu020",227
1,"smsu015","smsu021",203
1,"smsu015","smsu022",516
1,"smsu015","smsu023",1194
1,"smsu015","smsu024",1326
1,"smsu015","smsu025",1523
1,"smsu015","smsu026",1270
1,"smsu015","smsu027",892
1,"smsu015","smsu028",1129
1,"smsu015","smsu029",444
1,"smsu015","smsu030",1538
1,"smsu015","smsu031",1051
1,"smsu015","smsu032",1753
1,"smsu015","smsu033",1068
1,"smsu015","smsu034",290
1,"smsu015","smsu035",818
1,"smsu015","smsu036",1761
1,"smsu015","smsu037",1377
1,"smsu015","smsu038",71
1,"smsu015","smsu039",355
1,"smsu015","smsu040",1567
1,"smsu015","smsu041",522
1,"smsu015","smsu042",735
1,"smsu015","smsu043",749
1,"smsu015","smsu044",666
1,"smsu015","smsu045",1765
1,"smsu015","smsu046",343
1,"smsu015","smsu047",1356
1,"smsu015","smsu048",492
1,"smsu015","smsu049",340
1,"smsu015","smsu050",247
1,"smsu015","smsu051",98
1,"smsu015","smsu052",1279
1,"smsu015","smsu053",1601
1,"smsu015","smsu054",408
1,"smsu015","smsu055",1435
1,"smsu015","smsu056",1550
1,"smsu015","smsu057",1102
1,"smsu015","smsu058",1501
1,"smsu015","smsu059",707
1,"smsu015","smsu060",813
1,"smsu015","smsu061",1112
1,"smsu015","smsu062",1364
1,"smsu015","smsu063",433
1,"smsu015","smsu064",1262
1,"smsu015","smsu065",793
1,"smsu015","smsu066",1588
1,"smsu015","smsu067",825
1,"smsu015","smsu068",1210
1,"smsu015","smsu069",1486
1,"smsu015","smsu070",654
1,"smsu015","smsu071",1221
1,"smsu015","smsu072",109
1,"smsu015","smsu073",1637
1,"smsu015","smsu074",694
1,"smsu015","smsu075",558
1,"smsu015","smsu076",1391
1,"smsu015","smsu077",1615
1,"smsu015","smsu078",741
1,"smsu015","smsu079",704
1,"smsu015","smsu080",233
1,"smsu015","smsu081",859
1,"smsu015","smsu082",1407
1,"smsu015","smsu083",378
1,"smsu015","smsu084",1179
1,"smsu015","smsu085",1133
1,"smsu015","smsu086",1451
1,"smsu015","smsu087",287
1,"smsu015","smsu088",1015
1,"smsu015","smsu089",1094
1,"smsu015","smsu090",579
1,"smsu015","smsu091",852
1,"smsu015","smsu092",1328
1,"smsu015","smsu093",398
1,"smsu015","smsu094",689
1,"smsu015","smsu095",1397
1,"smsu015","smsu096",1264
1,"smsu015","smsu097",569
1,"smsu015","smsu098",555
1,"smsu015","smsu099",265
1,"smsu015","smsu100",473
1,"smsu016","smsu001",723
1,"smsu016","smsu002",1674
1,"smsu016","smsu003",1484
1,"smsu016","smsu004",1038
1,"smsu016","smsu005",1285
1,"smsu016","smsu006",651
1,"smsu016","smsu007",939
1,"smsu016","smsu008",361
1,"smsu016","smsu009",1162
1,"smsu016","smsu010",1267
1,"smsu016","smsu011",1441
1,"smsu016","smsu012",1254
1,"smsu016","smsu013",1340
1,"smsu016","smsu014",1227
1,"smsu016","smsu015",946
1,"smsu016","smsu016",0
1,"smsu016","smsu017",945
1,"smsu016","smsu018",1034
1,"smsu016","smsu019",276
1,"smsu016","smsu020",877
1,"smsu016","smsu021",831
1,"smsu016","smsu022",445
1,"smsu016","smsu023",772
1,"smsu016","smsu024",512
1,"smsu016","smsu025",1408
1,"smsu016","smsu026",614
1,"smsu016","smsu027",812
1,"smsu016","smsu028",1569
1,"smsu016","smsu029",1122
1,"smsu016","smsu030",701
1,"smsu016","smsu031",1384
1,"smsu016","smsu032",860
1,"smsu016","smsu033",647
1,"smsu016","smsu034",942
1,"smsu016","smsu035",1598
1,"smsu016","smsu036",879
1,"smsu016","smsu037",1111
1,"smsu016","smsu038",877
1,"smsu016","smsu039",1285
1,"smsu016","smsu040",676
1,"smsu016","smsu041",1420
1,"smsu016","smsu042",701
1,"smsu016","smsu043",220
1,"smsu016","smsu044",410
1,"smsu016","smsu045",886
1,"smsu016","smsu046",1254
1,"smsu016","smsu047",1619
1,"smsu016","smsu048",1433
1,"smsu016","smsu049",1259
1,"smsu016","smsu050",1164
1,"smsu016","smsu051",989
1,"smsu016","smsu052",334
1,"smsu016","smsu053",816
1,"smsu016","smsu054",1350
1,"smsu016","smsu055",1324
1,"smsu016","smsu056",697
1,"smsu016","smsu057",871
1,"smsu016","smsu058",686
1,"smsu016","smsu059",663
1,"smsu016","smsu060",737
1,"smsu016","smsu061",365
1,"smsu016","smsu062",1135
1,"smsu016","smsu063",1197
1,"smsu016","smsu064",454
1,"smsu016","smsu065",1494
1,"smsu016","smsu066",659
1,"smsu016","smsu067",1015
1,"smsu016","smsu068",403
1,"smsu016","smsu069",1358
1,"smsu016","smsu070",862
1,"smsu016","smsu071",1376
1,"smsu016","smsu072",961
1,"smsu016","smsu073",906
1,"smsu016","smsu074",630
1,"smsu016","smsu075",1050
1,"smsu016","smsu076",1393
1,"smsu016","smsu077",1448
1,"smsu016","smsu078",717
1,"smsu016","smsu079",593
1,"smsu016","smsu080",756
1,"smsu016","smsu081",1706
1,"smsu016","smsu082",987
1,"smsu016","smsu083",1083
1,"smsu016","smsu084",654
1,"smsu016","smsu085",1085
1,"smsu016","smsu086",883
1,"smsu016","smsu087",1226
1,"smsu016","smsu088",110
1,"smsu016","smsu089",1237
1,"smsu016","smsu090",1368
1,"smsu016","smsu091",126
1,"smsu016","smsu092",661
1,"smsu016","smsu093",1220
1,"smsu016","smsu094",463
1,"smsu016","smsu095",452
1,"smsu016","smsu096",1275
1,"smsu016","smsu097",1514
1,"smsu016","smsu098",1401
1,"smsu016","smsu099",1147
1,"smsu016","smsu100",656
1,"smsu017","smsu001",1553
1,"smsu017","smsu002",2480
1,"smsu017","smsu003",1830
1,"smsu017","smsu004",1773
1,"smsu017","smsu005",2160
1,"smsu017","smsu006",1585
1,"smsu017","smsu007",1883
1,"smsu017","smsu008",824
1,"smsu017","smsu009",2067
1,"smsu017","smsu010",1517
1,"smsu017","smsu011",1600
1,"smsu017","smsu012",2148
1,"smsu017","smsu013",2027
1,"smsu017","smsu014",1138
1,"smsu017","smsu015",1110
1,"smsu017","smsu016",945
1,"smsu017","smsu017",0
1,"smsu017","smsu018",1979
1,"smsu017","smsu019",1031
1,"smsu017","smsu020",1238
1,"smsu017","smsu021",908
1,"smsu017","smsu022",827
1,"smsu017","smsu023",1689
1,"smsu017","smsu024",1436
1,"smsu017","smsu025",2275
1,"smsu017","smsu026",1559
1,"smsu017","smsu027",1608
1,"smsu017","smsu028",2172
1,"smsu017","smsu029",874
1,"smsu017","smsu030",1593
1,"smsu017","smsu031",2041
1,"smsu017","smsu032",1674
1,"smsu017","smsu033",327
1,"smsu017","smsu034",1329
1,"smsu017","smsu035",1927
1,"smsu017","smsu036",1705
1,"smsu017","smsu037",2009
1,"smsu017","smsu038",1084
1,"smsu017","smsu039",1255
1,"smsu017","smsu040",1519
1,"smsu017","smsu041",1602
1,"smsu017","smsu042",390
1,"smsu017","smsu043",815
1,"smsu017","smsu044",1146
1,"smsu017","smsu045",1716
1,"smsu017","smsu046",1430
1,"smsu017","smsu047",2330
1,"smsu017","smsu048",1401
1,"smsu017","smsu049",1213
1,"smsu017","smsu050",1155
1,"smsu017","smsu051",1205
1,"smsu017","smsu052",1106
1,"smsu017","smsu053",1728
1,"smsu017","smsu054",1339
1,"smsu017","smsu055",2186
1,"smsu017","smsu056",1577
1,"smsu017","smsu057",86
1,"smsu017","smsu058",1594
1,"smsu017","smsu059",429
1,"smsu017","smsu060",1514
1,"smsu017","smsu061",683
1,"smsu017","smsu062",2024
1,"smsu017","smsu063",1537
1,"smsu017","smsu064",1385
1,"smsu017","smsu065",1898
1,"smsu017","smsu066",1430
1,"smsu017","smsu067",1710
1,"smsu017","smsu068",1340
1,"smsu017","smsu069",2227
1,"smsu017","smsu070",472
1,"smsu017","smsu071",2128
1,"smsu017","smsu072",1204
1,"smsu017","smsu073",1833
1,"smsu017","smsu074",456
1,"smsu017","smsu075",1572
1,"smsu017","smsu076",2215
1,"smsu017","smsu077",2334
1,"smsu017","smsu078",379
1,"smsu017","smsu079",1343
1,"smsu017","smsu080",900
1,"smsu017","smsu081",1950
1,"smsu017","smsu082",1916
1,"smsu017","smsu083",1461
1,"smsu017","smsu084",1586
1,"smsu017","smsu085",1904
1,"smsu017","smsu086",1828
1,"smsu017","smsu087",1343
1,"smsu017","smsu088",886
1,"smsu017","smsu089",1984
1,"smsu017","smsu090",1689
1,"smsu017","smsu091",841
1,"smsu017","smsu092",1606
1,"smsu017","smsu093",1508
1,"smsu017","smsu094",1218
1,"smsu017","smsu095",1193
1,"smsu017","smsu096",2085
1,"smsu017","smsu097",1535
1,"smsu017","smsu098",1659
1,"smsu017","smsu099",1096
1,"smsu017","smsu100",1235
1,"smsu018","smsu001",703
1,"smsu018","smsu002",1082
1,"smsu018","smsu003",1725
1,"smsu018","smsu004",923
1,"smsu018","smsu005",628
1,"smsu018","smsu006",429
1,"smsu018","smsu007",125
1,"smsu018","smsu008",1254
1,"smsu018","smsu009",442
1,"smsu018","smsu010",1694
1,"smsu018","smsu011",1891
1,"smsu018","smsu012",531
1,"smsu018","smsu013",1138
1,"smsu018","smsu014",1940
1,"smsu018","smsu015",1600
1,"smsu018","smsu016",1034
1,"smsu018","smsu017",1979
1,"smsu018","smsu018",0
1,"smsu018","smsu019",1023
1,"smsu018","smsu020",1403
1,"smsu018","smsu021",1606
1,"smsu018","smsu022",1307
1,"smsu018","smsu023",410
1,"smsu018","smsu024",583
1,"smsu018","smsu025",725
1,"smsu018","smsu026",420
1,"smsu018","smsu027",769
1,"smsu018","smsu028",1422
1,"smsu018","smsu029",1959
1,"smsu018","smsu030",550
1,"smsu018","smsu031",1218
1,"smsu018","smsu032",734
1,"smsu018","smsu033",1676
1,"smsu018","smsu034",1400
1,"smsu018","smsu035",1819
1,"smsu018","smsu036",700
1,"smsu018","smsu037",454
1,"smsu018","smsu038",1536
1,"smsu018","smsu039",1940
1,"smsu018","smsu040",697
1,"smsu018","smsu041",1854
1,"smsu018","smsu042",1704
1,"smsu018","smsu043",1191
1,"smsu018","smsu044",978
1,"smsu018","smsu045",690
1,"smsu018","smsu046",1757
1,"smsu018","smsu047",1258
1,"smsu018","smsu048",2045
1,"smsu018","smsu049",1934
1,"smsu018","smsu050",1846
1,"smsu018","smsu051",1578
1,"smsu018","smsu052",972
1,"smsu018","smsu053",422
1,"smsu018","smsu054",1970
1,"smsu018","smsu055",695
1,"smsu018","smsu056",590
1,"smsu018","smsu057",1904
1,"smsu018","smsu058",508
1,"smsu018","smsu059",1662
1,"smsu018","smsu060",816
1,"smsu018","smsu061",1348
1,"smsu018","smsu062",505
1,"smsu018","smsu063",1564
1,"smsu018","smsu064",616
1,"smsu018","smsu065",1660
1,"smsu018","smsu066",853
1,"smsu018","smsu067",996
1,"smsu018","smsu068",651
1,"smsu018","smsu069",689
1,"smsu018","smsu070",1831
1,"smsu018","smsu071",1023
1,"smsu018","smsu072",1542
1,"smsu018","smsu073",305
1,"smsu018","smsu074",1626
1,"smsu018","smsu075",1280
1,"smsu018","smsu076",855
1,"smsu018","smsu077",684
1,"smsu018","smsu078",1721
1,"smsu018","smsu079",896
1,"smsu018","smsu080",1533
1,"smsu018","smsu081",1990
1,"smsu018","smsu082",256
1,"smsu018","smsu083",1467
1,"smsu018","smsu084",433
1,"smsu018","smsu085",731
1,"smsu018","smsu086",158
1,"smsu018","smsu087",1789
1,"smsu018","smsu088",1102
1,"smsu018","smsu089",967
1,"smsu018","smsu090",1681
1,"smsu018","smsu091",1142
1,"smsu018","smsu092",374
1,"smsu018","smsu093",1630
1,"smsu018","smsu094",930
1,"smsu018","smsu095",960
1,"smsu018","smsu096",826
1,"smsu018","smsu097",2061
1,"smsu018","smsu098",1768
1,"smsu018","smsu099",1863
1,"smsu018","smsu100",1128
1,"smsu019","smsu001",903
1,"smsu019","smsu002",1823
1,"smsu019","smsu003",1752
1,"smsu019","smsu004",1243
1,"smsu019","smsu005",1399
1,"smsu019","smsu006",723
1,"smsu019","smsu007",909
1,"smsu019","smsu008",628
1,"smsu019","smsu009",1251
1,"smsu019","smsu010",1542
1,"smsu019","smsu011",1718
1,"smsu019","smsu012",1350
1,"smsu019","smsu013",1550
1,"smsu019","smsu014",1492
1,"smsu019","smsu015",1220
1,"smsu019","smsu016",276
1,"smsu019","smsu017",1031
1,"smsu019","smsu018",1023
1,"smsu019","smsu019",0
1,"smsu019","smsu020",1152
1,"smsu019","smsu021",1096
1,"smsu019","smsu022",713
1,"smsu019","smsu023",865
1,"smsu019","smsu024",441
1,"smsu019","smsu025",1524
1,"smsu019","smsu026",631
1,"smsu019","smsu027",1004
1,"smsu019","smsu028",1796
1,"smsu019","smsu029",1368
1,"smsu019","smsu030",566
1,"smsu019","smsu031",1601
1,"smsu019","smsu032",656
1,"smsu019","smsu033",706
1,"smsu019","smsu034",1216
1,"smsu019","smsu035",1866
1,"smsu019","smsu036",683
1,"smsu019","smsu037",1208
1,"smsu019","smsu038",1152
1,"smsu019","smsu039",1555
1,"smsu019","smsu040",489
1,"smsu019","smsu041",1696
1,"smsu019","smsu042",879
1,"smsu019","smsu043",478
1,"smsu019","smsu044",665
1,"smsu019","smsu045",692
1,"smsu019","smsu046",1531
1,"smsu019","smsu047",1813
1,"smsu019","smsu048",1705
1,"smsu019","smsu049",1528
1,"smsu019","smsu050",1433
1,"smsu019","smsu051",1265
1,"smsu019","smsu052",78
1,"smsu019","smsu053",706
1,"smsu019","smsu054",1622
1,"smsu019","smsu055",1448
1,"smsu019","smsu056",546
1,"smsu019","smsu057",948
1,"smsu019","smsu058",572
1,"smsu019","smsu059",849
1,"smsu019","smsu060",943
1,"smsu019","smsu061",351
1,"smsu019","smsu062",1242
1,"smsu019","smsu063",1469
1,"smsu019","smsu064",409
1,"smsu019","smsu065",1756
1,"smsu019","smsu066",424
1,"smsu019","smsu067",1235
1,"smsu019","smsu068",383
1,"smsu019","smsu069",1475
1,"smsu019","smsu070",1062
1,"smsu019","smsu071",1561
1,"smsu019","smsu072",1237
1,"smsu019","smsu073",821
1,"smsu019","smsu074",820
1,"smsu019","smsu075",1307
1,"smsu019","smsu076",1541
1,"smsu019","smsu077",1546
1,"smsu019","smsu078",894
1,"smsu019","smsu079",823
1,"smsu019","smsu080",1024
1,"smsu019","smsu081",1979
1,"smsu019","smsu082",1045
1,"smsu019","smsu083",1354
1,"smsu019","smsu084",730
1,"smsu019","smsu085",1247
1,"smsu019","smsu086",892
1,"smsu019","smsu087",1501
1,"smsu019","smsu088",214
1,"smsu019","smsu089",1429
1,"smsu019","smsu090",1639
1,"smsu019","smsu091",374
1,"smsu019","smsu092",659
1,"smsu019","smsu093",1494
1,"smsu019","smsu094",706
1,"smsu019","smsu095",191
1,"smsu019","smsu096",1434
1,"smsu019","smsu097",1789
1,"smsu019","smsu098",1675
1,"smsu019","smsu099",1413
1,"smsu019","smsu100",921
1,"smsu020","smsu001",706
1,"smsu020","smsu002",1380
1,"smsu020","smsu003",637
1,"smsu020","smsu004",690
1,"smsu020","smsu005",1215
1,"smsu020","smsu006",1003
1,"smsu020","smsu007",1380
1,"smsu020","smsu008",574
1,"smsu020","smsu009",1219
1,"smsu020","smsu010",390
1,"smsu020","smsu011",570
1,"smsu020","smsu012",1255
1,"smsu020","smsu013",854
1,"smsu020","smsu014",554
1,"smsu020","smsu015",227
1,"smsu020","smsu016",877
1,"smsu020","smsu017",1238
1,"smsu020","smsu018",1403
1,"smsu020","smsu019",1152
1,"smsu020","smsu020",0
1,"smsu020","smsu021",364
1,"smsu020","smsu022",506
1,"smsu020","smsu023",994
1,"smsu020","smsu024",1186
1,"smsu020","smsu025",1296
1,"smsu020","smsu026",1101
1,"smsu020","smsu027",673
1,"smsu020","smsu028",945
1,"smsu020","smsu029",667
1,"smsu020","smsu030",1395
1,"smsu020","smsu031",845
1,"smsu020","smsu032",1625
1,"smsu020","smsu033",1138
1,"smsu020","smsu034",92
1,"smsu020","smsu035",748
1,"smsu020","smsu036",1628
1,"smsu020","smsu037",1156
1,"smsu020","smsu038",192
1,"smsu020","smsu039",538
1,"smsu020","smsu040",1442
1,"smsu020","smsu041",546
1,"smsu020","smsu042",849
1,"smsu020","smsu043",714
1,"smsu020","smsu044",526
1,"smsu020","smsu045",1630
1,"smsu020","smsu046",392
1,"smsu020","smsu047",1149
1,"smsu020","smsu048",646
1,"smsu020","smsu049",535
1,"smsu020","smsu050",454
1,"smsu020","smsu051",177
1,"smsu020","smsu052",1201
1,"smsu020","smsu053",1442
1,"smsu020","smsu054",568
1,"smsu020","smsu055",1209
1,"smsu020","smsu056",1412
1,"smsu020","smsu057",1216
1,"smsu020","smsu058",1353
1,"smsu020","smsu059",813
1,"smsu020","smsu060",599
1,"smsu020","smsu061",1111
1,"smsu020","smsu062",1141
1,"smsu020","smsu063",335
1,"smsu020","smsu064",1124
1,"smsu020","smsu065",680
1,"smsu020","smsu066",1483
1,"smsu020","smsu067",599
1,"smsu020","smsu068",1075
1,"smsu020","smsu069",1259
1,"smsu020","smsu070",812
1,"smsu020","smsu071",1000
1,"smsu020","smsu072",142
1,"smsu020","smsu073",1466
1,"smsu020","smsu074",792
1,"smsu020","smsu075",351
1,"smsu020","smsu076",1165
1,"smsu020","smsu077",1389
1,"smsu020","smsu078",859
1,"smsu020","smsu079",512
1,"smsu020","smsu080",344
1,"smsu020","smsu081",835
1,"smsu020","smsu082",1198
1,"smsu020","smsu083",234
1,"smsu020","smsu084",994
1,"smsu020","smsu085",907
1,"smsu020","smsu086",1259
1,"smsu020","smsu087",395
1,"smsu020","smsu088",964
1,"smsu020","smsu089",871
1,"smsu020","smsu090",507
1,"smsu020","smsu091",807
1,"smsu020","smsu092",1157
1,"smsu020","smsu093",345
1,"smsu020","smsu094",529
1,"smsu020","smsu095",1315
1,"smsu020","smsu096",1037
1,"smsu020","smsu097",684
1,"smsu020","smsu098",526
1,"smsu020","smsu099",485
1,"smsu020","smsu100",286
1,"smsu021","smsu001",957
1,"smsu021","smsu002",1732
1,"smsu021","smsu003",923
1,"smsu021","smsu004",1027
1,"smsu021","smsu005",1526
1,"smsu021","smsu006",1181
1,"smsu021","smsu007",1558
1,"smsu021","smsu008",470
1,"smsu021","smsu009",1501
1,"smsu021","smsu010",613
1,"smsu021","smsu011",722
1,"smsu021","smsu012",1552
1,"smsu021","smsu013",1215
1,"smsu021","smsu014",396
1,"smsu021","smsu015",203
1,"smsu021","smsu016",831
1,"smsu021","smsu017",908
1,"smsu021","smsu018",1606
1,"smsu021","smsu019",1096
1,"smsu021","smsu020",364
1,"smsu021","smsu021",0
1,"smsu021","smsu022",385
1,"smsu021","smsu023",1212
1,"smsu021","smsu024",1263
1,"smsu021","smsu025",1618
1,"smsu021","smsu026",1243
1,"smsu021","smsu027",956
1,"smsu021","smsu028",1305
1,"smsu021","smsu029",355
1,"smsu021","smsu030",1474
1,"smsu021","smsu031",1209
1,"smsu021","smsu032",1672
1,"smsu021","smsu033",871
1,"smsu021","smsu034",449
1,"smsu021","smsu035",1021
1,"smsu021","smsu036",1685
1,"smsu021","smsu037",1437
1,"smsu021","smsu038",182
1,"smsu021","smsu039",464
1,"smsu021","smsu040",1485
1,"smsu021","smsu041",716
1,"smsu021","smsu042",532
1,"smsu021","smsu043",618
1,"smsu021","smsu044",633
1,"smsu021","smsu045",1689
1,"smsu021","smsu046",538
1,"smsu021","smsu047",1512
1,"smsu021","smsu048",620
1,"smsu021","smsu049",434
1,"smsu021","smsu050",342
1,"smsu021","smsu051",298
1,"smsu021","smsu052",1161
1,"smsu021","smsu053",1553
1,"smsu021","smsu054",538
1,"smsu021","smsu055",1529
1,"smsu021","smsu056",1481
1,"smsu021","smsu057",900
1,"smsu021","smsu058",1443
1,"smsu021","smsu059",506
1,"smsu021","smsu060",867
1,"smsu021","smsu061",946
1,"smsu021","smsu062",1431
1,"smsu021","smsu063",631
1,"smsu021","smsu064",1198
1,"smsu021","smsu065",992
1,"smsu021","smsu066",1487
1,"smsu021","smsu067",942
1,"smsu021","smsu068",1144
1,"smsu021","smsu069",1578
1,"smsu021","smsu070",457
1,"smsu021","smsu071",1355
1,"smsu021","smsu072",298
1,"smsu021","smsu073",1605
1,"smsu021","smsu074",494
1,"smsu021","smsu075",715
1,"smsu021","smsu076",1504
1,"smsu021","smsu077",1704
1,"smsu021","smsu078",538
1,"smsu021","smsu079",729
1,"smsu021","smsu080",78
1,"smsu021","smsu081",1058
1,"smsu021","smsu082",1437
1,"smsu021","smsu083",564
1,"smsu021","smsu084",1174
1,"smsu021","smsu085",1225
1,"smsu021","smsu086",1451
1,"smsu021","smsu087",467
1,"smsu021","smsu088",884
1,"smsu021","smsu089",1220
1,"smsu021","smsu090",781
1,"smsu021","smsu091",722
1,"smsu021","smsu092",1301
1,"smsu021","smsu093",600
1,"smsu021","smsu094",675
1,"smsu021","smsu095",1281
1,"smsu021","smsu096",1373
1,"smsu021","smsu097",723
1,"smsu021","smsu098",757
1,"smsu021","smsu099",317
1,"smsu021","smsu100",514
1,"smsu022","smsu001",750
1,"smsu022","smsu002",1655
1,"smsu022","smsu003",1144
1,"smsu022","smsu004",946
1,"smsu022","smsu005",1358
1,"smsu022","smsu006",879
1,"smsu022","smsu007",1241
1,"smsu022","smsu008",85
1,"smsu022","smsu009",1290
1,"smsu022","smsu010",880
1,"smsu022","smsu011",1036
1,"smsu022","smsu012",1360
1,"smsu022","smsu013",1206
1,"smsu022","smsu014",781
1,"smsu022","smsu015",516
1,"smsu022","smsu016",445
1,"smsu022","smsu017",827
1,"smsu022","smsu018",1307
1,"smsu022","smsu019",713
1,"smsu022","smsu020",506
1,"smsu022","smsu021",385
1,"smsu022","smsu022",0
1,"smsu022","smsu023",945
1,"smsu022","smsu024",897
1,"smsu022","smsu025",1468
1,"smsu022","smsu026",912
1,"smsu022","smsu027",791
1,"smsu022","smsu028",1373
1,"smsu022","smsu029",693
1,"smsu022","smsu030",1105
1,"smsu022","smsu031",1226
1,"smsu022","smsu032",1293
1,"smsu022","smsu033",655
1,"smsu022","smsu034",591
1,"smsu022","smsu035",1254
1,"smsu022","smsu036",1307
1,"smsu022","smsu037",1229
1,"smsu022","smsu038",450
1,"smsu022","smsu039",843
1,"smsu022","smsu040",1106
1,"smsu022","smsu041",1019
1,"smsu022","smsu042",456
1,"smsu022","smsu043",235
1,"smsu022","smsu044",349
1,"smsu022","smsu045",1312
1,"smsu022","smsu046",845
1,"smsu022","smsu047",1507
1,"smsu022","smsu048",994
1,"smsu022","smsu049",816
1,"smsu022","smsu050",721
1,"smsu022","smsu051",575
1,"smsu022","smsu052",777
1,"smsu022","smsu053",1196
1,"smsu022","smsu054",910
1,"smsu022","smsu055",1377
1,"smsu022","smsu056",1109
1,"smsu022","smsu057",783
1,"smsu022","smsu058",1078
1,"smsu022","smsu059",411
1,"smsu022","smsu060",696
1,"smsu022","smsu061",608
1,"smsu022","smsu062",1235
1,"smsu022","smsu063",841
1,"smsu022","smsu064",833
1,"smsu022","smsu065",1180
1,"smsu022","smsu066",1103
1,"smsu022","smsu067",885
1,"smsu022","smsu068",778
1,"smsu022","smsu069",1421
1,"smsu022","smsu070",534
1,"smsu022","smsu071",1301
1,"smsu022","smsu072",552
1,"smsu022","smsu073",1261
1,"smsu022","smsu074",378
1,"smsu022","smsu075",784
1,"smsu022","smsu076",1394
1,"smsu022","smsu077",1536
1,"smsu022","smsu078",471
1,"smsu022","smsu079",526
1,"smsu022","smsu080",311
1,"smsu022","smsu081",1334
1,"smsu022","smsu082",1178
1,"smsu022","smsu083",738
1,"smsu022","smsu084",876
1,"smsu022","smsu085",1086
1,"smsu022","smsu086",1149
1,"smsu022","smsu087",802
1,"smsu022","smsu088",503
1,"smsu022","smsu089",1157
1,"smsu022","smsu090",1012
1,"smsu022","smsu091",340
1,"smsu022","smsu092",969
1,"smsu022","smsu093",844
1,"smsu022","smsu094",416
1,"smsu022","smsu095",896
1,"smsu022","smsu096",1263
1,"smsu022","smsu097",1083
1,"smsu022","smsu098",1023
1,"smsu022","smsu099",702
1,"smsu022","smsu100",413
1,"smsu023","smsu001",295
1,"smsu023","smsu002",972
1,"smsu023","smsu003",1342
1,"smsu023","smsu004",569
1,"smsu023","smsu005",534
1,"smsu023","smsu006",147
1,"smsu023","smsu007",405
1,"smsu023","smsu008",905
1,"smsu023","smsu009",392
1,"smsu023","smsu010",1289
1,"smsu023","smsu011",1486
1,"smsu023","smsu012",487
1,"smsu023","smsu013",837
1,"smsu023","smsu014",1534
1,"smsu023","smsu015",1194
1,"smsu023","smsu016",772
1,"smsu023","smsu017",1689
1,"smsu023","smsu018",410
1,"smsu023","smsu019",865
1,"smsu023","smsu020",994
1,"smsu023","smsu021",1212
1,"smsu023","smsu022",945
1,"smsu023","smsu023",0
1,"smsu023","smsu024",511
1,"smsu023","smsu025",659
1,"smsu023","smsu026",283
1,"smsu023","smsu027",372
1,"smsu023","smsu028",1121
1,"smsu023","smsu029",1567
1,"smsu023","smsu030",627
1,"smsu023","smsu031",911
1,"smsu023","smsu032",877
1,"smsu023","smsu033",1413
1,"smsu023","smsu034",990
1,"smsu023","smsu035",1441
1,"smsu023","smsu036",859
1,"smsu023","smsu037",344
1,"smsu023","smsu038",1131
1,"smsu023","smsu039",1531
1,"smsu023","smsu040",753
1,"smsu023","smsu041",1451
1,"smsu023","smsu042",1374
1,"smsu023","smsu043",875
1,"smsu023","smsu044",600
1,"smsu023","smsu045",854
1,"smsu023","smsu046",1348
1,"smsu023","smsu047",1033
1,"smsu023","smsu048",1636
1,"smsu023","smsu049",1526
1,"smsu023","smsu050",1439
1,"smsu023","smsu051",1169
1,"smsu023","smsu052",843
1,"smsu023","smsu053",584
1,"smsu023","smsu054",1560
1,"smsu023","smsu055",585
1,"smsu023","smsu056",664
1,"smsu023","smsu057",1623
1,"smsu023","smsu058",572
1,"smsu023","smsu059",1330
1,"smsu023","smsu060",408
1,"smsu023","smsu061",1128
1,"smsu023","smsu062",376
1,"smsu023","smsu063",1161
1,"smsu023","smsu064",497
1,"smsu023","smsu065",1288
1,"smsu023","smsu066",882
1,"smsu023","smsu067",623
1,"smsu023","smsu068",497
1,"smsu023","smsu069",610
1,"smsu023","smsu070",1478
1,"smsu023","smsu071",776
1,"smsu023","smsu072",1134
1,"smsu023","smsu073",545
1,"smsu023","smsu074",1294
1,"smsu023","smsu075",883
1,"smsu023","smsu076",696
1,"smsu023","smsu077",683
1,"smsu023","smsu078",1391
1,"smsu023","smsu079",490
1,"smsu023","smsu080",1141
1,"smsu023","smsu081",1606
1,"smsu023","smsu082",233
1,"smsu023","smsu083",1061
1,"smsu023","smsu084",138
1,"smsu023","smsu085",446
1,"smsu023","smsu086",275
1,"smsu023","smsu087",1379
1,"smsu023","smsu088",865
1,"smsu023","smsu089",676
1,"smsu023","smsu090",1286
1,"smsu023","smsu091",854
1,"smsu023","smsu092",303
1,"smsu023","smsu093",1225
1,"smsu023","smsu094",543
1,"smsu023","smsu095",883
1,"smsu023","smsu096",609
1,"smsu023","smsu097",1653
1,"smsu023","smsu098",1369
1,"smsu023","smsu099",1458
1,"smsu023","smsu100",721
1,"smsu024","smsu001",673
1,"smsu024","smsu002",1480
1,"smsu024","smsu003",1691
1,"smsu024","smsu004",1019
1,"smsu024","smsu005",1029
1,"smsu024","smsu006",367
1,"smsu024","smsu007",468
1,"smsu024","smsu008",823
1,"smsu024","smsu009",861
1,"smsu024","smsu010",1554
1,"smsu024","smsu011",1747
1,"smsu024","smsu012",964
1,"smsu024","smsu013",1315
1,"smsu024","smsu014",1646
1,"smsu024","smsu015",1326
1,"smsu024","smsu016",512
1,"smsu024","smsu017",1436
1,"smsu024","smsu018",583
1,"smsu024","smsu019",441
1,"smsu024","smsu020",1186
1,"smsu024","smsu021",1263
1,"smsu024","smsu022",897
1,"smsu024","smsu023",511
1,"smsu024","smsu024",0
1,"smsu024","smsu025",1152
1,"smsu024","smsu026",231
1,"smsu024","smsu027",781
1,"smsu024","smsu028",1590
1,"smsu024","smsu029",1590
1,"smsu024","smsu030",212
1,"smsu024","smsu031",1381
1,"smsu024","smsu032",443
1,"smsu024","smsu033",1119
1,"smsu024","smsu034",1221
1,"smsu024","smsu035",1801
1,"smsu024","smsu036",443
1,"smsu024","smsu037",829
1,"smsu024","smsu038",1255
1,"smsu024","smsu039",1680
1,"smsu024","smsu040",273
1,"smsu024","smsu041",1717
1,"smsu024","smsu042",1212
1,"smsu024","smsu043",714
1,"smsu024","smsu044",663
1,"smsu024","smsu045",445
1,"smsu024","smsu046",1577
1,"smsu024","smsu047",1537
1,"smsu024","smsu048",1814
1,"smsu024","smsu049",1662
1,"smsu024","smsu050",1567
1,"smsu024","smsu051",1339
1,"smsu024","smsu052",389
1,"smsu024","smsu053",305
1,"smsu024","smsu054",1731
1,"smsu024","smsu055",1086
1,"smsu024","smsu056",226
1,"smsu024","smsu057",1357
1,"smsu024","smsu058",181
1,"smsu024","smsu059",1174
1,"smsu024","smsu060",758
1,"smsu024","smsu061",777
1,"smsu024","smsu062",871
1,"smsu024","smsu063",1449
1,"smsu024","smsu064",65
1,"smsu024","smsu065",1665
1,"smsu024","smsu066",376
1,"smsu024","smsu067",1044
1,"smsu024","smsu068",119
1,"smsu024","smsu069",1104
1,"smsu024","smsu070",1369
1,"smsu024","smsu071",1279
1,"smsu024","smsu072",1305
1,"smsu024","smsu073",398
1,"smsu024","smsu074",1141
1,"smsu024","smsu075",1218
1,"smsu024","smsu076",1206
1,"smsu024","smsu077",1155
1,"smsu024","smsu078",1229
1,"smsu024","smsu079",715
1,"smsu024","smsu080",1185
1,"smsu024","smsu081",1944
1,"smsu024","smsu082",638
1,"smsu024","smsu083",1335
1,"smsu024","smsu084",378
1,"smsu024","smsu085",948
1,"smsu024","smsu086",461
1,"smsu024","smsu087",1576
1,"smsu024","smsu088",551
1,"smsu024","smsu089",1166
1,"smsu024","smsu090",1604
1,"smsu024","smsu091",635
1,"smsu024","smsu092",237
1,"smsu024","smsu093",1495
1,"smsu024","smsu094",658
1,"smsu024","smsu095",391
1,"smsu024","smsu096",1119
1,"smsu024","smsu097",1868
1,"smsu024","smsu098",1665
1,"smsu024","smsu099",1565
1,"smsu024","smsu100",906
1,"smsu025","smsu001",722
1,"smsu025","smsu002",357
1,"smsu025","smsu003",1329
1,"smsu025","smsu004",609
1,"smsu025","smsu005",125
1,"smsu025","smsu006",804
1,"smsu025","smsu007",829
1,"smsu025","smsu008",1454
1,"smsu025","smsu009",298
1,"smsu025","smsu010",1432
1,"smsu025","smsu011",1602
1,"smsu025","smsu012",198
1,"smsu025","smsu013",614
1,"smsu025","smsu014",1838
1,"smsu025","smsu015",1523
1,"smsu025","smsu016",1408
1,"smsu025","smsu017",2275
1,"smsu025","smsu018",725
1,"smsu025","smsu019",1524
1,"smsu025","smsu020",1296
1,"smsu025","smsu021",1618
1,"smsu025","smsu022",1468
1,"smsu025","smsu023",659
1,"smsu025","smsu024",1152
1,"smsu025","smsu025",0
1,"smsu025","smsu026",922
1,"smsu025","smsu027",679
1,"smsu025","smsu028",846
1,"smsu025","smsu029",1957
1,"smsu025","smsu030",1215
1,"smsu025","smsu031",689
1,"smsu025","smsu032",1437
1,"smsu025","smsu033",2028
1,"smsu025","smsu034",1246
1,"smsu025","smsu035",1391
1,"smsu025","smsu036",1408
1,"smsu025","smsu037",323
1,"smsu025","smsu038",1480
1,"smsu025","smsu039",1792
1,"smsu025","smsu040",1358
1,"smsu025","smsu041",1563
1,"smsu025","smsu042",1922
1,"smsu025","smsu043",1468
1,"smsu025","smsu044",1130
1,"smsu025","smsu045",1399
1,"smsu025","smsu046",1533
1,"smsu025","smsu047",593
1,"smsu025","smsu048",1848
1,"smsu025","smsu049",1802
1,"smsu025","smsu050",1735
1,"smsu025","smsu051",1460
1,"smsu025","smsu052",1502
1,"smsu025","smsu053",1118
1,"smsu025","smsu054",1791
1,"smsu025","smsu055",91
1,"smsu025","smsu056",1256
1,"smsu025","smsu057",2217
1,"smsu025","smsu058",1162
1,"smsu025","smsu059",1877
1,"smsu025","smsu060",774
1,"smsu025","smsu061",1771
1,"smsu025","smsu062",284
1,"smsu025","smsu063",1293
1,"smsu025","smsu064",1148
1,"smsu025","smsu065",1229
1,"smsu025","smsu066",1503
1,"smsu025","smsu067",704
1,"smsu025","smsu068",1154
1,"smsu025","smsu069",50
1,"smsu025","smsu070",1985
1,"smsu025","smsu071",432
1,"smsu025","smsu072",1429
1,"smsu025","smsu073",1020
1,"smsu025","smsu074",1844
1,"smsu025","smsu075",1015
1,"smsu025","smsu076",193
1,"smsu025","smsu077",110
1,"smsu025","smsu078",1938
1,"smsu025","smsu079",942
1,"smsu025","smsu080",1564
1,"smsu025","smsu081",1575
1,"smsu025","smsu082",528
1,"smsu025","smsu083",1238
1,"smsu025","smsu084",796
1,"smsu025","smsu085",394
1,"smsu025","smsu086",740
1,"smsu025","smsu087",1601
1,"smsu025","smsu088",1509
1,"smsu025","smsu089",480
1,"smsu025","smsu090",1343
1,"smsu025","smsu091",1470
1,"smsu025","smsu092",920
1,"smsu025","smsu093",1372
1,"smsu025","smsu094",1058
1,"smsu025","smsu095",1536
1,"smsu025","smsu096",277
1,"smsu025","smsu097",1813
1,"smsu025","smsu098",1448
1,"smsu025","smsu099",1776
1,"smsu025","smsu100",1112
1,"smsu026","smsu001",492
1,"smsu026","smsu002",1249
1,"smsu026","smsu003",1544
1,"smsu026","smsu004",821
1,"smsu026","smsu005",799
1,"smsu026","smsu006",147
1,"smsu026","smsu007",332
1,"smsu026","smsu008",851
1,"smsu026","smsu009",633
1,"smsu026","smsu010",1443
1,"smsu026","smsu011",1640
1,"smsu026","smsu012",736
1,"smsu026","smsu013",1107
1,"smsu026","smsu014",1605
1,"smsu026","smsu015",1270
1,"smsu026","smsu016",614
1,"smsu026","smsu017",1559
1,"smsu026","smsu018",420
1,"smsu026","smsu019",631
1,"smsu026","smsu020",1101
1,"smsu026","smsu021",1243
1,"smsu026","smsu022",912
1,"smsu026","smsu023",283
1,"smsu026","smsu024",231
1,"smsu026","smsu025",922
1,"smsu026","smsu026",0
1,"smsu026","smsu027",594
1,"smsu026","smsu028",1388
1,"smsu026","smsu029",1588
1,"smsu026","smsu030",355
1,"smsu026","smsu031",1177
1,"smsu026","smsu032",609
1,"smsu026","smsu033",1258
1,"smsu026","smsu034",1120
1,"smsu026","smsu035",1650
1,"smsu026","smsu036",596
1,"smsu026","smsu037",599
1,"smsu026","smsu038",1202
1,"smsu026","smsu039",1623
1,"smsu026","smsu040",472
1,"smsu026","smsu041",1608
1,"smsu026","smsu042",1290
1,"smsu026","smsu043",776
1,"smsu026","smsu044",612
1,"smsu026","smsu045",593
1,"smsu026","smsu046",1482
1,"smsu026","smsu047",1315
1,"smsu026","smsu048",1745
1,"smsu026","smsu049",1610
1,"smsu026","smsu050",1517
1,"smsu026","smsu051",1267
1,"smsu026","smsu052",595
1,"smsu026","smsu053",350
1,"smsu026","smsu054",1664
1,"smsu026","smsu055",856
1,"smsu026","smsu056",389
1,"smsu026","smsu057",1485
1,"smsu026","smsu058",301
1,"smsu026","smsu059",1248
1,"smsu026","smsu060",592
1,"smsu026","smsu061",937
1,"smsu026","smsu062",640
1,"smsu026","smsu063",1327
1,"smsu026","smsu064",230
1,"smsu026","smsu065",1506
1,"smsu026","smsu066",598
1,"smsu026","smsu067",859
1,"smsu026","smsu068",248
1,"smsu026","smsu069",874
1,"smsu026","smsu070",1425
1,"smsu026","smsu071",1058
1,"smsu026","smsu072",1232
1,"smsu026","smsu073",367
1,"smsu026","smsu074",1213
1,"smsu026","smsu075",1072
1,"smsu026","smsu076",976
1,"smsu026","smsu077",929
1,"smsu026","smsu078",1307
1,"smsu026","smsu079",596
1,"smsu026","smsu080",1167
1,"smsu026","smsu081",1804
1,"smsu026","smsu082",416
1,"smsu026","smsu083",1218
1,"smsu026","smsu084",159
1,"smsu026","smsu085",727
1,"smsu026","smsu086",270
1,"smsu026","smsu087",1496
1,"smsu026","smsu088",685
1,"smsu026","smsu089",952
1,"smsu026","smsu090",1470
1,"smsu026","smsu091",723
1,"smsu026","smsu092",58
1,"smsu026","smsu093",1382
1,"smsu026","smsu094",581
1,"smsu026","smsu095",616
1,"smsu026","smsu096",892
1,"smsu026","smsu097",1782
1,"smsu026","smsu098",1542
1,"smsu026","smsu099",1525
1,"smsu026","smsu100",815
1,"smsu027","smsu001",108
1,"smsu027","smsu002",880
1,"smsu027","smsu003",970
1,"smsu027","smsu004",243
1,"smsu027","smsu005",576
1,"smsu027","smsu006",452
1,"smsu027","smsu007",777
1,"smsu027","smsu008",783
1,"smsu027","smsu009",549
1,"smsu027","smsu010",927
1,"smsu027","smsu011",1123
1,"smsu027","smsu012",596
1,"smsu027","smsu013",549
1,"smsu027","smsu014",1226
1,"smsu027","smsu015",892
1,"smsu027","smsu016",812
1,"smsu027","smsu017",1608
1,"smsu027","smsu018",769
1,"smsu027","smsu019",1004
1,"smsu027","smsu020",673
1,"smsu027","smsu021",956
1,"smsu027","smsu022",791
1,"smsu027","smsu023",372
1,"smsu027","smsu024",781
1,"smsu027","smsu025",679
1,"smsu027","smsu026",594
1,"smsu027","smsu027",0
1,"smsu027","smsu028",812
1,"smsu027","smsu029",1305
1,"smsu027","smsu030",947
1,"smsu027","smsu031",607
1,"smsu027","smsu032",1201
1,"smsu027","smsu033",1382
1,"smsu027","smsu034",650
1,"smsu027","smsu035",1070
1,"smsu027","smsu036",1190
1,"smsu027","smsu037",486
1,"smsu027","smsu038",838
1,"smsu027","smsu039",1206
1,"smsu027","smsu040",1050
1,"smsu027","smsu041",1086
1,"smsu027","smsu042",1246
1,"smsu027","smsu043",819
1,"smsu027","smsu044",465
1,"smsu027","smsu045",1187
1,"smsu027","smsu046",996
1,"smsu027","smsu047",811
1,"smsu027","smsu048",1296
1,"smsu027","smsu049",1207
1,"smsu027","smsu050",1126
1,"smsu027","smsu051",849
1,"smsu027","smsu052",1010
1,"smsu027","smsu053",934
1,"smsu027","smsu054",1225
1,"smsu027","smsu055",588
1,"smsu027","smsu056",979
1,"smsu027","smsu057",1555
1,"smsu027","smsu058",894
1,"smsu027","smsu059",1201
1,"smsu027","smsu060",95
1,"smsu027","smsu061",1171
1,"smsu027","smsu062",476
1,"smsu027","smsu063",795
1,"smsu027","smsu064",741
1,"smsu027","smsu065",919
1,"smsu027","smsu066",1152
1,"smsu027","smsu067",265
1,"smsu027","smsu068",716
1,"smsu027","smsu069",634
1,"smsu027","smsu070",1305
1,"smsu027","smsu071",565
1,"smsu027","smsu072",814
1,"smsu027","smsu073",912
1,"smsu027","smsu074",1168
1,"smsu027","smsu075",512
1,"smsu027","smsu076",608
1,"smsu027","smsu077",755
1,"smsu027","smsu078",1262
1,"smsu027","smsu079",265
1,"smsu027","smsu080",896
1,"smsu027","smsu081",1234
1,"smsu027","smsu082",538
1,"smsu027","smsu083",701
1,"smsu027","smsu084",440
1,"smsu027","smsu085",296
1,"smsu027","smsu086",646
1,"smsu027","smsu087",1038
1,"smsu027","smsu088",921
1,"smsu027","smsu089",427
1,"smsu027","smsu090",915
1,"smsu027","smsu091",843
1,"smsu027","smsu092",636
1,"smsu027","smsu093",863
1,"smsu027","smsu094",392
1,"smsu027","smsu095",1085
1,"smsu027","smsu096",480
1,"smsu027","smsu097",1300
1,"smsu027","smsu098",1000
1,"smsu027","smsu099",1156
1,"smsu027","smsu100",442
1,"smsu028","smsu001",920
1,"smsu028","smsu002",670
1,"smsu028","smsu003",593
1,"smsu028","smsu004",571
1,"smsu028","smsu005",864
1,"smsu028","smsu006",1241
1,"smsu028","smsu007",1481
1,"smsu028","smsu008",1409
1,"smsu028","smsu009",1011
1,"smsu028","smsu010",835
1,"smsu028","smsu011",937
1,"smsu028","smsu012",962
1,"smsu028","smsu013",286
1,"smsu028","smsu014",1341
1,"smsu028","smsu015",1129
1,"smsu028","smsu016",1569
1,"smsu028","smsu017",2172
1,"smsu028","smsu018",1422
1,"smsu028","smsu019",1796
1,"smsu028","smsu020",945
1,"smsu028","smsu021",1305
1,"smsu028","smsu022",1373
1,"smsu028","smsu023",1121
1,"smsu028","smsu024",1590
1,"smsu028","smsu025",846
1,"smsu028","smsu026",1388
1,"smsu028","smsu027",812
1,"smsu028","smsu028",0
1,"smsu028","smsu029",1554
1,"smsu028","smsu030",1742
1,"smsu028","smsu031",211
1,"smsu028","smsu032",1995
1,"smsu028","smsu033",2028
1,"smsu028","smsu034",857
1,"smsu028","smsu035",612
1,"smsu028","smsu036",1979
1,"smsu028","smsu037",978
1,"smsu028","smsu038",1125
1,"smsu028","smsu039",1253
1,"smsu028","smsu040",1856
1,"smsu028","smsu041",901
1,"smsu028","smsu042",1782
1,"smsu028","smsu043",1505
1,"smsu028","smsu044",1165
1,"smsu028","smsu045",1974
1,"smsu028","smsu046",957
1,"smsu028","smsu047",319
1,"smsu028","smsu048",1243
1,"smsu028","smsu049",1279
1,"smsu028","smsu050",1249
1,"smsu028","smsu051",1035
1,"smsu028","smsu052",1811
1,"smsu028","smsu053",1704
1,"smsu028","smsu054",1216
1,"smsu028","smsu055",808
1,"smsu028","smsu056",1776
1,"smsu028","smsu057",2142
1,"smsu028","smsu058",1687
1,"smsu028","smsu059",1743
1,"smsu028","smsu060",856
1,"smsu028","smsu061",1902
1,"smsu028","smsu062",930
1,"smsu028","smsu063",728
1,"smsu028","smsu064",1553
1,"smsu028","smsu065",474
1,"smsu028","smsu066",1963
1,"smsu028","smsu067",562
1,"smsu028","smsu068",1528
1,"smsu028","smsu069",846
1,"smsu028","smsu070",1758
1,"smsu028","smsu071",421
1,"smsu028","smsu072",1020
1,"smsu028","smsu073",1652
1,"smsu028","smsu074",1718
1,"smsu028","smsu075",601
1,"smsu028","smsu076",654
1,"smsu028","smsu077",954
1,"smsu028","smsu078",1794
1,"smsu028","smsu079",978
1,"smsu028","smsu080",1289
1,"smsu028","smsu081",787
1,"smsu028","smsu082",1167
1,"smsu028","smsu083",752
1,"smsu028","smsu084",1229
1,"smsu028","smsu085",695
1,"smsu028","smsu086",1355
1,"smsu028","smsu087",1054
1,"smsu028","smsu088",1678
1,"smsu028","smsu089",456
1,"smsu028","smsu090",674
1,"smsu028","smsu091",1563
1,"smsu028","smsu092",1420
1,"smsu028","smsu093",797
1,"smsu028","smsu094",1107
1,"smsu028","smsu095",1893
1,"smsu028","smsu096",616
1,"smsu028","smsu097",1161
1,"smsu028","smsu098",776
1,"smsu028","smsu099",1309
1,"smsu028","smsu100",967
1,"smsu029","smsu001",1311
1,"smsu029","smsu002",2044
1,"smsu029","smsu003",1073
1,"smsu029","smsu004",1355
1,"smsu029","smsu005",1869
1,"smsu029","smsu006",1532
1,"smsu029","smsu007",1908
1,"smsu029","smsu008",770
1,"smsu029","smsu009",1852
1,"smsu029","smsu010",755
1,"smsu029","smsu011",775
1,"smsu029","smsu012",1900
1,"smsu029","smsu013",1509
1,"smsu029","smsu014",276
1,"smsu029","smsu015",444
1,"smsu029","smsu016",1122
1,"smsu029","smsu017",874
1,"smsu029","smsu018",1959
1,"smsu029","smsu019",1368
1,"smsu029","smsu020",667
1,"smsu029","smsu021",355
1,"smsu029","smsu022",693
1,"smsu029","smsu023",1567
1,"smsu029","smsu024",1590
1,"smsu029","smsu025",1957
1,"smsu029","smsu026",1588
1,"smsu029","smsu027",1305
1,"smsu029","smsu028",1554
1,"smsu029","smsu029",0
1,"smsu029","smsu030",1798
1,"smsu029","smsu031",1491
1,"smsu029","smsu032",1981
1,"smsu029","smsu033",965
1,"smsu029","smsu034",734
1,"smsu029","smsu035",1149
1,"smsu029","smsu036",1997
1,"smsu029","smsu037",1788
1,"smsu029","smsu038",478
1,"smsu029","smsu039",397
1,"smsu029","smsu040",1795
1,"smsu029","smsu041",788
1,"smsu029","smsu042",597
1,"smsu029","smsu043",902
1,"smsu029","smsu044",982
1,"smsu029","smsu045",2003
1,"smsu029","smsu046",641
1,"smsu029","smsu047",1795
1,"smsu029","smsu048",531
1,"smsu029","smsu049",355
1,"smsu029","smsu050",328
1,"smsu029","smsu051",526
1,"smsu029","smsu052",1439
1,"smsu029","smsu053",1887
1,"smsu029","smsu054",479
1,"smsu029","smsu055",1868
1,"smsu029","smsu056",1802
1,"smsu029","smsu057",900
1,"smsu029","smsu058",1771
1,"smsu029","smsu059",597
1,"smsu029","smsu060",1218
1,"smsu029","smsu061",1149
1,"smsu029","smsu062",1780
1,"smsu029","smsu063",831
1,"smsu029","smsu064",1525
1,"smsu029","smsu065",1169
1,"smsu029","smsu066",1779
1,"smsu029","smsu067",1265
1,"smsu029","smsu068",1471
1,"smsu029","smsu069",1918
1,"smsu029","smsu070",420
1,"smsu029","smsu071",1665
1,"smsu029","smsu072",549
1,"smsu029","smsu073",1946
1,"smsu029","smsu074",608
1,"smsu029","smsu075",1001
1,"smsu029","smsu076",1831
1,"smsu029","smsu077",2046
1,"smsu029","smsu078",592
1,"smsu029","smsu079",1083
1,"smsu029","smsu080",426
1,"smsu029","smsu081",1128
1,"smsu029","smsu082",1792
1,"smsu029","smsu083",806
1,"smsu029","smsu084",1526
1,"smsu029","smsu085",1564
1,"smsu029","smsu086",1804
1,"smsu029","smsu087",540
1,"smsu029","smsu088",1154
1,"smsu029","smsu089",1537
1,"smsu029","smsu090",938
1,"smsu029","smsu091",1002
1,"smsu029","smsu092",1646
1,"smsu029","smsu093",772
1,"smsu029","smsu094",1028
1,"smsu029","smsu095",1558
1,"smsu029","smsu096",1703
1,"smsu029","smsu097",670
1,"smsu029","smsu098",875
1,"smsu029","smsu099",262
1,"smsu029","smsu100",865
1,"smsu030","smsu001",843
1,"smsu030","smsu002",1560
1,"smsu030","smsu003",1884
1,"smsu030","smsu004",1176
1,"smsu030","smsu005",1098
1,"smsu030","smsu006",501
1,"smsu030","smsu007",425
1,"smsu030","smsu008",1029
1,"smsu030","smsu009",916
1,"smsu030","smsu010",1759
1,"smsu030","smsu011",1953
1,"smsu030","smsu012",1019
1,"smsu030","smsu013",1461
1,"smsu030","smsu014",1858
1,"smsu030","smsu015",1538
1,"smsu030","smsu016",701
1,"smsu030","smsu017",1593
1,"smsu030","smsu018",550
1,"smsu030","smsu019",566
1,"smsu030","smsu020",1395
1,"smsu030","smsu021",1474
1,"smsu030","smsu022",1105
1,"smsu030","smsu023",627
1,"smsu030","smsu024",212
1,"smsu030","smsu025",1215
1,"smsu030","smsu026",355
1,"smsu030","smsu027",947
1,"smsu030","smsu028",1742
1,"smsu030","smsu029",1798
1,"smsu030","smsu030",0
1,"smsu030","smsu031",1532
1,"smsu030","smsu032",254
1,"smsu030","smsu033",1270
1,"smsu030","smsu034",1427
1,"smsu030","smsu035",1992
1,"smsu030","smsu036",244
1,"smsu030","smsu037",898
1,"smsu030","smsu038",1467
1,"smsu030","smsu039",1892
1,"smsu030","smsu040",148
1,"smsu030","smsu041",1923
1,"smsu030","smsu042",1398
1,"smsu030","smsu043",912
1,"smsu030","smsu044",875
1,"smsu030","smsu045",242
1,"smsu030","smsu046",1785
1,"smsu030","smsu047",1658
1,"smsu030","smsu048",2025
1,"smsu030","smsu049",1874
1,"smsu030","smsu050",1779
1,"smsu030","smsu051",1550
1,"smsu030","smsu052",496
1,"smsu030","smsu053",148
1,"smsu030","smsu054",1943
1,"smsu030","smsu055",1161
1,"smsu030","smsu056",41
1,"smsu030","smsu057",1511
1,"smsu030","smsu058",55
1,"smsu030","smsu059",1362
1,"smsu030","smsu060",938
1,"smsu030","smsu061",916
1,"smsu030","smsu062",945
1,"smsu030","smsu063",1651
1,"smsu030","smsu064",276
1,"smsu030","smsu065",1851
1,"smsu030","smsu066",303
1,"smsu030","smsu067",1213
1,"smsu030","smsu068",330
1,"smsu030","smsu069",1170
1,"smsu030","smsu070",1563
1,"smsu030","smsu071",1402
1,"smsu030","smsu072",1516
1,"smsu030","smsu073",276
1,"smsu030","smsu074",1330
1,"smsu030","smsu075",1410
1,"smsu030","smsu076",1298
1,"smsu030","smsu077",1199
1,"smsu030","smsu078",1415
1,"smsu030","smsu079",914
1,"smsu030","smsu080",1396
1,"smsu030","smsu081",2140
1,"smsu030","smsu082",687
1,"smsu030","smsu083",1538
1,"smsu030","smsu084",514
1,"smsu030","smsu085",1072
1,"smsu030","smsu086",478
1,"smsu030","smsu087",1786
1,"smsu030","smsu088",721
1,"smsu030","smsu089",1303
1,"smsu030","smsu090",1802
1,"smsu030","smsu091",827
1,"smsu030","smsu092",324
1,"smsu030","smsu093",1699
1,"smsu030","smsu094",866
1,"smsu030","smsu095",444
1,"smsu030","smsu096",1227
1,"smsu030","smsu097",2078
1,"smsu030","smsu098",1867
1,"smsu030","smsu099",1776
1,"smsu030","smsu100",1113
1,"smsu031","smsu001",715
1,"smsu031","smsu002",595
1,"smsu031","smsu003",654
1,"smsu031","smsu004",365
1,"smsu031","smsu005",686
1,"smsu031","smsu006",1030
1,"smsu031","smsu007",1274
1,"smsu031","smsu008",1253
1,"smsu031","smsu009",818
1,"smsu031","smsu010",825
1,"smsu031","smsu011",965
1,"smsu031","smsu012",779
1,"smsu031","smsu013",81
1,"smsu031","smsu014",1305
1,"smsu031","smsu015",1051
1,"smsu031","smsu016",1384
1,"smsu031","smsu017",2041
1,"smsu031","smsu018",1218
1,"smsu031","smsu019",1601
1,"smsu031","smsu020",845
1,"smsu031","smsu021",1209
1,"smsu031","smsu022",1226
1,"smsu031","smsu023",911
1,"smsu031","smsu024",1381
1,"smsu031","smsu025",689
1,"smsu031","smsu026",1177
1,"smsu031","smsu027",607
1,"smsu031","smsu028",211
1,"smsu031","smsu029",1491
1,"smsu031","smsu030",1532
1,"smsu031","smsu031",0
1,"smsu031","smsu032",1784
1,"smsu031","smsu033",1875
1,"smsu031","smsu034",764
1,"smsu031","smsu035",706
1,"smsu031","smsu036",1768
1,"smsu031","smsu037",780
1,"smsu031","smsu038",1035
1,"smsu031","smsu039",1231
1,"smsu031","smsu040",1646
1,"smsu031","smsu041",926
1,"smsu031","smsu042",1653
1,"smsu031","smsu043",1336
1,"smsu031","smsu044",987
1,"smsu031","smsu045",1763
1,"smsu031","smsu046",942
1,"smsu031","smsu047",305
1,"smsu031","smsu048",1248
1,"smsu031","smsu049",1251
1,"smsu031","smsu050",1207
1,"smsu031","smsu051",964
1,"smsu031","smsu052",1613
1,"smsu031","smsu053",1494
1,"smsu031","smsu054",1208
1,"smsu031","smsu055",637
1,"smsu031","smsu056",1566
1,"smsu031","smsu057",2005
1,"smsu031","smsu058",1477
1,"smsu031","smsu059",1612
1,"smsu031","smsu060",658
1,"smsu031","smsu061",1726
1,"smsu031","smsu062",735
1,"smsu031","smsu063",698
1,"smsu031","smsu064",1345
1,"smsu031","smsu065",547
1,"smsu031","smsu066",1756
1,"smsu031","smsu067",369
1,"smsu031","smsu068",1322
1,"smsu031","smsu069",680
1,"smsu031","smsu070",1649
1,"smsu031","smsu071",258
1,"smsu031","smsu072",943
1,"smsu031","smsu073",1443
1,"smsu031","smsu074",1585
1,"smsu031","smsu075",495
1,"smsu031","smsu076",498
1,"smsu031","smsu077",799
1,"smsu031","smsu078",1666
1,"smsu031","smsu079",792
1,"smsu031","smsu080",1181
1,"smsu031","smsu081",890
1,"smsu031","smsu082",963
1,"smsu031","smsu083",689
1,"smsu031","smsu084",1018
1,"smsu031","smsu085",488
1,"smsu031","smsu086",1146
1,"smsu031","smsu087",1030
1,"smsu031","smsu088",1494
1,"smsu031","smsu089",252
1,"smsu031","smsu090",696
1,"smsu031","smsu091",1387
1,"smsu031","smsu092",1209
1,"smsu031","smsu093",775
1,"smsu031","smsu094",925
1,"smsu031","smsu095",1692
1,"smsu031","smsu096",433
1,"smsu031","smsu097",1186
1,"smsu031","smsu098",803
1,"smsu031","smsu099",1262
1,"smsu031","smsu100",813
1,"smsu032","smsu001",1096
1,"smsu032","smsu002",1788
1,"smsu032","smsu003",2132
1,"smsu032","smsu004",1430
1,"smsu032","smsu005",1325
1,"smsu032","smsu006",755
1,"smsu032","smsu007",616
1,"smsu032","smsu008",1212
1,"smsu032","smsu009",1140
1,"smsu032","smsu010",1996
1,"smsu032","smsu011",2189
1,"smsu032","smsu012",1240
1,"smsu032","smsu013",1713
1,"smsu032","smsu014",2063
1,"smsu032","smsu015",1753
1,"smsu032","smsu016",860
1,"smsu032","smsu017",1674
1,"smsu032","smsu018",734
1,"smsu032","smsu019",656
1,"smsu032","smsu020",1625
1,"smsu032","smsu021",1672
1,"smsu032","smsu022",1293
1,"smsu032","smsu023",877
1,"smsu032","smsu024",443
1,"smsu032","smsu025",1437
1,"smsu032","smsu026",609
1,"smsu032","smsu027",1201
1,"smsu032","smsu028",1995
1,"smsu032","smsu029",1981
1,"smsu032","smsu030",254
1,"smsu032","smsu031",1784
1,"smsu032","smsu032",0
1,"smsu032","smsu033",1347
1,"smsu032","smsu034",1663
1,"smsu032","smsu035",2241
1,"smsu032","smsu036",41
1,"smsu032","smsu037",1129
1,"smsu032","smsu038",1682
1,"smsu032","smsu039",2106
1,"smsu032","smsu040",187
1,"smsu032","smsu041",2160
1,"smsu032","smsu042",1532
1,"smsu032","smsu043",1080
1,"smsu032","smsu044",1100
1,"smsu032","smsu045",55
1,"smsu032","smsu046",2016
1,"smsu032","smsu047",1904
1,"smsu032","smsu048",2244
1,"smsu032","smsu049",2086
1,"smsu032","smsu050",1990
1,"smsu032","smsu051",1774
1,"smsu032","smsu052",578
1,"smsu032","smsu053",319
1,"smsu032","smsu054",2161
1,"smsu032","smsu055",1390
1,"smsu032","smsu056",224
1,"smsu032","smsu057",1589
1,"smsu032","smsu058",308
1,"smsu032","smsu059",1500
1,"smsu032","smsu060",1190
1,"smsu032","smsu061",992
1,"smsu032","smsu062",1177
1,"smsu032","smsu063",1892
1,"smsu032","smsu064",502
1,"smsu032","smsu065",2103
1,"smsu032","smsu066",247
1,"smsu032","smsu067",1467
1,"smsu032","smsu068",550
1,"smsu032","smsu069",1395
1,"smsu032","smsu070",1709
1,"smsu032","smsu071",1649
1,"smsu032","smsu072",1740
1,"smsu032","smsu073",429
1,"smsu032","smsu074",1470
1,"smsu032","smsu075",1659
1,"smsu032","smsu076",1534
1,"smsu032","smsu077",1411
1,"smsu032","smsu078",1547
1,"smsu032","smsu079",1158
1,"smsu032","smsu080",1595
1,"smsu032","smsu081",2387
1,"smsu032","smsu082",913
1,"smsu032","smsu083",1779
1,"smsu032","smsu084",767
1,"smsu032","smsu085",1321
1,"smsu032","smsu086",699
1,"smsu032","smsu087",2012
1,"smsu032","smsu088",851
1,"smsu032","smsu089",1554
1,"smsu032","smsu090",2047
1,"smsu032","smsu091",984
1,"smsu032","smsu092",575
1,"smsu032","smsu093",1938
1,"smsu032","smsu094",1099
1,"smsu032","smsu095",481
1,"smsu032","smsu096",1470
1,"smsu032","smsu097",2304
1,"smsu032","smsu098",2109
1,"smsu032","smsu099",1982
1,"smsu032","smsu100",1347
1,"smsu033","smsu001",1313
1,"smsu033","smsu002",2261
1,"smsu033","smsu003",1767
1,"smsu033","smsu004",1573
1,"smsu033","smsu005",1908
1,"smsu033","smsu006",1298
1,"smsu033","smsu007",1574
1,"smsu033","smsu008",622
1,"smsu033","smsu009",1799
1,"smsu033","smsu010",1475
1,"smsu033","smsu011",1594
1,"smsu033","smsu012",1887
1,"smsu033","smsu013",1850
1,"smsu033","smsu014",1192
1,"smsu033","smsu015",1068
1,"smsu033","smsu016",647
1,"smsu033","smsu017",327
1,"smsu033","smsu018",1676
1,"smsu033","smsu019",706
1,"smsu033","smsu020",1138
1,"smsu033","smsu021",871
1,"smsu033","smsu022",655
1,"smsu033","smsu023",1413
1,"smsu033","smsu024",1119
1,"smsu033","smsu025",2028
1,"smsu033","smsu026",1258
1,"smsu033","smsu027",1382
1,"smsu033","smsu028",2028
1,"smsu033","smsu029",965
1,"smsu033","smsu030",1270
1,"smsu033","smsu031",1875
1,"smsu033","smsu032",1347
1,"smsu033","smsu033",0
1,"smsu033","smsu034",1228
1,"smsu033","smsu035",1873
1,"smsu033","smsu036",1378
1,"smsu033","smsu037",1745
1,"smsu033","smsu038",1023
1,"smsu033","smsu039",1296
1,"smsu033","smsu040",1192
1,"smsu033","smsu041",1587
1,"smsu033","smsu042",369
1,"smsu033","smsu043",563
1,"smsu033","smsu044",919
1,"smsu033","smsu045",1388
1,"smsu033","smsu046",1409
1,"smsu033","smsu047",2148
1,"smsu033","smsu048",1452
1,"smsu033","smsu049",1257
1,"smsu033","smsu050",1181
1,"smsu033","smsu051",1154
1,"smsu033","smsu052",779
1,"smsu033","smsu053",1407
1,"smsu033","smsu054",1378
1,"smsu033","smsu055",1940
1,"smsu033","smsu056",1252
1,"smsu033","smsu057",243
1,"smsu033","smsu058",1272
1,"smsu033","smsu059",378
1,"smsu033","smsu060",1292
1,"smsu033","smsu061",356
1,"smsu033","smsu062",1764
1,"smsu033","smsu063",1465
1,"smsu033","smsu064",1072
1,"smsu033","smsu065",1818
1,"smsu033","smsu066",1103
1,"smsu033","smsu067",1523
1,"smsu033","smsu068",1029
1,"smsu033","smsu069",1979
1,"smsu033","smsu070",552
1,"smsu033","smsu071",1928
1,"smsu033","smsu072",1143
1,"smsu033","smsu073",1515
1,"smsu033","smsu074",381
1,"smsu033","smsu075",1439
1,"smsu033","smsu076",1988
1,"smsu033","smsu077",2077
1,"smsu033","smsu078",373
1,"smsu033","smsu079",1123
1,"smsu033","smsu080",836
1,"smsu033","smsu081",1926
1,"smsu033","smsu082",1633
1,"smsu033","smsu083",1371
1,"smsu033","smsu084",1300
1,"smsu033","smsu085",1674
1,"smsu033","smsu086",1528
1,"smsu033","smsu087",1337
1,"smsu033","smsu088",574
1,"smsu033","smsu089",1783
1,"smsu033","smsu090",1630
1,"smsu033","smsu091",560
1,"smsu033","smsu092",1301
1,"smsu033","smsu093",1452
1,"smsu033","smsu094",990
1,"smsu033","smsu095",866
1,"smsu033","smsu096",1861
1,"smsu033","smsu097",1573
1,"smsu033","smsu098",1620
1,"smsu033","smsu099",1132
1,"smsu033","smsu100",1063
1,"smsu034","smsu001",697
1,"smsu034","smsu002",1311
1,"smsu034","smsu003",554
1,"smsu034","smsu004",637
1,"smsu034","smsu005",1171
1,"smsu034","smsu006",1013
1,"smsu034","smsu007",1385
1,"smsu034","smsu008",654
1,"smsu034","smsu009",1189
1,"smsu034","smsu010",334
1,"smsu034","smsu011",526
1,"smsu034","smsu012",1218
1,"smsu034","smsu013",777
1,"smsu034","smsu014",592
1,"smsu034","smsu015",290
1,"smsu034","smsu016",942
1,"smsu034","smsu017",1329
1,"smsu034","smsu018",1400
1,"smsu034","smsu019",1216
1,"smsu034","smsu020",92
1,"smsu034","smsu021",449
1,"smsu034","smsu022",591
1,"smsu034","smsu023",990
1,"smsu034","smsu024",1221
1,"smsu034","smsu025",1246
1,"smsu034","smsu026",1120
1,"smsu034","smsu027",650
1,"smsu034","smsu028",857
1,"smsu034","smsu029",734
1,"smsu034","smsu030",1427
1,"smsu034","smsu031",764
1,"smsu034","smsu032",1663
1,"smsu034","smsu033",1228
1,"smsu034","smsu034",0
1,"smsu034","smsu035",666
1,"smsu034","smsu036",1664
1,"smsu034","smsu037",1127
1,"smsu034","smsu038",271
1,"smsu034","smsu039",558
1,"smsu034","smsu040",1483
1,"smsu034","smsu041",497
1,"smsu034","smsu042",941
1,"smsu034","smsu043",790
1,"smsu034","smsu044",572
1,"smsu034","smsu045",1666
1,"smsu034","smsu046",363
1,"smsu034","smsu047",1069
1,"smsu034","smsu048",647
1,"smsu034","smsu049",562
1,"smsu034","smsu050",490
1,"smsu034","smsu051",215
1,"smsu034","smsu052",1261
1,"smsu034","smsu053",1466
1,"smsu034","smsu054",575
1,"smsu034","smsu055",1161
1,"smsu034","smsu056",1447
1,"smsu034","smsu057",1308
1,"smsu034","smsu058",1384
1,"smsu034","smsu059",905
1,"smsu034","smsu060",586
1,"smsu034","smsu061",1191
1,"smsu034","smsu062",1108
1,"smsu034","smsu063",256
1,"smsu034","smsu064",1161
1,"smsu034","smsu065",591
1,"smsu034","smsu066",1531
1,"smsu034","smsu067",543
1,"smsu034","smsu068",1114
1,"smsu034","smsu069",1211
1,"smsu034","smsu070",901
1,"smsu034","smsu071",931
1,"smsu034","smsu072",186
1,"smsu034","smsu073",1482
1,"smsu034","smsu074",884
1,"smsu034","smsu075",270
1,"smsu034","smsu076",1107
1,"smsu034","smsu077",1343
1,"smsu034","smsu078",951
1,"smsu034","smsu079",524
1,"smsu034","smsu080",434
1,"smsu034","smsu081",764
1,"smsu034","smsu082",1185
1,"smsu034","smsu083",147
1,"smsu034","smsu084",1004
1,"smsu034","smsu085",863
1,"smsu034","smsu086",1260
1,"smsu034","smsu087",390
1,"smsu034","smsu088",1034
1,"smsu034","smsu089",806
1,"smsu034","smsu090",428
1,"smsu034","smsu091",881
1,"smsu034","smsu092",1175
1,"smsu034","smsu093",280
1,"smsu034","smsu094",564
1,"smsu034","smsu095",1372
1,"smsu034","smsu096",981
1,"smsu034","smsu097",665
1,"smsu034","smsu098",460
1,"smsu034","smsu099",530
1,"smsu034","smsu100",316
1,"smsu035","smsu001",1163
1,"smsu035","smsu002",1276
1,"smsu035","smsu003",113
1,"smsu035","smsu004",898
1,"smsu035","smsu005",1374
1,"smsu035","smsu006",1516
1,"smsu035","smsu007",1843
1,"smsu035","smsu008",1320
1,"smsu035","smsu009",1476
1,"smsu035","smsu010",410
1,"smsu035","smsu011",394
1,"smsu035","smsu012",1458
1,"smsu035","smsu013",778
1,"smsu035","smsu014",887
1,"smsu035","smsu015",818
1,"smsu035","smsu016",1598
1,"smsu035","smsu017",1927
1,"smsu035","smsu018",1819
1,"smsu035","smsu019",1866
1,"smsu035","smsu020",748
1,"smsu035","smsu021",1021
1,"smsu035","smsu022",1254
1,"smsu035","smsu023",1441
1,"smsu035","smsu024",1801
1,"smsu035","smsu025",1391
1,"smsu035","smsu026",1650
1,"smsu035","smsu027",1070
1,"smsu035","smsu028",612
1,"smsu035","smsu029",1149
1,"smsu035","smsu030",1992
1,"smsu035","smsu031",706
1,"smsu035","smsu032",2241
1,"smsu035","smsu033",1873
1,"smsu035","smsu034",666
1,"smsu035","smsu035",0
1,"smsu035","smsu036",2235
1,"smsu035","smsu037",1427
1,"smsu035","smsu038",852
1,"smsu035","smsu039",774
1,"smsu035","smsu040",2073
1,"smsu035","smsu041",370
1,"smsu035","smsu042",1552
1,"smsu035","smsu043",1456
1,"smsu035","smsu044",1203
1,"smsu035","smsu045",2234
1,"smsu035","smsu046",510
1,"smsu035","smsu047",930
1,"smsu035","smsu048",711
1,"smsu035","smsu049",811
1,"smsu035","smsu050",821
1,"smsu035","smsu051",725
1,"smsu035","smsu052",1905
1,"smsu035","smsu053",1998
1,"smsu035","smsu054",712
1,"smsu035","smsu055",1332
1,"smsu035","smsu056",2018
1,"smsu035","smsu057",1920
1,"smsu035","smsu058",1942
1,"smsu035","smsu059",1523
1,"smsu035","smsu060",1058
1,"smsu035","smsu061",1857
1,"smsu035","smsu062",1389
1,"smsu035","smsu063",413
1,"smsu035","smsu064",1748
1,"smsu035","smsu065",164
1,"smsu035","smsu066",2144
1,"smsu035","smsu067",823
1,"smsu035","smsu068",1708
1,"smsu035","smsu069",1378
1,"smsu035","smsu070",1464
1,"smsu035","smsu071",964
1,"smsu035","smsu072",732
1,"smsu035","smsu073",1982
1,"smsu035","smsu074",1508
1,"smsu035","smsu075",582
1,"smsu035","smsu076",1204
1,"smsu035","smsu077",1501
1,"smsu035","smsu078",1559
1,"smsu035","smsu079",1088
1,"smsu035","smsu080",1041
1,"smsu035","smsu081",184
1,"smsu035","smsu082",1568
1,"smsu035","smsu083",520
1,"smsu035","smsu084",1505
1,"smsu035","smsu085",1117
1,"smsu035","smsu086",1711
1,"smsu035","smsu087",609
1,"smsu035","smsu088",1694
1,"smsu035","smsu089",923
1,"smsu035","smsu090",243
1,"smsu035","smsu091",1544
1,"smsu035","smsu092",1697
1,"smsu035","smsu093",422
1,"smsu035","smsu094",1175
1,"smsu035","smsu095",2010
1,"smsu035","smsu096",1124
1,"smsu035","smsu097",597
1,"smsu035","smsu098",274
1,"smsu035","smsu099",887
1,"smsu035","smsu100",944
1,"smsu036","smsu001",1086
1,"smsu036","smsu002",1760
1,"smsu036","smsu003",2127
1,"smsu036","smsu004",1416
1,"smsu036","smsu005",1298
1,"smsu036","smsu006",741
1,"smsu036","smsu007",584
1,"smsu036","smsu008",1227
1,"smsu036","smsu009",1111
1,"smsu036","smsu010",1997
1,"smsu036","smsu011",2190
1,"smsu036","smsu012",1211
1,"smsu036","smsu013",1696
1,"smsu036","smsu014",2074
1,"smsu036","smsu015",1761
1,"smsu036","smsu016",879
1,"smsu036","smsu017",1705
1,"smsu036","smsu018",700
1,"smsu036","smsu019",683
1,"smsu036","smsu020",1628
1,"smsu036","smsu021",1685
1,"smsu036","smsu022",1307
1,"smsu036","smsu023",859
1,"smsu036","smsu024",443
1,"smsu036","smsu025",1408
1,"smsu036","smsu026",596
1,"smsu036","smsu027",1190
1,"smsu036","smsu028",1979
1,"smsu036","smsu029",1997
1,"smsu036","smsu030",244
1,"smsu036","smsu031",1768
1,"smsu036","smsu032",41
1,"smsu036","smsu033",1378
1,"smsu036","smsu034",1664
1,"smsu036","smsu035",2235
1,"smsu036","smsu036",0
1,"smsu036","smsu037",1102
1,"smsu036","smsu038",1690
1,"smsu036","smsu039",2115
1,"smsu036","smsu040",203
1,"smsu036","smsu041",2161
1,"smsu036","smsu042",1556
1,"smsu036","smsu043",1098
1,"smsu036","smsu044",1104
1,"smsu036","smsu045",13
1,"smsu036","smsu046",2020
1,"smsu036","smsu047",1882
1,"smsu036","smsu048",2252
1,"smsu036","smsu049",2095
1,"smsu036","smsu050",1999
1,"smsu036","smsu051",1779
1,"smsu036","smsu052",605
1,"smsu036","smsu053",291
1,"smsu036","smsu054",2169
1,"smsu036","smsu055",1363
1,"smsu036","smsu056",219
1,"smsu036","smsu057",1620
1,"smsu036","smsu058",296
1,"smsu036","smsu059",1523
1,"smsu036","smsu060",1182
1,"smsu036","smsu061",1022
1,"smsu036","smsu062",1151
1,"smsu036","smsu063",1891
1,"smsu036","smsu064",504
1,"smsu036","smsu065",2095
1,"smsu036","smsu066",282
1,"smsu036","smsu067",1455
1,"smsu036","smsu068",554
1,"smsu036","smsu069",1367
1,"smsu036","smsu070",1732
1,"smsu036","smsu071",1628
1,"smsu036","smsu072",1746
1,"smsu036","smsu073",395
1,"smsu036","smsu074",1492
1,"smsu036","smsu075",1654
1,"smsu036","smsu076",1509
1,"smsu036","smsu077",1379
1,"smsu036","smsu078",1571
1,"smsu036","smsu079",1156
1,"smsu036","smsu080",1607
1,"smsu036","smsu081",2383
1,"smsu036","smsu082",885
1,"smsu036","smsu083",1778
1,"smsu036","smsu084",753
1,"smsu036","smsu085",1301
1,"smsu036","smsu086",672
1,"smsu036","smsu087",2017
1,"smsu036","smsu088",874
1,"smsu036","smsu089",1535
1,"smsu036","smsu090",2044
1,"smsu036","smsu091",1003
1,"smsu036","smsu092",559
1,"smsu036","smsu093",1938
1,"smsu036","smsu094",1101
1,"smsu036","smsu095",512
1,"smsu036","smsu096",1447
1,"smsu036","smsu097",2309
1,"smsu036","smsu098",2107
1,"smsu036","smsu099",1993
1,"smsu036","smsu100",1349
1,"smsu037","smsu001",485
1,"smsu037","smsu002",661
1,"smsu037","smsu003",1344
1,"smsu037","smsu004",539
1,"smsu037","smsu005",201
1,"smsu037","smsu006",485
1,"smsu037","smsu007",537
1,"smsu037","smsu008",1202
1,"smsu037","smsu009",63
1,"smsu037","smsu010",1373
1,"smsu037","smsu011",1561
1,"smsu037","smsu012",144
1,"smsu037","smsu013",699
1,"smsu037","smsu014",1710
1,"smsu037","smsu015",1377
1,"smsu037","smsu016",1111
1,"smsu037","smsu017",2009
1,"smsu037","smsu018",454
1,"smsu037","smsu019",1208
1,"smsu037","smsu020",1156
1,"smsu037","smsu021",1437
1,"smsu037","smsu022",1229
1,"smsu037","smsu023",344
1,"smsu037","smsu024",829
1,"smsu037","smsu025",323
1,"smsu037","smsu026",599
1,"smsu037","smsu027",486
1,"smsu037","smsu028",978
1,"smsu037","smsu029",1788
1,"smsu037","smsu030",898
1,"smsu037","smsu031",780
1,"smsu037","smsu032",1129
1,"smsu037","smsu033",1745
1,"smsu037","smsu034",1127
1,"smsu037","smsu035",1427
1,"smsu037","smsu036",1102
1,"smsu037","smsu037",0
1,"smsu037","smsu038",1323
1,"smsu037","smsu039",1685
1,"smsu037","smsu040",1040
1,"smsu037","smsu041",1523
1,"smsu037","smsu042",1675
1,"smsu037","smsu043",1195
1,"smsu037","smsu044",881
1,"smsu037","smsu045",1094
1,"smsu037","smsu046",1457
1,"smsu037","smsu047",804
1,"smsu037","smsu048",1765
1,"smsu037","smsu049",1687
1,"smsu037","smsu050",1609
1,"smsu037","smsu051",1331
1,"smsu037","smsu052",1183
1,"smsu037","smsu053",811
1,"smsu037","smsu054",1698
1,"smsu037","smsu055",263
1,"smsu037","smsu056",939
1,"smsu037","smsu057",1946
1,"smsu037","smsu058",845
1,"smsu037","smsu059",1630
1,"smsu037","smsu060",570
1,"smsu037","smsu061",1470
1,"smsu037","smsu062",51
1,"smsu037","smsu063",1235
1,"smsu037","smsu064",826
1,"smsu037","smsu065",1264
1,"smsu037","smsu066",1183
1,"smsu037","smsu067",629
1,"smsu037","smsu068",834
1,"smsu037","smsu069",275
1,"smsu037","smsu070",1759
1,"smsu037","smsu071",570
1,"smsu037","smsu072",1297
1,"smsu037","smsu073",725
1,"smsu037","smsu074",1595
1,"smsu037","smsu075",944
1,"smsu037","smsu076",408
1,"smsu037","smsu077",339
1,"smsu037","smsu078",1692
1,"smsu037","smsu079",718
1,"smsu037","smsu080",1374
1,"smsu037","smsu081",1606
1,"smsu037","smsu082",217
1,"smsu037","smsu083",1156
1,"smsu037","smsu084",478
1,"smsu037","smsu085",310
1,"smsu037","smsu086",431
1,"smsu037","smsu087",1509
1,"smsu037","smsu088",1207
1,"smsu037","smsu089",529
1,"smsu037","smsu090",1324
1,"smsu037","smsu091",1184
1,"smsu037","smsu092",598
1,"smsu037","smsu093",1310
1,"smsu037","smsu094",813
1,"smsu037","smsu095",1214
1,"smsu037","smsu096",372
1,"smsu037","smsu097",1755
1,"smsu037","smsu098",1421
1,"smsu037","smsu099",1640
1,"smsu037","smsu100",924
1,"smsu038","smsu001",856
1,"smsu038","smsu002",1571
1,"smsu038","smsu003",750
1,"smsu038","smsu004",878
1,"smsu038","smsu005",1394
1,"smsu038","smsu006",1120
1,"smsu038","smsu007",1500
1,"smsu038","smsu008",532
1,"smsu038","smsu009",1387
1,"smsu038","smsu010",452
1,"smsu038","smsu011",588
1,"smsu038","smsu012",1429
1,"smsu038","smsu013",1045
1,"smsu038","smsu014",405
1,"smsu038","smsu015",71
1,"smsu038","smsu016",877
1,"smsu038","smsu017",1084
1,"smsu038","smsu018",1536
1,"smsu038","smsu019",1152
1,"smsu038","smsu020",192
1,"smsu038","smsu021",182
1,"smsu038","smsu022",450
1,"smsu038","smsu023",1131
1,"smsu038","smsu024",1255
1,"smsu038","smsu025",1480
1,"smsu038","smsu026",1202
1,"smsu038","smsu027",838
1,"smsu038","smsu028",1125
1,"smsu038","smsu029",478
1,"smsu038","smsu030",1467
1,"smsu038","smsu031",1035
1,"smsu038","smsu032",1682
1,"smsu038","smsu033",1023
1,"smsu038","smsu034",271
1,"smsu038","smsu035",852
1,"smsu038","smsu036",1690
1,"smsu038","smsu037",1323
1,"smsu038","smsu038",0
1,"smsu038","smsu039",425
1,"smsu038","smsu040",1496
1,"smsu038","smsu041",575
1,"smsu038","smsu042",702
1,"smsu038","smsu043",683
1,"smsu038","smsu044",595
1,"smsu038","smsu045",1694
1,"smsu038","smsu046",398
1,"smsu038","smsu047",1339
1,"smsu038","smsu048",563
1,"smsu038","smsu049",410
1,"smsu038","smsu050",316
1,"smsu038","smsu051",131
1,"smsu038","smsu052",1210
1,"smsu038","smsu053",1530
1,"smsu038","smsu054",479
1,"smsu038","smsu055",1391
1,"smsu038","smsu056",1479
1,"smsu038","smsu057",1071
1,"smsu038","smsu058",1430
1,"smsu038","smsu059",671
1,"smsu038","smsu060",756
1,"smsu038","smsu061",1052
1,"smsu038","smsu062",1312
1,"smsu038","smsu063",453
1,"smsu038","smsu064",1191
1,"smsu038","smsu065",814
1,"smsu038","smsu066",1517
1,"smsu038","smsu067",788
1,"smsu038","smsu068",1139
1,"smsu038","smsu069",1441
1,"smsu038","smsu070",639
1,"smsu038","smsu071",1192
1,"smsu038","smsu072",121
1,"smsu038","smsu073",1568
1,"smsu038","smsu074",656
1,"smsu038","smsu075",540
1,"smsu038","smsu076",1354
1,"smsu038","smsu077",1570
1,"smsu038","smsu078",710
1,"smsu038","smsu079",641
1,"smsu038","smsu080",189
1,"smsu038","smsu081",905
1,"smsu038","smsu082",1347
1,"smsu038","smsu083",382
1,"smsu038","smsu084",1113
1,"smsu038","smsu085",1088
1,"smsu038","smsu086",1386
1,"smsu038","smsu087",351
1,"smsu038","smsu088",948
1,"smsu038","smsu089",1062
1,"smsu038","smsu090",610
1,"smsu038","smsu091",785
1,"smsu038","smsu092",1260
1,"smsu038","smsu093",430
1,"smsu038","smsu094",620
1,"smsu038","smsu095",1328
1,"smsu038","smsu096",1225
1,"smsu038","smsu097",637
1,"smsu038","smsu098",597
1,"smsu038","smsu099",328
1,"smsu038","smsu100",410
1,"smsu039","smsu001",1244
1,"smsu039","smsu002",1816
1,"smsu039","smsu003",713
1,"smsu039","smsu004",1185
1,"smsu039","smsu005",1724
1,"smsu039","smsu006",1534
1,"smsu039","smsu007",1913
1,"smsu039","smsu008",927
1,"smsu039","smsu009",1746
1,"smsu039","smsu010",418
1,"smsu039","smsu011",386
1,"smsu039","smsu012",1774
1,"smsu039","smsu013",1267
1,"smsu039","smsu014",121
1,"smsu039","smsu015",355
1,"smsu039","smsu016",1285
1,"smsu039","smsu017",1255
1,"smsu039","smsu018",1940
1,"smsu039","smsu019",1555
1,"smsu039","smsu020",538
1,"smsu039","smsu021",464
1,"smsu039","smsu022",843
1,"smsu039","smsu023",1531
1,"smsu039","smsu024",1680
1,"smsu039","smsu025",1792
1,"smsu039","smsu026",1623
1,"smsu039","smsu027",1206
1,"smsu039","smsu028",1253
1,"smsu039","smsu029",397
1,"smsu039","smsu030",1892
1,"smsu039","smsu031",1231
1,"smsu039","smsu032",2106
1,"smsu039","smsu033",1296
1,"smsu039","smsu034",558
1,"smsu039","smsu035",774
1,"smsu039","smsu036",2115
1,"smsu039","smsu037",1685
1,"smsu039","smsu038",425
1,"smsu039","smsu039",0
1,"smsu039","smsu040",1919
1,"smsu039","smsu041",404
1,"smsu039","smsu042",931
1,"smsu039","smsu043",1078
1,"smsu039","smsu044",1020
1,"smsu039","smsu045",2118
1,"smsu039","smsu046",296
1,"smsu039","smsu047",1527
1,"smsu039","smsu048",157
1,"smsu039","smsu049",42
1,"smsu039","smsu050",123
1,"smsu039","smsu051",362
1,"smsu039","smsu052",1618
1,"smsu039","smsu053",1955
1,"smsu039","smsu054",84
1,"smsu039","smsu055",1709
1,"smsu039","smsu056",1904
1,"smsu039","smsu057",1270
1,"smsu039","smsu058",1855
1,"smsu039","smsu059",917
1,"smsu039","smsu060",1136
1,"smsu039","smsu061",1408
1,"smsu039","smsu062",1666
1,"smsu039","smsu063",533
1,"smsu039","smsu064",1616
1,"smsu039","smsu065",821
1,"smsu039","smsu066",1935
1,"smsu039","smsu067",1089
1,"smsu039","smsu068",1564
1,"smsu039","smsu069",1760
1,"smsu039","smsu070",785
1,"smsu039","smsu071",1442
1,"smsu039","smsu072",398
1,"smsu039","smsu073",1989
1,"smsu039","smsu074",917
1,"smsu039","smsu075",780
1,"smsu039","smsu076",1641
1,"smsu039","smsu077",1892
1,"smsu039","smsu078",931
1,"smsu039","smsu079",1046
1,"smsu039","smsu080",533
1,"smsu039","smsu081",735
1,"smsu039","smsu082",1736
1,"smsu039","smsu083",558
1,"smsu039","smsu084",1526
1,"smsu039","smsu085",1417
1,"smsu039","smsu086",1794
1,"smsu039","smsu087",201
1,"smsu039","smsu088",1345
1,"smsu039","smsu089",1333
1,"smsu039","smsu090",591
1,"smsu039","smsu091",1182
1,"smsu039","smsu092",1680
1,"smsu039","smsu093",458
1,"smsu039","smsu094",1042
1,"smsu039","smsu095",1737
1,"smsu039","smsu096",1521
1,"smsu039","smsu097",281
1,"smsu039","smsu098",509
1,"smsu039","smsu099",164
1,"smsu039","smsu100",815
1,"smsu040","smsu001",943
1,"smsu040","smsu002",1701
1,"smsu040","smsu003",1963
1,"smsu040","smsu004",1286
1,"smsu040","smsu005",1240
1,"smsu040","smsu006",619
1,"smsu040","smsu007",573
1,"smsu040","smsu008",1026
1,"smsu040","smsu009",1060
1,"smsu040","smsu010",1817
1,"smsu040","smsu011",2008
1,"smsu040","smsu012",1163
1,"smsu040","smsu013",1578
1,"smsu040","smsu014",1876
1,"smsu040","smsu015",1567
1,"smsu040","smsu016",676
1,"smsu040","smsu017",1519
1,"smsu040","smsu018",697
1,"smsu040","smsu019",489
1,"smsu040","smsu020",1442
1,"smsu040","smsu021",1485
1,"smsu040","smsu022",1106
1,"smsu040","smsu023",753
1,"smsu040","smsu024",273
1,"smsu040","smsu025",1358
1,"smsu040","smsu026",472
1,"smsu040","smsu027",1050
1,"smsu040","smsu028",1856
1,"smsu040","smsu029",1795
1,"smsu040","smsu030",148
1,"smsu040","smsu031",1646
1,"smsu040","smsu032",187
1,"smsu040","smsu033",1192
1,"smsu040","smsu034",1483
1,"smsu040","smsu035",2073
1,"smsu040","smsu036",203
1,"smsu040","smsu037",1040
1,"smsu040","smsu038",1496
1,"smsu040","smsu039",1919
1,"smsu040","smsu040",0
1,"smsu040","smsu041",1980
1,"smsu040","smsu042",1356
1,"smsu040","smsu043",895
1,"smsu040","smsu044",916
1,"smsu040","smsu045",210
1,"smsu040","smsu046",1834
1,"smsu040","smsu047",1786
1,"smsu040","smsu048",2058
1,"smsu040","smsu049",1899
1,"smsu040","smsu050",1803
1,"smsu040","smsu051",1589
1,"smsu040","smsu052",413
1,"smsu040","smsu053",285
1,"smsu040","smsu054",1975
1,"smsu040","smsu055",1302
1,"smsu040","smsu056",108
1,"smsu040","smsu057",1435
1,"smsu040","smsu058",197
1,"smsu040","smsu059",1323
1,"smsu040","smsu060",1031
1,"smsu040","smsu061",836
1,"smsu040","smsu062",1086
1,"smsu040","smsu063",1716
1,"smsu040","smsu064",325
1,"smsu040","smsu065",1938
1,"smsu040","smsu066",156
1,"smsu040","smsu067",1315
1,"smsu040","smsu068",369
1,"smsu040","smsu069",1313
1,"smsu040","smsu070",1530
1,"smsu040","smsu071",1529
1,"smsu040","smsu072",1556
1,"smsu040","smsu073",415
1,"smsu040","smsu074",1292
1,"smsu040","smsu075",1490
1,"smsu040","smsu076",1436
1,"smsu040","smsu077",1345
1,"smsu040","smsu078",1372
1,"smsu040","smsu079",986
1,"smsu040","smsu080",1408
1,"smsu040","smsu081",2214
1,"smsu040","smsu082",831
1,"smsu040","smsu083",1602
1,"smsu040","smsu084",630
1,"smsu040","smsu085",1198
1,"smsu040","smsu086",624
1,"smsu040","smsu087",1827
1,"smsu040","smsu088",673
1,"smsu040","smsu089",1424
1,"smsu040","smsu090",1873
1,"smsu040","smsu091",801
1,"smsu040","smsu092",452
1,"smsu040","smsu093",1760
1,"smsu040","smsu094",919
1,"smsu040","smsu095",335
1,"smsu040","smsu096",1360
1,"smsu040","smsu097",2120
1,"smsu040","smsu098",1932
1,"smsu040","smsu099",1795
1,"smsu040","smsu100",1167
1,"smsu041","smsu001",1156
1,"smsu041","smsu002",1521
1,"smsu041","smsu003",322
1,"smsu041","smsu004",987
1,"smsu041","smsu005",1518
1,"smsu041","smsu006",1492
1,"smsu041","smsu007",1854
1,"smsu041","smsu008",1096
1,"smsu041","smsu009",1580
1,"smsu041","smsu010",165
1,"smsu041","smsu011",39
1,"smsu041","smsu012",1585
1,"smsu041","smsu013",979
1,"smsu041","smsu014",520
1,"smsu041","smsu015",522
1,"smsu041","smsu016",1420
1,"smsu041","smsu017",1602
1,"smsu041","smsu018",1854
1,"smsu041","smsu019",1696
1,"smsu041","smsu020",546
1,"smsu041","smsu021",716
1,"smsu041","smsu022",1019
1,"smsu041","smsu023",1451
1,"smsu041","smsu024",1717
1,"smsu041","smsu025",1563
1,"smsu041","smsu026",1608
1,"smsu041","smsu027",1086
1,"smsu041","smsu028",901
1,"smsu041","smsu029",788
1,"smsu041","smsu030",1923
1,"smsu041","smsu031",926
1,"smsu041","smsu032",2160
1,"smsu041","smsu033",1587
1,"smsu041","smsu034",497
1,"smsu041","smsu035",370
1,"smsu041","smsu036",2161
1,"smsu041","smsu037",1523
1,"smsu041","smsu038",575
1,"smsu041","smsu039",404
1,"smsu041","smsu040",1980
1,"smsu041","smsu041",0
1,"smsu041","smsu042",1243
1,"smsu041","smsu043",1244
1,"smsu041","smsu044",1067
1,"smsu041","smsu045",2162
1,"smsu041","smsu046",179
1,"smsu041","smsu047",1201
1,"smsu041","smsu048",348
1,"smsu041","smsu049",442
1,"smsu041","smsu050",462
1,"smsu041","smsu051",446
1,"smsu041","smsu052",1746
1,"smsu041","smsu053",1956
1,"smsu041","smsu054",341
1,"smsu041","smsu055",1489
1,"smsu041","smsu056",1943
1,"smsu041","smsu057",1605
1,"smsu041","smsu058",1878
1,"smsu041","smsu059",1220
1,"smsu041","smsu060",1043
1,"smsu041","smsu061",1625
1,"smsu041","smsu062",1494
1,"smsu041","smsu063",291
1,"smsu041","smsu064",1658
1,"smsu041","smsu065",439
1,"smsu041","smsu066",2026
1,"smsu041","smsu067",894
1,"smsu041","smsu068",1611
1,"smsu041","smsu069",1539
1,"smsu041","smsu070",1132
1,"smsu041","smsu071",1167
1,"smsu041","smsu072",467
1,"smsu041","smsu073",1964
1,"smsu041","smsu074",1210
1,"smsu041","smsu075",581
1,"smsu041","smsu076",1390
1,"smsu041","smsu077",1670
1,"smsu041","smsu078",1248
1,"smsu041","smsu079",1013
1,"smsu041","smsu080",755
1,"smsu041","smsu081",348
1,"smsu041","smsu082",1621
1,"smsu041","smsu083",391
1,"smsu041","smsu084",1482
1,"smsu041","smsu085",1224
1,"smsu041","smsu086",1725
1,"smsu041","smsu087",259
1,"smsu041","smsu088",1503
1,"smsu041","smsu089",1084
1,"smsu041","smsu090",231
1,"smsu041","smsu091",1343
1,"smsu041","smsu092",1661
1,"smsu041","smsu093",227
1,"smsu041","smsu094",1061
1,"smsu041","smsu095",1860
1,"smsu041","smsu096",1286
1,"smsu041","smsu097",261
1,"smsu041","smsu098",126
1,"smsu041","smsu099",527
1,"smsu041","smsu100",813
1,"smsu042","smsu001",1202
1,"smsu042","smsu002",2108
1,"smsu042","smsu003",1452
1,"smsu042","smsu004",1396
1,"smsu042","smsu005",1811
1,"smsu042","smsu006",1288
1,"smsu042","smsu007",1622
1,"smsu042","smsu008",473
1,"smsu042","smsu009",1735
1,"smsu042","smsu010",1145
1,"smsu042","smsu011",1246
1,"smsu042","smsu012",1810
1,"smsu042","smsu013",1642
1,"smsu042","smsu014",824
1,"smsu042","smsu015",735
1,"smsu042","smsu016",701
1,"smsu042","smsu017",390
1,"smsu042","smsu018",1704
1,"smsu042","smsu019",879
1,"smsu042","smsu020",849
1,"smsu042","smsu021",532
1,"smsu042","smsu022",456
1,"smsu042","smsu023",1374
1,"smsu042","smsu024",1212
1,"smsu042","smsu025",1922
1,"smsu042","smsu026",1290
1,"smsu042","smsu027",1246
1,"smsu042","smsu028",1782
1,"smsu042","smsu029",597
1,"smsu042","smsu030",1398
1,"smsu042","smsu031",1653
1,"smsu042","smsu032",1532
1,"smsu042","smsu033",369
1,"smsu042","smsu034",941
1,"smsu042","smsu035",1552
1,"smsu042","smsu036",1556
1,"smsu042","smsu037",1675
1,"smsu042","smsu038",702
1,"smsu042","smsu039",931
1,"smsu042","smsu040",1356
1,"smsu042","smsu041",1243
1,"smsu042","smsu042",0
1,"smsu042","smsu043",514
1,"smsu042","smsu044",796
1,"smsu042","smsu045",1564
1,"smsu042","smsu046",1067
1,"smsu042","smsu047",1945
1,"smsu042","smsu048",1086
1,"smsu042","smsu049",891
1,"smsu042","smsu050",819
1,"smsu042","smsu051",827
1,"smsu042","smsu052",956
1,"smsu042","smsu053",1517
1,"smsu042","smsu054",1014
1,"smsu042","smsu055",1832
1,"smsu042","smsu056",1391
1,"smsu042","smsu057",370
1,"smsu042","smsu058",1386
1,"smsu042","smsu059",45
1,"smsu042","smsu060",1152
1,"smsu042","smsu061",590
1,"smsu042","smsu062",1684
1,"smsu042","smsu063",1155
1,"smsu042","smsu064",1153
1,"smsu042","smsu065",1515
1,"smsu042","smsu066",1303
1,"smsu042","smsu067",1329
1,"smsu042","smsu068",1102
1,"smsu042","smsu069",1876
1,"smsu042","smsu070",196
1,"smsu042","smsu071",1749
1,"smsu042","smsu072",823
1,"smsu042","smsu073",1605
1,"smsu042","smsu074",80
1,"smsu042","smsu075",1181
1,"smsu042","smsu076",1849
1,"smsu042","smsu077",1988
1,"smsu042","smsu078",17
1,"smsu042","smsu079",981
1,"smsu042","smsu080",515
1,"smsu042","smsu081",1588
1,"smsu042","smsu082",1606
1,"smsu042","smsu083",1074
1,"smsu042","smsu084",1287
1,"smsu042","smsu085",1542
1,"smsu042","smsu086",1548
1,"smsu042","smsu087",988
1,"smsu042","smsu088",683
1,"smsu042","smsu089",1606
1,"smsu042","smsu090",1311
1,"smsu042","smsu091",577
1,"smsu042","smsu092",1342
1,"smsu042","smsu093",1130
1,"smsu042","smsu094",866
1,"smsu042","smsu095",1066
1,"smsu042","smsu096",1718
1,"smsu042","smsu097",1210
1,"smsu042","smsu098",1289
1,"smsu042","smsu099",767
1,"smsu042","smsu100",853
1,"smsu043","smsu001",750
1,"smsu043","smsu002",1698
1,"smsu043","smsu003",1344
1,"smsu043","smsu004",1017
1,"smsu043","smsu005",1350
1,"smsu043","smsu006",779
1,"smsu043","smsu007",1108
1,"smsu043","smsu008",152
1,"smsu043","smsu009",1252
1,"smsu043","smsu010",1099
1,"smsu043","smsu011",1262
1,"smsu043","smsu012",1335
1,"smsu043","smsu013",1304
1,"smsu043","smsu014",1013
1,"smsu043","smsu015",749
1,"smsu043","smsu016",220
1,"smsu043","smsu017",815
1,"smsu043","smsu018",1191
1,"smsu043","smsu019",478
1,"smsu043","smsu020",714
1,"smsu043","smsu021",618
1,"smsu043","smsu022",235
1,"smsu043","smsu023",875
1,"smsu043","smsu024",714
1,"smsu043","smsu025",1468
1,"smsu043","smsu026",776
1,"smsu043","smsu027",819
1,"smsu043","smsu028",1505
1,"smsu043","smsu029",902
1,"smsu043","smsu030",912
1,"smsu043","smsu031",1336
1,"smsu043","smsu032",1080
1,"smsu043","smsu033",563
1,"smsu043","smsu034",790
1,"smsu043","smsu035",1456
1,"smsu043","smsu036",1098
1,"smsu043","smsu037",1195
1,"smsu043","smsu038",683
1,"smsu043","smsu039",1078
1,"smsu043","smsu040",895
1,"smsu043","smsu041",1244
1,"smsu043","smsu042",514
1,"smsu043","smsu043",0
1,"smsu043","smsu044",358
1,"smsu043","smsu045",1104
1,"smsu043","smsu046",1072
1,"smsu043","smsu047",1597
1,"smsu043","smsu048",1229
1,"smsu043","smsu049",1050
1,"smsu043","smsu050",956
1,"smsu043","smsu051",803
1,"smsu043","smsu052",545
1,"smsu043","smsu053",1019
1,"smsu043","smsu054",1146
1,"smsu043","smsu055",1380
1,"smsu043","smsu056",911
1,"smsu043","smsu057",752
1,"smsu043","smsu058",893
1,"smsu043","smsu059",472
1,"smsu043","smsu060",730
1,"smsu043","smsu061",406
1,"smsu043","smsu062",1211
1,"smsu043","smsu063",1046
1,"smsu043","smsu064",652
1,"smsu043","smsu065",1368
1,"smsu043","smsu066",878
1,"smsu043","smsu067",974
1,"smsu043","smsu068",598
1,"smsu043","smsu069",1419
1,"smsu043","smsu070",657
1,"smsu043","smsu071",1370
1,"smsu043","smsu072",778
1,"smsu043","smsu073",1099
1,"smsu043","smsu074",437
1,"smsu043","smsu075",943
1,"smsu043","smsu076",1424
1,"smsu043","smsu077",1522
1,"smsu043","smsu078",531
1,"smsu043","smsu079",563
1,"smsu043","smsu080",546
1,"smsu043","smsu081",1549
1,"smsu043","smsu082",1104
1,"smsu043","smsu083",936
1,"smsu043","smsu084",778
1,"smsu043","smsu085",1111
1,"smsu043","smsu086",1035
1,"smsu043","smsu087",1034
1,"smsu043","smsu088",267
1,"smsu043","smsu089",1226
1,"smsu043","smsu090",1218
1,"smsu043","smsu091",105
1,"smsu043","smsu092",829
1,"smsu043","smsu093",1058
1,"smsu043","smsu094",428
1,"smsu043","smsu095",664
1,"smsu043","smsu096",1298
1,"smsu043","smsu097",1317
1,"smsu043","smsu098",1239
1,"smsu043","smsu099",934
1,"smsu043","smsu100",545
1,"smsu044","smsu001",408
1,"smsu044","smsu002",1343
1,"smsu044","smsu003",1090
1,"smsu044","smsu004",659
1,"smsu044","smsu005",1017
1,"smsu044","smsu006",550
1,"smsu044","smsu007",926
1,"smsu044","smsu008",324
1,"smsu044","smsu009",942
1,"smsu044","smsu010",906
1,"smsu044","smsu011",1094
1,"smsu044","smsu012",1014
1,"smsu044","smsu013",950
1,"smsu044","smsu014",995
1,"smsu044","smsu015",666
1,"smsu044","smsu016",410
1,"smsu044","smsu017",1146
1,"smsu044","smsu018",978
1,"smsu044","smsu019",665
1,"smsu044","smsu020",526
1,"smsu044","smsu021",633
1,"smsu044","smsu022",349
1,"smsu044","smsu023",600
1,"smsu044","smsu024",663
1,"smsu044","smsu025",1130
1,"smsu044","smsu026",612
1,"smsu044","smsu027",465
1,"smsu044","smsu028",1165
1,"smsu044","smsu029",982
1,"smsu044","smsu030",875
1,"smsu044","smsu031",987
1,"smsu044","smsu032",1100
1,"smsu044","smsu033",919
1,"smsu044","smsu034",572
1,"smsu044","smsu035",1203
1,"smsu044","smsu036",1104
1,"smsu044","smsu037",881
1,"smsu044","smsu038",595
1,"smsu044","smsu039",1020
1,"smsu044","smsu040",916
1,"smsu044","smsu041",1067
1,"smsu044","smsu042",796
1,"smsu044","smsu043",358
1,"smsu044","smsu044",0
1,"smsu044","smsu045",1107
1,"smsu044","smsu046",918
1,"smsu044","smsu047",1241
1,"smsu044","smsu048",1151
1,"smsu044","smsu049",1005
1,"smsu044","smsu050",910
1,"smsu044","smsu051",676
1,"smsu044","smsu052",702
1,"smsu044","smsu053",935
1,"smsu044","smsu054",1069
1,"smsu044","smsu055",1040
1,"smsu044","smsu056",889
1,"smsu044","smsu057",1091
1,"smsu044","smsu058",836
1,"smsu044","smsu059",751
1,"smsu044","smsu060",374
1,"smsu044","smsu061",739
1,"smsu044","smsu062",889
1,"smsu044","smsu063",817
1,"smsu044","smsu064",601
1,"smsu044","smsu065",1091
1,"smsu044","smsu066",960
1,"smsu044","smsu067",621
1,"smsu044","smsu068",551
1,"smsu044","smsu069",1083
1,"smsu044","smsu070",882
1,"smsu044","smsu071",1012
1,"smsu044","smsu072",642
1,"smsu044","smsu073",976
1,"smsu044","smsu074",716
1,"smsu044","smsu075",642
1,"smsu044","smsu076",1073
1,"smsu044","smsu077",1193
1,"smsu044","smsu078",812
1,"smsu044","smsu079",205
1,"smsu044","smsu080",557
1,"smsu044","smsu081",1325
1,"smsu044","smsu082",833
1,"smsu044","smsu083",701
1,"smsu044","smsu084",545
1,"smsu044","smsu085",760
1,"smsu044","smsu086",822
1,"smsu044","smsu087",913
1,"smsu044","smsu088",517
1,"smsu044","smsu089",868
1,"smsu044","smsu090",983
1,"smsu044","smsu091",400
1,"smsu044","smsu092",670
1,"smsu044","smsu093",851
1,"smsu044","smsu094",72
1,"smsu044","smsu095",807
1,"smsu044","smsu096",944
1,"smsu044","smsu097",1205
1,"smsu044","smsu098",1029
1,"smsu044","smsu099",914
1,"smsu044","smsu100",261
1,"smsu045","smsu001",1083
1,"smsu045","smsu002",1752
1,"smsu045","smsu003",2126
1,"smsu045","smsu004",1412
1,"smsu045","smsu005",1289
1,"smsu045","smsu006",737
1,"smsu045","smsu007",574
1,"smsu045","smsu008",1233
1,"smsu045","smsu009",1103
1,"smsu045","smsu010",1998
1,"smsu045","smsu011",2191
1,"smsu045","smsu012",1202
1,"smsu045","smsu013",1691
1,"smsu045","smsu014",2078
1,"smsu045","smsu015",1765
1,"smsu045","smsu016",886
1,"smsu045","smsu017",1716
1,"smsu045","smsu018",690
1,"smsu045","smsu019",692
1,"smsu045","smsu020",1630
1,"smsu045","smsu021",1689
1,"smsu045","smsu022",1312
1,"smsu045","smsu023",854
1,"smsu045","smsu024",445
1,"smsu045","smsu025",1399
1,"smsu045","smsu026",593
1,"smsu045","smsu027",1187
1,"smsu045","smsu028",1974
1,"smsu045","smsu029",2003
1,"smsu045","smsu030",242
1,"smsu045","smsu031",1763
1,"smsu045","smsu032",55
1,"smsu045","smsu033",1388
1,"smsu045","smsu034",1666
1,"smsu045","smsu035",2234
1,"smsu045","smsu036",13
1,"smsu045","smsu037",1094
1,"smsu045","smsu038",1694
1,"smsu045","smsu039",2118
1,"smsu045","smsu040",210
1,"smsu045","smsu041",2162
1,"smsu045","smsu042",1564
1,"smsu045","smsu043",1104
1,"smsu045","smsu044",1107
1,"smsu045","smsu045",0
1,"smsu045","smsu046",2021
1,"smsu045","smsu047",1875
1,"smsu045","smsu048",2255
1,"smsu045","smsu049",2099
1,"smsu045","smsu050",2003
1,"smsu045","smsu051",1782
1,"smsu045","smsu052",615
1,"smsu045","smsu053",283
1,"smsu045","smsu054",2172
1,"smsu045","smsu055",1355
1,"smsu045","smsu056",219
1,"smsu045","smsu057",1631
1,"smsu045","smsu058",293
1,"smsu045","smsu059",1531
1,"smsu045","smsu060",1180
1,"smsu045","smsu061",1033
1,"smsu045","smsu062",1143
1,"smsu045","smsu063",1891
1,"smsu045","smsu064",506
1,"smsu045","smsu065",2094
1,"smsu045","smsu066",294
1,"smsu045","smsu067",1452
1,"smsu045","smsu068",556
1,"smsu045","smsu069",1358
1,"smsu045","smsu070",1740
1,"smsu045","smsu071",1622
1,"smsu045","smsu072",1748
1,"smsu045","smsu073",385
1,"smsu045","smsu074",1501
1,"smsu045","smsu075",1653
1,"smsu045","smsu076",1501
1,"smsu045","smsu077",1370
1,"smsu045","smsu078",1580
1,"smsu045","smsu079",1156
1,"smsu045","smsu080",1612
1,"smsu045","smsu081",2382
1,"smsu045","smsu082",877
1,"smsu045","smsu083",1778
1,"smsu045","smsu084",749
1,"smsu045","smsu085",1295
1,"smsu045","smsu086",663
1,"smsu045","smsu087",2019
1,"smsu045","smsu088",882
1,"smsu045","smsu089",1530
1,"smsu045","smsu090",2044
1,"smsu045","smsu091",1010
1,"smsu045","smsu092",555
1,"smsu045","smsu093",1939
1,"smsu045","smsu094",1103
1,"smsu045","smsu095",523
1,"smsu045","smsu096",1441
1,"smsu045","smsu097",2311
1,"smsu045","smsu098",2108
1,"smsu045","smsu099",1997
1,"smsu045","smsu100",1350
1,"smsu046","smsu001",1053
1,"smsu046","smsu002",1532
1,"smsu046","smsu003",432
1,"smsu046","smsu004",934
1,"smsu046","smsu005",1474
1,"smsu046","smsu006",1376
1,"smsu046","smsu007",1746
1,"smsu046","smsu008",923
1,"smsu046","smsu009",1516
1,"smsu046","smsu010",123
1,"smsu046","smsu011",191
1,"smsu046","smsu012",1533
1,"smsu046","smsu013",983
1,"smsu046","smsu014",392
1,"smsu046","smsu015",343
1,"smsu046","smsu016",1254
1,"smsu046","smsu017",1430
1,"smsu046","smsu018",1757
1,"smsu046","smsu019",1531
1,"smsu046","smsu020",392
1,"smsu046","smsu021",538
1,"smsu046","smsu022",845
1,"smsu046","smsu023",1348
1,"smsu046","smsu024",1577
1,"smsu046","smsu025",1533
1,"smsu046","smsu026",1482
1,"smsu046","smsu027",996
1,"smsu046","smsu028",957
1,"smsu046","smsu029",641
1,"smsu046","smsu030",1785
1,"smsu046","smsu031",942
1,"smsu046","smsu032",2016
1,"smsu046","smsu033",1409
1,"smsu046","smsu034",363
1,"smsu046","smsu035",510
1,"smsu046","smsu036",2020
1,"smsu046","smsu037",1457
1,"smsu046","smsu038",398
1,"smsu046","smsu039",296
1,"smsu046","smsu040",1834
1,"smsu046","smsu041",179
1,"smsu046","smsu042",1067
1,"smsu046","smsu043",1072
1,"smsu046","smsu044",918
1,"smsu046","smsu045",2021
1,"smsu046","smsu046",0
1,"smsu046","smsu047",1235
1,"smsu046","smsu048",315
1,"smsu046","smsu049",324
1,"smsu046","smsu050",314
1,"smsu046","smsu051",270
1,"smsu046","smsu052",1584
1,"smsu046","smsu053",1828
1,"smsu046","smsu054",266
1,"smsu046","smsu055",1453
1,"smsu046","smsu056",1803
1,"smsu046","smsu057",1430
1,"smsu046","smsu058",1743
1,"smsu046","smsu059",1042
1,"smsu046","smsu060",941
1,"smsu046","smsu061",1449
1,"smsu046","smsu062",1432
1,"smsu046","smsu063",245
1,"smsu046","smsu064",1516
1,"smsu046","smsu065",532
1,"smsu046","smsu066",1873
1,"smsu046","smsu067",838
1,"smsu046","smsu068",1467
1,"smsu046","smsu069",1504
1,"smsu046","smsu070",962
1,"smsu046","smsu071",1163
1,"smsu046","smsu072",295
1,"smsu046","smsu073",1845
1,"smsu046","smsu074",1032
1,"smsu046","smsu075",520
1,"smsu046","smsu076",1372
1,"smsu046","smsu077",1636
1,"smsu046","smsu078",1072
1,"smsu046","smsu079",887
1,"smsu046","smsu080",576
1,"smsu046","smsu081",521
1,"smsu046","smsu082",1534
1,"smsu046","smsu083",300
1,"smsu046","smsu084",1366
1,"smsu046","smsu085",1171
1,"smsu046","smsu086",1620
1,"smsu046","smsu087",102
1,"smsu046","smsu088",1334
1,"smsu046","smsu089",1062
1,"smsu046","smsu090",301
1,"smsu046","smsu091",1173
1,"smsu046","smsu092",1538
1,"smsu046","smsu093",167
1,"smsu046","smsu094",919
1,"smsu046","smsu095",1699
1,"smsu046","smsu096",1257
1,"smsu046","smsu097",304
1,"smsu046","smsu098",236
1,"smsu046","smsu099",379
1,"smsu046","smsu100",672
1,"smsu047","smsu001",910
1,"smsu047","smsu002",355
1,"smsu047","smsu003",904
1,"smsu047","smsu004",583
1,"smsu047","smsu005",646
1,"smsu047","smsu006",1171
1,"smsu047","smsu007",1338
1,"smsu047","smsu008",1527
1,"smsu047","smsu009",820
1,"smsu047","smsu010",1115
1,"smsu047","smsu011",1238
1,"smsu047","smsu012",748
1,"smsu047","smsu013",303
1,"smsu047","smsu014",1606
1,"smsu047","smsu015",1356
1,"smsu047","smsu016",1619
1,"smsu047","smsu017",2330
1,"smsu047","smsu018",1258
1,"smsu047","smsu019",1813
1,"smsu047","smsu020",1149
1,"smsu047","smsu021",1512
1,"smsu047","smsu022",1507
1,"smsu047","smsu023",1033
1,"smsu047","smsu024",1537
1,"smsu047","smsu025",593
1,"smsu047","smsu026",1315
1,"smsu047","smsu027",811
1,"smsu047","smsu028",319
1,"smsu047","smsu029",1795
1,"smsu047","smsu030",1658
1,"smsu047","smsu031",305
1,"smsu047","smsu032",1904
1,"smsu047","smsu033",2148
1,"smsu047","smsu034",1069
1,"smsu047","smsu035",930
1,"smsu047","smsu036",1882
1,"smsu047","smsu037",804
1,"smsu047","smsu038",1339
1,"smsu047","smsu039",1527
1,"smsu047","smsu040",1786
1,"smsu047","smsu041",1201
1,"smsu047","smsu042",1945
1,"smsu047","smsu043",1597
1,"smsu047","smsu044",1241
1,"smsu047","smsu045",1875
1,"smsu047","smsu046",1235
1,"smsu047","smsu047",0
1,"smsu047","smsu048",1535
1,"smsu047","smsu049",1550
1,"smsu047","smsu050",1509
1,"smsu047","smsu051",1269
1,"smsu047","smsu052",1814
1,"smsu047","smsu053",1595
1,"smsu047","smsu054",1499
1,"smsu047","smsu055",580
1,"smsu047","smsu056",1696
1,"smsu047","smsu057",2290
1,"smsu047","smsu058",1603
1,"smsu047","smsu059",1903
1,"smsu047","smsu060",883
1,"smsu047","smsu061",1973
1,"smsu047","smsu062",754
1,"smsu047","smsu063",994
1,"smsu047","smsu064",1511
1,"smsu047","smsu065",786
1,"smsu047","smsu066",1912
1,"smsu047","smsu067",625
1,"smsu047","smsu068",1497
1,"smsu047","smsu069",606
1,"smsu047","smsu070",1948
1,"smsu047","smsu071",258
1,"smsu047","smsu072",1248
1,"smsu047","smsu073",1522
1,"smsu047","smsu074",1874
1,"smsu047","smsu075",799
1,"smsu047","smsu076",414
1,"smsu047","smsu077",691
1,"smsu047","smsu078",1958
1,"smsu047","smsu079",1038
1,"smsu047","smsu080",1482
1,"smsu047","smsu081",1106
1,"smsu047","smsu082",1016
1,"smsu047","smsu083",992
1,"smsu047","smsu084",1160
1,"smsu047","smsu085",589
1,"smsu047","smsu086",1222
1,"smsu047","smsu087",1326
1,"smsu047","smsu088",1729
1,"smsu047","smsu089",384
1,"smsu047","smsu090",970
1,"smsu047","smsu091",1638
1,"smsu047","smsu092",1336
1,"smsu047","smsu093",1069
1,"smsu047","smsu094",1174
1,"smsu047","smsu095",1880
1,"smsu047","smsu096",437
1,"smsu047","smsu097",1462
1,"smsu047","smsu098",1075
1,"smsu047","smsu099",1564
1,"smsu047","smsu100",1096
1,"smsu048","smsu001",1344
1,"smsu048","smsu002",1842
1,"smsu048","smsu003",671
1,"smsu048","smsu004",1248
1,"smsu048","smsu005",1788
1,"smsu048","smsu006",1649
1,"smsu048","smsu007",2026
1,"smsu048","smsu008",1078
1,"smsu048","smsu009",1825
1,"smsu048","smsu010",424
1,"smsu048","smsu011",318
1,"smsu048","smsu012",1845
1,"smsu048","smsu013",1293
1,"smsu048","smsu014",263
1,"smsu048","smsu015",492
1,"smsu048","smsu016",1433
1,"smsu048","smsu017",1401
1,"smsu048","smsu018",2045
1,"smsu048","smsu019",1705
1,"smsu048","smsu020",646
1,"smsu048","smsu021",620
1,"smsu048","smsu022",994
1,"smsu048","smsu023",1636
1,"smsu048","smsu024",1814
1,"smsu048","smsu025",1848
1,"smsu048","smsu026",1745
1,"smsu048","smsu027",1296
1,"smsu048","smsu028",1243
1,"smsu048","smsu029",531
1,"smsu048","smsu030",2025
1,"smsu048","smsu031",1248
1,"smsu048","smsu032",2244
1,"smsu048","smsu033",1452
1,"smsu048","smsu034",647
1,"smsu048","smsu035",711
1,"smsu048","smsu036",2252
1,"smsu048","smsu037",1765
1,"smsu048","smsu038",563
1,"smsu048","smsu039",157
1,"smsu048","smsu040",2058
1,"smsu048","smsu041",348
1,"smsu048","smsu042",1086
1,"smsu048","smsu043",1229
1,"smsu048","smsu044",1151
1,"smsu048","smsu045",2255
1,"smsu048","smsu046",315
1,"smsu048","smsu047",1535
1,"smsu048","smsu048",0
1,"smsu048","smsu049",195
1,"smsu048","smsu050",279
1,"smsu048","smsu051",477
1,"smsu048","smsu052",1767
1,"smsu048","smsu053",2082
1,"smsu048","smsu054",84
1,"smsu048","smsu055",1768
1,"smsu048","smsu056",2039
1,"smsu048","smsu057",1420
1,"smsu048","smsu058",1987
1,"smsu048","smsu059",1073
1,"smsu048","smsu060",1233
1,"smsu048","smsu061",1565
1,"smsu048","smsu062",1742
1,"smsu048","smsu063",558
1,"smsu048","smsu064",1751
1,"smsu048","smsu065",787
1,"smsu048","smsu066",2079
1,"smsu048","smsu067",1152
1,"smsu048","smsu068",1699
1,"smsu048","smsu069",1819
1,"smsu048","smsu070",934
1,"smsu048","smsu071",1475
1,"smsu048","smsu072",513
1,"smsu048","smsu073",2111
1,"smsu048","smsu074",1073
1,"smsu048","smsu075",834
1,"smsu048","smsu076",1686
1,"smsu048","smsu077",1951
1,"smsu048","smsu078",1085
1,"smsu048","smsu079",1158
1,"smsu048","smsu080",686
1,"smsu048","smsu081",639
1,"smsu048","smsu082",1831
1,"smsu048","smsu083",612
1,"smsu048","smsu084",1640
1,"smsu048","smsu085",1484
1,"smsu048","smsu086",1903
1,"smsu048","smsu087",257
1,"smsu048","smsu088",1497
1,"smsu048","smsu089",1377
1,"smsu048","smsu090",569
1,"smsu048","smsu091",1334
1,"smsu048","smsu092",1802
1,"smsu048","smsu093",479
1,"smsu048","smsu094",1166
1,"smsu048","smsu095",1886
1,"smsu048","smsu096",1572
1,"smsu048","smsu097",141
1,"smsu048","smsu098",471
1,"smsu048","smsu099",320
1,"smsu048","smsu100",931
1,"smsu049","smsu001",1241
1,"smsu049","smsu002",1834
1,"smsu049","smsu003",747
1,"smsu049","smsu004",1194
1,"smsu049","smsu005",1732
1,"smsu049","smsu006",1525
1,"smsu049","smsu007",1905
1,"smsu049","smsu008",900
1,"smsu049","smsu009",1749
1,"smsu049","smsu010",446
1,"smsu049","smsu011",425
1,"smsu049","smsu012",1780
1,"smsu049","smsu013",1285
1,"smsu049","smsu014",80
1,"smsu049","smsu015",340
1,"smsu049","smsu016",1259
1,"smsu049","smsu017",1213
1,"smsu049","smsu018",1934
1,"smsu049","smsu019",1528
1,"smsu049","smsu020",535
1,"smsu049","smsu021",434
1,"smsu049","smsu022",816
1,"smsu049","smsu023",1526
1,"smsu049","smsu024",1662
1,"smsu049","smsu025",1802
1,"smsu049","smsu026",1610
1,"smsu049","smsu027",1207
1,"smsu049","smsu028",1279
1,"smsu049","smsu029",355
1,"smsu049","smsu030",1874
1,"smsu049","smsu031",1251
1,"smsu049","smsu032",2086
1,"smsu049","smsu033",1257
1,"smsu049","smsu034",562
1,"smsu049","smsu035",811
1,"smsu049","smsu036",2095
1,"smsu049","smsu037",1687
1,"smsu049","smsu038",410
1,"smsu049","smsu039",42
1,"smsu049","smsu040",1899
1,"smsu049","smsu041",442
1,"smsu049","smsu042",891
1,"smsu049","smsu043",1050
1,"smsu049","smsu044",1005
1,"smsu049","smsu045",2099
1,"smsu049","smsu046",324
1,"smsu049","smsu047",1550
1,"smsu049","smsu048",195
1,"smsu049","smsu049",0
1,"smsu049","smsu050",96
1,"smsu049","smsu051",358
1,"smsu049","smsu052",1592
1,"smsu049","smsu053",1940
1,"smsu049","smsu054",126
1,"smsu049","smsu055",1718
1,"smsu049","smsu056",1886
1,"smsu049","smsu057",1229
1,"smsu049","smsu058",1839
1,"smsu049","smsu059",879
1,"smsu049","smsu060",1135
1,"smsu049","smsu061",1375
1,"smsu049","smsu062",1670
1,"smsu049","smsu063",555
1,"smsu049","smsu064",1598
1,"smsu049","smsu065",853
1,"smsu049","smsu066",1912
1,"smsu049","smsu067",1098
1,"smsu049","smsu068",1545
1,"smsu049","smsu069",1769
1,"smsu049","smsu070",744
1,"smsu049","smsu071",1458
1,"smsu049","smsu072",394
1,"smsu049","smsu073",1977
1,"smsu049","smsu074",879
1,"smsu049","smsu075",793
1,"smsu049","smsu076",1654
1,"smsu049","smsu077",1901
1,"smsu049","smsu078",891
1,"smsu049","smsu079",1039
1,"smsu049","smsu080",505
1,"smsu049","smsu081",776
1,"smsu049","smsu082",1733
1,"smsu049","smsu083",572
1,"smsu049","smsu084",1517
1,"smsu049","smsu085",1424
1,"smsu049","smsu086",1787
1,"smsu049","smsu087",225
1,"smsu049","smsu088",1317
1,"smsu049","smsu089",1346
1,"smsu049","smsu090",622
1,"smsu049","smsu091",1155
1,"smsu049","smsu092",1668
1,"smsu049","smsu093",483
1,"smsu049","smsu094",1029
1,"smsu049","smsu095",1711
1,"smsu049","smsu096",1532
1,"smsu049","smsu097",322
1,"smsu049","smsu098",543
1,"smsu049","smsu099",125
1,"smsu049","smsu100",807
1,"smsu050","smsu001",1157
1,"smsu050","smsu002",1782
1,"smsu050","smsu003",746
1,"smsu050","smsu004",1126
1,"smsu050","smsu005",1661
1,"smsu050","smsu006",1434
1,"smsu050","smsu007",1814
1,"smsu050","smsu008",805
1,"smsu050","smsu009",1672
1,"smsu050","smsu010",431
1,"smsu050","smsu011",453
1,"smsu050","smsu012",1706
1,"smsu050","smsu013",1236
1,"smsu050","smsu014",102
1,"smsu050","smsu015",247
1,"smsu050","smsu016",1164
1,"smsu050","smsu017",1155
1,"smsu050","smsu018",1846
1,"smsu050","smsu019",1433
1,"smsu050","smsu020",454
1,"smsu050","smsu021",342
1,"smsu050","smsu022",721
1,"smsu050","smsu023",1439
1,"smsu050","smsu024",1567
1,"smsu050","smsu025",1735
1,"smsu050","smsu026",1517
1,"smsu050","smsu027",1126
1,"smsu050","smsu028",1249
1,"smsu050","smsu029",328
1,"smsu050","smsu030",1779
1,"smsu050","smsu031",1207
1,"smsu050","smsu032",1990
1,"smsu050","smsu033",1181
1,"smsu050","smsu034",490
1,"smsu050","smsu035",821
1,"smsu050","smsu036",1999
1,"smsu050","smsu037",1609
1,"smsu050","smsu038",316
1,"smsu050","smsu039",123
1,"smsu050","smsu040",1803
1,"smsu050","smsu041",462
1,"smsu050","smsu042",819
1,"smsu050","smsu043",956
1,"smsu050","smsu044",910
1,"smsu050","smsu045",2003
1,"smsu050","smsu046",314
1,"smsu050","smsu047",1509
1,"smsu050","smsu048",279
1,"smsu050","smsu049",96
1,"smsu050","smsu050",0
1,"smsu050","smsu051",278
1,"smsu050","smsu052",1497
1,"smsu050","smsu053",1845
1,"smsu050","smsu054",200
1,"smsu050","smsu055",1650
1,"smsu050","smsu056",1790
1,"smsu050","smsu057",1166
1,"smsu050","smsu058",1744
1,"smsu050","smsu059",803
1,"smsu050","smsu060",1052
1,"smsu050","smsu061",1286
1,"smsu050","smsu062",1593
1,"smsu050","smsu063",521
1,"smsu050","smsu064",1503
1,"smsu050","smsu065",845
1,"smsu050","smsu066",1816
1,"smsu050","smsu067",1031
1,"smsu050","smsu068",1450
1,"smsu050","smsu069",1701
1,"smsu050","smsu070",684
1,"smsu050","smsu071",1404
1,"smsu050","smsu072",313
1,"smsu050","smsu073",1884
1,"smsu050","smsu074",801
1,"smsu050","smsu075",735
1,"smsu050","smsu076",1592
1,"smsu050","smsu077",1832
1,"smsu050","smsu078",820
1,"smsu050","smsu079",950
1,"smsu050","smsu080",410
1,"smsu050","smsu081",807
1,"smsu050","smsu082",1649
1,"smsu050","smsu083",520
1,"smsu050","smsu084",1427
1,"smsu050","smsu085",1353
1,"smsu050","smsu086",1698
1,"smsu050","smsu087",212
1,"smsu050","smsu088",1223
1,"smsu050","smsu089",1287
1,"smsu050","smsu090",613
1,"smsu050","smsu091",1060
1,"smsu050","smsu092",1575
1,"smsu050","smsu093",455
1,"smsu050","smsu094",936
1,"smsu050","smsu095",1616
1,"smsu050","smsu096",1469
1,"smsu050","smsu097",393
1,"smsu050","smsu098",547
1,"smsu050","smsu099",66
1,"smsu050","smsu100",718
1,"smsu051","smsu001",883
1,"smsu051","smsu002",1523
1,"smsu051","smsu003",625
1,"smsu051","smsu004",852
1,"smsu051","smsu005",1384
1,"smsu051","smsu006",1175
1,"smsu051","smsu007",1553
1,"smsu051","smsu008",653
1,"smsu051","smsu009",1394
1,"smsu051","smsu010",321
1,"smsu051","smsu011",461
1,"smsu051","smsu012",1427
1,"smsu051","smsu013",984
1,"smsu051","smsu014",380
1,"smsu051","smsu015",98
1,"smsu051","smsu016",989
1,"smsu051","smsu017",1205
1,"smsu051","smsu018",1578
1,"smsu051","smsu019",1265
1,"smsu051","smsu020",177
1,"smsu051","smsu021",298
1,"smsu051","smsu022",575
1,"smsu051","smsu023",1169
1,"smsu051","smsu024",1339
1,"smsu051","smsu025",1460
1,"smsu051","smsu026",1267
1,"smsu051","smsu027",849
1,"smsu051","smsu028",1035
1,"smsu051","smsu029",526
1,"smsu051","smsu030",1550
1,"smsu051","smsu031",964
1,"smsu051","smsu032",1774
1,"smsu051","smsu033",1154
1,"smsu051","smsu034",215
1,"smsu051","smsu035",725
1,"smsu051","smsu036",1779
1,"smsu051","smsu037",1331
1,"smsu051","smsu038",131
1,"smsu051","smsu039",362
1,"smsu051","smsu040",1589
1,"smsu051","smsu041",446
1,"smsu051","smsu042",827
1,"smsu051","smsu043",803
1,"smsu051","smsu044",676
1,"smsu051","smsu045",1782
1,"smsu051","smsu046",270
1,"smsu051","smsu047",1269
1,"smsu051","smsu048",477
1,"smsu051","smsu049",358
1,"smsu051","smsu050",278
1,"smsu051","smsu051",0
1,"smsu051","smsu052",1321
1,"smsu051","smsu053",1605
1,"smsu051","smsu054",397
1,"smsu051","smsu055",1374
1,"smsu051","smsu056",1565
1,"smsu051","smsu057",1196
1,"smsu051","smsu058",1511
1,"smsu051","smsu059",798
1,"smsu051","smsu060",776
1,"smsu051","smsu061",1180
1,"smsu051","smsu062",1315
1,"smsu051","smsu063",335
1,"smsu051","smsu064",1277
1,"smsu051","smsu065",695
1,"smsu051","smsu066",1619
1,"smsu051","smsu067",758
1,"smsu051","smsu068",1226
1,"smsu051","smsu069",1425
1,"smsu051","smsu070",751
1,"smsu051","smsu071",1143
1,"smsu051","smsu072",36
1,"smsu051","smsu073",1634
1,"smsu051","smsu074",784
1,"smsu051","smsu075",475
1,"smsu051","smsu076",1322
1,"smsu051","smsu077",1556
1,"smsu051","smsu078",834
1,"smsu051","smsu079",685
1,"smsu051","smsu080",318
1,"smsu051","smsu081",774
1,"smsu051","smsu082",1375
1,"smsu051","smsu083",284
1,"smsu051","smsu084",1166
1,"smsu051","smsu085",1075
1,"smsu051","smsu086",1433
1,"smsu051","smsu087",239
1,"smsu051","smsu088",1065
1,"smsu051","smsu089",1020
1,"smsu051","smsu090",484
1,"smsu051","smsu091",904
1,"smsu051","smsu092",1325
1,"smsu051","smsu093",303
1,"smsu051","smsu094",689
1,"smsu051","smsu095",1437
1,"smsu051","smsu096",1196
1,"smsu051","smsu097",532
1,"smsu051","smsu098",466
1,"smsu051","smsu099",316
1,"smsu051","smsu100",455
1,"smsu052","smsu001",906
1,"smsu052","smsu002",1809
1,"smsu052","smsu003",1792
1,"smsu052","smsu004",1251
1,"smsu052","smsu005",1377
1,"smsu052","smsu006",698
1,"smsu052","smsu007",856
1,"smsu052","smsu008",692
1,"smsu052","smsu009",1222
1,"smsu052","smsu010",1591
1,"smsu052","smsu011",1769
1,"smsu052","smsu012",1323
1,"smsu052","smsu013",1558
1,"smsu052","smsu014",1557
1,"smsu052","smsu015",1279
1,"smsu052","smsu016",334
1,"smsu052","smsu017",1106
1,"smsu052","smsu018",972
1,"smsu052","smsu019",78
1,"smsu052","smsu020",1201
1,"smsu052","smsu021",1161
1,"smsu052","smsu022",777
1,"smsu052","smsu023",843
1,"smsu052","smsu024",389
1,"smsu052","smsu025",1502
1,"smsu052","smsu026",595
1,"smsu052","smsu027",1010
1,"smsu052","smsu028",1811
1,"smsu052","smsu029",1439
1,"smsu052","smsu030",496
1,"smsu052","smsu031",1613
1,"smsu052","smsu032",578
1,"smsu052","smsu033",779
1,"smsu052","smsu034",1261
1,"smsu052","smsu035",1905
1,"smsu052","smsu036",605
1,"smsu052","smsu037",1183
1,"smsu052","smsu038",1210
1,"smsu052","smsu039",1618
1,"smsu052","smsu040",413
1,"smsu052","smsu041",1746
1,"smsu052","smsu042",956
1,"smsu052","smsu043",545
1,"smsu052","smsu044",702
1,"smsu052","smsu045",615
1,"smsu052","smsu046",1584
1,"smsu052","smsu047",1814
1,"smsu052","smsu048",1767
1,"smsu052","smsu049",1592
1,"smsu052","smsu050",1497
1,"smsu052","smsu051",1321
1,"smsu052","smsu052",0
1,"smsu052","smsu053",639
1,"smsu052","smsu054",1683
1,"smsu052","smsu055",1428
1,"smsu052","smsu056",475
1,"smsu052","smsu057",1022
1,"smsu052","smsu058",507
1,"smsu052","smsu059",926
1,"smsu052","smsu060",955
1,"smsu052","smsu061",424
1,"smsu052","smsu062",1219
1,"smsu052","smsu063",1513
1,"smsu052","smsu064",366
1,"smsu052","smsu065",1791
1,"smsu052","smsu066",347
1,"smsu052","smsu067",1249
1,"smsu052","smsu068",350
1,"smsu052","smsu069",1453
1,"smsu052","smsu070",1138
1,"smsu052","smsu071",1560
1,"smsu052","smsu072",1291
1,"smsu052","smsu073",758
1,"smsu052","smsu074",897
1,"smsu052","smsu075",1339
1,"smsu052","smsu076",1529
1,"smsu052","smsu077",1518
1,"smsu052","smsu078",971
1,"smsu052","smsu079",846
1,"smsu052","smsu080",1088
1,"smsu052","smsu081",2023
1,"smsu052","smsu082",1010
1,"smsu052","smsu083",1398
1,"smsu052","smsu084",706
1,"smsu052","smsu085",1241
1,"smsu052","smsu086",848
1,"smsu052","smsu087",1558
1,"smsu052","smsu088",286
1,"smsu052","smsu089",1432
1,"smsu052","smsu090",1682
1,"smsu052","smsu091",441
1,"smsu052","smsu092",617
1,"smsu052","smsu093",1541
1,"smsu052","smsu094",735
1,"smsu052","smsu095",120
1,"smsu052","smsu096",1426
1,"smsu052","smsu097",1847
1,"smsu052","smsu098",1721
1,"smsu052","smsu099",1478
1,"smsu052","smsu100",961
1,"smsu053","smsu001",836
1,"smsu053","smsu002",1470
1,"smsu053","smsu003",1893
1,"smsu053","smsu004",1150
1,"smsu053","smsu005",1007
1,"smsu053","smsu006",482
1,"smsu053","smsu007",300
1,"smsu053","smsu008",1125
1,"smsu053","smsu009",821
1,"smsu053","smsu010",1792
1,"smsu053","smsu011",1988
1,"smsu053","smsu012",921
1,"smsu053","smsu013",1419
1,"smsu053","smsu014",1929
1,"smsu053","smsu015",1601
1,"smsu053","smsu016",816
1,"smsu053","smsu017",1728
1,"smsu053","smsu018",422
1,"smsu053","smsu019",706
1,"smsu053","smsu020",1442
1,"smsu053","smsu021",1553
1,"smsu053","smsu022",1196
1,"smsu053","smsu023",584
1,"smsu053","smsu024",305
1,"smsu053","smsu025",1118
1,"smsu053","smsu026",350
1,"smsu053","smsu027",934
1,"smsu053","smsu028",1704
1,"smsu053","smsu029",1887
1,"smsu053","smsu030",148
1,"smsu053","smsu031",1494
1,"smsu053","smsu032",319
1,"smsu053","smsu033",1407
1,"smsu053","smsu034",1466
1,"smsu053","smsu035",1998
1,"smsu053","smsu036",291
1,"smsu053","smsu037",811
1,"smsu053","smsu038",1530
1,"smsu053","smsu039",1955
1,"smsu053","smsu040",285
1,"smsu053","smsu041",1956
1,"smsu053","smsu042",1517
1,"smsu053","smsu043",1019
1,"smsu053","smsu044",935
1,"smsu053","smsu045",283
1,"smsu053","smsu046",1828
1,"smsu053","smsu047",1595
1,"smsu053","smsu048",2082
1,"smsu053","smsu049",1940
1,"smsu053","smsu050",1845
1,"smsu053","smsu051",1605
1,"smsu053","smsu052",639
1,"smsu053","smsu053",0
1,"smsu053","smsu054",2001
1,"smsu053","smsu055",1072
1,"smsu053","smsu056",182
1,"smsu053","smsu057",1647
1,"smsu053","smsu058",135
1,"smsu053","smsu059",1479
1,"smsu053","smsu060",940
1,"smsu053","smsu061",1056
1,"smsu053","smsu062",861
1,"smsu053","smsu063",1677
1,"smsu053","smsu064",367
1,"smsu053","smsu065",1851
1,"smsu053","smsu066",441
1,"smsu053","smsu067",1197
1,"smsu053","smsu068",421
1,"smsu053","smsu069",1076
1,"smsu053","smsu070",1675
1,"smsu053","smsu071",1343
1,"smsu053","smsu072",1570
1,"smsu053","smsu073",130
1,"smsu053","smsu074",1446
1,"smsu053","smsu075",1422
1,"smsu053","smsu076",1218
1,"smsu053","smsu077",1092
1,"smsu053","smsu078",1533
1,"smsu053","smsu079",943
1,"smsu053","smsu080",1476
1,"smsu053","smsu081",2154
1,"smsu053","smsu082",595
1,"smsu053","smsu083",1567
1,"smsu053","smsu084",494
1,"smsu053","smsu085",1019
1,"smsu053","smsu086",381
1,"smsu053","smsu087",1837
1,"smsu053","smsu088",848
1,"smsu053","smsu089",1255
1,"smsu053","smsu090",1820
1,"smsu053","smsu091",940
1,"smsu053","smsu092",301
1,"smsu053","smsu093",1730
1,"smsu053","smsu094",916
1,"smsu053","smsu095",592
1,"smsu053","smsu096",1160
1,"smsu053","smsu097",2126
1,"smsu053","smsu098",1892
1,"smsu053","smsu099",1848
1,"smsu053","smsu100",1157
1,"smsu054","smsu001",1270
1,"smsu054","smsu002",1798
1,"smsu054","smsu003",659
1,"smsu054","smsu004",1187
1,"smsu054","smsu005",1728
1,"smsu054","smsu006",1571
1,"smsu054","smsu007",1948
1,"smsu054","smsu008",995
1,"smsu054","smsu009",1759
1,"smsu054","smsu010",384
1,"smsu054","smsu011",318
1,"smsu054","smsu012",1782
1,"smsu054","smsu013",1248
1,"smsu054","smsu014",203
1,"smsu054","smsu015",408
1,"smsu054","smsu016",1350
1,"smsu054","smsu017",1339
1,"smsu054","smsu018",1970
1,"smsu054","smsu019",1622
1,"smsu054","smsu020",568
1,"smsu054","smsu021",538
1,"smsu054","smsu022",910
1,"smsu054","smsu023",1560
1,"smsu054","smsu024",1731
1,"smsu054","smsu025",1791
1,"smsu054","smsu026",1664
1,"smsu054","smsu027",1225
1,"smsu054","smsu028",1216
1,"smsu054","smsu029",479
1,"smsu054","smsu030",1943
1,"smsu054","smsu031",1208
1,"smsu054","smsu032",2161
1,"smsu054","smsu033",1378
1,"smsu054","smsu034",575
1,"smsu054","smsu035",712
1,"smsu054","smsu036",2169
1,"smsu054","smsu037",1698
1,"smsu054","smsu038",479
1,"smsu054","smsu039",84
1,"smsu054","smsu040",1975
1,"smsu054","smsu041",341
1,"smsu054","smsu042",1014
1,"smsu054","smsu043",1146
1,"smsu054","smsu044",1069
1,"smsu054","smsu045",2172
1,"smsu054","smsu046",266
1,"smsu054","smsu047",1499
1,"smsu054","smsu048",84
1,"smsu054","smsu049",126
1,"smsu054","smsu050",200
1,"smsu054","smsu051",397
1,"smsu054","smsu052",1683
1,"smsu054","smsu053",2001
1,"smsu054","smsu054",0
1,"smsu054","smsu055",1710
1,"smsu054","smsu056",1956
1,"smsu054","smsu057",1355
1,"smsu054","smsu058",1905
1,"smsu054","smsu059",1000
1,"smsu054","smsu060",1160
1,"smsu054","smsu061",1484
1,"smsu054","smsu062",1677
1,"smsu054","smsu063",511
1,"smsu054","smsu064",1668
1,"smsu054","smsu065",771
1,"smsu054","smsu066",1996
1,"smsu054","smsu067",1091
1,"smsu054","smsu068",1616
1,"smsu054","smsu069",1760
1,"smsu054","smsu070",870
1,"smsu054","smsu071",1428
1,"smsu054","smsu072",433
1,"smsu054","smsu073",2031
1,"smsu054","smsu074",999
1,"smsu054","smsu075",776
1,"smsu054","smsu076",1633
1,"smsu054","smsu077",1892
1,"smsu054","smsu078",1015
1,"smsu054","smsu079",1080
1,"smsu054","smsu080",603
1,"smsu054","smsu081",661
1,"smsu054","smsu082",1759
1,"smsu054","smsu083",553
1,"smsu054","smsu084",1562
1,"smsu054","smsu085",1422
1,"smsu054","smsu086",1827
1,"smsu054","smsu087",190
1,"smsu054","smsu088",1413
1,"smsu054","smsu089",1324
1,"smsu054","smsu090",545
1,"smsu054","smsu091",1250
1,"smsu054","smsu092",1722
1,"smsu054","smsu093",433
1,"smsu054","smsu094",1085
1,"smsu054","smsu095",1802
1,"smsu054","smsu096",1517
1,"smsu054","smsu097",197
1,"smsu054","smsu098",455
1,"smsu054","smsu099",247
1,"smsu054","smsu100",852
1,"smsu055","smsu001",633
1,"smsu055","smsu002",399
1,"smsu055","smsu003",1264
1,"smsu055","smsu004",525
1,"smsu055","smsu005",68
1,"smsu055","smsu006",732
1,"smsu055","smsu007",790
1,"smsu055","smsu008",1364
1,"smsu055","smsu009",255
1,"smsu055","smsu010",1355
1,"smsu055","smsu011",1528
1,"smsu055","smsu012",169
1,"smsu055","smsu013",558
1,"smsu055","smsu014",1752
1,"smsu055","smsu015",1435
1,"smsu055","smsu016",1324
1,"smsu055","smsu017",2186
1,"smsu055","smsu018",695
1,"smsu055","smsu019",1448
1,"smsu055","smsu020",1209
1,"smsu055","smsu021",1529
1,"smsu055","smsu022",1377
1,"smsu055","smsu023",585
1,"smsu055","smsu024",1086
1,"smsu055","smsu025",91
1,"smsu055","smsu026",856
1,"smsu055","smsu027",588
1,"smsu055","smsu028",808
1,"smsu055","smsu029",1868
1,"smsu055","smsu030",1161
1,"smsu055","smsu031",637
1,"smsu055","smsu032",1390
1,"smsu055","smsu033",1940
1,"smsu055","smsu034",1161
1,"smsu055","smsu035",1332
1,"smsu055","smsu036",1363
1,"smsu055","smsu037",263
1,"smsu055","smsu038",1391
1,"smsu055","smsu039",1709
1,"smsu055","smsu040",1302
1,"smsu055","smsu041",1489
1,"smsu055","smsu042",1832
1,"smsu055","smsu043",1380
1,"smsu055","smsu044",1040
1,"smsu055","smsu045",1355
1,"smsu055","smsu046",1453
1,"smsu055","smsu047",580
1,"smsu055","smsu048",1768
1,"smsu055","smsu049",1718
1,"smsu055","smsu050",1650
1,"smsu055","smsu051",1374
1,"smsu055","smsu052",1428
1,"smsu055","smsu053",1072
1,"smsu055","smsu054",1710
1,"smsu055","smsu055",0
1,"smsu055","smsu056",1201
1,"smsu055","smsu057",2128
1,"smsu055","smsu058",1108
1,"smsu055","smsu059",1787
1,"smsu055","smsu060",683
1,"smsu055","smsu061",1688
1,"smsu055","smsu062",217
1,"smsu055","smsu063",1215
1,"smsu055","smsu064",1079
1,"smsu055","smsu065",1169
1,"smsu055","smsu066",1444
1,"smsu055","smsu067",620
1,"smsu055","smsu068",1082
1,"smsu055","smsu069",51
1,"smsu055","smsu070",1894
1,"smsu055","smsu071",387
1,"smsu055","smsu072",1343
1,"smsu055","smsu073",981
1,"smsu055","smsu074",1753
1,"smsu055","smsu075",934
1,"smsu055","smsu076",166
1,"smsu055","smsu077",183
1,"smsu055","smsu078",1848
1,"smsu055","smsu079",851
1,"smsu055","smsu080",1474
1,"smsu055","smsu081",1515
1,"smsu055","smsu082",478
1,"smsu055","smsu083",1157
1,"smsu055","smsu084",723
1,"smsu055","smsu085",304
1,"smsu055","smsu086",692
1,"smsu055","smsu087",1520
1,"smsu055","smsu088",1426
1,"smsu055","smsu089",412
1,"smsu055","smsu090",1272
1,"smsu055","smsu091",1384
1,"smsu055","smsu092",858
1,"smsu055","smsu093",1294
1,"smsu055","smsu094",969
1,"smsu055","smsu095",1467
1,"smsu055","smsu096",208
1,"smsu055","smsu097",1737
1,"smsu055","smsu098",1376
1,"smsu055","smsu099",1690
1,"smsu055","smsu100",1022
1,"smsu056","smsu001",873
1,"smsu056","smsu002",1600
1,"smsu056","smsu003",1910
1,"smsu056","smsu004",1210
1,"smsu056","smsu005",1139
1,"smsu056","smsu006",536
1,"smsu056","smsu007",465
1,"smsu056","smsu008",1032
1,"smsu056","smsu009",957
1,"smsu056","smsu010",1779
1,"smsu056","smsu011",1972
1,"smsu056","smsu012",1060
1,"smsu056","smsu013",1496
1,"smsu056","smsu014",1867
1,"smsu056","smsu015",1550
1,"smsu056","smsu016",697
1,"smsu056","smsu017",1577
1,"smsu056","smsu018",590
1,"smsu056","smsu019",546
1,"smsu056","smsu020",1412
1,"smsu056","smsu021",1481
1,"smsu056","smsu022",1109
1,"smsu056","smsu023",664
1,"smsu056","smsu024",226
1,"smsu056","smsu025",1256
1,"smsu056","smsu026",389
1,"smsu056","smsu027",979
1,"smsu056","smsu028",1776
1,"smsu056","smsu029",1802
1,"smsu056","smsu030",41
1,"smsu056","smsu031",1566
1,"smsu056","smsu032",224
1,"smsu056","smsu033",1252
1,"smsu056","smsu034",1447
1,"smsu056","smsu035",2018
1,"smsu056","smsu036",219
1,"smsu056","smsu037",939
1,"smsu056","smsu038",1479
1,"smsu056","smsu039",1904
1,"smsu056","smsu040",108
1,"smsu056","smsu041",1943
1,"smsu056","smsu042",1391
1,"smsu056","smsu043",911
1,"smsu056","smsu044",889
1,"smsu056","smsu045",219
1,"smsu056","smsu046",1803
1,"smsu056","smsu047",1696
1,"smsu056","smsu048",2039
1,"smsu056","smsu049",1886
1,"smsu056","smsu050",1790
1,"smsu056","smsu051",1565
1,"smsu056","smsu052",475
1,"smsu056","smsu053",182
1,"smsu056","smsu054",1956
1,"smsu056","smsu055",1201
1,"smsu056","smsu056",0
1,"smsu056","smsu057",1494
1,"smsu056","smsu058",94
1,"smsu056","smsu059",1355
1,"smsu056","smsu060",967
1,"smsu056","smsu061",897
1,"smsu056","smsu062",986
1,"smsu056","smsu063",1673
1,"smsu056","smsu064",288
1,"smsu056","smsu065",1879
1,"smsu056","smsu066",263
1,"smsu056","smsu067",1244
1,"smsu056","smsu068",340
1,"smsu056","smsu069",1211
1,"smsu056","smsu070",1558
1,"smsu056","smsu071",1440
1,"smsu056","smsu072",1531
1,"smsu056","smsu073",312
1,"smsu056","smsu074",1323
1,"smsu056","smsu075",1436
1,"smsu056","smsu076",1338
1,"smsu056","smsu077",1240
1,"smsu056","smsu078",1407
1,"smsu056","smsu079",937
1,"smsu056","smsu080",1404
1,"smsu056","smsu081",2165
1,"smsu056","smsu082",728
1,"smsu056","smsu083",1559
1,"smsu056","smsu084",548
1,"smsu056","smsu085",1109
1,"smsu056","smsu086",519
1,"smsu056","smsu087",1802
1,"smsu056","smsu088",710
1,"smsu056","smsu089",1339
1,"smsu056","smsu090",1826
1,"smsu056","smsu091",823
1,"smsu056","smsu092",360
1,"smsu056","smsu093",1720
1,"smsu056","smsu094",884
1,"smsu056","smsu095",415
1,"smsu056","smsu096",1266
1,"smsu056","smsu097",2094
1,"smsu056","smsu098",1889
1,"smsu056","smsu099",1786
1,"smsu056","smsu100",1131
1,"smsu057","smsu001",1496
1,"smsu057","smsu002",2430
1,"smsu057","smsu003",1821
1,"smsu057","smsu004",1727
1,"smsu057","smsu005",2100
1,"smsu057","smsu006",1515
1,"smsu057","smsu007",1806
1,"smsu057","smsu008",773
1,"smsu057","smsu009",2003
1,"smsu057","smsu010",1512
1,"smsu057","smsu011",1605
1,"smsu057","smsu012",2086
1,"smsu057","smsu013",1988
1,"smsu057","smsu014",1156
1,"smsu057","smsu015",1102
1,"smsu057","smsu016",871
1,"smsu057","smsu017",86
1,"smsu057","smsu018",1904
1,"smsu057","smsu019",948
1,"smsu057","smsu020",1216
1,"smsu057","smsu021",900
1,"smsu057","smsu022",783
1,"smsu057","smsu023",1623
1,"smsu057","smsu024",1357
1,"smsu057","smsu025",2217
1,"smsu057","smsu026",1485
1,"smsu057","smsu027",1555
1,"smsu057","smsu028",2142
1,"smsu057","smsu029",900
1,"smsu057","smsu030",1511
1,"smsu057","smsu031",2005
1,"smsu057","smsu032",1589
1,"smsu057","smsu033",243
1,"smsu057","smsu034",1308
1,"smsu057","smsu035",1920
1,"smsu057","smsu036",1620
1,"smsu057","smsu037",1946
1,"smsu057","smsu038",1071
1,"smsu057","smsu039",1270
1,"smsu057","smsu040",1435
1,"smsu057","smsu041",1605
1,"smsu057","smsu042",370
1,"smsu057","smsu043",752
1,"smsu057","smsu044",1091
1,"smsu057","smsu045",1631
1,"smsu057","smsu046",1430
1,"smsu057","smsu047",2290
1,"smsu057","smsu048",1420
1,"smsu057","smsu049",1229
1,"smsu057","smsu050",1166
1,"smsu057","smsu051",1196
1,"smsu057","smsu052",1022
1,"smsu057","smsu053",1647
1,"smsu057","smsu054",1355
1,"smsu057","smsu055",2128
1,"smsu057","smsu056",1494
1,"smsu057","smsu057",0
1,"smsu057","smsu058",1512
1,"smsu057","smsu059",403
1,"smsu057","smsu060",1462
1,"smsu057","smsu061",599
1,"smsu057","smsu062",1962
1,"smsu057","smsu063",1524
1,"smsu057","smsu064",1307
1,"smsu057","smsu065",1885
1,"smsu057","smsu066",1344
1,"smsu057","smsu067",1668
1,"smsu057","smsu068",1262
1,"smsu057","smsu069",2169
1,"smsu057","smsu070",485
1,"smsu057","smsu071",2083
1,"smsu057","smsu072",1192
1,"smsu057","smsu073",1753
1,"smsu057","smsu074",425
1,"smsu057","smsu075",1543
1,"smsu057","smsu076",2163
1,"smsu057","smsu077",2273
1,"smsu057","smsu078",362
1,"smsu057","smsu079",1290
1,"smsu057","smsu080",884
1,"smsu057","smsu081",1951
1,"smsu057","smsu082",1847
1,"smsu057","smsu083",1444
1,"smsu057","smsu084",1516
1,"smsu057","smsu085",1851
1,"smsu057","smsu086",1754
1,"smsu057","smsu087",1347
1,"smsu057","smsu088",808
1,"smsu057","smsu089",1938
1,"smsu057","smsu090",1680
1,"smsu057","smsu091",771
1,"smsu057","smsu092",1531
1,"smsu057","smsu093",1499
1,"smsu057","smsu094",1163
1,"smsu057","smsu095",1108
1,"smsu057","smsu096",2033
1,"smsu057","smsu097",1551
1,"smsu057","smsu098",1655
1,"smsu057","smsu099",1109
1,"smsu057","smsu100",1194
1,"smsu058","smsu001",790
1,"smsu058","smsu002",1506
1,"smsu058","smsu003",1834
1,"smsu058","smsu004",1122
1,"smsu058","smsu005",1045
1,"smsu058","smsu006",447
1,"smsu058","smsu007",383
1,"smsu058","smsu008",1004
1,"smsu058","smsu009",864
1,"smsu058","smsu010",1714
1,"smsu058","smsu011",1909
1,"smsu058","smsu012",967
1,"smsu058","smsu013",1406
1,"smsu058","smsu014",1824
1,"smsu058","smsu015",1501
1,"smsu058","smsu016",686
1,"smsu058","smsu017",1594
1,"smsu058","smsu018",508
1,"smsu058","smsu019",572
1,"smsu058","smsu020",1353
1,"smsu058","smsu021",1443
1,"smsu058","smsu022",1078
1,"smsu058","smsu023",572
1,"smsu058","smsu024",181
1,"smsu058","smsu025",1162
1,"smsu058","smsu026",301
1,"smsu058","smsu027",894
1,"smsu058","smsu028",1687
1,"smsu058","smsu029",1771
1,"smsu058","smsu030",55
1,"smsu058","smsu031",1477
1,"smsu058","smsu032",308
1,"smsu058","smsu033",1272
1,"smsu058","smsu034",1384
1,"smsu058","smsu035",1942
1,"smsu058","smsu036",296
1,"smsu058","smsu037",845
1,"smsu058","smsu038",1430
1,"smsu058","smsu039",1855
1,"smsu058","smsu040",197
1,"smsu058","smsu041",1878
1,"smsu058","smsu042",1386
1,"smsu058","smsu043",893
1,"smsu058","smsu044",836
1,"smsu058","smsu045",293
1,"smsu058","smsu046",1743
1,"smsu058","smsu047",1603
1,"smsu058","smsu048",1987
1,"smsu058","smsu049",1839
1,"smsu058","smsu050",1744
1,"smsu058","smsu051",1511
1,"smsu058","smsu052",507
1,"smsu058","smsu053",135
1,"smsu058","smsu054",1905
1,"smsu058","smsu055",1108
1,"smsu058","smsu056",94
1,"smsu058","smsu057",1512
1,"smsu058","smsu058",0
1,"smsu058","smsu059",1349
1,"smsu058","smsu060",887
1,"smsu058","smsu061",921
1,"smsu058","smsu062",891
1,"smsu058","smsu063",1604
1,"smsu058","smsu064",246
1,"smsu058","smsu065",1800
1,"smsu058","smsu066",348
1,"smsu058","smsu067",1159
1,"smsu058","smsu068",300
1,"smsu058","smsu069",1118
1,"smsu058","smsu070",1547
1,"smsu058","smsu071",1347
1,"smsu058","smsu072",1476
1,"smsu058","smsu073",252
1,"smsu058","smsu074",1316
1,"smsu058","smsu075",1361
1,"smsu058","smsu076",1244
1,"smsu058","smsu077",1148
1,"smsu058","smsu078",1403
1,"smsu058","smsu079",868
1,"smsu058","smsu080",1365
1,"smsu058","smsu081",2092
1,"smsu058","smsu082",634
1,"smsu058","smsu083",1492
1,"smsu058","smsu084",459
1,"smsu058","smsu085",1017
1,"smsu058","smsu086",427
1,"smsu058","smsu087",1746
1,"smsu058","smsu088",714
1,"smsu058","smsu089",1247
1,"smsu058","smsu090",1754
1,"smsu058","smsu091",811
1,"smsu058","smsu092",268
1,"smsu058","smsu093",1654
1,"smsu058","smsu094",824
1,"smsu058","smsu095",467
1,"smsu058","smsu096",1172
1,"smsu058","smsu097",2037
1,"smsu058","smsu098",1820
1,"smsu058","smsu099",1743
1,"smsu058","smsu100",1070
1,"smsu059","smsu001",1157
1,"smsu059","smsu002",2064
1,"smsu059","smsu003",1422
1,"smsu059","smsu004",1352
1,"smsu059","smsu005",1766
1,"smsu059","smsu006",1244
1,"smsu059","smsu007",1580
1,"smsu059","smsu008",428
1,"smsu059","smsu009",1690
1,"smsu059","smsu010",1117
1,"smsu059","smsu011",1224
1,"smsu059","smsu012",1765
1,"smsu059","smsu013",1600
1,"smsu059","smsu014",814
1,"smsu059","smsu015",707
1,"smsu059","smsu016",663
1,"smsu059","smsu017",429
1,"smsu059","smsu018",1662
1,"smsu059","smsu019",849
1,"smsu059","smsu020",813
1,"smsu059","smsu021",506
1,"smsu059","smsu022",411
1,"smsu059","smsu023",1330
1,"smsu059","smsu024",1174
1,"smsu059","smsu025",1877
1,"smsu059","smsu026",1248
1,"smsu059","smsu027",1201
1,"smsu059","smsu028",1743
1,"smsu059","smsu029",597
1,"smsu059","smsu030",1362
1,"smsu059","smsu031",1612
1,"smsu059","smsu032",1500
1,"smsu059","smsu033",378
1,"smsu059","smsu034",905
1,"smsu059","smsu035",1523
1,"smsu059","smsu036",1523
1,"smsu059","smsu037",1630
1,"smsu059","smsu038",671
1,"smsu059","smsu039",917
1,"smsu059","smsu040",1323
1,"smsu059","smsu041",1220
1,"smsu059","smsu042",45
1,"smsu059","smsu043",472
1,"smsu059","smsu044",751
1,"smsu059","smsu045",1531
1,"smsu059","smsu046",1042
1,"smsu059","smsu047",1903
1,"smsu059","smsu048",1073
1,"smsu059","smsu049",879
1,"smsu059","smsu050",803
1,"smsu059","smsu051",798
1,"smsu059","smsu052",926
1,"smsu059","smsu053",1479
1,"smsu059","smsu054",1000
1,"smsu059","smsu055",1787
1,"smsu059","smsu056",1355
1,"smsu059","smsu057",403
1,"smsu059","smsu058",1349
1,"smsu059","smsu059",0
1,"smsu059","smsu060",1107
1,"smsu059","smsu061",571
1,"smsu059","smsu062",1639
1,"smsu059","smsu063",1123
1,"smsu059","smsu064",1115
1,"smsu059","smsu065",1483
1,"smsu059","smsu066",1273
1,"smsu059","smsu067",1286
1,"smsu059","smsu068",1063
1,"smsu059","smsu069",1831
1,"smsu059","smsu070",215
1,"smsu059","smsu071",1706
1,"smsu059","smsu072",792
1,"smsu059","smsu073",1566
1,"smsu059","smsu074",35
1,"smsu059","smsu075",1143
1,"smsu059","smsu076",1805
1,"smsu059","smsu077",1943
1,"smsu059","smsu078",61
1,"smsu059","smsu079",936
1,"smsu059","smsu080",483
1,"smsu059","smsu081",1563
1,"smsu059","smsu082",1562
1,"smsu059","smsu083",1040
1,"smsu059","smsu084",1243
1,"smsu059","smsu085",1497
1,"smsu059","smsu086",1505
1,"smsu059","smsu087",966
1,"smsu059","smsu088",650
1,"smsu059","smsu089",1562
1,"smsu059","smsu090",1281
1,"smsu059","smsu091",539
1,"smsu059","smsu092",1301
1,"smsu059","smsu093",1101
1,"smsu059","smsu094",821
1,"smsu059","smsu095",1037
1,"smsu059","smsu096",1673
1,"smsu059","smsu097",1196
1,"smsu059","smsu098",1262
1,"smsu059","smsu099",754
1,"smsu059","smsu100",810
1,"smsu060","smsu001",113
1,"smsu060","smsu002",970
1,"smsu060","smsu003",953
1,"smsu060","smsu004",302
1,"smsu060","smsu005",669
1,"smsu060","smsu006",460
1,"smsu060","smsu007",811
1,"smsu060","smsu008",690
1,"smsu060","smsu009",634
1,"smsu060","smsu010",881
1,"smsu060","smsu011",1078
1,"smsu060","smsu012",686
1,"smsu060","smsu013",607
1,"smsu060","smsu014",1150
1,"smsu060","smsu015",813
1,"smsu060","smsu016",737
1,"smsu060","smsu017",1514
1,"smsu060","smsu018",816
1,"smsu060","smsu019",943
1,"smsu060","smsu020",599
1,"smsu060","smsu021",867
1,"smsu060","smsu022",696
1,"smsu060","smsu023",408
1,"smsu060","smsu024",758
1,"smsu060","smsu025",774
1,"smsu060","smsu026",592
1,"smsu060","smsu027",95
1,"smsu060","smsu028",856
1,"smsu060","smsu029",1218
1,"smsu060","smsu030",938
1,"smsu060","smsu031",658
1,"smsu060","smsu032",1190
1,"smsu060","smsu033",1292
1,"smsu060","smsu034",586
1,"smsu060","smsu035",1058
1,"smsu060","smsu036",1182
1,"smsu060","smsu037",570
1,"smsu060","smsu038",756
1,"smsu060","smsu039",1136
1,"smsu060","smsu040",1031
1,"smsu060","smsu041",1043
1,"smsu060","smsu042",1152
1,"smsu060","smsu043",730
1,"smsu060","smsu044",374
1,"smsu060","smsu045",1180
1,"smsu060","smsu046",941
1,"smsu060","smsu047",883
1,"smsu060","smsu048",1233
1,"smsu060","smsu049",1135
1,"smsu060","smsu050",1052
1,"smsu060","smsu051",776
1,"smsu060","smsu052",955
1,"smsu060","smsu053",940
1,"smsu060","smsu054",1160
1,"smsu060","smsu055",683
1,"smsu060","smsu056",967
1,"smsu060","smsu057",1462
1,"smsu060","smsu058",887
1,"smsu060","smsu059",1107
1,"smsu060","smsu060",0
1,"smsu060","smsu061",1092
1,"smsu060","smsu062",564
1,"smsu060","smsu063",754
1,"smsu060","smsu064",712
1,"smsu060","smsu065",914
1,"smsu060","smsu066",1122
1,"smsu060","smsu067",295
1,"smsu060","smsu068",681
1,"smsu060","smsu069",729
1,"smsu060","smsu070",1211
1,"smsu060","smsu071",644
1,"smsu060","smsu072",741
1,"smsu060","smsu073",930
1,"smsu060","smsu074",1074
1,"smsu060","smsu075",484
1,"smsu060","smsu076",701
1,"smsu060","smsu077",848
1,"smsu060","smsu078",1167
1,"smsu060","smsu079",172
1,"smsu060","smsu080",806
1,"smsu060","smsu081",1215
1,"smsu060","smsu082",600
1,"smsu060","smsu083",653
1,"smsu060","smsu084",449
1,"smsu060","smsu085",390
1,"smsu060","smsu086",683
1,"smsu060","smsu087",976
1,"smsu060","smsu088",847
1,"smsu060","smsu089",502
1,"smsu060","smsu090",886
1,"smsu060","smsu091",759
1,"smsu060","smsu092",639
1,"smsu060","smsu093",817
1,"smsu060","smsu094",302
1,"smsu060","smsu095",1037
1,"smsu060","smsu096",572
1,"smsu060","smsu097",1245
1,"smsu060","smsu098",964
1,"smsu060","smsu099",1078
1,"smsu060","smsu100",354
1,"smsu061","smsu001",1085
1,"smsu061","smsu002",2038
1,"smsu061","smsu003",1745
1,"smsu061","smsu004",1390
1,"smsu061","smsu005",1648
1,"smsu061","smsu006",999
1,"smsu061","smsu007",1241
1,"smsu061","smsu008",537
1,"smsu061","smsu009",1520
1,"smsu061","smsu010",1488
1,"smsu061","smsu011",1640
1,"smsu061","smsu012",1614
1,"smsu061","smsu013",1687
1,"smsu061","smsu014",1324
1,"smsu061","smsu015",1112
1,"smsu061","smsu016",365
1,"smsu061","smsu017",683
1,"smsu061","smsu018",1348
1,"smsu061","smsu019",351
1,"smsu061","smsu020",1111
1,"smsu061","smsu021",946
1,"smsu061","smsu022",608
1,"smsu061","smsu023",1128
1,"smsu061","smsu024",777
1,"smsu061","smsu025",1771
1,"smsu061","smsu026",937
1,"smsu061","smsu027",1171
1,"smsu061","smsu028",1902
1,"smsu061","smsu029",1149
1,"smsu061","smsu030",916
1,"smsu061","smsu031",1726
1,"smsu061","smsu032",992
1,"smsu061","smsu033",356
1,"smsu061","smsu034",1191
1,"smsu061","smsu035",1857
1,"smsu061","smsu036",1022
1,"smsu061","smsu037",1470
1,"smsu061","smsu038",1052
1,"smsu061","smsu039",1408
1,"smsu061","smsu040",836
1,"smsu061","smsu041",1625
1,"smsu061","smsu042",590
1,"smsu061","smsu043",406
1,"smsu061","smsu044",739
1,"smsu061","smsu045",1033
1,"smsu061","smsu046",1449
1,"smsu061","smsu047",1973
1,"smsu061","smsu048",1565
1,"smsu061","smsu049",1375
1,"smsu061","smsu050",1286
1,"smsu061","smsu051",1180
1,"smsu061","smsu052",424
1,"smsu061","smsu053",1056
1,"smsu061","smsu054",1484
1,"smsu061","smsu055",1688
1,"smsu061","smsu056",897
1,"smsu061","smsu057",599
1,"smsu061","smsu058",921
1,"smsu061","smsu059",571
1,"smsu061","smsu060",1092
1,"smsu061","smsu061",0
1,"smsu061","smsu062",1496
1,"smsu061","smsu063",1445
1,"smsu061","smsu064",735
1,"smsu061","smsu065",1773
1,"smsu061","smsu066",750
1,"smsu061","smsu067",1359
1,"smsu061","smsu068",697
1,"smsu061","smsu069",1722
1,"smsu061","smsu070",785
1,"smsu061","smsu071",1735
1,"smsu061","smsu072",1159
1,"smsu061","smsu073",1168
1,"smsu061","smsu074",550
1,"smsu061","smsu075",1349
1,"smsu061","smsu076",1758
1,"smsu061","smsu077",1808
1,"smsu061","smsu078",602
1,"smsu061","smsu079",937
1,"smsu061","smsu080",886
1,"smsu061","smsu081",1942
1,"smsu061","smsu082",1334
1,"smsu061","smsu083",1338
1,"smsu061","smsu084",1003
1,"smsu061","smsu085",1449
1,"smsu061","smsu086",1207
1,"smsu061","smsu087",1398
1,"smsu061","smsu088",263
1,"smsu061","smsu089",1594
1,"smsu061","smsu090",1617
1,"smsu061","smsu091",339
1,"smsu061","smsu092",975
1,"smsu061","smsu093",1451
1,"smsu061","smsu094",802
1,"smsu061","smsu095",511
1,"smsu061","smsu096",1639
1,"smsu061","smsu097",1668
1,"smsu061","smsu098",1631
1,"smsu061","smsu099",1251
1,"smsu061","smsu100",950
1,"smsu062","smsu001",487
1,"smsu062","smsu002",615
1,"smsu062","smsu003",1307
1,"smsu062","smsu004",508
1,"smsu062","smsu005",159
1,"smsu062","smsu006",520
1,"smsu062","smsu007",587
1,"smsu062","smsu008",1212
1,"smsu062","smsu009",87
1,"smsu062","smsu010",1346
1,"smsu062","smsu011",1532
1,"smsu062","smsu012",125
1,"smsu062","smsu013",653
1,"smsu062","smsu014",1695
1,"smsu062","smsu015",1364
1,"smsu062","smsu016",1135
1,"smsu062","smsu017",2024
1,"smsu062","smsu018",505
1,"smsu062","smsu019",1242
1,"smsu062","smsu020",1141
1,"smsu062","smsu021",1431
1,"smsu062","smsu022",1235
1,"smsu062","smsu023",376
1,"smsu062","smsu024",871
1,"smsu062","smsu025",284
1,"smsu062","smsu026",640
1,"smsu062","smsu027",476
1,"smsu062","smsu028",930
1,"smsu062","smsu029",1780
1,"smsu062","smsu030",945
1,"smsu062","smsu031",735
1,"smsu062","smsu032",1177
1,"smsu062","smsu033",1764
1,"smsu062","smsu034",1108
1,"smsu062","smsu035",1389
1,"smsu062","smsu036",1151
1,"smsu062","smsu037",51
1,"smsu062","smsu038",1312
1,"smsu062","smsu039",1666
1,"smsu062","smsu040",1086
1,"smsu062","smsu041",1494
1,"smsu062","smsu042",1684
1,"smsu062","smsu043",1211
1,"smsu062","smsu044",889
1,"smsu062","smsu045",1143
1,"smsu062","smsu046",1432
1,"smsu062","smsu047",754
1,"smsu062","smsu048",1742
1,"smsu062","smsu049",1670
1,"smsu062","smsu050",1593
1,"smsu062","smsu051",1315
1,"smsu062","smsu052",1219
1,"smsu062","smsu053",861
1,"smsu062","smsu054",1677
1,"smsu062","smsu055",217
1,"smsu062","smsu056",986
1,"smsu062","smsu057",1962
1,"smsu062","smsu058",891
1,"smsu062","smsu059",1639
1,"smsu062","smsu060",564
1,"smsu062","smsu061",1496
1,"smsu062","smsu062",0
1,"smsu062","smsu063",1207
1,"smsu062","smsu064",865
1,"smsu062","smsu065",1225
1,"smsu062","smsu066",1227
1,"smsu062","smsu067",599
1,"smsu062","smsu068",870
1,"smsu062","smsu069",235
1,"smsu062","smsu070",1763
1,"smsu062","smsu071",521
1,"smsu062","smsu072",1281
1,"smsu062","smsu073",775
1,"smsu062","smsu074",1605
1,"smsu062","smsu075",916
1,"smsu062","smsu076",358
1,"smsu062","smsu077",313
1,"smsu062","smsu078",1701
1,"smsu062","smsu079",718
1,"smsu062","smsu080",1370
1,"smsu062","smsu081",1568
1,"smsu062","smsu082",267
1,"smsu062","smsu083",1132
1,"smsu062","smsu084",512
1,"smsu062","smsu085",273
1,"smsu062","smsu086",480
1,"smsu062","smsu087",1487
1,"smsu062","smsu088",1233
1,"smsu062","smsu089",484
1,"smsu062","smsu090",1291
1,"smsu062","smsu091",1204
1,"smsu062","smsu092",641
1,"smsu062","smsu093",1283
1,"smsu062","smsu094",820
1,"smsu062","smsu095",1253
1,"smsu062","smsu096",322
1,"smsu062","smsu097",1729
1,"smsu062","smsu098",1390
1,"smsu062","smsu099",1626
1,"smsu062","smsu100",917
1,"smsu063","smsu001",867
1,"smsu063","smsu002",1287
1,"smsu063","smsu003",304
1,"smsu063","smsu004",703
1,"smsu063","smsu005",1240
1,"smsu063","smsu006",1207
1,"smsu063","smsu007",1565
1,"smsu063","smsu008",908
1,"smsu063","smsu009",1293
1,"smsu063","smsu010",140
1,"smsu063","smsu011",328
1,"smsu063","smsu012",1303
1,"smsu063","smsu013",737
1,"smsu063","smsu014",614
1,"smsu063","smsu015",433
1,"smsu063","smsu016",1197
1,"smsu063","smsu017",1537
1,"smsu063","smsu018",1564
1,"smsu063","smsu019",1469
1,"smsu063","smsu020",335
1,"smsu063","smsu021",631
1,"smsu063","smsu022",841
1,"smsu063","smsu023",1161
1,"smsu063","smsu024",1449
1,"smsu063","smsu025",1293
1,"smsu063","smsu026",1327
1,"smsu063","smsu027",795
1,"smsu063","smsu028",728
1,"smsu063","smsu029",831
1,"smsu063","smsu030",1651
1,"smsu063","smsu031",698
1,"smsu063","smsu032",1892
1,"smsu063","smsu033",1465
1,"smsu063","smsu034",256
1,"smsu063","smsu035",413
1,"smsu063","smsu036",1891
1,"smsu063","smsu037",1235
1,"smsu063","smsu038",453
1,"smsu063","smsu039",533
1,"smsu063","smsu040",1716
1,"smsu063","smsu041",291
1,"smsu063","smsu042",1155
1,"smsu063","smsu043",1046
1,"smsu063","smsu044",817
1,"smsu063","smsu045",1891
1,"smsu063","smsu046",245
1,"smsu063","smsu047",994
1,"smsu063","smsu048",558
1,"smsu063","smsu049",555
1,"smsu063","smsu050",521
1,"smsu063","smsu051",335
1,"smsu063","smsu052",1513
1,"smsu063","smsu053",1677
1,"smsu063","smsu054",511
1,"smsu063","smsu055",1215
1,"smsu063","smsu056",1673
1,"smsu063","smsu057",1524
1,"smsu063","smsu058",1604
1,"smsu063","smsu059",1123
1,"smsu063","smsu060",754
1,"smsu063","smsu061",1445
1,"smsu063","smsu062",1207
1,"smsu063","smsu063",0
1,"smsu063","smsu064",1392
1,"smsu063","smsu065",361
1,"smsu063","smsu066",1773
1,"smsu063","smsu067",609
1,"smsu063","smsu068",1347
1,"smsu063","smsu069",1266
1,"smsu063","smsu070",1086
1,"smsu063","smsu071",917
1,"smsu063","smsu072",333
1,"smsu063","smsu073",1680
1,"smsu063","smsu074",1106
1,"smsu063","smsu075",291
1,"smsu063","smsu076",1128
1,"smsu063","smsu077",1397
1,"smsu063","smsu078",1163
1,"smsu063","smsu079",736
1,"smsu063","smsu080",640
1,"smsu063","smsu081",510
1,"smsu063","smsu082",1330
1,"smsu063","smsu083",116
1,"smsu063","smsu084",1197
1,"smsu063","smsu085",941
1,"smsu063","smsu086",1436
1,"smsu063","smsu087",332
1,"smsu063","smsu088",1289
1,"smsu063","smsu089",819
1,"smsu063","smsu090",172
1,"smsu063","smsu091",1136
1,"smsu063","smsu092",1379
1,"smsu063","smsu093",79
1,"smsu063","smsu094",800
1,"smsu063","smsu095",1622
1,"smsu063","smsu096",1016
1,"smsu063","smsu097",523
1,"smsu063","smsu098",216
1,"smsu063","smsu099",581
1,"smsu063","smsu100",556
1,"smsu064","smsu001",633
1,"smsu064","smsu002",1469
1,"smsu064","smsu003",1638
1,"smsu064","smsu004",982
1,"smsu064","smsu005",1024
1,"smsu064","smsu006",350
1,"smsu064","smsu007",506
1,"smsu064","smsu008",759
1,"smsu064","smsu009",862
1,"smsu064","smsu010",1494
1,"smsu064","smsu011",1687
1,"smsu064","smsu012",964
1,"smsu064","smsu013",1281
1,"smsu064","smsu014",1581
1,"smsu064","smsu015",1262
1,"smsu064","smsu016",454
1,"smsu064","smsu017",1385
1,"smsu064","smsu018",616
1,"smsu064","smsu019",409
1,"smsu064","smsu020",1124
1,"smsu064","smsu021",1198
1,"smsu064","smsu022",833
1,"smsu064","smsu023",497
1,"smsu064","smsu024",65
1,"smsu064","smsu025",1148
1,"smsu064","smsu026",230
1,"smsu064","smsu027",741
1,"smsu064","smsu028",1553
1,"smsu064","smsu029",1525
1,"smsu064","smsu030",276
1,"smsu064","smsu031",1345
1,"smsu064","smsu032",502
1,"smsu064","smsu033",1072
1,"smsu064","smsu034",1161
1,"smsu064","smsu035",1748
1,"smsu064","smsu036",504
1,"smsu064","smsu037",826
1,"smsu064","smsu038",1191
1,"smsu064","smsu039",1616
1,"smsu064","smsu040",325
1,"smsu064","smsu041",1658
1,"smsu064","smsu042",1153
1,"smsu064","smsu043",652
1,"smsu064","smsu044",601
1,"smsu064","smsu045",506
1,"smsu064","smsu046",1516
1,"smsu064","smsu047",1511
1,"smsu064","smsu048",1751
1,"smsu064","smsu049",1598
1,"smsu064","smsu050",1503
1,"smsu064","smsu051",1277
1,"smsu064","smsu052",366
1,"smsu064","smsu053",367
1,"smsu064","smsu054",1668
1,"smsu064","smsu055",1079
1,"smsu064","smsu056",288
1,"smsu064","smsu057",1307
1,"smsu064","smsu058",246
1,"smsu064","smsu059",1115
1,"smsu064","smsu060",712
1,"smsu064","smsu061",735
1,"smsu064","smsu062",865
1,"smsu064","smsu063",1392
1,"smsu064","smsu064",0
1,"smsu064","smsu065",1614
1,"smsu064","smsu066",411
1,"smsu064","smsu067",1002
1,"smsu064","smsu068",55
1,"smsu064","smsu069",1100
1,"smsu064","smsu070",1308
1,"smsu064","smsu071",1253
1,"smsu064","smsu072",1243
1,"smsu064","smsu073",453
1,"smsu064","smsu074",1081
1,"smsu064","smsu075",1166
1,"smsu064","smsu076",1192
1,"smsu064","smsu077",1158
1,"smsu064","smsu078",1170
1,"smsu064","smsu079",661
1,"smsu064","smsu080",1120
1,"smsu064","smsu081",1889
1,"smsu064","smsu082",645
1,"smsu064","smsu083",1278
1,"smsu064","smsu084",360
1,"smsu064","smsu085",924
1,"smsu064","smsu086",483
1,"smsu064","smsu087",1514
1,"smsu064","smsu088",499
1,"smsu064","smsu089",1137
1,"smsu064","smsu090",1548
1,"smsu064","smsu091",576
1,"smsu064","smsu092",251
1,"smsu064","smsu093",1437
1,"smsu064","smsu094",598
1,"smsu064","smsu095",388
1,"smsu064","smsu096",1100
1,"smsu064","smsu097",1806
1,"smsu064","smsu098",1608
1,"smsu064","smsu099",1500
1,"smsu064","smsu100",846
1,"smsu065","smsu001",1015
1,"smsu065","smsu002",1126
1,"smsu065","smsu003",120
1,"smsu065","smsu004",738
1,"smsu065","smsu005",1211
1,"smsu065","smsu006",1369
1,"smsu065","smsu007",1688
1,"smsu065","smsu008",1240
1,"smsu065","smsu009",1313
1,"smsu065","smsu010",414
1,"smsu065","smsu011",472
1,"smsu065","smsu012",1294
1,"smsu065","smsu013",616
1,"smsu065","smsu014",924
1,"smsu065","smsu015",793
1,"smsu065","smsu016",1494
1,"smsu065","smsu017",1898
1,"smsu065","smsu018",1660
1,"smsu065","smsu019",1756
1,"smsu065","smsu020",680
1,"smsu065","smsu021",992
1,"smsu065","smsu022",1180
1,"smsu065","smsu023",1288
1,"smsu065","smsu024",1665
1,"smsu065","smsu025",1229
1,"smsu065","smsu026",1506
1,"smsu065","smsu027",919
1,"smsu065","smsu028",474
1,"smsu065","smsu029",1169
1,"smsu065","smsu030",1851
1,"smsu065","smsu031",547
1,"smsu065","smsu032",2103
1,"smsu065","smsu033",1818
1,"smsu065","smsu034",591
1,"smsu065","smsu035",164
1,"smsu065","smsu036",2095
1,"smsu065","smsu037",1264
1,"smsu065","smsu038",814
1,"smsu065","smsu039",821
1,"smsu065","smsu040",1938
1,"smsu065","smsu041",439
1,"smsu065","smsu042",1515
1,"smsu065","smsu043",1368
1,"smsu065","smsu044",1091
1,"smsu065","smsu045",2094
1,"smsu065","smsu046",532
1,"smsu065","smsu047",786
1,"smsu065","smsu048",787
1,"smsu065","smsu049",853
1,"smsu065","smsu050",845
1,"smsu065","smsu051",695
1,"smsu065","smsu052",1791
1,"smsu065","smsu053",1851
1,"smsu065","smsu054",771
1,"smsu065","smsu055",1169
1,"smsu065","smsu056",1879
1,"smsu065","smsu057",1885
1,"smsu065","smsu058",1800
1,"smsu065","smsu059",1483
1,"smsu065","smsu060",914
1,"smsu065","smsu061",1773
1,"smsu065","smsu062",1225
1,"smsu065","smsu063",361
1,"smsu065","smsu064",1614
1,"smsu065","smsu065",0
1,"smsu065","smsu066",2016
1,"smsu065","smsu067",667
1,"smsu065","smsu068",1576
1,"smsu065","smsu069",1215
1,"smsu065","smsu070",1446
1,"smsu065","smsu071",804
1,"smsu065","smsu072",694
1,"smsu065","smsu073",1831
1,"smsu065","smsu074",1464
1,"smsu065","smsu075",453
1,"smsu065","smsu076",1042
1,"smsu065","smsu077",1339
1,"smsu065","smsu078",1523
1,"smsu065","smsu079",959
1,"smsu065","smsu080",1001
1,"smsu065","smsu081",346
1,"smsu065","smsu082",1409
1,"smsu065","smsu083",446
1,"smsu065","smsu084",1357
1,"smsu065","smsu085",954
1,"smsu065","smsu086",1556
1,"smsu065","smsu087",634
1,"smsu065","smsu088",1594
1,"smsu065","smsu089",759
1,"smsu065","smsu090",232
1,"smsu065","smsu091",1450
1,"smsu065","smsu092",1551
1,"smsu065","smsu093",401
1,"smsu065","smsu094",1056
1,"smsu065","smsu095",1892
1,"smsu065","smsu096",961
1,"smsu065","smsu097",692
1,"smsu065","smsu098",317
1,"smsu065","smsu099",909
1,"smsu065","smsu100",838
1,"smsu066","smsu001",1044
1,"smsu066","smsu002",1841
1,"smsu066","smsu003",2033
1,"smsu066","smsu004",1393
1,"smsu066","smsu005",1383
1,"smsu066","smsu006",741
1,"smsu066","smsu007",728
1,"smsu066","smsu008",1019
1,"smsu066","smsu009",1206
1,"smsu066","smsu010",1865
1,"smsu066","smsu011",2052
1,"smsu066","smsu012",1309
1,"smsu066","smsu013",1691
1,"smsu066","smsu014",1883
1,"smsu066","smsu015",1588
1,"smsu066","smsu016",659
1,"smsu066","smsu017",1430
1,"smsu066","smsu018",853
1,"smsu066","smsu019",424
1,"smsu066","smsu020",1483
1,"smsu066","smsu021",1487
1,"smsu066","smsu022",1103
1,"smsu066","smsu023",882
1,"smsu066","smsu024",376
1,"smsu066","smsu025",1503
1,"smsu066","smsu026",598
1,"smsu066","smsu027",1152
1,"smsu066","smsu028",1963
1,"smsu066","smsu029",1779
1,"smsu066","smsu030",303
1,"smsu066","smsu031",1756
1,"smsu066","smsu032",247
1,"smsu066","smsu033",1103
1,"smsu066","smsu034",1531
1,"smsu066","smsu035",2144
1,"smsu066","smsu036",282
1,"smsu066","smsu037",1183
1,"smsu066","smsu038",1517
1,"smsu066","smsu039",1935
1,"smsu066","smsu040",156
1,"smsu066","smsu041",2026
1,"smsu066","smsu042",1303
1,"smsu066","smsu043",878
1,"smsu066","smsu044",960
1,"smsu066","smsu045",294
1,"smsu066","smsu046",1873
1,"smsu066","smsu047",1912
1,"smsu066","smsu048",2079
1,"smsu066","smsu049",1912
1,"smsu066","smsu050",1816
1,"smsu066","smsu051",1619
1,"smsu066","smsu052",347
1,"smsu066","smsu053",441
1,"smsu066","smsu054",1996
1,"smsu066","smsu055",1444
1,"smsu066","smsu056",263
1,"smsu066","smsu057",1344
1,"smsu066","smsu058",348
1,"smsu066","smsu059",1273
1,"smsu066","smsu060",1122
1,"smsu066","smsu061",750
1,"smsu066","smsu062",1227
1,"smsu066","smsu063",1773
1,"smsu066","smsu064",411
1,"smsu066","smsu065",2016
1,"smsu066","smsu066",0
1,"smsu066","smsu067",1413
1,"smsu066","smsu068",442
1,"smsu066","smsu069",1457
1,"smsu066","smsu070",1485
1,"smsu066","smsu071",1654
1,"smsu066","smsu072",1587
1,"smsu066","smsu073",570
1,"smsu066","smsu074",1244
1,"smsu066","smsu075",1564
1,"smsu066","smsu076",1572
1,"smsu066","smsu077",1494
1,"smsu066","smsu078",1318
1,"smsu066","smsu079",1057
1,"smsu066","smsu080",1412
1,"smsu066","smsu081",2278
1,"smsu066","smsu082",977
1,"smsu066","smsu083",1658
1,"smsu066","smsu084",752
1,"smsu066","smsu085",1323
1,"smsu066","smsu086",774
1,"smsu066","smsu087",1858
1,"smsu066","smsu088",631
1,"smsu066","smsu089",1543
1,"smsu066","smsu090",1935
1,"smsu066","smsu091",777
1,"smsu066","smsu092",587
1,"smsu066","smsu093",1811
1,"smsu066","smsu094",974
1,"smsu066","smsu095",239
1,"smsu066","smsu096",1491
1,"smsu066","smsu097",2150
1,"smsu066","smsu098",1987
1,"smsu066","smsu099",1802
1,"smsu066","smsu100",1218
1,"smsu067","smsu001",371
1,"smsu067","smsu002",792
1,"smsu067","smsu003",730
1,"smsu067","smsu004",96
1,"smsu067","smsu005",637
1,"smsu067","smsu006",716
1,"smsu067","smsu007",1021
1,"smsu067","smsu008",902
1,"smsu067","smsu009",686
1,"smsu067","smsu010",748
1,"smsu067","smsu011",933
1,"smsu067","smsu012",695
1,"smsu067","smsu013",330
1,"smsu067","smsu014",1134
1,"smsu067","smsu015",825
1,"smsu067","smsu016",1015
1,"smsu067","smsu017",1710
1,"smsu067","smsu018",996
1,"smsu067","smsu019",1235
1,"smsu067","smsu020",599
1,"smsu067","smsu021",942
1,"smsu067","smsu022",885
1,"smsu067","smsu023",623
1,"smsu067","smsu024",1044
1,"smsu067","smsu025",704
1,"smsu067","smsu026",859
1,"smsu067","smsu027",265
1,"smsu067","smsu028",562
1,"smsu067","smsu029",1265
1,"smsu067","smsu030",1213
1,"smsu067","smsu031",369
1,"smsu067","smsu032",1467
1,"smsu067","smsu033",1523
1,"smsu067","smsu034",543
1,"smsu067","smsu035",823
1,"smsu067","smsu036",1455
1,"smsu067","smsu037",629
1,"smsu067","smsu038",788
1,"smsu067","smsu039",1089
1,"smsu067","smsu040",1315
1,"smsu067","smsu041",894
1,"smsu067","smsu042",1329
1,"smsu067","smsu043",974
1,"smsu067","smsu044",621
1,"smsu067","smsu045",1452
1,"smsu067","smsu046",838
1,"smsu067","smsu047",625
1,"smsu067","smsu048",1152
1,"smsu067","smsu049",1098
1,"smsu067","smsu050",1031
1,"smsu067","smsu051",758
1,"smsu067","smsu052",1249
1,"smsu067","smsu053",1197
1,"smsu067","smsu054",1091
1,"smsu067","smsu055",620
1,"smsu067","smsu056",1244
1,"smsu067","smsu057",1668
1,"smsu067","smsu058",1159
1,"smsu067","smsu059",1286
1,"smsu067","smsu060",295
1,"smsu067","smsu061",1359
1,"smsu067","smsu062",599
1,"smsu067","smsu063",609
1,"smsu067","smsu064",1002
1,"smsu067","smsu065",667
1,"smsu067","smsu066",1413
1,"smsu067","smsu067",0
1,"smsu067","smsu068",973
1,"smsu067","smsu069",671
1,"smsu067","smsu070",1351
1,"smsu067","smsu071",421
1,"smsu067","smsu072",727
1,"smsu067","smsu073",1168
1,"smsu067","smsu074",1256
1,"smsu067","smsu075",319
1,"smsu067","smsu076",566
1,"smsu067","smsu077",803
1,"smsu067","smsu078",1343
1,"smsu067","smsu079",423
1,"smsu067","smsu080",898
1,"smsu067","smsu081",995
1,"smsu067","smsu082",747
1,"smsu067","smsu083",539
1,"smsu067","smsu084",704
1,"smsu067","smsu085",333
1,"smsu067","smsu086",889
1,"smsu067","smsu087",901
1,"smsu067","smsu088",1125
1,"smsu067","smsu089",280
1,"smsu067","smsu090",697
1,"smsu067","smsu091",1021
1,"smsu067","smsu092",900
1,"smsu067","smsu093",685
1,"smsu067","smsu094",557
1,"smsu067","smsu095",1333
1,"smsu067","smsu096",439
1,"smsu067","smsu097",1131
1,"smsu067","smsu098",792
1,"smsu067","smsu099",1073
1,"smsu067","smsu100",477
1,"smsu068","smsu001",608
1,"smsu068","smsu002",1468
1,"smsu068","smsu003",1597
1,"smsu068","smsu004",958
1,"smsu068","smsu005",1029
1,"smsu068","smsu006",350
1,"smsu068","smsu007",546
1,"smsu068","smsu008",705
1,"smsu068","smsu009",873
1,"smsu068","smsu010",1448
1,"smsu068","smsu011",1640
1,"smsu068","smsu012",974
1,"smsu068","smsu013",1260
1,"smsu068","smsu014",1528
1,"smsu068","smsu015",1210
1,"smsu068","smsu016",403
1,"smsu068","smsu017",1340
1,"smsu068","smsu018",651
1,"smsu068","smsu019",383
1,"smsu068","smsu020",1075
1,"smsu068","smsu021",1144
1,"smsu068","smsu022",778
1,"smsu068","smsu023",497
1,"smsu068","smsu024",119
1,"smsu068","smsu025",1154
1,"smsu068","smsu026",248
1,"smsu068","smsu027",716
1,"smsu068","smsu028",1528
1,"smsu068","smsu029",1471
1,"smsu068","smsu030",330
1,"smsu068","smsu031",1322
1,"smsu068","smsu032",550
1,"smsu068","smsu033",1029
1,"smsu068","smsu034",1114
1,"smsu068","smsu035",1708
1,"smsu068","smsu036",554
1,"smsu068","smsu037",834
1,"smsu068","smsu038",1139
1,"smsu068","smsu039",1564
1,"smsu068","smsu040",369
1,"smsu068","smsu041",1611
1,"smsu068","smsu042",1102
1,"smsu068","smsu043",598
1,"smsu068","smsu044",551
1,"smsu068","smsu045",556
1,"smsu068","smsu046",1467
1,"smsu068","smsu047",1497
1,"smsu068","smsu048",1699
1,"smsu068","smsu049",1545
1,"smsu068","smsu050",1450
1,"smsu068","smsu051",1226
1,"smsu068","smsu052",350
1,"smsu068","smsu053",421
1,"smsu068","smsu054",1616
1,"smsu068","smsu055",1082
1,"smsu068","smsu056",340
1,"smsu068","smsu057",1262
1,"smsu068","smsu058",300
1,"smsu068","smsu059",1063
1,"smsu068","smsu060",681
1,"smsu068","smsu061",697
1,"smsu068","smsu062",870
1,"smsu068","smsu063",1347
1,"smsu068","smsu064",55
1,"smsu068","smsu065",1576
1,"smsu068","smsu066",442
1,"smsu068","smsu067",973
1,"smsu068","smsu068",0
1,"smsu068","smsu069",1105
1,"smsu068","smsu070",1255
1,"smsu068","smsu071",1240
1,"smsu068","smsu072",1192
1,"smsu068","smsu073",504
1,"smsu068","smsu074",1029
1,"smsu068","smsu075",1126
1,"smsu068","smsu076",1189
1,"smsu068","smsu077",1169
1,"smsu068","smsu078",1119
1,"smsu068","smsu079",619
1,"smsu068","smsu080",1066
1,"smsu068","smsu081",1847
1,"smsu068","smsu082",662
1,"smsu068","smsu083",1233
1,"smsu068","smsu084",359
1,"smsu068","smsu085",913
1,"smsu068","smsu086",512
1,"smsu068","smsu087",1463
1,"smsu068","smsu088",455
1,"smsu068","smsu089",1120
1,"smsu068","smsu090",1505
1,"smsu068","smsu091",524
1,"smsu068","smsu092",279
1,"smsu068","smsu093",1390
1,"smsu068","smsu094",550
1,"smsu068","smsu095",388
1,"smsu068","smsu096",1092
1,"smsu068","smsu097",1755
1,"smsu068","smsu098",1563
1,"smsu068","smsu099",1447
1,"smsu068","smsu100",798
1,"smsu069","smsu001",675
1,"smsu069","smsu002",394
1,"smsu069","smsu003",1312
1,"smsu069","smsu004",575
1,"smsu069","smsu005",76
1,"smsu069","smsu006",755
1,"smsu069","smsu007",789
1,"smsu069","smsu008",1407
1,"smsu069","smsu009",255
1,"smsu069","smsu010",1405
1,"smsu069","smsu011",1578
1,"smsu069","smsu012",158
1,"smsu069","smsu013",603
1,"smsu069","smsu014",1803
1,"smsu069","smsu015",1486
1,"smsu069","smsu016",1358
1,"smsu069","smsu017",2227
1,"smsu069","smsu018",689
1,"smsu069","smsu019",1475
1,"smsu069","smsu020",1259
1,"smsu069","smsu021",1578
1,"smsu069","smsu022",1421
1,"smsu069","smsu023",610
1,"smsu069","smsu024",1104
1,"smsu069","smsu025",50
1,"smsu069","smsu026",874
1,"smsu069","smsu027",634
1,"smsu069","smsu028",846
1,"smsu069","smsu029",1918
1,"smsu069","smsu030",1170
1,"smsu069","smsu031",680
1,"smsu069","smsu032",1395
1,"smsu069","smsu033",1979
1,"smsu069","smsu034",1211
1,"smsu069","smsu035",1378
1,"smsu069","smsu036",1367
1,"smsu069","smsu037",275
1,"smsu069","smsu038",1441
1,"smsu069","smsu039",1760
1,"smsu069","smsu040",1313
1,"smsu069","smsu041",1539
1,"smsu069","smsu042",1876
1,"smsu069","smsu043",1419
1,"smsu069","smsu044",1083
1,"smsu069","smsu045",1358
1,"smsu069","smsu046",1504
1,"smsu069","smsu047",606
1,"smsu069","smsu048",1819
1,"smsu069","smsu049",1769
1,"smsu069","smsu050",1701
1,"smsu069","smsu051",1425
1,"smsu069","smsu052",1453
1,"smsu069","smsu053",1076
1,"smsu069","smsu054",1760
1,"smsu069","smsu055",51
1,"smsu069","smsu056",1211
1,"smsu069","smsu057",2169
1,"smsu069","smsu058",1118
1,"smsu069","smsu059",1831
1,"smsu069","smsu060",729
1,"smsu069","smsu061",1722
1,"smsu069","smsu062",235
1,"smsu069","smsu063",1266
1,"smsu069","smsu064",1100
1,"smsu069","smsu065",1215
1,"smsu069","smsu066",1457
1,"smsu069","smsu067",671
1,"smsu069","smsu068",1105
1,"smsu069","smsu069",0
1,"smsu069","smsu070",1940
1,"smsu069","smsu071",427
1,"smsu069","smsu072",1393
1,"smsu069","smsu073",980
1,"smsu069","smsu074",1797
1,"smsu069","smsu075",984
1,"smsu069","smsu076",195
1,"smsu069","smsu077",132
1,"smsu069","smsu078",1892
1,"smsu069","smsu079",896
1,"smsu069","smsu080",1522
1,"smsu069","smsu081",1561
1,"smsu069","smsu082",484
1,"smsu069","smsu083",1208
1,"smsu069","smsu084",747
1,"smsu069","smsu085",353
1,"smsu069","smsu086",697
1,"smsu069","smsu087",1571
1,"smsu069","smsu088",1459
1,"smsu069","smsu089",460
1,"smsu069","smsu090",1321
1,"smsu069","smsu091",1421
1,"smsu069","smsu092",873
1,"smsu069","smsu093",1344
1,"smsu069","smsu094",1011
1,"smsu069","smsu095",1488
1,"smsu069","smsu096",256
1,"smsu069","smsu097",1787
1,"smsu069","smsu098",1425
1,"smsu069","smsu099",1740
1,"smsu069","smsu100",1070
1,"smsu070","smsu001",1277
1,"smsu070","smsu002",2141
1,"smsu070","smsu003",1371
1,"smsu070","smsu004",1427
1,"smsu070","smsu005",1880
1,"smsu070","smsu006",1407
1,"smsu070","smsu007",1757
1,"smsu070","smsu008",578
1,"smsu070","smsu009",1821
1,"smsu070","smsu010",1054
1,"smsu070","smsu011",1129
1,"smsu070","smsu012",1888
1,"smsu070","smsu013",1647
1,"smsu070","smsu014",671
1,"smsu070","smsu015",654
1,"smsu070","smsu016",862
1,"smsu070","smsu017",472
1,"smsu070","smsu018",1831
1,"smsu070","smsu019",1062
1,"smsu070","smsu020",812
1,"smsu070","smsu021",457
1,"smsu070","smsu022",534
1,"smsu070","smsu023",1478
1,"smsu070","smsu024",1369
1,"smsu070","smsu025",1985
1,"smsu070","smsu026",1425
1,"smsu070","smsu027",1305
1,"smsu070","smsu028",1758
1,"smsu070","smsu029",420
1,"smsu070","smsu030",1563
1,"smsu070","smsu031",1649
1,"smsu070","smsu032",1709
1,"smsu070","smsu033",552
1,"smsu070","smsu034",901
1,"smsu070","smsu035",1464
1,"smsu070","smsu036",1732
1,"smsu070","smsu037",1759
1,"smsu070","smsu038",639
1,"smsu070","smsu039",785
1,"smsu070","smsu040",1530
1,"smsu070","smsu041",1132
1,"smsu070","smsu042",196
1,"smsu070","smsu043",657
1,"smsu070","smsu044",882
1,"smsu070","smsu045",1740
1,"smsu070","smsu046",962
1,"smsu070","smsu047",1948
1,"smsu070","smsu048",934
1,"smsu070","smsu049",744
1,"smsu070","smsu050",684
1,"smsu070","smsu051",751
1,"smsu070","smsu052",1138
1,"smsu070","smsu053",1675
1,"smsu070","smsu054",870
1,"smsu070","smsu055",1894
1,"smsu070","smsu056",1558
1,"smsu070","smsu057",485
1,"smsu070","smsu058",1547
1,"smsu070","smsu059",215
1,"smsu070","smsu060",1211
1,"smsu070","smsu061",785
1,"smsu070","smsu062",1763
1,"smsu070","smsu063",1086
1,"smsu070","smsu064",1308
1,"smsu070","smsu065",1446
1,"smsu070","smsu066",1485
1,"smsu070","smsu067",1351
1,"smsu070","smsu068",1255
1,"smsu070","smsu069",1940
1,"smsu070","smsu070",0
1,"smsu070","smsu071",1771
1,"smsu070","smsu072",755
1,"smsu070","smsu073",1756
1,"smsu070","smsu074",242
1,"smsu070","smsu075",1161
1,"smsu070","smsu076",1894
1,"smsu070","smsu077",2059
1,"smsu070","smsu078",187
1,"smsu070","smsu079",1047
1,"smsu070","smsu080",469
1,"smsu070","smsu081",1480
1,"smsu070","smsu082",1712
1,"smsu070","smsu083",1021
1,"smsu070","smsu084",1404
1,"smsu070","smsu085",1595
1,"smsu070","smsu086",1674
1,"smsu070","smsu087",873
1,"smsu070","smsu088",859
1,"smsu070","smsu089",1631
1,"smsu070","smsu090",1230
1,"smsu070","smsu091",736
1,"smsu070","smsu092",1480
1,"smsu070","smsu093",1050
1,"smsu070","smsu094",947
1,"smsu070","smsu095",1251
1,"smsu070","smsu096",1762
1,"smsu070","smsu097",1066
1,"smsu070","smsu098",1193
1,"smsu070","smsu099",625
1,"smsu070","smsu100",882
1,"smsu071","smsu001",659
1,"smsu071","smsu002",380
1,"smsu071","smsu003",909
1,"smsu071","smsu004",356
1,"smsu071","smsu005",443
1,"smsu071","smsu006",913
1,"smsu071","smsu007",1095
1,"smsu071","smsu008",1312
1,"smsu071","smsu009",596
1,"smsu071","smsu010",1052
1,"smsu071","smsu011",1206
1,"smsu071","smsu012",541
1,"smsu071","smsu013",190
1,"smsu071","smsu014",1505
1,"smsu071","smsu015",1221
1,"smsu071","smsu016",1376
1,"smsu071","smsu017",2128
1,"smsu071","smsu018",1023
1,"smsu071","smsu019",1561
1,"smsu071","smsu020",1000
1,"smsu071","smsu021",1355
1,"smsu071","smsu022",1301
1,"smsu071","smsu023",776
1,"smsu071","smsu024",1279
1,"smsu071","smsu025",432
1,"smsu071","smsu026",1058
1,"smsu071","smsu027",565
1,"smsu071","smsu028",421
1,"smsu071","smsu029",1665
1,"smsu071","smsu030",1402
1,"smsu071","smsu031",258
1,"smsu071","smsu032",1649
1,"smsu071","smsu033",1928
1,"smsu071","smsu034",931
1,"smsu071","smsu035",964
1,"smsu071","smsu036",1628
1,"smsu071","smsu037",570
1,"smsu071","smsu038",1192
1,"smsu071","smsu039",1442
1,"smsu071","smsu040",1529
1,"smsu071","smsu041",1167
1,"smsu071","smsu042",1749
1,"smsu071","smsu043",1370
1,"smsu071","smsu044",1012
1,"smsu071","smsu045",1622
1,"smsu071","smsu046",1163
1,"smsu071","smsu047",258
1,"smsu071","smsu048",1475
1,"smsu071","smsu049",1458
1,"smsu071","smsu050",1404
1,"smsu071","smsu051",1143
1,"smsu071","smsu052",1560
1,"smsu071","smsu053",1343
1,"smsu071","smsu054",1428
1,"smsu071","smsu055",387
1,"smsu071","smsu056",1440
1,"smsu071","smsu057",2083
1,"smsu071","smsu058",1347
1,"smsu071","smsu059",1706
1,"smsu071","smsu060",644
1,"smsu071","smsu061",1735
1,"smsu071","smsu062",521
1,"smsu071","smsu063",917
1,"smsu071","smsu064",1253
1,"smsu071","smsu065",804
1,"smsu071","smsu066",1654
1,"smsu071","smsu067",421
1,"smsu071","smsu068",1240
1,"smsu071","smsu069",427
1,"smsu071","smsu070",1771
1,"smsu071","smsu071",0
1,"smsu071","smsu072",1117
1,"smsu071","smsu073",1275
1,"smsu071","smsu074",1675
1,"smsu071","smsu075",670
1,"smsu071","smsu076",240
1,"smsu071","smsu077",542
1,"smsu071","smsu078",1763
1,"smsu071","smsu079",806
1,"smsu071","smsu080",1315
1,"smsu071","smsu081",1148
1,"smsu071","smsu082",774
1,"smsu071","smsu083",886
1,"smsu071","smsu084",902
1,"smsu071","smsu085",331
1,"smsu071","smsu086",975
1,"smsu071","smsu087",1243
1,"smsu071","smsu088",1486
1,"smsu071","smsu089",145
1,"smsu071","smsu090",939
1,"smsu071","smsu091",1403
1,"smsu071","smsu092",1079
1,"smsu071","smsu093",997
1,"smsu071","smsu094",942
1,"smsu071","smsu095",1624
1,"smsu071","smsu096",199
1,"smsu071","smsu097",1424
1,"smsu071","smsu098",1046
1,"smsu071","smsu099",1453
1,"smsu071","smsu100",897
1,"smsu072","smsu001",848
1,"smsu072","smsu002",1497
1,"smsu072","smsu003",629
1,"smsu072","smsu004",821
1,"smsu072","smsu005",1351
1,"smsu072","smsu006",1139
1,"smsu072","smsu007",1517
1,"smsu072","smsu008",629
1,"smsu072","smsu009",1359
1,"smsu072","smsu010",334
1,"smsu072","smsu011",485
1,"smsu072","smsu012",1394
1,"smsu072","smsu013",960
1,"smsu072","smsu014",413
1,"smsu072","smsu015",109
1,"smsu072","smsu016",961
1,"smsu072","smsu017",1204
1,"smsu072","smsu018",1542
1,"smsu072","smsu019",1237
1,"smsu072","smsu020",142
1,"smsu072","smsu021",298
1,"smsu072","smsu022",552
1,"smsu072","smsu023",1134
1,"smsu072","smsu024",1305
1,"smsu072","smsu025",1429
1,"smsu072","smsu026",1232
1,"smsu072","smsu027",814
1,"smsu072","smsu028",1020
1,"smsu072","smsu029",549
1,"smsu072","smsu030",1516
1,"smsu072","smsu031",943
1,"smsu072","smsu032",1740
1,"smsu072","smsu033",1143
1,"smsu072","smsu034",186
1,"smsu072","smsu035",732
1,"smsu072","smsu036",1746
1,"smsu072","smsu037",1297
1,"smsu072","smsu038",121
1,"smsu072","smsu039",398
1,"smsu072","smsu040",1556
1,"smsu072","smsu041",467
1,"smsu072","smsu042",823
1,"smsu072","smsu043",778
1,"smsu072","smsu044",642
1,"smsu072","smsu045",1748
1,"smsu072","smsu046",295
1,"smsu072","smsu047",1248
1,"smsu072","smsu048",513
1,"smsu072","smsu049",394
1,"smsu072","smsu050",313
1,"smsu072","smsu051",36
1,"smsu072","smsu052",1291
1,"smsu072","smsu053",1570
1,"smsu072","smsu054",433
1,"smsu072","smsu055",1343
1,"smsu072","smsu056",1531
1,"smsu072","smsu057",1192
1,"smsu072","smsu058",1476
1,"smsu072","smsu059",792
1,"smsu072","smsu060",741
1,"smsu072","smsu061",1159
1,"smsu072","smsu062",1281
1,"smsu072","smsu063",333
1,"smsu072","smsu064",1243
1,"smsu072","smsu065",694
1,"smsu072","smsu066",1587
1,"smsu072","smsu067",727
1,"smsu072","smsu068",1192
1,"smsu072","smsu069",1393
1,"smsu072","smsu070",755
1,"smsu072","smsu071",1117
1,"smsu072","smsu072",0
1,"smsu072","smsu073",1598
1,"smsu072","smsu074",777
1,"smsu072","smsu075",451
1,"smsu072","smsu076",1293
1,"smsu072","smsu077",1524
1,"smsu072","smsu078",831
1,"smsu072","smsu079",649
1,"smsu072","smsu080",310
1,"smsu072","smsu081",789
1,"smsu072","smsu082",1339
1,"smsu072","smsu083",270
1,"smsu072","smsu084",1130
1,"smsu072","smsu085",1043
1,"smsu072","smsu086",1397
1,"smsu072","smsu087",272
1,"smsu072","smsu088",1039
1,"smsu072","smsu089",993
1,"smsu072","smsu090",489
1,"smsu072","smsu091",878
1,"smsu072","smsu092",1289
1,"smsu072","smsu093",309
1,"smsu072","smsu094",654
1,"smsu072","smsu095",1407
1,"smsu072","smsu096",1166
1,"smsu072","smsu097",564
1,"smsu072","smsu098",479
1,"smsu072","smsu099",347
1,"smsu072","smsu100",419
1,"smsu073","smsu001",821
1,"smsu073","smsu002",1375
1,"smsu073","smsu003",1880
1,"smsu073","smsu004",1112
1,"smsu073","smsu005",914
1,"smsu073","smsu006",473
1,"smsu073","smsu007",191
1,"smsu073","smsu008",1194
1,"smsu073","smsu009",727
1,"smsu073","smsu010",1800
1,"smsu073","smsu011",1998
1,"smsu073","smsu012",823
1,"smsu073","smsu013",1366
1,"smsu073","smsu014",1971
1,"smsu073","smsu015",1637
1,"smsu073","smsu016",906
1,"smsu073","smsu017",1833
1,"smsu073","smsu018",305
1,"smsu073","smsu019",821
1,"smsu073","smsu020",1466
1,"smsu073","smsu021",1605
1,"smsu073","smsu022",1261
1,"smsu073","smsu023",545
1,"smsu073","smsu024",398
1,"smsu073","smsu025",1020
1,"smsu073","smsu026",367
1,"smsu073","smsu027",912
1,"smsu073","smsu028",1652
1,"smsu073","smsu029",1946
1,"smsu073","smsu030",276
1,"smsu073","smsu031",1443
1,"smsu073","smsu032",429
1,"smsu073","smsu033",1515
1,"smsu073","smsu034",1482
1,"smsu073","smsu035",1982
1,"smsu073","smsu036",395
1,"smsu073","smsu037",725
1,"smsu073","smsu038",1568
1,"smsu073","smsu039",1989
1,"smsu073","smsu040",415
1,"smsu073","smsu041",1964
1,"smsu073","smsu042",1605
1,"smsu073","smsu043",1099
1,"smsu073","smsu044",976
1,"smsu073","smsu045",385
1,"smsu073","smsu046",1845
1,"smsu073","smsu047",1522
1,"smsu073","smsu048",2111
1,"smsu073","smsu049",1977
1,"smsu073","smsu050",1884
1,"smsu073","smsu051",1634
1,"smsu073","smsu052",758
1,"smsu073","smsu053",130
1,"smsu073","smsu054",2031
1,"smsu073","smsu055",981
1,"smsu073","smsu056",312
1,"smsu073","smsu057",1753
1,"smsu073","smsu058",252
1,"smsu073","smsu059",1566
1,"smsu073","smsu060",930
1,"smsu073","smsu061",1168
1,"smsu073","smsu062",775
1,"smsu073","smsu063",1680
1,"smsu073","smsu064",453
1,"smsu073","smsu065",1831
1,"smsu073","smsu066",570
1,"smsu073","smsu067",1168
1,"smsu073","smsu068",504
1,"smsu073","smsu069",980
1,"smsu073","smsu070",1756
1,"smsu073","smsu071",1275
1,"smsu073","smsu072",1598
1,"smsu073","smsu073",0
1,"smsu073","smsu074",1532
1,"smsu073","smsu075",1414
1,"smsu073","smsu076",1133
1,"smsu073","smsu077",986
1,"smsu073","smsu078",1622
1,"smsu073","smsu079",958
1,"smsu073","smsu080",1528
1,"smsu073","smsu081",2143
1,"smsu073","smsu082",508
1,"smsu073","smsu083",1573
1,"smsu073","smsu084",483
1,"smsu073","smsu085",959
1,"smsu073","smsu086",300
1,"smsu073","smsu087",1861
1,"smsu073","smsu088",948
1,"smsu073","smsu089",1198
1,"smsu073","smsu090",1816
1,"smsu073","smsu091",1028
1,"smsu073","smsu092",309
1,"smsu073","smsu093",1738
1,"smsu073","smsu094",948
1,"smsu073","smsu095",718
1,"smsu073","smsu096",1085
1,"smsu073","smsu097",2146
1,"smsu073","smsu098",1893
1,"smsu073","smsu099",1890
1,"smsu073","smsu100",1180
1,"smsu074","smsu001",1123
1,"smsu074","smsu002",2032
1,"smsu074","smsu003",1406
1,"smsu074","smsu004",1321
1,"smsu074","smsu005",1732
1,"smsu074","smsu006",1209
1,"smsu074","smsu007",1545
1,"smsu074","smsu008",393
1,"smsu074","smsu009",1655
1,"smsu074","smsu010",1104
1,"smsu074","smsu011",1215
1,"smsu074","smsu012",1730
1,"smsu074","smsu013",1571
1,"smsu074","smsu014",816
1,"smsu074","smsu015",694
1,"smsu074","smsu016",630
1,"smsu074","smsu017",456
1,"smsu074","smsu018",1626
1,"smsu074","smsu019",820
1,"smsu074","smsu020",792
1,"smsu074","smsu021",494
1,"smsu074","smsu022",378
1,"smsu074","smsu023",1294
1,"smsu074","smsu024",1141
1,"smsu074","smsu025",1844
1,"smsu074","smsu026",1213
1,"smsu074","smsu027",1168
1,"smsu074","smsu028",1718
1,"smsu074","smsu029",608
1,"smsu074","smsu030",1330
1,"smsu074","smsu031",1585
1,"smsu074","smsu032",1470
1,"smsu074","smsu033",381
1,"smsu074","smsu034",884
1,"smsu074","smsu035",1508
1,"smsu074","smsu036",1492
1,"smsu074","smsu037",1595
1,"smsu074","smsu038",656
1,"smsu074","smsu039",917
1,"smsu074","smsu040",1292
1,"smsu074","smsu041",1210
1,"smsu074","smsu042",80
1,"smsu074","smsu043",437
1,"smsu074","smsu044",716
1,"smsu074","smsu045",1501
1,"smsu074","smsu046",1032
1,"smsu074","smsu047",1874
1,"smsu074","smsu048",1073
1,"smsu074","smsu049",879
1,"smsu074","smsu050",801
1,"smsu074","smsu051",784
1,"smsu074","smsu052",897
1,"smsu074","smsu053",1446
1,"smsu074","smsu054",999
1,"smsu074","smsu055",1753
1,"smsu074","smsu056",1323
1,"smsu074","smsu057",425
1,"smsu074","smsu058",1316
1,"smsu074","smsu059",35
1,"smsu074","smsu060",1074
1,"smsu074","smsu061",550
1,"smsu074","smsu062",1605
1,"smsu074","smsu063",1106
1,"smsu074","smsu064",1081
1,"smsu074","smsu065",1464
1,"smsu074","smsu066",1244
1,"smsu074","smsu067",1256
1,"smsu074","smsu068",1029
1,"smsu074","smsu069",1797
1,"smsu074","smsu070",242
1,"smsu074","smsu071",1675
1,"smsu074","smsu072",777
1,"smsu074","smsu073",1532
1,"smsu074","smsu074",0
1,"smsu074","smsu075",1118
1,"smsu074","smsu076",1772
1,"smsu074","smsu077",1909
1,"smsu074","smsu078",97
1,"smsu074","smsu079",903
1,"smsu074","smsu080",467
1,"smsu074","smsu081",1552
1,"smsu074","smsu082",1527
1,"smsu074","smsu083",1021
1,"smsu074","smsu084",1208
1,"smsu074","smsu085",1464
1,"smsu074","smsu086",1470
1,"smsu074","smsu087",958
1,"smsu074","smsu088",619
1,"smsu074","smsu089",1531
1,"smsu074","smsu090",1266
1,"smsu074","smsu091",505
1,"smsu074","smsu092",1266
1,"smsu074","smsu093",1086
1,"smsu074","smsu094",787
1,"smsu074","smsu095",1009
1,"smsu074","smsu096",1641
1,"smsu074","smsu097",1193
1,"smsu074","smsu098",1249
1,"smsu074","smsu099",753
1,"smsu074","smsu100",780
1,"smsu075","smsu001",593
1,"smsu075","smsu002",1049
1,"smsu075","smsu003",474
1,"smsu075","smsu004",414
1,"smsu075","smsu005",954
1,"smsu075","smsu006",943
1,"smsu075","smsu007",1288
1,"smsu075","smsu008",830
1,"smsu075","smsu009",1002
1,"smsu075","smsu010",430
1,"smsu075","smsu011",619
1,"smsu075","smsu012",1014
1,"smsu075","smsu013",509
1,"smsu075","smsu014",836
1,"smsu075","smsu015",558
1,"smsu075","smsu016",1050
1,"smsu075","smsu017",1572
1,"smsu075","smsu018",1280
1,"smsu075","smsu019",1307
1,"smsu075","smsu020",351
1,"smsu075","smsu021",715
1,"smsu075","smsu022",784
1,"smsu075","smsu023",883
1,"smsu075","smsu024",1218
1,"smsu075","smsu025",1015
1,"smsu075","smsu026",1072
1,"smsu075","smsu027",512
1,"smsu075","smsu028",601
1,"smsu075","smsu029",1001
1,"smsu075","smsu030",1410
1,"smsu075","smsu031",495
1,"smsu075","smsu032",1659
1,"smsu075","smsu033",1439
1,"smsu075","smsu034",270
1,"smsu075","smsu035",582
1,"smsu075","smsu036",1654
1,"smsu075","smsu037",944
1,"smsu075","smsu038",540
1,"smsu075","smsu039",780
1,"smsu075","smsu040",1490
1,"smsu075","smsu041",581
1,"smsu075","smsu042",1181
1,"smsu075","smsu043",943
1,"smsu075","smsu044",642
1,"smsu075","smsu045",1653
1,"smsu075","smsu046",520
1,"smsu075","smsu047",799
1,"smsu075","smsu048",834
1,"smsu075","smsu049",793
1,"smsu075","smsu050",735
1,"smsu075","smsu051",475
1,"smsu075","smsu052",1339
1,"smsu075","smsu053",1422
1,"smsu075","smsu054",776
1,"smsu075","smsu055",934
1,"smsu075","smsu056",1436
1,"smsu075","smsu057",1543
1,"smsu075","smsu058",1361
1,"smsu075","smsu059",1143
1,"smsu075","smsu060",484
1,"smsu075","smsu061",1349
1,"smsu075","smsu062",916
1,"smsu075","smsu063",291
1,"smsu075","smsu064",1166
1,"smsu075","smsu065",453
1,"smsu075","smsu066",1564
1,"smsu075","smsu067",319
1,"smsu075","smsu068",1126
1,"smsu075","smsu069",984
1,"smsu075","smsu070",1161
1,"smsu075","smsu071",670
1,"smsu075","smsu072",451
1,"smsu075","smsu073",1414
1,"smsu075","smsu074",1118
1,"smsu075","smsu075",0
1,"smsu075","smsu076",861
1,"smsu075","smsu077",1117
1,"smsu075","smsu078",1193
1,"smsu075","smsu079",507
1,"smsu075","smsu080",692
1,"smsu075","smsu081",732
1,"smsu075","smsu082",1042
1,"smsu075","smsu083",224
1,"smsu075","smsu084",932
1,"smsu075","smsu085",652
1,"smsu075","smsu086",1158
1,"smsu075","smsu087",587
1,"smsu075","smsu088",1153
1,"smsu075","smsu089",553
1,"smsu075","smsu090",403
1,"smsu075","smsu091",1017
1,"smsu075","smsu092",1121
1,"smsu075","smsu093",366
1,"smsu075","smsu094",604
1,"smsu075","smsu095",1440
1,"smsu075","smsu096",741
1,"smsu075","smsu097",812
1,"smsu075","smsu098",488
1,"smsu075","smsu099",784
1,"smsu075","smsu100",399
1,"smsu076","smsu001",677
1,"smsu076","smsu002",282
1,"smsu076","smsu003",1145
1,"smsu076","smsu004",477
1,"smsu076","smsu005",233
1,"smsu076","smsu006",842
1,"smsu076","smsu007",944
1,"smsu076","smsu008",1391
1,"smsu076","smsu009",413
1,"smsu076","smsu010",1266
1,"smsu076","smsu011",1429
1,"smsu076","smsu012",334
1,"smsu076","smsu013",426
1,"smsu076","smsu014",1694
1,"smsu076","smsu015",1391
1,"smsu076","smsu016",1393
1,"smsu076","smsu017",2215
1,"smsu076","smsu018",855
1,"smsu076","smsu019",1541
1,"smsu076","smsu020",1165
1,"smsu076","smsu021",1504
1,"smsu076","smsu022",1394
1,"smsu076","smsu023",696
1,"smsu076","smsu024",1206
1,"smsu076","smsu025",193
1,"smsu076","smsu026",976
1,"smsu076","smsu027",608
1,"smsu076","smsu028",654
1,"smsu076","smsu029",1831
1,"smsu076","smsu030",1298
1,"smsu076","smsu031",498
1,"smsu076","smsu032",1534
1,"smsu076","smsu033",1988
1,"smsu076","smsu034",1107
1,"smsu076","smsu035",1204
1,"smsu076","smsu036",1509
1,"smsu076","smsu037",408
1,"smsu076","smsu038",1354
1,"smsu076","smsu039",1641
1,"smsu076","smsu040",1436
1,"smsu076","smsu041",1390
1,"smsu076","smsu042",1849
1,"smsu076","smsu043",1424
1,"smsu076","smsu044",1073
1,"smsu076","smsu045",1501
1,"smsu076","smsu046",1372
1,"smsu076","smsu047",414
1,"smsu076","smsu048",1686
1,"smsu076","smsu049",1654
1,"smsu076","smsu050",1592
1,"smsu076","smsu051",1322
1,"smsu076","smsu052",1529
1,"smsu076","smsu053",1218
1,"smsu076","smsu054",1633
1,"smsu076","smsu055",166
1,"smsu076","smsu056",1338
1,"smsu076","smsu057",2163
1,"smsu076","smsu058",1244
1,"smsu076","smsu059",1805
1,"smsu076","smsu060",701
1,"smsu076","smsu061",1758
1,"smsu076","smsu062",358
1,"smsu076","smsu063",1128
1,"smsu076","smsu064",1192
1,"smsu076","smsu065",1042
1,"smsu076","smsu066",1572
1,"smsu076","smsu067",566
1,"smsu076","smsu068",1189
1,"smsu076","smsu069",195
1,"smsu076","smsu070",1894
1,"smsu076","smsu071",240
1,"smsu076","smsu072",1293
1,"smsu076","smsu073",1133
1,"smsu076","smsu074",1772
1,"smsu076","smsu075",861
1,"smsu076","smsu076",0
1,"smsu076","smsu077",302
1,"smsu076","smsu078",1864
1,"smsu076","smsu079",873
1,"smsu076","smsu080",1456
1,"smsu076","smsu081",1387
1,"smsu076","smsu082",625
1,"smsu076","smsu083",1083
1,"smsu076","smsu084",832
1,"smsu076","smsu085",313
1,"smsu076","smsu086",838
1,"smsu076","smsu087",1446
1,"smsu076","smsu088",1499
1,"smsu076","smsu089",309
1,"smsu076","smsu090",1166
1,"smsu076","smsu091",1440
1,"smsu076","smsu092",985
1,"smsu076","smsu093",1208
1,"smsu076","smsu094",1000
1,"smsu076","smsu095",1577
1,"smsu076","smsu096",132
1,"smsu076","smsu097",1644
1,"smsu076","smsu098",1272
1,"smsu076","smsu099",1637
1,"smsu076","smsu100",1013
1,"smsu077","smsu001",786
1,"smsu077","smsu002",419
1,"smsu077","smsu003",1438
1,"smsu077","smsu004",707
1,"smsu077","smsu005",179
1,"smsu077","smsu006",822
1,"smsu077","smsu007",796
1,"smsu077","smsu008",1517
1,"smsu077","smsu009",296
1,"smsu077","smsu010",1537
1,"smsu077","smsu011",1709
1,"smsu077","smsu012",196
1,"smsu077","smsu013",724
1,"smsu077","smsu014",1934
1,"smsu077","smsu015",1615
1,"smsu077","smsu016",1448
1,"smsu077","smsu017",2334
1,"smsu077","smsu018",684
1,"smsu077","smsu019",1546
1,"smsu077","smsu020",1389
1,"smsu077","smsu021",1704
1,"smsu077","smsu022",1536
1,"smsu077","smsu023",683
1,"smsu077","smsu024",1155
1,"smsu077","smsu025",110
1,"smsu077","smsu026",929
1,"smsu077","smsu027",755
1,"smsu077","smsu028",954
1,"smsu077","smsu029",2046
1,"smsu077","smsu030",1199
1,"smsu077","smsu031",799
1,"smsu077","smsu032",1411
1,"smsu077","smsu033",2077
1,"smsu077","smsu034",1343
1,"smsu077","smsu035",1501
1,"smsu077","smsu036",1379
1,"smsu077","smsu037",339
1,"smsu077","smsu038",1570
1,"smsu077","smsu039",1892
1,"smsu077","smsu040",1345
1,"smsu077","smsu041",1670
1,"smsu077","smsu042",1988
1,"smsu077","smsu043",1522
1,"smsu077","smsu044",1193
1,"smsu077","smsu045",1370
1,"smsu077","smsu046",1636
1,"smsu077","smsu047",691
1,"smsu077","smsu048",1951
1,"smsu077","smsu049",1901
1,"smsu077","smsu050",1832
1,"smsu077","smsu051",1556
1,"smsu077","smsu052",1518
1,"smsu077","smsu053",1092
1,"smsu077","smsu054",1892
1,"smsu077","smsu055",183
1,"smsu077","smsu056",1240
1,"smsu077","smsu057",2273
1,"smsu077","smsu058",1148
1,"smsu077","smsu059",1943
1,"smsu077","smsu060",848
1,"smsu077","smsu061",1808
1,"smsu077","smsu062",313
1,"smsu077","smsu063",1397
1,"smsu077","smsu064",1158
1,"smsu077","smsu065",1339
1,"smsu077","smsu066",1494
1,"smsu077","smsu067",803
1,"smsu077","smsu068",1169
1,"smsu077","smsu069",132
1,"smsu077","smsu070",2059
1,"smsu077","smsu071",542
1,"smsu077","smsu072",1524
1,"smsu077","smsu073",986
1,"smsu077","smsu074",1909
1,"smsu077","smsu075",1117
1,"smsu077","smsu076",302
1,"smsu077","smsu077",0
1,"smsu077","smsu078",2005
1,"smsu077","smsu079",1012
1,"smsu077","smsu080",1647
1,"smsu077","smsu081",1685
1,"smsu077","smsu082",518
1,"smsu077","smsu083",1340
1,"smsu077","smsu084",816
1,"smsu077","smsu085",482
1,"smsu077","smsu086",721
1,"smsu077","smsu087",1703
1,"smsu077","smsu088",1545
1,"smsu077","smsu089",588
1,"smsu077","smsu090",1451
1,"smsu077","smsu091",1517
1,"smsu077","smsu092",920
1,"smsu077","smsu093",1476
1,"smsu077","smsu094",1123
1,"smsu077","smsu095",1544
1,"smsu077","smsu096",384
1,"smsu077","smsu097",1919
1,"smsu077","smsu098",1555
1,"smsu077","smsu099",1871
1,"smsu077","smsu100",1194
1,"smsu078","smsu001",1219
1,"smsu078","smsu002",2123
1,"smsu078","smsu003",1459
1,"smsu078","smsu004",1410
1,"smsu078","smsu005",1827
1,"smsu078","smsu006",1305
1,"smsu078","smsu007",1639
1,"smsu078","smsu008",489
1,"smsu078","smsu009",1752
1,"smsu078","smsu010",1151
1,"smsu078","smsu011",1250
1,"smsu078","smsu012",1826
1,"smsu078","smsu013",1655
1,"smsu078","smsu014",824
1,"smsu078","smsu015",741
1,"smsu078","smsu016",717
1,"smsu078","smsu017",379
1,"smsu078","smsu018",1721
1,"smsu078","smsu019",894
1,"smsu078","smsu020",859
1,"smsu078","smsu021",538
1,"smsu078","smsu022",471
1,"smsu078","smsu023",1391
1,"smsu078","smsu024",1229
1,"smsu078","smsu025",1938
1,"smsu078","smsu026",1307
1,"smsu078","smsu027",1262
1,"smsu078","smsu028",1794
1,"smsu078","smsu029",592
1,"smsu078","smsu030",1415
1,"smsu078","smsu031",1666
1,"smsu078","smsu032",1547
1,"smsu078","smsu033",373
1,"smsu078","smsu034",951
1,"smsu078","smsu035",1559
1,"smsu078","smsu036",1571
1,"smsu078","smsu037",1692
1,"smsu078","smsu038",710
1,"smsu078","smsu039",931
1,"smsu078","smsu040",1372
1,"smsu078","smsu041",1248
1,"smsu078","smsu042",17
1,"smsu078","smsu043",531
1,"smsu078","smsu044",812
1,"smsu078","smsu045",1580
1,"smsu078","smsu046",1072
1,"smsu078","smsu047",1958
1,"smsu078","smsu048",1085
1,"smsu078","smsu049",891
1,"smsu078","smsu050",820
1,"smsu078","smsu051",834
1,"smsu078","smsu052",971
1,"smsu078","smsu053",1533
1,"smsu078","smsu054",1015
1,"smsu078","smsu055",1848
1,"smsu078","smsu056",1407
1,"smsu078","smsu057",362
1,"smsu078","smsu058",1403
1,"smsu078","smsu059",61
1,"smsu078","smsu060",1167
1,"smsu078","smsu061",602
1,"smsu078","smsu062",1701
1,"smsu078","smsu063",1163
1,"smsu078","smsu064",1170
1,"smsu078","smsu065",1523
1,"smsu078","smsu066",1318
1,"smsu078","smsu067",1343
1,"smsu078","smsu068",1119
1,"smsu078","smsu069",1892
1,"smsu078","smsu070",187
1,"smsu078","smsu071",1763
1,"smsu078","smsu072",831
1,"smsu078","smsu073",1622
1,"smsu078","smsu074",97
1,"smsu078","smsu075",1193
1,"smsu078","smsu076",1864
1,"smsu078","smsu077",2005
1,"smsu078","smsu078",0
1,"smsu078","smsu079",997
1,"smsu078","smsu080",523
1,"smsu078","smsu081",1593
1,"smsu078","smsu082",1623
1,"smsu078","smsu083",1084
1,"smsu078","smsu084",1304
1,"smsu078","smsu085",1557
1,"smsu078","smsu086",1565
1,"smsu078","smsu087",992
1,"smsu078","smsu088",699
1,"smsu078","smsu089",1620
1,"smsu078","smsu090",1318
1,"smsu078","smsu091",594
1,"smsu078","smsu092",1360
1,"smsu078","smsu093",1137
1,"smsu078","smsu094",882
1,"smsu078","smsu095",1080
1,"smsu078","smsu096",1733
1,"smsu078","smsu097",1211
1,"smsu078","smsu098",1295
1,"smsu078","smsu099",768
1,"smsu078","smsu100",867
1,"smsu079","smsu001",233
1,"smsu079","smsu002",1140
1,"smsu079","smsu003",978
1,"smsu079","smsu004",455
1,"smsu079","smsu005",834
1,"smsu079","smsu006",491
1,"smsu079","smsu007",868
1,"smsu079","smsu008",519
1,"smsu079","smsu009",781
1,"smsu079","smsu010",848
1,"smsu079","smsu011",1045
1,"smsu079","smsu012",843
1,"smsu079","smsu013",750
1,"smsu079","smsu014",1044
1,"smsu079","smsu015",704
1,"smsu079","smsu016",593
1,"smsu079","smsu017",1343
1,"smsu079","smsu018",896
1,"smsu079","smsu019",823
1,"smsu079","smsu020",512
1,"smsu079","smsu021",729
1,"smsu079","smsu022",526
1,"smsu079","smsu023",490
1,"smsu079","smsu024",715
1,"smsu079","smsu025",942
1,"smsu079","smsu026",596
1,"smsu079","smsu027",265
1,"smsu079","smsu028",978
1,"smsu079","smsu029",1083
1,"smsu079","smsu030",914
1,"smsu079","smsu031",792
1,"smsu079","smsu032",1158
1,"smsu079","smsu033",1123
1,"smsu079","smsu034",524
1,"smsu079","smsu035",1088
1,"smsu079","smsu036",1156
1,"smsu079","smsu037",718
1,"smsu079","smsu038",641
1,"smsu079","smsu039",1046
1,"smsu079","smsu040",986
1,"smsu079","smsu041",1013
1,"smsu079","smsu042",981
1,"smsu079","smsu043",563
1,"smsu079","smsu044",205
1,"smsu079","smsu045",1156
1,"smsu079","smsu046",887
1,"smsu079","smsu047",1038
1,"smsu079","smsu048",1158
1,"smsu079","smsu049",1039
1,"smsu079","smsu050",950
1,"smsu079","smsu051",685
1,"smsu079","smsu052",846
1,"smsu079","smsu053",943
1,"smsu079","smsu054",1080
1,"smsu079","smsu055",851
1,"smsu079","smsu056",937
1,"smsu079","smsu057",1290
1,"smsu079","smsu058",868
1,"smsu079","smsu059",936
1,"smsu079","smsu060",172
1,"smsu079","smsu061",937
1,"smsu079","smsu062",718
1,"smsu079","smsu063",736
1,"smsu079","smsu064",661
1,"smsu079","smsu065",959
1,"smsu079","smsu066",1057
1,"smsu079","smsu067",423
1,"smsu079","smsu068",619
1,"smsu079","smsu069",896
1,"smsu079","smsu070",1047
1,"smsu079","smsu071",806
1,"smsu079","smsu072",649
1,"smsu079","smsu073",958
1,"smsu079","smsu074",903
1,"smsu079","smsu075",507
1,"smsu079","smsu076",873
1,"smsu079","smsu077",1012
1,"smsu079","smsu078",997
1,"smsu079","smsu079",0
1,"smsu079","smsu080",661
1,"smsu079","smsu081",1229
1,"smsu079","smsu082",710
1,"smsu079","smsu083",625
1,"smsu079","smsu084",482
1,"smsu079","smsu085",562
1,"smsu079","smsu086",749
1,"smsu079","smsu087",905
1,"smsu079","smsu088",702
1,"smsu079","smsu089",663
1,"smsu079","smsu090",889
1,"smsu079","smsu091",601
1,"smsu079","smsu092",651
1,"smsu079","smsu093",787
1,"smsu079","smsu094",136
1,"smsu079","smsu095",940
1,"smsu079","smsu096",743
1,"smsu079","smsu097",1189
1,"smsu079","smsu098",953
1,"smsu079","smsu099",968
1,"smsu079","smsu100",232
1,"smsu080","smsu001",892
1,"smsu080","smsu002",1690
1,"smsu080","smsu003",939
1,"smsu080","smsu004",980
1,"smsu080","smsu005",1469
1,"smsu080","smsu006",1106
1,"smsu080","smsu007",1483
1,"smsu080","smsu008",396
1,"smsu080","smsu009",1438
1,"smsu080","smsu010",639
1,"smsu080","smsu011",764
1,"smsu080","smsu012",1492
1,"smsu080","smsu013",1183
1,"smsu080","smsu014",471
1,"smsu080","smsu015",233
1,"smsu080","smsu016",756
1,"smsu080","smsu017",900
1,"smsu080","smsu018",1533
1,"smsu080","smsu019",1024
1,"smsu080","smsu020",344
1,"smsu080","smsu021",78
1,"smsu080","smsu022",311
1,"smsu080","smsu023",1141
1,"smsu080","smsu024",1185
1,"smsu080","smsu025",1564
1,"smsu080","smsu026",1167
1,"smsu080","smsu027",896
1,"smsu080","smsu028",1289
1,"smsu080","smsu029",426
1,"smsu080","smsu030",1396
1,"smsu080","smsu031",1181
1,"smsu080","smsu032",1595
1,"smsu080","smsu033",836
1,"smsu080","smsu034",434
1,"smsu080","smsu035",1041
1,"smsu080","smsu036",1607
1,"smsu080","smsu037",1374
1,"smsu080","smsu038",189
1,"smsu080","smsu039",533
1,"smsu080","smsu040",1408
1,"smsu080","smsu041",755
1,"smsu080","smsu042",515
1,"smsu080","smsu043",546
1,"smsu080","smsu044",557
1,"smsu080","smsu045",1612
1,"smsu080","smsu046",576
1,"smsu080","smsu047",1482
1,"smsu080","smsu048",686
1,"smsu080","smsu049",505
1,"smsu080","smsu050",410
1,"smsu080","smsu051",318
1,"smsu080","smsu052",1088
1,"smsu080","smsu053",1476
1,"smsu080","smsu054",603
1,"smsu080","smsu055",1474
1,"smsu080","smsu056",1404
1,"smsu080","smsu057",884
1,"smsu080","smsu058",1365
1,"smsu080","smsu059",483
1,"smsu080","smsu060",806
1,"smsu080","smsu061",886
1,"smsu080","smsu062",1370
1,"smsu080","smsu063",640
1,"smsu080","smsu064",1120
1,"smsu080","smsu065",1001
1,"smsu080","smsu066",1412
1,"smsu080","smsu067",898
1,"smsu080","smsu068",1066
1,"smsu080","smsu069",1522
1,"smsu080","smsu070",469
1,"smsu080","smsu071",1315
1,"smsu080","smsu072",310
1,"smsu080","smsu073",1528
1,"smsu080","smsu074",467
1,"smsu080","smsu075",692
1,"smsu080","smsu076",1456
1,"smsu080","smsu077",1647
1,"smsu080","smsu078",523
1,"smsu080","smsu079",661
1,"smsu080","smsu080",0
1,"smsu080","smsu081",1091
1,"smsu080","smsu082",1368
1,"smsu080","smsu083",562
1,"smsu080","smsu084",1100
1,"smsu080","smsu085",1170
1,"smsu080","smsu086",1378
1,"smsu080","smsu087",514
1,"smsu080","smsu088",813
1,"smsu080","smsu089",1178
1,"smsu080","smsu090",799
1,"smsu080","smsu091",650
1,"smsu080","smsu092",1225
1,"smsu080","smsu093",619
1,"smsu080","smsu094",602
1,"smsu080","smsu095",1207
1,"smsu080","smsu096",1324
1,"smsu080","smsu097",782
1,"smsu080","smsu098",784
1,"smsu080","smsu099",391
1,"smsu080","smsu100",454
1,"smsu081","smsu001",1322
1,"smsu081","smsu002",1455
1,"smsu081","smsu003",265
1,"smsu081","smsu004",1073
1,"smsu081","smsu005",1557
1,"smsu081","smsu006",1674
1,"smsu081","smsu007",2010
1,"smsu081","smsu008",1406
1,"smsu081","smsu009",1656
1,"smsu081","smsu010",455
1,"smsu081","smsu011",354
1,"smsu081","smsu012",1640
1,"smsu081","smsu013",961
1,"smsu081","smsu014",855
1,"smsu081","smsu015",859
1,"smsu081","smsu016",1706
1,"smsu081","smsu017",1950
1,"smsu081","smsu018",1990
1,"smsu081","smsu019",1979
1,"smsu081","smsu020",835
1,"smsu081","smsu021",1058
1,"smsu081","smsu022",1334
1,"smsu081","smsu023",1606
1,"smsu081","smsu024",1944
1,"smsu081","smsu025",1575
1,"smsu081","smsu026",1804
1,"smsu081","smsu027",1234
1,"smsu081","smsu028",787
1,"smsu081","smsu029",1128
1,"smsu081","smsu030",2140
1,"smsu081","smsu031",890
1,"smsu081","smsu032",2387
1,"smsu081","smsu033",1926
1,"smsu081","smsu034",764
1,"smsu081","smsu035",184
1,"smsu081","smsu036",2383
1,"smsu081","smsu037",1606
1,"smsu081","smsu038",905
1,"smsu081","smsu039",735
1,"smsu081","smsu040",2214
1,"smsu081","smsu041",348
1,"smsu081","smsu042",1588
1,"smsu081","smsu043",1549
1,"smsu081","smsu044",1325
1,"smsu081","smsu045",2382
1,"smsu081","smsu046",521
1,"smsu081","smsu047",1106
1,"smsu081","smsu048",639
1,"smsu081","smsu049",776
1,"smsu081","smsu050",807
1,"smsu081","smsu051",774
1,"smsu081","smsu052",2023
1,"smsu081","smsu053",2154
1,"smsu081","smsu054",661
1,"smsu081","smsu055",1515
1,"smsu081","smsu056",2165
1,"smsu081","smsu057",1951
1,"smsu081","smsu058",2092
1,"smsu081","smsu059",1563
1,"smsu081","smsu060",1215
1,"smsu081","smsu061",1942
1,"smsu081","smsu062",1568
1,"smsu081","smsu063",510
1,"smsu081","smsu064",1889
1,"smsu081","smsu065",346
1,"smsu081","smsu066",2278
1,"smsu081","smsu067",995
1,"smsu081","smsu068",1847
1,"smsu081","smsu069",1561
1,"smsu081","smsu070",1480
1,"smsu081","smsu071",1148
1,"smsu081","smsu072",789
1,"smsu081","smsu073",2143
1,"smsu081","smsu074",1552
1,"smsu081","smsu075",732
1,"smsu081","smsu076",1387
1,"smsu081","smsu077",1685
1,"smsu081","smsu078",1593
1,"smsu081","smsu079",1229
1,"smsu081","smsu080",1091
1,"smsu081","smsu081",0
1,"smsu081","smsu082",1742
1,"smsu081","smsu083",625
1,"smsu081","smsu084",1663
1,"smsu081","smsu085",1296
1,"smsu081","smsu086",1878
1,"smsu081","smsu087",607
1,"smsu081","smsu088",1797
1,"smsu081","smsu089",1105
1,"smsu081","smsu090",343
1,"smsu081","smsu091",1642
1,"smsu081","smsu092",1853
1,"smsu081","smsu093",491
1,"smsu081","smsu094",1304
1,"smsu081","smsu095",2132
1,"smsu081","smsu096",1307
1,"smsu081","smsu097",507
1,"smsu081","smsu098",311
1,"smsu081","smsu099",871
1,"smsu081","smsu100",1064
1,"smsu082","smsu001",492
1,"smsu082","smsu002",876
1,"smsu082","smsu003",1477
1,"smsu082","smsu004",671
1,"smsu082","smsu005",413
1,"smsu082","smsu006",335
1,"smsu082","smsu007",322
1,"smsu082","smsu008",1138
1,"smsu082","smsu009",230
1,"smsu082","smsu010",1464
1,"smsu082","smsu011",1658
1,"smsu082","smsu012",332
1,"smsu082","smsu013",883
1,"smsu082","smsu014",1747
1,"smsu082","smsu015",1407
1,"smsu082","smsu016",987
1,"smsu082","smsu017",1916
1,"smsu082","smsu018",256
1,"smsu082","smsu019",1045
1,"smsu082","smsu020",1198
1,"smsu082","smsu021",1437
1,"smsu082","smsu022",1178
1,"smsu082","smsu023",233
1,"smsu082","smsu024",638
1,"smsu082","smsu025",528
1,"smsu082","smsu026",416
1,"smsu082","smsu027",538
1,"smsu082","smsu028",1167
1,"smsu082","smsu029",1792
1,"smsu082","smsu030",687
1,"smsu082","smsu031",963
1,"smsu082","smsu032",913
1,"smsu082","smsu033",1633
1,"smsu082","smsu034",1185
1,"smsu082","smsu035",1568
1,"smsu082","smsu036",885
1,"smsu082","smsu037",217
1,"smsu082","smsu038",1347
1,"smsu082","smsu039",1736
1,"smsu082","smsu040",831
1,"smsu082","smsu041",1621
1,"smsu082","smsu042",1606
1,"smsu082","smsu043",1104
1,"smsu082","smsu044",833
1,"smsu082","smsu045",877
1,"smsu082","smsu046",1534
1,"smsu082","smsu047",1016
1,"smsu082","smsu048",1831
1,"smsu082","smsu049",1733
1,"smsu082","smsu050",1649
1,"smsu082","smsu051",1375
1,"smsu082","smsu052",1010
1,"smsu082","smsu053",595
1,"smsu082","smsu054",1759
1,"smsu082","smsu055",478
1,"smsu082","smsu056",728
1,"smsu082","smsu057",1847
1,"smsu082","smsu058",634
1,"smsu082","smsu059",1562
1,"smsu082","smsu060",600
1,"smsu082","smsu061",1334
1,"smsu082","smsu062",267
1,"smsu082","smsu063",1330
1,"smsu082","smsu064",645
1,"smsu082","smsu065",1409
1,"smsu082","smsu066",977
1,"smsu082","smsu067",747
1,"smsu082","smsu068",662
1,"smsu082","smsu069",484
1,"smsu082","smsu070",1712
1,"smsu082","smsu071",774
1,"smsu082","smsu072",1339
1,"smsu082","smsu073",508
1,"smsu082","smsu074",1527
1,"smsu082","smsu075",1042
1,"smsu082","smsu076",625
1,"smsu082","smsu077",518
1,"smsu082","smsu078",1623
1,"smsu082","smsu079",710
1,"smsu082","smsu080",1368
1,"smsu082","smsu081",1742
1,"smsu082","smsu082",0
1,"smsu082","smsu083",1239
1,"smsu082","smsu084",333
1,"smsu082","smsu085",475
1,"smsu082","smsu086",214
1,"smsu082","smsu087",1574
1,"smsu082","smsu088",1073
1,"smsu082","smsu089",712
1,"smsu082","smsu090",1439
1,"smsu082","smsu091",1076
1,"smsu082","smsu092",402
1,"smsu082","smsu093",1400
1,"smsu082","smsu094",774
1,"smsu082","smsu095",1029
1,"smsu082","smsu096",580
1,"smsu082","smsu097",1838
1,"smsu082","smsu098",1530
1,"smsu082","smsu099",1672
1,"smsu082","smsu100",937
1,"smsu083","smsu001",766
1,"smsu083","smsu002",1263
1,"smsu083","smsu003",408
1,"smsu083","smsu004",635
1,"smsu083","smsu005",1176
1,"smsu083","smsu006",1101
1,"smsu083","smsu007",1463
1,"smsu083","smsu008",801
1,"smsu083","smsu009",1216
1,"smsu083","smsu010",228
1,"smsu083","smsu011",426
1,"smsu083","smsu012",1233
1,"smsu083","smsu013",716
1,"smsu083","smsu014",620
1,"smsu083","smsu015",378
1,"smsu083","smsu016",1083
1,"smsu083","smsu017",1461
1,"smsu083","smsu018",1467
1,"smsu083","smsu019",1354
1,"smsu083","smsu020",234
1,"smsu083","smsu021",564
1,"smsu083","smsu022",738
1,"smsu083","smsu023",1061
1,"smsu083","smsu024",1335
1,"smsu083","smsu025",1238
1,"smsu083","smsu026",1218
1,"smsu083","smsu027",701
1,"smsu083","smsu028",752
1,"smsu083","smsu029",806
1,"smsu083","smsu030",1538
1,"smsu083","smsu031",689
1,"smsu083","smsu032",1779
1,"smsu083","smsu033",1371
1,"smsu083","smsu034",147
1,"smsu083","smsu035",520
1,"smsu083","smsu036",1778
1,"smsu083","smsu037",1156
1,"smsu083","smsu038",382
1,"smsu083","smsu039",558
1,"smsu083","smsu040",1602
1,"smsu083","smsu041",391
1,"smsu083","smsu042",1074
1,"smsu083","smsu043",936
1,"smsu083","smsu044",701
1,"smsu083","smsu045",1778
1,"smsu083","smsu046",300
1,"smsu083","smsu047",992
1,"smsu083","smsu048",612
1,"smsu083","smsu049",572
1,"smsu083","smsu050",520
1,"smsu083","smsu051",284
1,"smsu083","smsu052",1398
1,"smsu083","smsu053",1567
1,"smsu083","smsu054",553
1,"smsu083","smsu055",1157
1,"smsu083","smsu056",1559
1,"smsu083","smsu057",1444
1,"smsu083","smsu058",1492
1,"smsu083","smsu059",1040
1,"smsu083","smsu060",653
1,"smsu083","smsu061",1338
1,"smsu083","smsu062",1132
1,"smsu083","smsu063",116
1,"smsu083","smsu064",1278
1,"smsu083","smsu065",446
1,"smsu083","smsu066",1658
1,"smsu083","smsu067",539
1,"smsu083","smsu068",1233
1,"smsu083","smsu069",1208
1,"smsu083","smsu070",1021
1,"smsu083","smsu071",886
1,"smsu083","smsu072",270
1,"smsu083","smsu073",1573
1,"smsu083","smsu074",1021
1,"smsu083","smsu075",224
1,"smsu083","smsu076",1083
1,"smsu083","smsu077",1340
1,"smsu083","smsu078",1084
1,"smsu083","smsu079",625
1,"smsu083","smsu080",562
1,"smsu083","smsu081",625
1,"smsu083","smsu082",1239
1,"smsu083","smsu083",0
1,"smsu083","smsu084",1091
1,"smsu083","smsu085",872
1,"smsu083","smsu086",1335
1,"smsu083","smsu087",363
1,"smsu083","smsu088",1177
1,"smsu083","smsu089",775
1,"smsu083","smsu090",285
1,"smsu083","smsu091",1025
1,"smsu083","smsu092",1271
1,"smsu083","smsu093",165
1,"smsu083","smsu094",684
1,"smsu083","smsu095",1507
1,"smsu083","smsu096",965
1,"smsu083","smsu097",600
1,"smsu083","smsu098",330
1,"smsu083","smsu099",573
1,"smsu083","smsu100",440
1,"smsu084","smsu001",342
1,"smsu084","smsu002",1110
1,"smsu084","smsu003",1401
1,"smsu084","smsu004",663
1,"smsu084","smsu005",671
1,"smsu084","smsu006",12
1,"smsu084","smsu007",388
1,"smsu084","smsu008",826
1,"smsu084","smsu009",522
1,"smsu084","smsu010",1318
1,"smsu084","smsu011",1516
1,"smsu084","smsu012",620
1,"smsu084","smsu013",948
1,"smsu084","smsu014",1518
1,"smsu084","smsu015",1179
1,"smsu084","smsu016",654
1,"smsu084","smsu017",1586
1,"smsu084","smsu018",433
1,"smsu084","smsu019",730
1,"smsu084","smsu020",994
1,"smsu084","smsu021",1174
1,"smsu084","smsu022",876
1,"smsu084","smsu023",138
1,"smsu084","smsu024",378
1,"smsu084","smsu025",796
1,"smsu084","smsu026",159
1,"smsu084","smsu027",440
1,"smsu084","smsu028",1229
1,"smsu084","smsu029",1526
1,"smsu084","smsu030",514
1,"smsu084","smsu031",1018
1,"smsu084","smsu032",767
1,"smsu084","smsu033",1300
1,"smsu084","smsu034",1004
1,"smsu084","smsu035",1505
1,"smsu084","smsu036",753
1,"smsu084","smsu037",478
1,"smsu084","smsu038",1113
1,"smsu084","smsu039",1526
1,"smsu084","smsu040",630
1,"smsu084","smsu041",1482
1,"smsu084","smsu042",1287
1,"smsu084","smsu043",778
1,"smsu084","smsu044",545
1,"smsu084","smsu045",749
1,"smsu084","smsu046",1366
1,"smsu084","smsu047",1160
1,"smsu084","smsu048",1640
1,"smsu084","smsu049",1517
1,"smsu084","smsu050",1427
1,"smsu084","smsu051",1166
1,"smsu084","smsu052",706
1,"smsu084","smsu053",494
1,"smsu084","smsu054",1562
1,"smsu084","smsu055",723
1,"smsu084","smsu056",548
1,"smsu084","smsu057",1516
1,"smsu084","smsu058",459
1,"smsu084","smsu059",1243
1,"smsu084","smsu060",449
1,"smsu084","smsu061",1003
1,"smsu084","smsu062",512
1,"smsu084","smsu063",1197
1,"smsu084","smsu064",360
1,"smsu084","smsu065",1357
1,"smsu084","smsu066",752
1,"smsu084","smsu067",704
1,"smsu084","smsu068",359
1,"smsu084","smsu069",747
1,"smsu084","smsu070",1404
1,"smsu084","smsu071",902
1,"smsu084","smsu072",1130
1,"smsu084","smsu073",483
1,"smsu084","smsu074",1208
1,"smsu084","smsu075",932
1,"smsu084","smsu076",832
1,"smsu084","smsu077",816
1,"smsu084","smsu078",1304
1,"smsu084","smsu079",482
1,"smsu084","smsu080",1100
1,"smsu084","smsu081",1663
1,"smsu084","smsu082",333
1,"smsu084","smsu083",1091
1,"smsu084","smsu084",0
1,"smsu084","smsu085",571
1,"smsu084","smsu086",277
1,"smsu084","smsu087",1387
1,"smsu084","smsu088",742
1,"smsu084","smsu089",794
1,"smsu084","smsu090",1334
1,"smsu084","smsu091",745
1,"smsu084","smsu092",195
1,"smsu084","smsu093",1255
1,"smsu084","smsu094",499
1,"smsu084","smsu095",745
1,"smsu084","smsu096",742
1,"smsu084","smsu097",1669
1,"smsu084","smsu098",1410
1,"smsu084","smsu099",1440
1,"smsu084","smsu100",711
1,"smsu085","smsu001",364
1,"smsu085","smsu002",590
1,"smsu085","smsu003",1035
1,"smsu085","smsu004",238
1,"smsu085","smsu005",308
1,"smsu085","smsu006",582
1,"smsu085","smsu007",786
1,"smsu085","smsu008",1080
1,"smsu085","smsu009",361
1,"smsu085","smsu010",1080
1,"smsu085","smsu011",1263
1,"smsu085","smsu012",362
1,"smsu085","smsu013",409
1,"smsu085","smsu014",1455
1,"smsu085","smsu015",1133
1,"smsu085","smsu016",1085
1,"smsu085","smsu017",1904
1,"smsu085","smsu018",731
1,"smsu085","smsu019",1247
1,"smsu085","smsu020",907
1,"smsu085","smsu021",1225
1,"smsu085","smsu022",1086
1,"smsu085","smsu023",446
1,"smsu085","smsu024",948
1,"smsu085","smsu025",394
1,"smsu085","smsu026",727
1,"smsu085","smsu027",296
1,"smsu085","smsu028",695
1,"smsu085","smsu029",1564
1,"smsu085","smsu030",1072
1,"smsu085","smsu031",488
1,"smsu085","smsu032",1321
1,"smsu085","smsu033",1674
1,"smsu085","smsu034",863
1,"smsu085","smsu035",1117
1,"smsu085","smsu036",1301
1,"smsu085","smsu037",310
1,"smsu085","smsu038",1088
1,"smsu085","smsu039",1417
1,"smsu085","smsu040",1198
1,"smsu085","smsu041",1224
1,"smsu085","smsu042",1542
1,"smsu085","smsu043",1111
1,"smsu085","smsu044",760
1,"smsu085","smsu045",1295
1,"smsu085","smsu046",1171
1,"smsu085","smsu047",589
1,"smsu085","smsu048",1484
1,"smsu085","smsu049",1424
1,"smsu085","smsu050",1353
1,"smsu085","smsu051",1075
1,"smsu085","smsu052",1241
1,"smsu085","smsu053",1019
1,"smsu085","smsu054",1422
1,"smsu085","smsu055",304
1,"smsu085","smsu056",1109
1,"smsu085","smsu057",1851
1,"smsu085","smsu058",1017
1,"smsu085","smsu059",1497
1,"smsu085","smsu060",390
1,"smsu085","smsu061",1449
1,"smsu085","smsu062",273
1,"smsu085","smsu063",941
1,"smsu085","smsu064",924
1,"smsu085","smsu065",954
1,"smsu085","smsu066",1323
1,"smsu085","smsu067",333
1,"smsu085","smsu068",913
1,"smsu085","smsu069",353
1,"smsu085","smsu070",1595
1,"smsu085","smsu071",331
1,"smsu085","smsu072",1043
1,"smsu085","smsu073",959
1,"smsu085","smsu074",1464
1,"smsu085","smsu075",652
1,"smsu085","smsu076",313
1,"smsu085","smsu077",482
1,"smsu085","smsu078",1557
1,"smsu085","smsu079",562
1,"smsu085","smsu080",1170
1,"smsu085","smsu081",1296
1,"smsu085","smsu082",475
1,"smsu085","smsu083",872
1,"smsu085","smsu084",571
1,"smsu085","smsu085",0
1,"smsu085","smsu086",660
1,"smsu085","smsu087",1232
1,"smsu085","smsu088",1192
1,"smsu085","smsu089",239
1,"smsu085","smsu090",1019
1,"smsu085","smsu091",1128
1,"smsu085","smsu092",749
1,"smsu085","smsu093",1018
1,"smsu085","smsu094",688
1,"smsu085","smsu095",1299
1,"smsu085","smsu096",190
1,"smsu085","smsu097",1464
1,"smsu085","smsu098",1119
1,"smsu085","smsu099",1390
1,"smsu085","smsu100",719
1,"smsu086","smsu001",569
1,"smsu086","smsu002",1089
1,"smsu086","smsu003",1613
1,"smsu086","smsu004",826
1,"smsu086","smsu005",626
1,"smsu086","smsu006",272
1,"smsu086","smsu007",132
1,"smsu086","smsu008",1096
1,"smsu086","smsu009",441
1,"smsu086","smsu010",1563
1,"smsu086","smsu011",1760
1,"smsu086","smsu012",542
1,"smsu086","smsu013",1068
1,"smsu086","smsu014",1791
1,"smsu086","smsu015",1451
1,"smsu086","smsu016",883
1,"smsu086","smsu017",1828
1,"smsu086","smsu018",158
1,"smsu086","smsu019",892
1,"smsu086","smsu020",1259
1,"smsu086","smsu021",1451
1,"smsu086","smsu022",1149
1,"smsu086","smsu023",275
1,"smsu086","smsu024",461
1,"smsu086","smsu025",740
1,"smsu086","smsu026",270
1,"smsu086","smsu027",646
1,"smsu086","smsu028",1355
1,"smsu086","smsu029",1804
1,"smsu086","smsu030",478
1,"smsu086","smsu031",1146
1,"smsu086","smsu032",699
1,"smsu086","smsu033",1528
1,"smsu086","smsu034",1260
1,"smsu086","smsu035",1711
1,"smsu086","smsu036",672
1,"smsu086","smsu037",431
1,"smsu086","smsu038",1386
1,"smsu086","smsu039",1794
1,"smsu086","smsu040",624
1,"smsu086","smsu041",1725
1,"smsu086","smsu042",1548
1,"smsu086","smsu043",1035
1,"smsu086","smsu044",822
1,"smsu086","smsu045",663
1,"smsu086","smsu046",1620
1,"smsu086","smsu047",1222
1,"smsu086","smsu048",1903
1,"smsu086","smsu049",1787
1,"smsu086","smsu050",1698
1,"smsu086","smsu051",1433
1,"smsu086","smsu052",848
1,"smsu086","smsu053",381
1,"smsu086","smsu054",1827
1,"smsu086","smsu055",692
1,"smsu086","smsu056",519
1,"smsu086","smsu057",1754
1,"smsu086","smsu058",427
1,"smsu086","smsu059",1505
1,"smsu086","smsu060",683
1,"smsu086","smsu061",1207
1,"smsu086","smsu062",480
1,"smsu086","smsu063",1436
1,"smsu086","smsu064",483
1,"smsu086","smsu065",1556
1,"smsu086","smsu066",774
1,"smsu086","smsu067",889
1,"smsu086","smsu068",512
1,"smsu086","smsu069",697
1,"smsu086","smsu070",1674
1,"smsu086","smsu071",975
1,"smsu086","smsu072",1397
1,"smsu086","smsu073",300
1,"smsu086","smsu074",1470
1,"smsu086","smsu075",1158
1,"smsu086","smsu076",838
1,"smsu086","smsu077",721
1,"smsu086","smsu078",1565
1,"smsu086","smsu079",749
1,"smsu086","smsu080",1378
1,"smsu086","smsu081",1878
1,"smsu086","smsu082",214
1,"smsu086","smsu083",1335
1,"smsu086","smsu084",277
1,"smsu086","smsu085",660
1,"smsu086","smsu086",0
1,"smsu086","smsu087",1648
1,"smsu086","smsu088",956
1,"smsu086","smsu089",900
1,"smsu086","smsu090",1560
1,"smsu086","smsu091",989
1,"smsu086","smsu092",233
1,"smsu086","smsu093",1499
1,"smsu086","smsu094",776
1,"smsu086","smsu095",849
1,"smsu086","smsu096",786
1,"smsu086","smsu097",1924
1,"smsu086","smsu098",1644
1,"smsu086","smsu099",1713
1,"smsu086","smsu100",980
1,"smsu087","smsu001",1087
1,"smsu087","smsu002",1616
1,"smsu087","smsu003",534
1,"smsu087","smsu004",997
1,"smsu087","smsu005",1538
1,"smsu087","smsu006",1396
1,"smsu087","smsu007",1771
1,"smsu087","smsu008",883
1,"smsu087","smsu009",1570
1,"smsu087","smsu010",223
1,"smsu087","smsu011",258
1,"smsu087","smsu012",1592
1,"smsu087","smsu013",1067
1,"smsu087","smsu014",291
1,"smsu087","smsu015",287
1,"smsu087","smsu016",1226
1,"smsu087","smsu017",1343
1,"smsu087","smsu018",1789
1,"smsu087","smsu019",1501
1,"smsu087","smsu020",395
1,"smsu087","smsu021",467
1,"smsu087","smsu022",802
1,"smsu087","smsu023",1379
1,"smsu087","smsu024",1576
1,"smsu087","smsu025",1601
1,"smsu087","smsu026",1496
1,"smsu087","smsu027",1038
1,"smsu087","smsu028",1054
1,"smsu087","smsu029",540
1,"smsu087","smsu030",1786
1,"smsu087","smsu031",1030
1,"smsu087","smsu032",2012
1,"smsu087","smsu033",1337
1,"smsu087","smsu034",390
1,"smsu087","smsu035",609
1,"smsu087","smsu036",2017
1,"smsu087","smsu037",1509
1,"smsu087","smsu038",351
1,"smsu087","smsu039",201
1,"smsu087","smsu040",1827
1,"smsu087","smsu041",259
1,"smsu087","smsu042",988
1,"smsu087","smsu043",1034
1,"smsu087","smsu044",913
1,"smsu087","smsu045",2019
1,"smsu087","smsu046",102
1,"smsu087","smsu047",1326
1,"smsu087","smsu048",257
1,"smsu087","smsu049",225
1,"smsu087","smsu050",212
1,"smsu087","smsu051",239
1,"smsu087","smsu052",1558
1,"smsu087","smsu053",1837
1,"smsu087","smsu054",190
1,"smsu087","smsu055",1520
1,"smsu087","smsu056",1802
1,"smsu087","smsu057",1347
1,"smsu087","smsu058",1746
1,"smsu087","smsu059",966
1,"smsu087","smsu060",976
1,"smsu087","smsu061",1398
1,"smsu087","smsu062",1487
1,"smsu087","smsu063",332
1,"smsu087","smsu064",1514
1,"smsu087","smsu065",634
1,"smsu087","smsu066",1858
1,"smsu087","smsu067",901
1,"smsu087","smsu068",1463
1,"smsu087","smsu069",1571
1,"smsu087","smsu070",873
1,"smsu087","smsu071",1243
1,"smsu087","smsu072",272
1,"smsu087","smsu073",1861
1,"smsu087","smsu074",958
1,"smsu087","smsu075",587
1,"smsu087","smsu076",1446
1,"smsu087","smsu077",1703
1,"smsu087","smsu078",992
1,"smsu087","smsu079",905
1,"smsu087","smsu080",514
1,"smsu087","smsu081",607
1,"smsu087","smsu082",1574
1,"smsu087","smsu083",363
1,"smsu087","smsu084",1387
1,"smsu087","smsu085",1232
1,"smsu087","smsu086",1648
1,"smsu087","smsu087",0
1,"smsu087","smsu088",1299
1,"smsu087","smsu089",1137
1,"smsu087","smsu090",402
1,"smsu087","smsu091",1136
1,"smsu087","smsu092",1552
1,"smsu087","smsu093",258
1,"smsu087","smsu094",922
1,"smsu087","smsu095",1675
1,"smsu087","smsu096",1328
1,"smsu087","smsu097",293
1,"smsu087","smsu098",335
1,"smsu087","smsu099",278
1,"smsu087","smsu100",681
1,"smsu088","smsu001",831
1,"smsu088","smsu002",1780
1,"smsu088","smsu003",1581
1,"smsu088","smsu004",1148
1,"smsu088","smsu005",1385
1,"smsu088","smsu006",738
1,"smsu088","smsu007",1000
1,"smsu088","smsu008",419
1,"smsu088","smsu009",1257
1,"smsu088","smsu010",1353
1,"smsu088","smsu011",1522
1,"smsu088","smsu012",1351
1,"smsu088","smsu013",1450
1,"smsu088","smsu014",1279
1,"smsu088","smsu015",1015
1,"smsu088","smsu016",110
1,"smsu088","smsu017",886
1,"smsu088","smsu018",1102
1,"smsu088","smsu019",214
1,"smsu088","smsu020",964
1,"smsu088","smsu021",884
1,"smsu088","smsu022",503
1,"smsu088","smsu023",865
1,"smsu088","smsu024",551
1,"smsu088","smsu025",1509
1,"smsu088","smsu026",685
1,"smsu088","smsu027",921
1,"smsu088","smsu028",1678
1,"smsu088","smsu029",1154
1,"smsu088","smsu030",721
1,"smsu088","smsu031",1494
1,"smsu088","smsu032",851
1,"smsu088","smsu033",574
1,"smsu088","smsu034",1034
1,"smsu088","smsu035",1694
1,"smsu088","smsu036",874
1,"smsu088","smsu037",1207
1,"smsu088","smsu038",948
1,"smsu088","smsu039",1345
1,"smsu088","smsu040",673
1,"smsu088","smsu041",1503
1,"smsu088","smsu042",683
1,"smsu088","smsu043",267
1,"smsu088","smsu044",517
1,"smsu088","smsu045",882
1,"smsu088","smsu046",1334
1,"smsu088","smsu047",1729
1,"smsu088","smsu048",1497
1,"smsu088","smsu049",1317
1,"smsu088","smsu050",1223
1,"smsu088","smsu051",1065
1,"smsu088","smsu052",286
1,"smsu088","smsu053",848
1,"smsu088","smsu054",1413
1,"smsu088","smsu055",1426
1,"smsu088","smsu056",710
1,"smsu088","smsu057",808
1,"smsu088","smsu058",714
1,"smsu088","smsu059",650
1,"smsu088","smsu060",847
1,"smsu088","smsu061",263
1,"smsu088","smsu062",1233
1,"smsu088","smsu063",1289
1,"smsu088","smsu064",499
1,"smsu088","smsu065",1594
1,"smsu088","smsu066",631
1,"smsu088","smsu067",1125
1,"smsu088","smsu068",455
1,"smsu088","smsu069",1459
1,"smsu088","smsu070",859
1,"smsu088","smsu071",1486
1,"smsu088","smsu072",1039
1,"smsu088","smsu073",948
1,"smsu088","smsu074",619
1,"smsu088","smsu075",1153
1,"smsu088","smsu076",1499
1,"smsu088","smsu077",1545
1,"smsu088","smsu078",699
1,"smsu088","smsu079",702
1,"smsu088","smsu080",813
1,"smsu088","smsu081",1797
1,"smsu088","smsu082",1073
1,"smsu088","smsu083",1177
1,"smsu088","smsu084",742
1,"smsu088","smsu085",1192
1,"smsu088","smsu086",956
1,"smsu088","smsu087",1299
1,"smsu088","smsu088",0
1,"smsu088","smsu089",1347
1,"smsu088","smsu090",1461
1,"smsu088","smsu091",163
1,"smsu088","smsu092",727
1,"smsu088","smsu093",1308
1,"smsu088","smsu094",571
1,"smsu088","smsu095",404
1,"smsu088","smsu096",1382
1,"smsu088","smsu097",1584
1,"smsu088","smsu098",1490
1,"smsu088","smsu099",1201
1,"smsu088","smsu100",757
1,"smsu089","smsu001",526
1,"smsu089","smsu002",512
1,"smsu089","smsu003",853
1,"smsu089","smsu004",211
1,"smsu089","smsu005",452
1,"smsu089","smsu006",806
1,"smsu089","smsu007",1025
1,"smsu089","smsu008",1168
1,"smsu089","smsu009",568
1,"smsu089","smsu010",957
1,"smsu089","smsu011",1123
1,"smsu089","smsu012",537
1,"smsu089","smsu013",171
1,"smsu089","smsu014",1389
1,"smsu089","smsu015",1094
1,"smsu089","smsu016",1237
1,"smsu089","smsu017",1984
1,"smsu089","smsu018",967
1,"smsu089","smsu019",1429
1,"smsu089","smsu020",871
1,"smsu089","smsu021",1220
1,"smsu089","smsu022",1157
1,"smsu089","smsu023",676
1,"smsu089","smsu024",1166
1,"smsu089","smsu025",480
1,"smsu089","smsu026",952
1,"smsu089","smsu027",427
1,"smsu089","smsu028",456
1,"smsu089","smsu029",1537
1,"smsu089","smsu030",1303
1,"smsu089","smsu031",252
1,"smsu089","smsu032",1554
1,"smsu089","smsu033",1783
1,"smsu089","smsu034",806
1,"smsu089","smsu035",923
1,"smsu089","smsu036",1535
1,"smsu089","smsu037",529
1,"smsu089","smsu038",1062
1,"smsu089","smsu039",1333
1,"smsu089","smsu040",1424
1,"smsu089","smsu041",1084
1,"smsu089","smsu042",1606
1,"smsu089","smsu043",1226
1,"smsu089","smsu044",868
1,"smsu089","smsu045",1530
1,"smsu089","smsu046",1062
1,"smsu089","smsu047",384
1,"smsu089","smsu048",1377
1,"smsu089","smsu049",1346
1,"smsu089","smsu050",1287
1,"smsu089","smsu051",1020
1,"smsu089","smsu052",1432
1,"smsu089","smsu053",1255
1,"smsu089","smsu054",1324
1,"smsu089","smsu055",412
1,"smsu089","smsu056",1339
1,"smsu089","smsu057",1938
1,"smsu089","smsu058",1247
1,"smsu089","smsu059",1562
1,"smsu089","smsu060",502
1,"smsu089","smsu061",1594
1,"smsu089","smsu062",484
1,"smsu089","smsu063",819
1,"smsu089","smsu064",1137
1,"smsu089","smsu065",759
1,"smsu089","smsu066",1543
1,"smsu089","smsu067",280
1,"smsu089","smsu068",1120
1,"smsu089","smsu069",460
1,"smsu089","smsu070",1631
1,"smsu089","smsu071",145
1,"smsu089","smsu072",993
1,"smsu089","smsu073",1198
1,"smsu089","smsu074",1531
1,"smsu089","smsu075",553
1,"smsu089","smsu076",309
1,"smsu089","smsu077",588
1,"smsu089","smsu078",1620
1,"smsu089","smsu079",663
1,"smsu089","smsu080",1178
1,"smsu089","smsu081",1105
1,"smsu089","smsu082",712
1,"smsu089","smsu083",775
1,"smsu089","smsu084",794
1,"smsu089","smsu085",239
1,"smsu089","smsu086",900
1,"smsu089","smsu087",1137
1,"smsu089","smsu088",1347
1,"smsu089","smsu089",0
1,"smsu089","smsu090",863
1,"smsu089","smsu091",1261
1,"smsu089","smsu092",979
1,"smsu089","smsu093",898
1,"smsu089","smsu094",799
1,"smsu089","smsu095",1500
1,"smsu089","smsu096",204
1,"smsu089","smsu097",1337
1,"smsu089","smsu098",968
1,"smsu089","smsu099",1334
1,"smsu089","smsu100",754
1,"smsu090","smsu001",996
1,"smsu090","smsu002",1290
1,"smsu090","smsu003",141
1,"smsu090","smsu004",784
1,"smsu090","smsu005",1304
1,"smsu090","smsu006",1345
1,"smsu090","smsu007",1691
1,"smsu090","smsu008",1080
1,"smsu090","smsu009",1378
1,"smsu090","smsu010",183
1,"smsu090","smsu011",269
1,"smsu090","smsu012",1377
1,"smsu090","smsu013",751
1,"smsu090","smsu014",693
1,"smsu090","smsu015",579
1,"smsu090","smsu016",1368
1,"smsu090","smsu017",1689
1,"smsu090","smsu018",1681
1,"smsu090","smsu019",1639
1,"smsu090","smsu020",507
1,"smsu090","smsu021",781
1,"smsu090","smsu022",1012
1,"smsu090","smsu023",1286
1,"smsu090","smsu024",1604
1,"smsu090","smsu025",1343
1,"smsu090","smsu026",1470
1,"smsu090","smsu027",915
1,"smsu090","smsu028",674
1,"smsu090","smsu029",938
1,"smsu090","smsu030",1802
1,"smsu090","smsu031",696
1,"smsu090","smsu032",2047
1,"smsu090","smsu033",1630
1,"smsu090","smsu034",428
1,"smsu090","smsu035",243
1,"smsu090","smsu036",2044
1,"smsu090","smsu037",1324
1,"smsu090","smsu038",610
1,"smsu090","smsu039",591
1,"smsu090","smsu040",1873
1,"smsu090","smsu041",231
1,"smsu090","smsu042",1311
1,"smsu090","smsu043",1218
1,"smsu090","smsu044",983
1,"smsu090","smsu045",2044
1,"smsu090","smsu046",301
1,"smsu090","smsu047",970
1,"smsu090","smsu048",569
1,"smsu090","smsu049",622
1,"smsu090","smsu050",613
1,"smsu090","smsu051",484
1,"smsu090","smsu052",1682
1,"smsu090","smsu053",1820
1,"smsu090","smsu054",545
1,"smsu090","smsu055",1272
1,"smsu090","smsu056",1826
1,"smsu090","smsu057",1680
1,"smsu090","smsu058",1754
1,"smsu090","smsu059",1281
1,"smsu090","smsu060",886
1,"smsu090","smsu061",1617
1,"smsu090","smsu062",1291
1,"smsu090","smsu063",172
1,"smsu090","smsu064",1548
1,"smsu090","smsu065",232
1,"smsu090","smsu066",1935
1,"smsu090","smsu067",697
1,"smsu090","smsu068",1505
1,"smsu090","smsu069",1321
1,"smsu090","smsu070",1230
1,"smsu090","smsu071",939
1,"smsu090","smsu072",489
1,"smsu090","smsu073",1816
1,"smsu090","smsu074",1266
1,"smsu090","smsu075",403
1,"smsu090","smsu076",1166
1,"smsu090","smsu077",1451
1,"smsu090","smsu078",1318
1,"smsu090","smsu079",889
1,"smsu090","smsu080",799
1,"smsu090","smsu081",343
1,"smsu090","smsu082",1439
1,"smsu090","smsu083",285
1,"smsu090","smsu084",1334
1,"smsu090","smsu085",1019
1,"smsu090","smsu086",1560
1,"smsu090","smsu087",402
1,"smsu090","smsu088",1461
1,"smsu090","smsu089",863
1,"smsu090","smsu090",0
1,"smsu090","smsu091",1309
1,"smsu090","smsu092",1521
1,"smsu090","smsu093",181
1,"smsu090","smsu094",962
1,"smsu090","smsu095",1790
1,"smsu090","smsu096",1066
1,"smsu090","smsu097",492
1,"smsu090","smsu098",107
1,"smsu090","smsu099",678
1,"smsu090","smsu100",722
1,"smsu091","smsu001",764
1,"smsu091","smsu002",1718
1,"smsu091","smsu003",1431
1,"smsu091","smsu004",1055
1,"smsu091","smsu005",1350
1,"smsu091","smsu006",744
1,"smsu091","smsu007",1052
1,"smsu091","smsu008",256
1,"smsu091","smsu009",1239
1,"smsu091","smsu010",1195
1,"smsu091","smsu011",1362
1,"smsu091","smsu012",1326
1,"smsu091","smsu013",1350
1,"smsu091","smsu014",1118
1,"smsu091","smsu015",852
1,"smsu091","smsu016",126
1,"smsu091","smsu017",841
1,"smsu091","smsu018",1142
1,"smsu091","smsu019",374
1,"smsu091","smsu020",807
1,"smsu091","smsu021",722
1,"smsu091","smsu022",340
1,"smsu091","smsu023",854
1,"smsu091","smsu024",635
1,"smsu091","smsu025",1470
1,"smsu091","smsu026",723
1,"smsu091","smsu027",843
1,"smsu091","smsu028",1563
1,"smsu091","smsu029",1002
1,"smsu091","smsu030",827
1,"smsu091","smsu031",1387
1,"smsu091","smsu032",984
1,"smsu091","smsu033",560
1,"smsu091","smsu034",881
1,"smsu091","smsu035",1544
1,"smsu091","smsu036",1003
1,"smsu091","smsu037",1184
1,"smsu091","smsu038",785
1,"smsu091","smsu039",1182
1,"smsu091","smsu040",801
1,"smsu091","smsu041",1343
1,"smsu091","smsu042",577
1,"smsu091","smsu043",105
1,"smsu091","smsu044",400
1,"smsu091","smsu045",1010
1,"smsu091","smsu046",1173
1,"smsu091","smsu047",1638
1,"smsu091","smsu048",1334
1,"smsu091","smsu049",1155
1,"smsu091","smsu050",1060
1,"smsu091","smsu051",904
1,"smsu091","smsu052",441
1,"smsu091","smsu053",940
1,"smsu091","smsu054",1250
1,"smsu091","smsu055",1384
1,"smsu091","smsu056",823
1,"smsu091","smsu057",771
1,"smsu091","smsu058",811
1,"smsu091","smsu059",539
1,"smsu091","smsu060",759
1,"smsu091","smsu061",339
1,"smsu091","smsu062",1204
1,"smsu091","smsu063",1136
1,"smsu091","smsu064",576
1,"smsu091","smsu065",1450
1,"smsu091","smsu066",777
1,"smsu091","smsu067",1021
1,"smsu091","smsu068",524
1,"smsu091","smsu069",1421
1,"smsu091","smsu070",736
1,"smsu091","smsu071",1403
1,"smsu091","smsu072",878
1,"smsu091","smsu073",1028
1,"smsu091","smsu074",505
1,"smsu091","smsu075",1017
1,"smsu091","smsu076",1440
1,"smsu091","smsu077",1517
1,"smsu091","smsu078",594
1,"smsu091","smsu079",601
1,"smsu091","smsu080",650
1,"smsu091","smsu081",1642
1,"smsu091","smsu082",1076
1,"smsu091","smsu083",1025
1,"smsu091","smsu084",745
1,"smsu091","smsu085",1128
1,"smsu091","smsu086",989
1,"smsu091","smsu087",1136
1,"smsu091","smsu088",163
1,"smsu091","smsu089",1261
1,"smsu091","smsu090",1309
1,"smsu091","smsu091",0
1,"smsu091","smsu092",773
1,"smsu091","smsu093",1152
1,"smsu091","smsu094",465
1,"smsu091","smsu095",560
1,"smsu091","smsu096",1317
1,"smsu091","smsu097",1421
1,"smsu091","smsu098",1333
1,"smsu091","smsu099",1039
1,"smsu091","smsu100",618
1,"smsu092","smsu001",536
1,"smsu092","smsu002",1254
1,"smsu092","smsu003",1592
1,"smsu092","smsu004",857
1,"smsu092","smsu005",799
1,"smsu092","smsu006",183
1,"smsu092","smsu007",280
1,"smsu092","smsu008",907
1,"smsu092","smsu009",626
1,"smsu092","smsu010",1497
1,"smsu092","smsu011",1694
1,"smsu092","smsu012",729
1,"smsu092","smsu013",1138
1,"smsu092","smsu014",1663
1,"smsu092","smsu015",1328
1,"smsu092","smsu016",661
1,"smsu092","smsu017",1606
1,"smsu092","smsu018",374
1,"smsu092","smsu019",659
1,"smsu092","smsu020",1157
1,"smsu092","smsu021",1301
1,"smsu092","smsu022",969
1,"smsu092","smsu023",303
1,"smsu092","smsu024",237
1,"smsu092","smsu025",920
1,"smsu092","smsu026",58
1,"smsu092","smsu027",636
1,"smsu092","smsu028",1420
1,"smsu092","smsu029",1646
1,"smsu092","smsu030",324
1,"smsu092","smsu031",1209
1,"smsu092","smsu032",575
1,"smsu092","smsu033",1301
1,"smsu092","smsu034",1175
1,"smsu092","smsu035",1697
1,"smsu092","smsu036",559
1,"smsu092","smsu037",598
1,"smsu092","smsu038",1260
1,"smsu092","smsu039",1680
1,"smsu092","smsu040",452
1,"smsu092","smsu041",1661
1,"smsu092","smsu042",1342
1,"smsu092","smsu043",829
1,"smsu092","smsu044",670
1,"smsu092","smsu045",555
1,"smsu092","smsu046",1538
1,"smsu092","smsu047",1336
1,"smsu092","smsu048",1802
1,"smsu092","smsu049",1668
1,"smsu092","smsu050",1575
1,"smsu092","smsu051",1325
1,"smsu092","smsu052",617
1,"smsu092","smsu053",301
1,"smsu092","smsu054",1722
1,"smsu092","smsu055",858
1,"smsu092","smsu056",360
1,"smsu092","smsu057",1531
1,"smsu092","smsu058",268
1,"smsu092","smsu059",1301
1,"smsu092","smsu060",639
1,"smsu092","smsu061",975
1,"smsu092","smsu062",641
1,"smsu092","smsu063",1379
1,"smsu092","smsu064",251
1,"smsu092","smsu065",1551
1,"smsu092","smsu066",587
1,"smsu092","smsu067",900
1,"smsu092","smsu068",279
1,"smsu092","smsu069",873
1,"smsu092","smsu070",1480
1,"smsu092","smsu071",1079
1,"smsu092","smsu072",1289
1,"smsu092","smsu073",309
1,"smsu092","smsu074",1266
1,"smsu092","smsu075",1121
1,"smsu092","smsu076",985
1,"smsu092","smsu077",920
1,"smsu092","smsu078",1360
1,"smsu092","smsu079",651
1,"smsu092","smsu080",1225
1,"smsu092","smsu081",1853
1,"smsu092","smsu082",402
1,"smsu092","smsu083",1271
1,"smsu092","smsu084",195
1,"smsu092","smsu085",749
1,"smsu092","smsu086",233
1,"smsu092","smsu087",1552
1,"smsu092","smsu088",727
1,"smsu092","smsu089",979
1,"smsu092","smsu090",1521
1,"smsu092","smsu091",773
1,"smsu092","smsu092",0
1,"smsu092","smsu093",1435
1,"smsu092","smsu094",639
1,"smsu092","smsu095",627
1,"smsu092","smsu096",908
1,"smsu092","smsu097",1838
1,"smsu092","smsu098",1594
1,"smsu092","smsu099",1583
1,"smsu092","smsu100",871
1,"smsu093","smsu001",930
1,"smsu093","smsu002",1365
1,"smsu093","smsu003",322
1,"smsu093","smsu004",779
1,"smsu093","smsu005",1317
1,"smsu093","smsu006",1266
1,"smsu093","smsu007",1628
1,"smsu093","smsu008",915
1,"smsu093","smsu009",1368
1,"smsu093","smsu010",64
1,"smsu093","smsu011",261
1,"smsu093","smsu012",1380
1,"smsu093","smsu013",816
1,"smsu093","smsu014",545
1,"smsu093","smsu015",398
1,"smsu093","smsu016",1220
1,"smsu093","smsu017",1508
1,"smsu093","smsu018",1630
1,"smsu093","smsu019",1494
1,"smsu093","smsu020",345
1,"smsu093","smsu021",600
1,"smsu093","smsu022",844
1,"smsu093","smsu023",1225
1,"smsu093","smsu024",1495
1,"smsu093","smsu025",1372
1,"smsu093","smsu026",1382
1,"smsu093","smsu027",863
1,"smsu093","smsu028",797
1,"smsu093","smsu029",772
1,"smsu093","smsu030",1699
1,"smsu093","smsu031",775
1,"smsu093","smsu032",1938
1,"smsu093","smsu033",1452
1,"smsu093","smsu034",280
1,"smsu093","smsu035",422
1,"smsu093","smsu036",1938
1,"smsu093","smsu037",1310
1,"smsu093","smsu038",430
1,"smsu093","smsu039",458
1,"smsu093","smsu040",1760
1,"smsu093","smsu041",227
1,"smsu093","smsu042",1130
1,"smsu093","smsu043",1058
1,"smsu093","smsu044",851
1,"smsu093","smsu045",1939
1,"smsu093","smsu046",167
1,"smsu093","smsu047",1069
1,"smsu093","smsu048",479
1,"smsu093","smsu049",483
1,"smsu093","smsu050",455
1,"smsu093","smsu051",303
1,"smsu093","smsu052",1541
1,"smsu093","smsu053",1730
1,"smsu093","smsu054",433
1,"smsu093","smsu055",1294
1,"smsu093","smsu056",1720
1,"smsu093","smsu057",1499
1,"smsu093","smsu058",1654
1,"smsu093","smsu059",1101
1,"smsu093","smsu060",817
1,"smsu093","smsu061",1451
1,"smsu093","smsu062",1283
1,"smsu093","smsu063",79
1,"smsu093","smsu064",1437
1,"smsu093","smsu065",401
1,"smsu093","smsu066",1811
1,"smsu093","smsu067",685
1,"smsu093","smsu068",1390
1,"smsu093","smsu069",1344
1,"smsu093","smsu070",1050
1,"smsu093","smsu071",997
1,"smsu093","smsu072",309
1,"smsu093","smsu073",1738
1,"smsu093","smsu074",1086
1,"smsu093","smsu075",366
1,"smsu093","smsu076",1208
1,"smsu093","smsu077",1476
1,"smsu093","smsu078",1137
1,"smsu093","smsu079",787
1,"smsu093","smsu080",619
1,"smsu093","smsu081",491
1,"smsu093","smsu082",1400
1,"smsu093","smsu083",165
1,"smsu093","smsu084",1255
1,"smsu093","smsu085",1018
1,"smsu093","smsu086",1499
1,"smsu093","smsu087",258
1,"smsu093","smsu088",1308
1,"smsu093","smsu089",898
1,"smsu093","smsu090",181
1,"smsu093","smsu091",1152
1,"smsu093","smsu092",1435
1,"smsu093","smsu093",0
1,"smsu093","smsu094",841
1,"smsu093","smsu095",1653
1,"smsu093","smsu096",1095
1,"smsu093","smsu097",446
1,"smsu093","smsu098",181
1,"smsu093","smsu099",517
1,"smsu093","smsu100",593
1,"smsu094","smsu001",337
1,"smsu094","smsu002",1272
1,"smsu094","smsu003",1063
1,"smsu094","smsu004",591
1,"smsu094","smsu005",946
1,"smsu094","smsu006",506
1,"smsu094","smsu007",885
1,"smsu094","smsu008",396
1,"smsu094","smsu009",874
1,"smsu094","smsu010",898
1,"smsu094","smsu011",1090
1,"smsu094","smsu012",945
1,"smsu094","smsu013",886
1,"smsu094","smsu014",1024
1,"smsu094","smsu015",689
1,"smsu094","smsu016",463
1,"smsu094","smsu017",1218
1,"smsu094","smsu018",930
1,"smsu094","smsu019",706
1,"smsu094","smsu020",529
1,"smsu094","smsu021",675
1,"smsu094","smsu022",416
1,"smsu094","smsu023",543
1,"smsu094","smsu024",658
1,"smsu094","smsu025",1058
1,"smsu094","smsu026",581
1,"smsu094","smsu027",392
1,"smsu094","smsu028",1107
1,"smsu094","smsu029",1028
1,"smsu094","smsu030",866
1,"smsu094","smsu031",925
1,"smsu094","smsu032",1099
1,"smsu094","smsu033",990
1,"smsu094","smsu034",564
1,"smsu094","smsu035",1175
1,"smsu094","smsu036",1101
1,"smsu094","smsu037",813
1,"smsu094","smsu038",620
1,"smsu094","smsu039",1042
1,"smsu094","smsu040",919
1,"smsu094","smsu041",1061
1,"smsu094","smsu042",866
1,"smsu094","smsu043",428
1,"smsu094","smsu044",72
1,"smsu094","smsu045",1103
1,"smsu094","smsu046",919
1,"smsu094","smsu047",1174
1,"smsu094","smsu048",1166
1,"smsu094","smsu049",1029
1,"smsu094","smsu050",936
1,"smsu094","smsu051",689
1,"smsu094","smsu052",735
1,"smsu094","smsu053",916
1,"smsu094","smsu054",1085
1,"smsu094","smsu055",969
1,"smsu094","smsu056",884
1,"smsu094","smsu057",1163
1,"smsu094","smsu058",824
1,"smsu094","smsu059",821
1,"smsu094","smsu060",302
1,"smsu094","smsu061",802
1,"smsu094","smsu062",820
1,"smsu094","smsu063",800
1,"smsu094","smsu064",598
1,"smsu094","smsu065",1056
1,"smsu094","smsu066",974
1,"smsu094","smsu067",557
1,"smsu094","smsu068",550
1,"smsu094","smsu069",1011
1,"smsu094","smsu070",947
1,"smsu094","smsu071",942
1,"smsu094","smsu072",654
1,"smsu094","smsu073",948
1,"smsu094","smsu074",787
1,"smsu094","smsu075",604
1,"smsu094","smsu076",1000
1,"smsu094","smsu077",1123
1,"smsu094","smsu078",882
1,"smsu094","smsu079",136
1,"smsu094","smsu080",602
1,"smsu094","smsu081",1304
1,"smsu094","smsu082",774
1,"smsu094","smsu083",684
1,"smsu094","smsu084",499
1,"smsu094","smsu085",688
1,"smsu094","smsu086",776
1,"smsu094","smsu087",922
1,"smsu094","smsu088",571
1,"smsu094","smsu089",799
1,"smsu094","smsu090",962
1,"smsu094","smsu091",465
1,"smsu094","smsu092",639
1,"smsu094","smsu093",841
1,"smsu094","smsu094",0
1,"smsu094","smsu095",836
1,"smsu094","smsu096",872
1,"smsu094","smsu097",1212
1,"smsu094","smsu098",1014
1,"smsu094","smsu099",945
1,"smsu094","smsu100",248
1,"smsu095","smsu001",979
1,"smsu095","smsu002",1855
1,"smsu095","smsu003",1897
1,"smsu095","smsu004",1328
1,"smsu095","smsu005",1412
1,"smsu095","smsu006",736
1,"smsu095","smsu007",839
1,"smsu095","smsu008",812
1,"smsu095","smsu009",1249
1,"smsu095","smsu010",1703
1,"smsu095","smsu011",1884
1,"smsu095","smsu012",1351
1,"smsu095","smsu013",1634
1,"smsu095","smsu014",1677
1,"smsu095","smsu015",1397
1,"smsu095","smsu016",452
1,"smsu095","smsu017",1193
1,"smsu095","smsu018",960
1,"smsu095","smsu019",191
1,"smsu095","smsu020",1315
1,"smsu095","smsu021",1281
1,"smsu095","smsu022",896
1,"smsu095","smsu023",883
1,"smsu095","smsu024",391
1,"smsu095","smsu025",1536
1,"smsu095","smsu026",616
1,"smsu095","smsu027",1085
1,"smsu095","smsu028",1893
1,"smsu095","smsu029",1558
1,"smsu095","smsu030",444
1,"smsu095","smsu031",1692
1,"smsu095","smsu032",481
1,"smsu095","smsu033",866
1,"smsu095","smsu034",1372
1,"smsu095","smsu035",2010
1,"smsu095","smsu036",512
1,"smsu095","smsu037",1214
1,"smsu095","smsu038",1328
1,"smsu095","smsu039",1737
1,"smsu095","smsu040",335
1,"smsu095","smsu041",1860
1,"smsu095","smsu042",1066
1,"smsu095","smsu043",664
1,"smsu095","smsu044",807
1,"smsu095","smsu045",523
1,"smsu095","smsu046",1699
1,"smsu095","smsu047",1880
1,"smsu095","smsu048",1886
1,"smsu095","smsu049",1711
1,"smsu095","smsu050",1616
1,"smsu095","smsu051",1437
1,"smsu095","smsu052",120
1,"smsu095","smsu053",592
1,"smsu095","smsu054",1802
1,"smsu095","smsu055",1467
1,"smsu095","smsu056",415
1,"smsu095","smsu057",1108
1,"smsu095","smsu058",467
1,"smsu095","smsu059",1037
1,"smsu095","smsu060",1037
1,"smsu095","smsu061",511
1,"smsu095","smsu062",1253
1,"smsu095","smsu063",1622
1,"smsu095","smsu064",388
1,"smsu095","smsu065",1892
1,"smsu095","smsu066",239
1,"smsu095","smsu067",1333
1,"smsu095","smsu068",388
1,"smsu095","smsu069",1488
1,"smsu095","smsu070",1251
1,"smsu095","smsu071",1624
1,"smsu095","smsu072",1407
1,"smsu095","smsu073",718
1,"smsu095","smsu074",1009
1,"smsu095","smsu075",1440
1,"smsu095","smsu076",1577
1,"smsu095","smsu077",1544
1,"smsu095","smsu078",1080
1,"smsu095","smsu079",940
1,"smsu095","smsu080",1207
1,"smsu095","smsu081",2132
1,"smsu095","smsu082",1029
1,"smsu095","smsu083",1507
1,"smsu095","smsu084",745
1,"smsu095","smsu085",1299
1,"smsu095","smsu086",849
1,"smsu095","smsu087",1675
1,"smsu095","smsu088",404
1,"smsu095","smsu089",1500
1,"smsu095","smsu090",1790
1,"smsu095","smsu091",560
1,"smsu095","smsu092",627
1,"smsu095","smsu093",1653
1,"smsu095","smsu094",836
1,"smsu095","smsu095",0
1,"smsu095","smsu096",1480
1,"smsu095","smsu097",1965
1,"smsu095","smsu098",1832
1,"smsu095","smsu099",1598
1,"smsu095","smsu100",1068
1,"smsu096","smsu001",554
1,"smsu096","smsu002",401
1,"smsu096","smsu003",1056
1,"smsu096","smsu004",347
1,"smsu096","smsu005",254
1,"smsu096","smsu006",752
1,"smsu096","smsu007",902
1,"smsu096","smsu008",1261
1,"smsu096","smsu009",397
1,"smsu096","smsu010",1155
1,"smsu096","smsu011",1325
1,"smsu096","smsu012",347
1,"smsu096","smsu013",353
1,"smsu096","smsu014",1571
1,"smsu096","smsu015",1264
1,"smsu096","smsu016",1275
1,"smsu096","smsu017",2085
1,"smsu096","smsu018",826
1,"smsu096","smsu019",1434
1,"smsu096","smsu020",1037
1,"smsu096","smsu021",1373
1,"smsu096","smsu022",1263
1,"smsu096","smsu023",609
1,"smsu096","smsu024",1119
1,"smsu096","smsu025",277
1,"smsu096","smsu026",892
1,"smsu096","smsu027",480
1,"smsu096","smsu028",616
1,"smsu096","smsu029",1703
1,"smsu096","smsu030",1227
1,"smsu096","smsu031",433
1,"smsu096","smsu032",1470
1,"smsu096","smsu033",1861
1,"smsu096","smsu034",981
1,"smsu096","smsu035",1124
1,"smsu096","smsu036",1447
1,"smsu096","smsu037",372
1,"smsu096","smsu038",1225
1,"smsu096","smsu039",1521
1,"smsu096","smsu040",1360
1,"smsu096","smsu041",1286
1,"smsu096","smsu042",1718
1,"smsu096","smsu043",1298
1,"smsu096","smsu044",944
1,"smsu096","smsu045",1441
1,"smsu096","smsu046",1257
1,"smsu096","smsu047",437
1,"smsu096","smsu048",1572
1,"smsu096","smsu049",1532
1,"smsu096","smsu050",1469
1,"smsu096","smsu051",1196
1,"smsu096","smsu052",1426
1,"smsu096","smsu053",1160
1,"smsu096","smsu054",1517
1,"smsu096","smsu055",208
1,"smsu096","smsu056",1266
1,"smsu096","smsu057",2033
1,"smsu096","smsu058",1172
1,"smsu096","smsu059",1673
1,"smsu096","smsu060",572
1,"smsu096","smsu061",1639
1,"smsu096","smsu062",322
1,"smsu096","smsu063",1016
1,"smsu096","smsu064",1100
1,"smsu096","smsu065",961
1,"smsu096","smsu066",1491
1,"smsu096","smsu067",439
1,"smsu096","smsu068",1092
1,"smsu096","smsu069",256
1,"smsu096","smsu070",1762
1,"smsu096","smsu071",199
1,"smsu096","smsu072",1166
1,"smsu096","smsu073",1085
1,"smsu096","smsu074",1641
1,"smsu096","smsu075",741
1,"smsu096","smsu076",132
1,"smsu096","smsu077",384
1,"smsu096","smsu078",1733
1,"smsu096","smsu079",743
1,"smsu096","smsu080",1324
1,"smsu096","smsu081",1307
1,"smsu096","smsu082",580
1,"smsu096","smsu083",965
1,"smsu096","smsu084",742
1,"smsu096","smsu085",190
1,"smsu096","smsu086",786
1,"smsu096","smsu087",1328
1,"smsu096","smsu088",1382
1,"smsu096","smsu089",204
1,"smsu096","smsu090",1066
1,"smsu096","smsu091",1317
1,"smsu096","smsu092",908
1,"smsu096","smsu093",1095
1,"smsu096","smsu094",872
1,"smsu096","smsu095",1480
1,"smsu096","smsu096",0
1,"smsu096","smsu097",1536
1,"smsu096","smsu098",1171
1,"smsu096","smsu099",1512
1,"smsu096","smsu100",881
1,"smsu097","smsu001",1358
1,"smsu097","smsu002",1782
1,"smsu097","smsu003",573
1,"smsu097","smsu004",1225
1,"smsu097","smsu005",1763
1,"smsu097","smsu006",1678
1,"smsu097","smsu007",2050
1,"smsu097","smsu008",1166
1,"smsu097","smsu009",1814
1,"smsu097","smsu010",383
1,"smsu097","smsu011",224
1,"smsu097","smsu012",1826
1,"smsu097","smsu013",1238
1,"smsu097","smsu014",397
1,"smsu097","smsu015",569
1,"smsu097","smsu016",1514
1,"smsu097","smsu017",1535
1,"smsu097","smsu018",2061
1,"smsu097","smsu019",1789
1,"smsu097","smsu020",684
1,"smsu097","smsu021",723
1,"smsu097","smsu022",1083
1,"smsu097","smsu023",1653
1,"smsu097","smsu024",1868
1,"smsu097","smsu025",1813
1,"smsu097","smsu026",1782
1,"smsu097","smsu027",1300
1,"smsu097","smsu028",1161
1,"smsu097","smsu029",670
1,"smsu097","smsu030",2078
1,"smsu097","smsu031",1186
1,"smsu097","smsu032",2304
1,"smsu097","smsu033",1573
1,"smsu097","smsu034",665
1,"smsu097","smsu035",597
1,"smsu097","smsu036",2309
1,"smsu097","smsu037",1755
1,"smsu097","smsu038",637
1,"smsu097","smsu039",281
1,"smsu097","smsu040",2120
1,"smsu097","smsu041",261
1,"smsu097","smsu042",1210
1,"smsu097","smsu043",1317
1,"smsu097","smsu044",1205
1,"smsu097","smsu045",2311
1,"smsu097","smsu046",304
1,"smsu097","smsu047",1462
1,"smsu097","smsu048",141
1,"smsu097","smsu049",322
1,"smsu097","smsu050",393
1,"smsu097","smsu051",532
1,"smsu097","smsu052",1847
1,"smsu097","smsu053",2126
1,"smsu097","smsu054",197
1,"smsu097","smsu055",1737
1,"smsu097","smsu056",2094
1,"smsu097","smsu057",1551
1,"smsu097","smsu058",2037
1,"smsu097","smsu059",1196
1,"smsu097","smsu060",1245
1,"smsu097","smsu061",1668
1,"smsu097","smsu062",1729
1,"smsu097","smsu063",523
1,"smsu097","smsu064",1806
1,"smsu097","smsu065",692
1,"smsu097","smsu066",2150
1,"smsu097","smsu067",1131
1,"smsu097","smsu068",1755
1,"smsu097","smsu069",1787
1,"smsu097","smsu070",1066
1,"smsu097","smsu071",1424
1,"smsu097","smsu072",564
1,"smsu097","smsu073",2146
1,"smsu097","smsu074",1193
1,"smsu097","smsu075",812
1,"smsu097","smsu076",1644
1,"smsu097","smsu077",1919
1,"smsu097","smsu078",1211
1,"smsu097","smsu079",1189
1,"smsu097","smsu080",782
1,"smsu097","smsu081",507
1,"smsu097","smsu082",1838
1,"smsu097","smsu083",600
1,"smsu097","smsu084",1669
1,"smsu097","smsu085",1464
1,"smsu097","smsu086",1924
1,"smsu097","smsu087",293
1,"smsu097","smsu088",1584
1,"smsu097","smsu089",1337
1,"smsu097","smsu090",492
1,"smsu097","smsu091",1421
1,"smsu097","smsu092",1838
1,"smsu097","smsu093",446
1,"smsu097","smsu094",1212
1,"smsu097","smsu095",1965
1,"smsu097","smsu096",1536
1,"smsu097","smsu097",0
1,"smsu097","smsu098",387
1,"smsu097","smsu099",444
1,"smsu097","smsu100",969
1,"smsu098","smsu001",1076
1,"smsu098","smsu002",1397
1,"smsu098","smsu003",205
1,"smsu098","smsu004",882
1,"smsu098","smsu005",1407
1,"smsu098","smsu006",1420
1,"smsu098","smsu007",1774
1,"smsu098","smsu008",1095
1,"smsu098","smsu009",1477
1,"smsu098","smsu010",145
1,"smsu098","smsu011",163
1,"smsu098","smsu012",1478
1,"smsu098","smsu013",858
1,"smsu098","smsu014",618
1,"smsu098","smsu015",555
1,"smsu098","smsu016",1401
1,"smsu098","smsu017",1659
1,"smsu098","smsu018",1768
1,"smsu098","smsu019",1675
1,"smsu098","smsu020",526
1,"smsu098","smsu021",757
1,"smsu098","smsu022",1023
1,"smsu098","smsu023",1369
1,"smsu098","smsu024",1665
1,"smsu098","smsu025",1448
1,"smsu098","smsu026",1542
1,"smsu098","smsu027",1000
1,"smsu098","smsu028",776
1,"smsu098","smsu029",875
1,"smsu098","smsu030",1867
1,"smsu098","smsu031",803
1,"smsu098","smsu032",2109
1,"smsu098","smsu033",1620
1,"smsu098","smsu034",460
1,"smsu098","smsu035",274
1,"smsu098","smsu036",2107
1,"smsu098","smsu037",1421
1,"smsu098","smsu038",597
1,"smsu098","smsu039",509
1,"smsu098","smsu040",1932
1,"smsu098","smsu041",126
1,"smsu098","smsu042",1289
1,"smsu098","smsu043",1239
1,"smsu098","smsu044",1029
1,"smsu098","smsu045",2108
1,"smsu098","smsu046",236
1,"smsu098","smsu047",1075
1,"smsu098","smsu048",471
1,"smsu098","smsu049",543
1,"smsu098","smsu050",547
1,"smsu098","smsu051",466
1,"smsu098","smsu052",1721
1,"smsu098","smsu053",1892
1,"smsu098","smsu054",455
1,"smsu098","smsu055",1376
1,"smsu098","smsu056",1889
1,"smsu098","smsu057",1655
1,"smsu098","smsu058",1820
1,"smsu098","smsu059",1262
1,"smsu098","smsu060",964
1,"smsu098","smsu061",1631
1,"smsu098","smsu062",1390
1,"smsu098","smsu063",216
1,"smsu098","smsu064",1608
1,"smsu098","smsu065",317
1,"smsu098","smsu066",1987
1,"smsu098","smsu067",792
1,"smsu098","smsu068",1563
1,"smsu098","smsu069",1425
1,"smsu098","smsu070",1193
1,"smsu098","smsu071",1046
1,"smsu098","smsu072",479
1,"smsu098","smsu073",1893
1,"smsu098","smsu074",1249
1,"smsu098","smsu075",488
1,"smsu098","smsu076",1272
1,"smsu098","smsu077",1555
1,"smsu098","smsu078",1295
1,"smsu098","smsu079",953
1,"smsu098","smsu080",784
1,"smsu098","smsu081",311
1,"smsu098","smsu082",1530
1,"smsu098","smsu083",330
1,"smsu098","smsu084",1410
1,"smsu098","smsu085",1119
1,"smsu098","smsu086",1644
1,"smsu098","smsu087",335
1,"smsu098","smsu088",1490
1,"smsu098","smsu089",968
1,"smsu098","smsu090",107
1,"smsu098","smsu091",1333
1,"smsu098","smsu092",1594
1,"smsu098","smsu093",181
1,"smsu098","smsu094",1014
1,"smsu098","smsu095",1832
1,"smsu098","smsu096",1171
1,"smsu098","smsu097",387
1,"smsu098","smsu098",0
1,"smsu098","smsu099",613
1,"smsu098","smsu100",769
1,"smsu099","smsu001",1181
1,"smsu099","smsu002",1832
1,"smsu099","smsu003",811
1,"smsu099","smsu004",1167
1,"smsu099","smsu005",1699
1,"smsu099","smsu006",1447
1,"smsu099","smsu007",1827
1,"smsu099","smsu008",786
1,"smsu099","smsu009",1703
1,"smsu099","smsu010",495
1,"smsu099","smsu011",518
1,"smsu099","smsu012",1740
1,"smsu099","smsu013",1288
1,"smsu099","smsu014",81
1,"smsu099","smsu015",265
1,"smsu099","smsu016",1147
1,"smsu099","smsu017",1096
1,"smsu099","smsu018",1863
1,"smsu099","smsu019",1413
1,"smsu099","smsu020",485
1,"smsu099","smsu021",317
1,"smsu099","smsu022",702
1,"smsu099","smsu023",1458
1,"smsu099","smsu024",1565
1,"smsu099","smsu025",1776
1,"smsu099","smsu026",1525
1,"smsu099","smsu027",1156
1,"smsu099","smsu028",1309
1,"smsu099","smsu029",262
1,"smsu099","smsu030",1776
1,"smsu099","smsu031",1262
1,"smsu099","smsu032",1982
1,"smsu099","smsu033",1132
1,"smsu099","smsu034",530
1,"smsu099","smsu035",887
1,"smsu099","smsu036",1993
1,"smsu099","smsu037",1640
1,"smsu099","smsu038",328
1,"smsu099","smsu039",164
1,"smsu099","smsu040",1795
1,"smsu099","smsu041",527
1,"smsu099","smsu042",767
1,"smsu099","smsu043",934
1,"smsu099","smsu044",914
1,"smsu099","smsu045",1997
1,"smsu099","smsu046",379
1,"smsu099","smsu047",1564
1,"smsu099","smsu048",320
1,"smsu099","smsu049",125
1,"smsu099","smsu050",66
1,"smsu099","smsu051",316
1,"smsu099","smsu052",1478
1,"smsu099","smsu053",1848
1,"smsu099","smsu054",247
1,"smsu099","smsu055",1690
1,"smsu099","smsu056",1786
1,"smsu099","smsu057",1109
1,"smsu099","smsu058",1743
1,"smsu099","smsu059",754
1,"smsu099","smsu060",1078
1,"smsu099","smsu061",1251
1,"smsu099","smsu062",1626
1,"smsu099","smsu063",581
1,"smsu099","smsu064",1500
1,"smsu099","smsu065",909
1,"smsu099","smsu066",1802
1,"smsu099","smsu067",1073
1,"smsu099","smsu068",1447
1,"smsu099","smsu069",1740
1,"smsu099","smsu070",625
1,"smsu099","smsu071",1453
1,"smsu099","smsu072",347
1,"smsu099","smsu073",1890
1,"smsu099","smsu074",753
1,"smsu099","smsu075",784
1,"smsu099","smsu076",1637
1,"smsu099","smsu077",1871
1,"smsu099","smsu078",768
1,"smsu099","smsu079",968
1,"smsu099","smsu080",391
1,"smsu099","smsu081",871
1,"smsu099","smsu082",1672
1,"smsu099","smsu083",573
1,"smsu099","smsu084",1440
1,"smsu099","smsu085",1390
1,"smsu099","smsu086",1713
1,"smsu099","smsu087",278
1,"smsu099","smsu088",1201
1,"smsu099","smsu089",1334
1,"smsu099","smsu090",678
1,"smsu099","smsu091",1039
1,"smsu099","smsu092",1583
1,"smsu099","smsu093",517
1,"smsu099","smsu094",945
1,"smsu099","smsu095",1598
1,"smsu099","smsu096",1512
1,"smsu099","smsu097",444
1,"smsu099","smsu098",613
1,"smsu099","smsu099",0
1,"smsu099","smsu100",737
1,"smsu100","smsu001",448
1,"smsu100","smsu002",1261
1,"smsu100","smsu003",831
1,"smsu100","smsu004",546
1,"smsu100","smsu005",1015
1,"smsu100","smsu006",720
1,"smsu100","smsu007",1098
1,"smsu100","smsu008",443
1,"smsu100","smsu009",988
1,"smsu100","smsu010",650
1,"smsu100","smsu011",841
1,"smsu100","smsu012",1039
1,"smsu100","smsu013",794
1,"smsu100","smsu014",813
1,"smsu100","smsu015",473
1,"smsu100","smsu016",656
1,"smsu100","smsu017",1235
1,"smsu100","smsu018",1128
1,"smsu100","smsu019",921
1,"smsu100","smsu020",286
1,"smsu100","smsu021",514
1,"smsu100","smsu022",413
1,"smsu100","smsu023",721
1,"smsu100","smsu024",906
1,"smsu100","smsu025",1112
1,"smsu100","smsu026",815
1,"smsu100","smsu027",442
1,"smsu100","smsu028",967
1,"smsu100","smsu029",865
1,"smsu100","smsu030",1113
1,"smsu100","smsu031",813
1,"smsu100","smsu032",1347
1,"smsu100","smsu033",1063
1,"smsu100","smsu034",316
1,"smsu100","smsu035",944
1,"smsu100","smsu036",1349
1,"smsu100","smsu037",924
1,"smsu100","smsu038",410
1,"smsu100","smsu039",815
1,"smsu100","smsu040",1167
1,"smsu100","smsu041",813
1,"smsu100","smsu042",853
1,"smsu100","smsu043",545
1,"smsu100","smsu044",261
1,"smsu100","smsu045",1350
1,"smsu100","smsu046",672
1,"smsu100","smsu047",1096
1,"smsu100","smsu048",931
1,"smsu100","smsu049",807
1,"smsu100","smsu050",718
1,"smsu100","smsu051",455
1,"smsu100","smsu052",961
1,"smsu100","smsu053",1157
1,"smsu100","smsu054",852
1,"smsu100","smsu055",1022
1,"smsu100","smsu056",1131
1,"smsu100","smsu057",1194
1,"smsu100","smsu058",1070
1,"smsu100","smsu059",810
1,"smsu100","smsu060",354
1,"smsu100","smsu061",950
1,"smsu100","smsu062",917
1,"smsu100","smsu063",556
1,"smsu100","smsu064",846
1,"smsu100","smsu065",838
1,"smsu100","smsu066",1218
1,"smsu100","smsu067",477
1,"smsu100","smsu068",798
1,"smsu100","smsu069",1070
1,"smsu100","smsu070",882
1,"smsu100","smsu071",897
1,"smsu100","smsu072",419
1,"smsu100","smsu073",1180
1,"smsu100","smsu074",780
1,"smsu100","smsu075",399
1,"smsu100","smsu076",1013
1,"smsu100","smsu077",1194
1,"smsu100","smsu078",867
1,"smsu100","smsu079",232
1,"smsu100","smsu080",454
1,"smsu100","smsu081",1064
1,"smsu100","smsu082",937
1,"smsu100","smsu083",440
1,"smsu100","smsu084",711
1,"smsu100","smsu085",719
1,"smsu100","smsu086",980
1,"smsu100","smsu087",681
1,"smsu100","smsu088",757
1,"smsu100","smsu089",754
1,"smsu100","smsu090",722
1,"smsu100","smsu091",618
1,"smsu100","smsu092",871
1,"smsu100","smsu093",593
1,"smsu100","smsu094",248
1,"smsu100","smsu095",1068
1,"smsu100","smsu096",881
1,"smsu100","smsu097",969
1,"smsu100","smsu098",769
1,"smsu100","smsu099",737
1,"smsu100","smsu100",0
