"site","layer","EC","EC_high","EC_all","EC_absolute","EC_absolute_high","EC_absolute_all","EC_able","EC_capita","EC_capita_high","EC_capita_all","EC_q1_to_q1","EC_q1_to_q2","EC_q1_to_q3","EC_q1_to_q4","EC_q2_to_q1","EC_q2_to_q2","EC_q2_to_q3","EC_q2_to_q4","EC_q3_to_q1","EC_q3_to_q2","EC_q3_to_q3","EC_q3_to_q4","EC_q4_to_q1","EC_q4_to_q2","EC_q4_to_q3","EC_q4_to_q4","EC_q1_to_q1_able","EC_q1_to_q2_able","EC_q1_to_q3_able","EC_q1_to_q4_able","EC_q2_to_q1_able","EC_q2_to_q2_able","EC_q2_to_q3_able","EC_q2_to_q4_able","EC_q3_to_q1_able","EC_q3_to_q2_able","EC_q3_to_q3_able","EC_q3_to_q4_able","EC_q4_to_q1_able","EC_q4_to_q2_able","EC_q4_to_q3_able","EC_q4_to_q4_able","EC_q1_to_q1_capita","EC_q1_to_q2_capita","EC_q1_to_q3_capita","EC_q1_to_q4_capita","EC_q2_to_q1_capita","EC_q2_to_q2_capita","EC_q2_to_q3_capita","EC_q2_to_q4_capita","EC_q3_to_q1_capita","EC_q3_to_q2_capita","EC_q3_to_q3_capita","EC_q3_to_q4_capita","EC_q4_to_q1_capita","EC_q4_to_q2_capita","EC_q4_to_q3_capita","EC_q4_to_q4_capita","EC_q1_to_q1_absolute","EC_q1_to_q2_absolute","EC_q1_to_q3_absolute","EC_q1_to_q4_absolute","EC_q2_to_q1_absolute","EC_q2_to_q2_absolute","EC_q2_to_q3_absolute","EC_q2_to_q4_absolute","EC_q3_to_q1_absolute","EC_q3_to_q2_absolute","EC_q3_to_q3_absolute","EC_q3_to_q4_absolute","EC_q4_to_q1_absolute","EC_q4_to_q2_absolute","EC_q4_to_q3_absolute","EC_q4_to_q4_absolute","EC_all_to_q1_capita","EC_all_to_q2_capita","EC_all_to_q3_capita","EC_all_to_q4_capita","EC_all_to_q1_absolute","EC_all_to_q2_absolute","EC_all_to_q3_absolute","EC_all_to_q4_absolute","avg_frank_all_adult","avg_frank_all_capita","avg_frank_all_absolute","avg_frank_low_adult","avg_frank_low_capita","avg_sum_frank_low_capita","avg_sum_fwealth_low_capita","median_frank_low_capita","median_fwealth_low_capita","avg_frank_low_absolute","avg_sum_fwealth_low_absolute","median_frank_low_absolute","median_fwealth_low_absolute","avg_frank_high_adult","avg_frank_high_capita","avg_sum_frank_high_capita","avg_sum_fwealth_high_capita","median_frank_high_capita","median_fwealth_high_capita","avg_frank_high_absolute","avg_sum_fwealth_high_absolute","median_frank_high_absolute","median_fwealth_high_absolute","avg_frank_q1_capita","avg_frank_q2_capita","avg_frank_q3_capita","avg_frank_q4_capita","EC_size_adjusted","EC_size_adjusted_high","EC_size_adjusted_all","EC_q1_to_q1_size_adjusted","EC_q1_to_q2_size_adjusted","EC_q1_to_q3_size_adjusted","EC_q1_to_q4_size_adjusted","EC_q2_to_q1_size_adjusted","EC_q2_to_q2_size_adjusted","EC_q2_to_q3_size_adjusted","EC_q2_to_q4_size_adjusted","EC_q3_to_q1_size_adjusted","EC_q3_to_q2_size_adjusted","EC_q3_to_q3_size_adjusted","EC_q3_to_q4_size_adjusted","EC_q4_to_q1_size_adjusted","EC_q4_to_q2_size_adjusted","EC_q4_to_q3_size_adjusted","EC_q4_to_q4_size_adjusted","avg_frank_all_size_adjusted","avg_frank_low_size_adjusted","avg_frank_high_size_adjusted"
"EG","loan",0.946925229642557,1.05520948771826,1.00136982867503,1.08532238229607,0.895730548204232,0.991906728913865,1.23963459823471,1.1750354311696,1.04737627114762,1.10924521559514,0.867243628248413,1.1034479475867,0.986301789651072,1.04300663451381,1.11003293003293,1.1285643985644,1.01613201613202,0.745270655270655,0.965010729784291,0.888903548511872,1.1035147064278,1.04257101527603,1.08738117674288,0.834831126320488,0.969366331068459,1.10842136586817,0.629784157363105,0.892200501253133,1.06530796688691,1.41270737449685,0.7354223790394,0.783974536102196,0.99650597629321,1.48409710856519,0.830472416472416,1.09902097902098,0.787131313131313,1.28337529137529,0.900866665498244,0.92257592699698,0.906979137821243,1.26957826968353,0.630645255645256,1.11323563823564,1.0731045981046,1.18301450801451,0.702872076324089,0.844815444273649,1.18915136720864,1.26316111219362,1.31358686327523,0.712477388723926,0.680388363560109,1.29354738444074,0.790321041921042,0.992498730898731,1.33079905279905,0.886381174381174,0.764654234654235,1.00359603359603,1.28869130869131,0.943058423058423,1.06205591679276,0.828404285772707,1.08100396679344,1.02853583064109,1.23997563839669,1.0649674886517,0.862708558498032,0.832348314453578,1.15152343952344,0.960611240611241,0.873003885003885,1.01486143486144,0.865425699183558,0.916083869626172,1.06413473658848,1.15435569460179,1.04777276247392,0.968413779698347,1.02525774057442,0.958555717253309,0.49659922611376,0.536161610587218,0.498435655039474,0.487260588246604,0.560253877501295,6.00612361318751,31440.985915493,0.540898838093739,2593.65,0.521572967497365,30578.4933333333,0.531797020484171,2571.59666666667,0.505834101337948,0.513505306601794,6.10370373796046,31319.2913907285,0.479688174429933,2315.63907284768,0.472294503849142,30298.74,0.482402234636872,2340.36,0.560746691602067,0.559717579803396,0.500181239800947,0.527007027626652,1.06028569383833,0.923966124518756,0.99212590917854,0.865976985976986,0.981718281718282,0.936094646094646,1.21621008621009,0.931848580269633,0.979313376681798,0.952446461920146,1.13639158112842,1.13272172272172,1.07742405742406,0.871858881858882,0.917995337995338,1.08229147071252,1.01169825106667,0.910736678526152,0.995273599694652,0.510814590254612,0.531731187834258,0.489897992674966
"EG","behav",0.95250826503305,1.03108298382808,0.992015106885301,1.06120010106852,1.01224380687539,1.03169464245735,1.09353833389772,1.05101506450545,1.12609966267851,1.08971054001443,1.04973932781419,1.08760918226159,0.962704853079185,0.899946636845033,1.08277379425986,0.97078608086864,0.8331732579617,1.1132668669098,0.844038697280831,1.06826930935002,0.921338597562948,1.1663533958062,0.934379568422122,1.02680806191444,0.928034613140996,1.11077775652244,0.443319974143504,1.45143823496765,1.04491748774102,1.06032430314783,0.921650354125158,0.80421459839153,0.858289825143129,1.41584522234018,0.527605540239811,1.15862021013939,0.862137996700656,1.45163625292014,0.687737142802158,0.830503662488183,1.16845344885593,1.31330574585373,0.839385045267398,0.97427294486118,1.17461685108744,1.01172515878398,0.984284041400232,1.00543699405473,1.20682039712043,0.803458567424603,0.610989427895082,1.14552361747571,0.904107520039572,1.33937943458964,0.746755466755467,0.992216672216672,1.06555000555001,1.19547785547786,1.00369869781634,0.861748099395158,1.1009451550628,1.03360804772569,1.09840361450269,0.791349184011723,1.12422150146608,0.986025700019508,1.04814393197675,0.889694767335634,1.0284901595366,1.03367114115102,0.84050061050061,1.17268546268546,0.909111999111999,1.07770192770193,0.790060289050135,1.030518630921,1.08400633421132,1.09541474581754,0.999530744628084,0.937079970457207,1.04326514133514,1.02012414357957,0.506313860997162,0.534771777622663,0.507067774412033,0.487325075519053,0.510455548173111,5.63404444357017,29933.0267605634,0.465519185878774,2510.8014084507,0.509616335759223,31122.98,0.497206703910615,2589.16666666667,0.52509165996996,0.557638695383168,7.0017021840739,35727.4741721854,0.534111201548954,2549.27814569536,0.50814426088576,33879.2133333333,0.51475791433892,2498.83666666667,0.522955543247653,0.496852612356697,0.559355911245841,0.555898583308993,1.11036390023232,1.04646543709702,1.07841466866467,0.861454275571923,0.856578193048781,1.18384473913886,1.09812279224044,0.999375741790603,0.841136188659408,1.12418918657309,1.0352988829769,0.934435737407874,0.937820544322092,1.05770594157591,1.07003777669412,0.87353416953417,1.0683478003478,1.01602693602694,1.04209109409109,0.525679156172822,0.527895728697973,0.523462583647671
"EG","exchange",1.09107451811923,1.06200345043482,1.07645778017735,0.99794378480137,1.0664721421472,1.0375964761724,1.22124464377345,1.14834697411824,1.16452378443452,1.15668382858158,0.930635008266587,0.947387773045668,0.938101956523009,1.18387526216474,0.919055936012458,0.839960361699492,1.05394719612111,1.18703650616694,1.05303688559502,0.663929352301445,1.0346480392992,1.24838572280433,0.97845633715471,1.04302942225345,0.833543094369127,1.14497114622271,0.731775335775336,0.899484737484737,0.744446886446887,1.62429304029304,0.766848670728521,0.712205274908654,1.18902474246654,1.33192131189628,0.679362598186128,1.00889463477699,0.912506708977297,1.39923605805959,0.460717823239562,1.02731632618589,0.969082337951903,1.54288351262264,0.795297234770919,0.923622856517593,1.09243791217475,1.18864199653673,0.868936816032063,0.817377486836602,1.0572203752863,1.25646532184503,0.707610302232728,0.809850713740874,0.984972324903675,1.49756665912272,0.727191031191031,1.09929936729937,0.911936063936064,1.26157353757354,1.05246856457383,0.733289634342266,1.11171390013495,1.10252790094895,1.00651344298403,1.2159532188944,0.809130455601044,0.96840288252053,0.904994684948919,1.0259998633454,0.88984783501946,1.17915761668622,0.74044252044252,1.06267436267436,1.09814333814334,1.09873977873978,0.772209587618576,0.914422755218259,1.01018598125694,1.30318167590622,0.922431034769192,1.00237601288602,0.984086514611073,1.09110643773372,0.526836950501827,0.557593159560224,0.514220084383369,0.523070897988788,0.545084646738082,5.83842585307,30191.1887323944,0.501625488498964,2477.46901408451,0.49508447063112,27951.1133333333,0.494553072625698,2447.49,0.530561157986944,0.569356131883034,6.3141397511315,32118.1774834437,0.555282906014528,2537.89337748344,0.530783228817592,32588.8333333333,0.560381750465549,2573.49,0.556177597971315,0.533012905690151,0.584591650957746,0.553917472553991,1.01911905832958,1.12452113659611,1.07182009746285,0.999104599104599,0.853036223036223,0.9501628001628,1.19769637769638,1.06022192232719,1.01116102221365,0.934246085298717,0.994370970160444,0.727408913705858,1.03625738166053,1.14271002923581,1.0936236753978,0.760769600769601,0.977479557479558,1.15038961038961,1.11136123136123,0.525002518547441,0.51100145931067,0.539003577784212
"EG","info",0.999291109048649,1.06018126406585,1.02990627078914,1.03813226018334,1.02604144880461,1.02627476728201,1.23309892030807,1.14635146633141,1.06944459630064,1.10671686778313,1.15082286134918,0.899503964934587,0.930357441601461,1.01931573211477,1.08841649578492,0.865179109389636,1.08587681324523,0.960527581580213,1.10550704485473,0.962342354408018,0.871388917799747,1.06076168293751,0.95420548718421,0.753238093663626,1.02357496719199,1.26898145196018,0.575531135531135,0.881365079365079,0.889169719169719,1.65393406593407,0.701938381755258,0.913678612189909,1.12252792987922,1.26185507617561,0.686868196131354,1.0043413662361,0.889207634470793,1.41958280316175,0.896408500752773,0.866149890769705,1.00947782557999,1.22796378289753,0.788727015042804,0.955976913871651,1.02239946713631,1.23289660394924,0.792016537864289,0.874573062462336,1.21978354210188,1.11362685757149,0.995932340461427,0.925643390671091,1.07557297273364,1.00285129613384,0.869564357669621,0.930275327012169,1.19192123665808,1.00823907866013,0.794964119700962,0.993747149536623,1.20229964966807,1.00898908109434,0.981146933561794,1.07761275646725,1.1097829334981,0.831457376472856,0.914833159043685,0.883605906763802,0.97405814458446,1.22750278960805,1.02914324791518,1.06825189105891,1.15973158745089,0.742873273575028,0.863928697570748,0.922637566862992,1.12539413006187,1.08803960550439,0.933073083107191,1.01437738232879,1.11335736827157,0.939192166292444,0.501005213500931,0.531324750772339,0.500409369618079,0.491393845555832,0.550101955658081,6.00171171348388,30481.6295774648,0.522162116085714,2488.34647887324,0.505737920939225,29946,0.501443202979516,2513.97666666667,0.510509788468863,0.513666717038727,6.52408339191239,33435.2476821192,0.519071799425309,2551.94238410596,0.498351070948083,32371.8666666667,0.539571694599628,2577.08,0.551640709572495,0.548427429339454,0.50601837675961,0.521417035188231,1.07560576420484,1.05300908318452,1.06430742369468,0.939362924657042,1.02454943749061,1.01107565636977,1.02501198148257,0.910752054962581,0.822912526070421,1.31774042721411,0.948594991752887,1.00248967406862,0.708493377967062,1.1066066097645,1.18241033819981,1.00295218102236,1.07402843420387,1.13994569433166,0.783073690442111,0.516284915182124,0.527641973566509,0.50492785679774
"EG","male",0.986873705852208,1.00760539771737,0.997297461538602,1.09148658874665,0.961772883119632,1.01691159586421,1.20123730209268,1.15968163661172,1.08357768959854,1.12046083115441,0.941352713334138,1.0671249759872,1.02524643828823,0.966275872390423,1.07999194705077,0.963640542464072,0.873019660078484,1.08334785040667,1.01080593553054,1.05275687864427,0.833375382946986,1.1030618028782,0.926609518974976,0.986110212968786,0.907950683720396,1.17932958433584,0.379555555555556,1.16342857142857,1.01580952380952,1.44120634920635,0.803083015835799,0.85246500639426,0.943279327878498,1.40117264989144,0.617141969141969,1.1210525030525,0.8483774003774,1.41342812742813,0.704906562320885,0.905450090404054,1.12086168392562,1.26878166334944,0.731894176863217,0.874998390865264,1.20287429010339,1.19023314216813,0.949562365738836,0.811325357648887,1.14175179395768,1.0973604826546,0.831113531381985,1.08031992969462,0.915273744595889,1.1732927943275,0.755308795779384,0.997899133546192,1.12757009004068,1.11922198063375,0.91536696762703,0.868504267203958,1.16231843721008,1.05381032795893,1.00231657231657,0.847865837865838,1.07966810966811,1.07014948014948,0.918123808309567,1.00104860006408,1.11913953767824,0.961688053948116,1.00737069466481,1.22636536448301,0.909614046084634,0.856649894767542,0.81414060759933,0.944937730091842,1.09481358634509,1.14610807596374,0.963519841419826,1.00265696685175,1.06770229310083,0.966120898627589,0.506993111763915,0.539421364794026,0.50488132990185,0.49938437626625,0.544091906047685,5.82265586067616,29936.7647887324,0.51094958952973,2508.48450704225,0.521564999893632,29972.2266666667,0.519832402234637,2640.47666666667,0.514517305756051,0.53502920017138,6.44195462897875,32941.5245033113,0.498843526089262,2490.96026490066,0.493289186201476,31992.0733333333,0.496927374301676,2437.27666666667,0.558621258635424,0.528280551761028,0.527098274357093,0.543065871663192,1.13300272654762,1.0166602949281,1.07483151073786,0.855314933890785,0.909933197177779,1.08995252998349,1.14479933894795,0.895263255263255,0.807477707477707,1.14773966773967,1.14951936951937,0.897958336812826,0.974945365607904,1.20239539293409,0.924700904645177,1.07526502255914,0.985190095307742,1.11952938564703,0.820015496486085,0.522408506952379,0.543429495140796,0.501387518763963
"EG","female",0.998790766543281,1.06609457486289,1.03263067016767,1.02894324051882,1.04226596621282,1.03620807121948,1.15887342299994,1.05318415631312,1.10867640693836,1.08178255168653,1.14410640790537,0.954401945925031,0.910012687205109,0.991478958964489,1.08637410519763,0.822089805619217,1.01618538324421,1.07535070593894,0.941057093081717,1.00439603867784,0.934104084090404,1.12044278415003,0.954558344479957,0.842218078052345,1.05028707761071,1.15293649985699,0.543192399156459,1.07794847733144,0.98505226621541,1.39380685729669,0.852927531594945,0.894338683588404,0.977354734353615,1.27537905046304,0.609897435897436,1.09833333333333,0.917384615384615,1.37438461538462,0.809039903337117,0.849848448764857,1.06184799308019,1.27926365481783,0.723616330693326,1.05752398120483,1.12123709339014,1.09762259471171,0.897778327017081,1.11827044543308,1.21889932443566,0.765051903114187,0.788131085460807,0.982536971971956,1.077220431787,1.15211151078024,0.857651337723164,0.937134698806526,1.06830625666044,1.13690770680987,0.809078170898066,1.00125078254032,1.11596475494712,1.07370629161449,1.05913844325609,1.01475964123023,1.18695073989192,0.739151175621764,1.05685364744188,0.799684534782574,0.868809962731531,1.27465185504401,0.851777181882445,1.12262077104182,1.09509007951113,0.930511967564599,0.815079684412035,1.0213552122149,1.11893659057283,1.04462851280024,0.94665612969792,0.980927727863123,1.07122428908857,1.00119185335039,0.505672845051425,0.530356052496879,0.506193889041723,0.492781761856006,0.523015923073052,5.73278352611011,29891.8901408451,0.507261258425788,2490.07535211268,0.503168046854294,30461.3866666667,0.506052141527002,2513.75333333333,0.518420693989119,0.537258690762994,6.84041893275124,34967.7894039735,0.521245390753142,2522.04039735099,0.509860725888214,33307.9933333333,0.524860335195531,2509.28666666667,0.540434921709325,0.504059953968873,0.536508554107618,0.538018829240442,1.08582908791652,1.0577836322986,1.07180636010756,0.857559556101756,1.02351955802084,1.09785133025542,1.02106955562199,0.975062001408751,0.800542532802595,1.37162579651744,0.852769669271217,1.01266469913529,0.749791015085133,0.922379646497294,1.31516463928229,0.861128090882477,1.14528166570272,1.05391604367043,0.939674199744375,0.5222212821243,0.521623885099232,0.522818679149368
"EG","sum",1.00502377509534,1.04672099258833,1.0259888565164,1.06011781832958,0.987693644482374,1.02074267065371,1.18424372336477,1.11595228966243,1.09370692308505,1.10448795398604,0.963561679967186,0.999997999944966,1.0230255119436,1.01341480814424,1.04477661372823,0.970982099980547,0.934452623952038,1.04978866233918,0.985793901873357,0.952247258820713,0.962337928391441,1.09962091091449,0.982404525480805,0.895349760141659,1.0173697511823,1.10487596319523,0.530302048307787,1.07341692359558,0.914631271069994,1.48164975702664,0.781139668555645,0.879940524467022,0.992017521606655,1.34690228537068,0.586740671376497,1.12738628452493,0.90144468717766,1.38442835692091,0.791122472163235,0.880904134755009,1.01757740877153,1.31039598431023,0.755455171967808,1.00606909848267,1.03549971273342,1.2029760168161,0.818408452714965,0.956837925557585,1.09156196965298,1.13319165207447,0.867103434364202,0.988434087760797,0.941844591567524,1.20261788630748,0.802052160323923,0.967009940300274,1.10261927518877,1.12831862418703,0.892784459677144,0.86550580868758,1.20801329129575,1.03369644033952,1.00872305589896,0.992515402417994,1.05369036889254,0.945071172790501,1.01139495568805,0.941145243481813,0.932603480171945,1.11485632065819,0.960232909998575,1.13645231290207,1.05271362975636,0.850601147342996,0.810953005277164,0.980071086750766,1.04139872790773,1.16757718006434,0.968638344032005,0.989876314660566,1.06190983004749,0.979575511259942,0.50829385957343,0.540038096057425,0.504457266213696,0.501878574942849,0.545100125635576,14.120555315131,72420.552112676,0.527768379363705,2442.23873239437,0.513523970175694,71537.2666666666,0.518808193668529,2490.86,0.51463786326367,0.535277776851482,14.9724715429107,75855.5854304636,0.51749016488463,2401.68741721854,0.496862563577134,74228.1133333333,0.523277467411546,2385.21666666667,0.550515764887256,0.539206635861688,0.531299220016012,0.539309381111426,1.10178549665164,1.00747959781896,1.0546325472353,0.87821070416667,0.927499916406088,1.11808081646108,1.07620856296617,0.892254482559499,0.894892910261171,1.14550840655627,1.06734420062306,1.0062433323795,0.939913624269913,0.995025854216615,1.05881718913397,0.920881873636915,1.10304277843781,1.10028972562783,0.875785622297439,0.519119053525006,0.533426369690467,0.504811737359546
"EG","collapse_sum",1.00446130767696,1.04984165361211,1.02727824138737,1.05953346286375,0.990577192591494,1.02227339787234,1.18264637101643,1.11300176759351,1.09476730353656,1.10360448406928,0.974069624297719,0.986421407263217,1.03154681025651,1.00796215818256,1.03513148657457,0.985852554421436,0.94199652217537,1.03701943682863,0.989361212538134,0.941810406061554,0.973527706186215,1.0953006752141,0.97257113489299,0.899516583192847,1.02113731252658,1.10677496938758,0.537743603159136,1.09201352226229,0.910474718606652,1.45976815597192,0.774690513991183,0.865282842428841,1.00635366180038,1.35367298177959,0.586385130419703,1.1301972665039,0.898931528494013,1.38448607458239,0.785046614705218,0.877365286737215,1.03065939883639,1.30692869972118,0.764966749033028,1.02154886171726,1.01279697735257,1.20068741189714,0.811598995515315,0.948773692836481,1.09660130447166,1.14302600717655,0.86480236943255,0.990604769578523,0.938216463245266,1.20637639774366,0.802356626548606,0.962567797012965,1.09643756477988,1.13863801165855,0.900327791490223,0.86786517044624,1.21266838042954,1.01913865763399,1.00560813081072,0.988065055797802,1.05595426366273,0.950372549728753,1.01511609404124,0.939214852991692,0.942521511284301,1.10314754168277,0.94914851405989,1.13421176854121,1.05720001530282,0.859439702096085,0.811255966523907,0.981535065337538,1.03431103615459,1.17289793198397,0.967458220051832,0.987994984203482,1.06684883862898,0.977697957115706,0.508493370660174,0.540303216315683,0.50447602357925,0.501528094431526,0.545051189967687,14.120555315131,72420.552112676,0.527768379363705,2442.23873239437,0.512969172563014,71537.2666666666,0.518808193668529,2490.86,0.515381254930726,0.535838234470753,14.9724715429107,75855.5854304636,0.51749016488463,2401.68741721854,0.497169755654067,74228.1133333333,0.523277467411546,2385.21666666667,0.548599958172082,0.541189295157021,0.531600934267344,0.540132032010207,1.09660720204555,1.00946602154166,1.05303661179361,0.886353720651544,0.929165916290706,1.12196555388922,1.06251480916853,0.898135824696527,0.899915730179022,1.12922536716842,1.07272307795603,0.999807976966085,0.949541283952553,1.00565868532106,1.0449920537603,0.905110056128379,1.10767659678634,1.09989536578705,0.887317981298238,0.518868616059463,0.532115027968928,0.505622204149997
"EG","main_supp",1.00599882412031,1.05464622006119,1.03045840867159,1.06474487024983,0.990219124985239,1.02437955154682,1.19198893031766,1.12503381569029,1.09625747594727,1.11020368838246,0.971538485505715,0.99214073440985,1.02138449847983,1.0149362816046,1.02735416976845,0.984430799793765,0.936945949689919,1.05126908074786,0.975442952494326,0.934218437446953,0.974089715195792,1.11624889486293,0.975823403121487,0.897543418612782,1.01812208017103,1.1085110980947,0.525936840832752,1.07583353909648,0.912249563681399,1.48598005638937,0.769268249585455,0.861915335987157,0.989338946803052,1.37947746762434,0.580711147758556,1.1399754012066,0.905074381728092,1.37423906930675,0.785852729457767,0.8820050497365,1.01017757519138,1.32196464561436,0.749772629208072,1.00810651303542,1.03466407110764,1.20745678664887,0.806369466910672,0.934914942176652,1.12806763055342,1.13064796035926,0.862156865634415,0.994208975214204,0.931842922585858,1.21179123656552,0.790844848762685,0.967107662696361,1.1065250219024,1.13552246663856,0.897512596257383,0.860689646945854,1.20337076337871,1.03842699341806,0.990164755457431,0.992653520340021,1.06018977324784,0.956991950954707,1.00579579765588,0.947018511908553,0.936823112877692,1.11036257755788,0.94886160740465,1.13744758308996,1.05677243113542,0.856918378369963,0.80257195821413,0.977020665020956,1.0480654569925,1.17234191977241,0.960807676789449,0.990433220116906,1.06448660390928,0.984272499184364,0.50993413606052,0.541617448374986,0.505612574118365,0.502587876628816,0.546653994801919,14.120555315131,72420.552112676,0.527768379363705,2442.23873239437,0.51521362764271,71537.2666666666,0.518808193668529,2490.86,0.517198770387428,0.536881093456944,14.9724715429107,75855.5854304636,0.51749016488463,2401.68741721854,0.497445011655968,74228.1133333333,0.523277467411546,2385.21666666667,0.551537389019172,0.541339712859613,0.532113242655932,0.541712515601969,1.10467642274744,1.01188236848262,1.05827939561503,0.883731780730083,0.921000058378666,1.10745663477073,1.08781152612052,0.880250414781559,0.896312055119951,1.14453541360631,1.07890211649218,0.999980924489944,0.932265918675073,1.01264212418829,1.0551110326467,0.913047674694723,1.10717600820979,1.09994568914924,0.87983062794625,0.520198043385793,0.53472997136078,0.505666115410807
"EG","primary_kin",1.39590479479211,1.14130434782609,1.29226213496523,1.23321648360209,1.09375,1.17449375366437,1.4005439005439,1.35052738178702,0.928571428571429,1.1767808128159,0.348717948717949,0.700854700854701,1.51794871794872,1.43247863247863,0.0727139184722732,1.35640837311788,1.07612481777006,1.49475289063978,1.72727272727273,0.727272727272727,0.818181818181818,0.727272727272727,0.416666666666667,0.625,0.666666666666667,2.29166666666667,0.846511627906977,0.558139534883721,0.223255813953488,2.37209302325581,0.63768115942029,0.176588628762542,0.927536231884058,2.25819397993311,0.875,0.864583333333333,1.04166666666667,1.21875,0.52,0.92,1.64242424242424,0.917575757575757,0.183606557377049,0.86775956284153,0.714754098360656,2.23387978142076,1.44389066680657,0.163265306122449,1.41570047041953,0.977143556651452,0,2.75,0.943181818181818,0.306818181818182,0.644444444444444,1.06666666666667,0.755555555555556,1.53333333333333,0.430769230769231,0.882051282051282,1.15337995337995,1.53379953379953,0.852232695420356,1.00019042178425,1.36979910501761,0.777777777777778,1.14285714285714,1.42857142857143,1.42857142857143,0,1.11111111111111,0.111111111111111,1,1.77777777777778,0.593318944778192,1.05311942959002,0.947332306055482,1.40622931957631,0.8228972173364,0.828115275334867,1.21900345629205,1.12998405103668,0.578795829753425,0.597739518159403,0.534353511749635,0.610798931189516,0.633838077645118,1.14370492635856,5776.39454545455,0.582952429321144,2989.75454545455,0.569738500264007,6127.35454545455,0.606543084476045,2937.97272727273,0.532182616792162,0.546170147465524,0.962771771989649,4777.22597402597,0.557923408063073,2648.17532467532,0.485699152542373,4030.525,0.51671322160149,2539.4625,0.728075402376023,0.516522224408684,0.471711785086358,0.599118316268487,1.14126984126984,0.862845909572055,1.01671176656294,0.855555555555556,1.01111111111111,0.961616161616162,1.17171717171717,0.259259259259259,1.25925925925926,1.03703703703704,1.44444444444444,0.917095115681234,1.66580976863753,1.16709511568123,0.25,1.33333333333333,0.666666666666667,0.888888888888889,1.11111111111111,0.537918431370941,0.574493746993747,0.492737159131005
"EG","secondary_kin",1.41680970226773,1.23264160489615,1.32539779992271,1.34402856217151,1.02557578201861,1.19598561547835,1.43929433078708,1.46121914181834,1.099227627908,1.29389861983312,0.478265582655827,0.622561861453966,1.38779949736543,1.51137305852477,0.12242605014479,1.13994308837493,1.02737244309219,1.71025841838809,0.94021294021294,0.976299376299376,1.4987210987211,0.584766584766585,0.42540834845735,0.653617007128706,1.66728246893343,1.25369217548052,0.562962962962963,0.507936507936508,0.577777777777778,2.35132275132275,0.506027316680122,0.699570467622984,0.911826038760742,1.88257617693615,1.20248468060102,0.870309745656006,1.12982456140351,0.797381012339461,0.63894089449645,1.12962962962963,1.08675568993029,1.14467378594363,0.173266998341625,0.697938877043355,1.01909500118455,2.10969912343047,1.04343452237938,0.290161292975593,1.54043628576793,1.1259678988771,0.494649536510002,1.80972515856237,0.899364038654124,0.796261266273506,0.618674148050444,0.828416696327004,1.11256551444982,1.44034364117273,0.320814789192513,0.933002360623107,1.32718608466283,1.41899676552155,0.556275171545992,0.837043720288887,1.60943265339127,0.997248454773851,1.09090909090909,1.60446570972887,1.25358851674641,0.05103668261563,0.643972289949301,0.558349781338287,1.67736367506482,1.12031425364759,0.564281805326144,0.847920955007626,1.14667588690844,1.44112135275779,0.647507865635498,0.960520903407801,1.44256457398035,0.949406656976347,0.573441324620498,0.615682556125319,0.541581253193961,0.617030683947871,0.657872640841935,2.0437489419333,10298.120661157,0.641026440124967,3119.79504132231,0.60054121750392,10878.325,0.663361266294227,3154.90833333333,0.529210945303016,0.566596015253103,1.5527512175906,7517.65,0.5438269946999,2479.44807692308,0.47652685920217,6669.60909090909,0.505603521245979,2351.92272727273,0.722761266801051,0.577362679003773,0.509719817231796,0.60668907287468,1.13262997236209,0.801412639024013,0.967021305693051,0.751403323606713,1.08141126392687,0.876221322537112,1.2909640899293,0.58980044345898,1.01744271988174,0.819866962305987,1.57288987435329,0.660951162294732,2.14920025591811,1.03604179995735,0.153806781829814,0.740941986918998,1.2057127027484,1.03388879722818,1.01945651310443,0.541792412585527,0.578134229232704,0.50545059593835
"EG","primary_connectedkin_sum",0.971428571428571,1.04947916666667,1.0076259489303,0.898964803312629,0.837121212121212,0.888474025974026,1.496336996337,1.27017543859649,0.712797619047619,0.993952802359882,0.511278195488722,0.736842105263158,2.37593984962406,0.37593984962406,1.02222222222222,1.88888888888889,0.733333333333333,0.355555555555556,1.24761904761905,0.4,1.29047619047619,1.06190476190476,0.689655172413793,1.51724137931034,0.96551724137931,0.827586206896552,0.727891156462585,0.476190476190476,0.891156462585034,1.9047619047619,0.777777777777778,0,1.5,1.72222222222222,0.542857142857143,1.43428571428571,1.67428571428571,0.348571428571429,1.00900900900901,1.04504504504505,1.51351351351351,0.432432432432432,0.516129032258065,1.09677419354839,0.451612903225806,1.93548387096774,0.923076923076923,0.353846153846154,1.77435897435897,0.948717948717949,0.416666666666667,2.33333333333333,1.1,0.15,0.650641025641026,1.72115384615385,0.256410256410256,1.37179487179487,1.13406593406593,0.813186813186813,1.16043956043956,0.892307692307692,0.933333333333333,1.6,1.1,0.366666666666667,1.04166666666667,1.33333333333333,1.20833333333333,0.416666666666667,1.46666666666667,0.8,0.866666666666667,0.866666666666667,0.614306784660767,1.39778761061947,0.883185840707965,1.1047197640118,1.0737012987013,1.14935064935065,1.11937229437229,0.657575757575758,0.486442971650647,0.528008560109537,0.477375449409348,0.468643184285642,0.583962537173423,0.752962772387206,3951.90175438596,0.448375477800647,2466.63771929825,0.483431589290101,4344.68695652174,0.452588859201684,2478.7347826087,0.507023975791434,0.471055404883796,0.81731386339452,4110.6875,0.477058393189678,2383.09285714286,0.450115562403698,4054.76363636364,0.478432368376502,2381.53181818182,0.60692410730669,0.556585280476065,0.429429749715586,0.519085007000962,0.955257936507937,0.642857142857143,0.8094708994709,1.56190476190476,0.547619047619048,0.523809523809524,1.36666666666667,1.11111111111111,0.958333333333333,0.902777777777778,1.02777777777778,0.0909090909090909,2.36363636363636,1.09090909090909,0.454545454545455,1.66666666666667,1.33333333333333,0.133333333333333,0.866666666666667,0.479358024691358,0.483865740740741,0.474206349206349
"EG","secondary_connectedkin_sum",1.01034838177695,1.02379303236446,1.01675059634243,1.03069841269841,0.801118326118326,0.937381253006253,1.33929539295393,1.18742163532079,0.738605655134581,0.961143578643579,0.739766081871345,0.859649122807018,1.62573099415205,0.774853801169591,1.12893772893773,1.22051282051282,1.13699633699634,0.513553113553114,1.25010101010101,0.396767676767677,1.14401154401154,1.20911976911977,0.962721088435374,1.2952380952381,1.35020408163265,0.391836734693878,0.548148148148148,0.761904761904762,1.01481481481481,1.67513227513228,0.766666666666667,0.566666666666667,1.22619047619048,1.44047619047619,0.571428571428572,1.59131161236424,1.20969089390142,0.627568922305764,0.970034843205575,1.06434378629501,1.40952380952381,0.55609756097561,0.71326164874552,0.986021505376344,0.714695340501792,1.58602150537634,0.881091617933723,0.663436368699527,1.61854636591479,0.836925647451963,0.684303350970018,2.09100529100529,0.703350970017637,0.521340388007055,0.817733990147783,1.4307657859382,0.601343484102105,1.15015673981191,1.02808302808303,0.935897435897436,1.23015873015873,0.805860805860806,0.916666666666667,0.994444444444444,1.67222222222222,0.416666666666667,0.892307692307692,1.28205128205128,0.988034188034188,0.837606837606838,1.55844155844156,1.10334513970878,0.948130657221567,0.390082644628099,0.770767195767196,1.30694564694565,0.898988696488697,1.02329846079846,1.02308201058201,1.10215548340548,1.23609607984608,0.638666426166426,0.477263327719376,0.521113883943449,0.481274139192571,0.470479219282092,0.564033474595754,1.31162464985994,7044.33445378151,0.450131840445675,2468.20924369748,0.487451439332795,7342.48,0.476266294227188,2520.776,0.484725847000388,0.478903708012669,1.51327008018222,7680.91239669422,0.474929205718947,2279.20826446281,0.455492577102747,7818.36666666667,0.47522113594041,2314.22083333333,0.565757458989321,0.562158263500998,0.453762843779909,0.506211888127564,0.92184126984127,0.790007215007215,0.857269487881733,1.64346764346764,0.754578754578755,0.598290598290598,1.003663003663,1.11666666666667,0.777777777777778,0.811111111111111,1.29444444444444,0.19047619047619,2.00634920634921,1.21269841269841,0.59047619047619,1.84761904761905,0.884790764790765,0.528831168831169,0.738759018759019,0.481635524339606,0.481025925925926,0.482270522687189
"EG","non_primary_connectedkin_sum",1.01199629641044,1.0400370619236,1.02609500532767,1.06541836608165,0.987629649364224,1.02285080034124,1.16598036592368,1.11189393065129,1.10192098841053,1.10675429147602,0.953159652040814,1.0160589468421,0.986327342917219,1.04445405819987,1.04203650333342,0.94060884973533,0.955581322297449,1.0617733246338,0.980455362942614,0.980001666363775,0.95085809958034,1.08868487111327,0.98783799797132,0.89500618487075,1.01102593117214,1.10612988598579,0.510787300144519,1.11120104217014,0.880589783173785,1.49742187451156,0.80031776632291,0.916711848465893,0.99700919564301,1.28596118956819,0.597021949867623,1.11595223897685,0.865794158614645,1.42123165254088,0.767242530036678,0.880982437884859,1.0178070206969,1.33396801138157,0.763472599942662,0.971612448563655,1.05888410077314,1.20603085072054,0.835640733965037,0.985327355822712,1.04405370415045,1.1349782060618,0.887615951776891,0.947345886150658,0.933843248255382,1.23119491381707,0.793494884960748,0.963341939272928,1.13886278451978,1.10430039124655,0.870106008432353,0.876955584792568,1.21684088604534,1.03609752072974,1.03395144088804,0.957313501560443,1.05338565965818,0.955349397893336,1.00719773801328,0.936411619294771,0.930710701050476,1.12567994164147,0.958245638080993,1.14762640715406,1.05197805155665,0.842149903208292,0.820107409598906,0.966384007449059,1.04348078855234,1.1700277943997,0.96911266976873,0.985185729548797,1.06292624395896,0.98277535672351,0.508709937379141,0.540067887386784,0.504469926523786,0.504204658621762,0.544289859966607,13.5160640753272,69247.8985915493,0.529460093896714,2456.68661971831,0.513796992458384,68206.34,0.517644320297952,2501.27,0.51316515748366,0.536097555556751,14.3662519886048,72806.5986754967,0.515076091112016,2415.75364238411,0.497093420222699,71254.62,0.522067039106145,2402.90333333333,0.552414689518234,0.535448133689837,0.533212795497211,0.539020779083752,1.1032306276053,1.01730934266175,1.06026998513353,0.84679085177923,0.95056162160776,1.1427582837342,1.05988924287881,0.905178926421988,0.884546089769808,1.16020542050231,1.0500695633059,1.03370006578011,0.900085627047174,0.990179063354996,1.07603524381772,0.912143594789292,1.08483334173643,1.13216370443626,0.870859359038013,0.519433553811958,0.534130362376013,0.504736745247904
"EG","non_secondary_connectedkin_sum",0.999310474921172,1.05041925676964,1.02500762780588,1.04675597680989,0.997857570611258,1.01856208778629,1.14422209702279,1.1097378190073,1.11803926439946,1.11401603830496,0.965818868766175,1.02129058635894,0.993193309379671,1.01969723549521,1.04247495997365,0.972856583104717,0.929279455127987,1.05538900179365,0.965736132196708,0.988465468859417,0.965211406833388,1.08058699211049,0.973700326115215,0.87510531082204,0.994079052620307,1.15711531044244,0.520563387549178,1.1196530314507,0.863537051778197,1.49624652922193,0.848844230155691,0.938604540643986,0.916397146765023,1.2961540824353,0.607025662790369,1.08710946470274,0.854227335067671,1.45163753743922,0.763621374406262,0.860191942911358,1.01305439513072,1.36313228755166,0.76135535271672,0.989676792171477,1.04668906901289,1.20227878609891,0.87305095397058,0.93956787956178,1.07107299633391,1.11630817013373,0.872191354984251,0.933209856791412,0.960849209420173,1.23374957880417,0.785002105217351,0.9368865622015,1.14738354422395,1.1307277883572,0.882957986852353,0.88135727853975,1.2150042848165,1.02068044979139,1.06668529390489,0.981975533463461,0.99179289244628,0.959546280185366,0.991522916559036,0.941763764500607,0.954598731085831,1.11211458785453,0.945498869264703,1.12978416723062,1.03351255049913,0.89120441300554,0.822080074543143,0.949887848846929,1.0558575446771,1.17217453193283,0.973476459895762,0.989399364531661,1.0481787424006,0.988945433171982,0.50892451577865,0.540438189541245,0.503459835841269,0.500922728896513,0.541156227560063,13.0213769113751,66517.2014084507,0.520873659086736,2444.2985915493,0.509550188575588,65418.5333333333,0.508379888268156,2481.47666666667,0.51683739391765,0.539762948490437,13.7598511475329,69700.6821192053,0.51957126296447,2417.56225165563,0.499353712429878,67973.42,0.526489757914339,2405.05666666667,0.551608188097769,0.529782035210205,0.536106096018351,0.543468558995484,1.10052915216701,1.0152521162367,1.05789063420186,0.851197341001054,0.935581645737181,1.16572245443096,1.04749855883081,0.909263754220242,0.901840650373474,1.15415688391588,1.03473871149041,1.05409190572452,0.896390029723363,0.985838992105246,1.06367907244687,0.885933957772582,1.10257564183274,1.1442029230985,0.867287477296182,0.518395448032722,0.531859518196649,0.504931377868795
"EG","rev_loan",1.02929142381066,1.16956812518216,1.09982160885778,1.10827618081454,0.947876236823605,1.02685716151092,1.2927397525607,1.2301585946623,1.15047683233462,1.18909393216579,0.934858084448296,0.928021496057999,1.0314157031839,1.10570471630981,0.93629580296247,1.08191364191364,1.10031006031006,0.881480494813828,0.897093685588178,0.77395603172837,1.22203076401363,1.10691951866982,0.990802814207069,0.660741858614199,1.19355325525538,1.15490207192335,0.678083390293917,0.636381408065619,1.04311825017088,1.64241695146958,0.79651837524178,0.724444349976265,1.051471932323,1.42756534245896,0.781700942332521,0.987571773255984,0.822913063544642,1.40781422086685,0.687046772142961,1.05283731150882,0.934806804810435,1.32530911153779,0.594740956953233,0.674121406921918,1.55831322487333,1.17282441125152,1.05390842817313,0.780490751078986,0.909107803960745,1.25649301678713,0.664040783777626,0.923980405559353,0.625768967874231,1.78620984278879,0.831689106215422,0.979862710389026,1.24131462299883,0.947133560396718,0.696812713666934,1.05422175721408,1.12775857466395,1.12120695445504,0.938760128760129,0.877100677100677,1.05402042402042,1.13011877011877,1.0765367965368,1.0981240981241,0.803088023088023,1.02225108225108,0.903946346051609,1.12988781199308,0.888108889161521,1.0780569527938,0.779933059602623,0.841879076065805,1.08461279042086,1.29357507391072,0.915946436868339,1.03033924010981,0.960926079050995,1.09278824397085,0.522577175308916,0.559053716996291,0.514517829048308,0.509994018065054,0.558020568746001,6.16713582238309,32129.2605633803,0.520057308469064,2623.70281690141,0.529979668169718,31494.7,0.529562383612663,2665.77333333333,0.535020519694513,0.560025286874048,6.30518270499587,32075.2185430464,0.542787068210687,2523.91721854305,0.501453418224159,30577.78,0.522998137802607,2456.04333333333,0.581453322365937,0.532520219218422,0.596574982484135,0.52298826198916,1.06768698739926,0.98253678582626,1.02511188661276,0.843271086212263,0.914042950513539,1.04994086523498,1.19274509803922,0.93313758705063,1.03880042662651,0.952732291862727,1.07532969446013,0.812215562215562,1.13567987567988,0.893674103674104,1.15843045843046,1.04853263695369,1.07342478184583,0.780493035229877,1.0975495459706,0.528076165877888,0.538128760379133,0.518023571376641
"EG","rev_behav",0.982844607242806,1.03264108718684,1.00788194352752,1.07298345989522,1.03655270855735,1.06221526166428,1.11058374854216,1.08446336872186,1.2315689742187,1.16027547257859,1.0518453471662,1.11427899195279,0.8302595799922,1.00361608088881,1.07878962569365,0.826636796296239,0.972371047138849,1.12220253087126,1.08496875217805,0.871030726379563,1.02105679849866,1.02294372294372,0.852694931731227,1.06255244546859,1.00463169380566,1.08012092899452,0.625604003839298,1.248076237488,0.590207459207459,1.53611229946524,0.917135688017053,0.760794965524562,1.06335945159145,1.25870989486693,0.645157026324209,0.858529378086654,0.812393602613417,1.68391999297572,0.567718087324898,0.881767432888176,0.999758916693901,1.55075556309302,0.858522558522558,1.12187777776013,0.956391832862421,1.06320783085489,0.726015266932222,0.942555003627668,1.17061436256938,1.16081536687073,0.780575263109482,0.89573350648591,0.98251846373893,1.34117276666568,0.819672105672106,0.575883938283938,1.31892360972361,1.28552034632035,0.935359564183094,1.13616666557843,1.13750315044433,0.790970619794149,0.857269527857763,0.779270402799815,1.05170515758751,1.31175491175491,0.990595177096725,1.00752434241598,1.11663483403421,0.885245646453077,1.01153472380923,0.844134922448648,1.02263661393073,1.12169373981139,0.797606946770611,0.881842108072204,1.10568411692821,1.21486682822897,0.938693616198995,0.936875860472439,1.08481558333686,1.0396149399917,0.508088509563372,0.547879263181575,0.516026205446642,0.504024701929751,0.534112619440086,6.18807472394891,32022.4535211268,0.50019933380544,2434.71830985915,0.516819970952573,31398.72,0.50963687150838,2539.85,0.512107163778842,0.560825378488141,6.54680004193027,33833.301986755,0.532529567008275,2616.62450331126,0.510156729398443,32957.9733333333,0.529841713221602,2547.41333333333,0.522334048956464,0.546930475554615,0.551887736021745,0.569882189520756,1.08912824648119,1.00393549316563,1.04653186982341,0.851758568229156,1.16434197610668,1.02758196052314,0.956317495141025,0.839763961528668,0.787622508210743,1.17701396642573,1.19559956383486,1.06777623706416,0.97937031206381,0.958068144445853,0.994785306426173,0.986893883168393,0.950217595041124,0.926945416239534,1.13594310555095,0.525569081246029,0.532906991293021,0.518231171199038
"EG","rev_exchange",1.02234257444105,0.94772489025327,0.984825303061721,0.992584761013554,1.07919560544948,1.0355014824488,1.22183253428027,1.10552187913687,1.10268966732891,1.10406227509932,0.963117912984223,0.957172796009694,0.963672861600669,1.11603642940541,1.08904019727549,0.900520481696952,0.721512126218009,1.28892719480955,1.05932979029674,1.05925490258416,0.982507713964262,0.898907593154839,1.10903371343395,0.982676455939087,0.916327604503614,0.991962226123349,0.909620575502928,0.903610898905016,1.22709956709957,0.959668958492488,0.639145848552344,0.643894888239793,0.99195735209173,1.72500191111613,0.608696590975767,1.27566286954845,0.961556064073227,1.15408447540255,0.747816588640118,0.857516124398477,0.93433518115871,1.46033210580269,0.958236980295804,0.843137254901961,1.29600857542034,0.902617189381895,0.935292125466957,0.840150417481505,1.00495783279429,1.21959962425725,0.833121543240494,1.04493574971007,1.13183675629496,0.990105950754476,0.751258179728768,0.958813369636899,1.23187784764255,1.05805060299178,1.12107206518971,0.933779510250098,1.20699920994039,0.738149214619803,0.712702992455314,1.26210638805066,1.03385969837982,0.991330921114203,1.27002226760741,0.650678524548494,1.05213477956512,1.02716442827898,0.892107717990071,0.870409068056127,1.34762222526928,0.889860988684518,0.867477821978081,0.924397627823277,1.1694614309308,1.03866311926784,0.995967882379699,0.933029152722704,1.15588938968537,0.915113575212226,0.499253513034252,0.526470295540372,0.497214218547531,0.509978130429955,0.517182942726987,5.89582284208042,30352.9338028169,0.508234977837228,2442.05492957746,0.49389548090019,29888.88,0.514571694599628,2468.24,0.488648058054057,0.53520409752382,6.01642834239767,31363,0.512458532193817,2557.53841059603,0.500708899657711,30403.6266666667,0.50963687150838,2552.59,0.505858638919897,0.529506449811173,0.526830816854639,0.543689021935258,0.998866761320322,1.12613198520319,1.06249937326176,1.00991470403235,1.13033469798176,1.0352358970006,0.824514700985289,0.827556614925036,1.03672693777957,1.20729484940011,0.928421597895282,0.900969366604041,0.792278584848244,1.19875543559754,1.10799661295017,0.954675600743712,0.847548506991231,1.25498934960235,0.942786542662704,0.514461352739442,0.499067094968346,0.529855610510538
"EG","rev_info",1.02976242481371,1.07451278387553,1.05226260534759,1.0357872822924,1.08192781745259,1.05232217877805,1.25534323649123,1.20067567136225,1.14032815270078,1.1695750730077,0.978431855222718,0.92813726741883,1.11802493639043,0.97540594096802,1.12350078122008,0.850126929600614,1.21826766475889,0.808104624420414,1.01106617960243,0.947863855250996,0.924272763260451,1.11679720188612,1.06969874097534,0.682507799529076,1.12636004657281,1.12143341292277,0.656300081560951,0.808187151013238,0.851687119643641,1.68382564778217,0.559090193633373,0.956634284919642,1.30020966378914,1.18406585765785,0.685067079463364,0.788844169246646,0.948635706914345,1.57745304437564,0.942131254710202,0.862136817568397,1.00835338813234,1.18737853958907,0.643272282083024,0.839982311644716,1.41674583164353,1.09999957462873,0.70312114356232,1.02110340639752,1.17056693306693,1.10520851697322,0.710617183678125,0.920744091242706,1.23670262101703,1.13193610406214,0.923171926113103,0.885327287091993,1.12884553355142,1.06265525324349,0.75117221681416,1.18167821001581,1.06609514573709,1.00105442743294,0.955678765678766,0.968321678321678,0.982330262330262,1.09366929366929,0.894125710546763,0.9231886476097,0.998714813451655,1.18397082839188,1.0668011509188,0.788173221114398,1.46414232825998,0.680883299706829,0.746277088922873,0.914572765061726,1.23921691878438,1.09993322723102,0.917419979160821,0.977935663283076,1.12433737141274,0.980306986143367,0.508601955401549,0.543798282596182,0.509825339914644,0.498293752508544,0.550525820038995,6.58211372518163,34881.4112676056,0.511136464972329,2493.41408450704,0.512790883952649,32658.04,0.499487895716946,2484.79333333333,0.518795622706853,0.537471724206252,6.36857048602119,32484.098013245,0.535082380652879,2558.8761589404,0.509922115054625,31908.4533333333,0.539851024208566,2567.68,0.560554643254124,0.539612100657824,0.549735507798884,0.525044423499051,1.06241673080164,1.07888308440785,1.07064990760475,0.960176378513975,0.874199026321788,1.12586994420754,1.0397546509567,1.01532371332371,0.900633958633959,0.761602693602694,1.32243963443963,0.776007606428659,1.00785686827792,1.01380157853842,1.202333946755,0.983807107924755,0.916796079737256,1.28106344635756,0.818333365980425,0.525939203750776,0.52849685215364,0.523381555347912
"EG","rev_male",1.01343795023495,1.03016219351045,1.02184678763604,1.13045571974129,1.03336770596429,1.07694411476555,1.18791547243943,1.17518871736612,1.12826682608239,1.15100712834277,0.953934076463721,1.02253387355108,1.01486318520148,1.00866886478372,1.10309500822087,0.866759548613095,0.984118281921485,1.04602716124455,1.14476069936131,0.923601569759305,0.928180638595199,1.00345709228419,0.903983000728933,0.917958011950503,1.0661609562736,1.11189803104697,0.587473389355742,1.14418198794669,0.829159663865546,1.43918495883202,0.727627927627928,0.78219397623653,1.24691667670391,1.24326141943163,0.796700973365935,0.848437686780398,0.875211414331619,1.47964992552205,0.742221743079463,0.873561735044842,1.02030871152449,1.36390781035121,0.804326183482194,0.972364814436426,1.19826470580946,1.02504429627192,0.678004043347332,0.833338168741556,1.25773407777596,1.23092371013515,0.873227879150437,0.956544723893875,0.938498177321494,1.23172921963419,0.863012134592697,0.79299720796396,1.22388461704063,1.12010604040272,0.819234649030045,1.02431269403136,1.10245953440327,1.05399312253532,0.762151544132968,0.872478233840463,1.16368225055532,1.20168797147125,0.935301667567114,0.97787190519456,1.25841924411718,0.828407183121142,1.03333078023615,0.920024823145028,1.19011076826934,0.856533628349485,0.807903213089374,0.890082530225095,1.15124475519845,1.15076950148708,0.889835247703291,0.956276522765614,1.16898435525723,0.984903874273865,0.508580520456991,0.543561678446139,0.516334011220006,0.509896198546535,0.551992681134467,6.29039099588218,33123.9436619718,0.500435386996092,2598.05563380282,0.534760412872889,31885.02,0.514199255121043,2682.59,0.507279461012887,0.535633185851818,6.25865058517395,31737.301986755,0.517961880449394,2553.67086092715,0.499728961735497,30842.5333333333,0.509497206703911,2480.97333333333,0.53873326932948,0.566422041039892,0.534394958138128,0.536887923268358,1.14759355515884,1.03047630733086,1.08903493124485,0.785626429079115,0.990280671303689,1.08374147307651,1.14035142654069,0.764869594343279,0.868849084638559,1.1935033777139,1.17277794330426,0.844869837391038,1.0246168046518,1.11183528914314,1.01867806881402,1.05948107873939,0.949127049894313,1.02420201471352,0.967189856652772,0.532667681423799,0.550328319045346,0.515007043802252
"EG","rev_female",0.996984025458301,1.04966074501248,1.02346952691012,1.02582419042945,1.07658983507797,1.05546475873259,1.18294831562601,1.13196001826469,1.2452661226163,1.19035326658241,1.10262801171892,1.01214088941362,0.943462766190039,0.941768332677424,1.08178040283303,0.817930970913427,1.14162924794504,0.958659378308501,0.953772285506032,0.935523324205015,1.00678369677938,1.10392069350958,1.03421516137411,0.876877491395639,1.04107005959321,1.04783728763704,0.742515151515151,0.848989898989899,0.684989898989899,1.72350505050505,0.770171746879474,0.909248981701389,1.10515732867357,1.21542194274557,0.555998445998446,0.837278943278943,0.811328671328671,1.79539393939394,0.765651250022767,0.818749445944493,0.960031807202086,1.45556749683065,0.727076752076752,0.90512363012363,1.22991692991693,1.13788268788269,0.746022547570535,1.10310284257653,1.08362869214262,1.06724591771031,0.669265446742227,0.898744558961277,1.29036280913216,1.14162718516434,0.830581087299353,0.619563853186144,1.31512798633542,1.23472707317909,0.834199134199134,1.11430976430976,1.20962000962001,0.841871091871092,1.08916066389751,0.859033675875781,0.850977638346059,1.20082802188065,0.917717903012021,1.03010798206877,0.874606584410506,1.17756753050871,1.04739209878529,0.698422675822057,1.3747705568139,0.879414668578755,0.742972588356098,0.87632087847908,1.23345657456912,1.1472499585957,0.961475372854394,0.927595109680432,1.08671675431396,1.02421276315121,0.506346948784282,0.548017590003877,0.51244053779963,0.497149969457334,0.535335128935163,6.50026228132295,34278.4845070423,0.501635324048575,2513.19929577465,0.506830300320488,32770.26,0.504422718808194,2548.75333333333,0.515441739452041,0.559944142796973,6.37618761330423,32935.3867549669,0.533130773120229,2606.15761589404,0.515244376937806,32220.26,0.539432029795158,2610.16666666667,0.545745129853492,0.524006598524041,0.556032944119135,0.563907490790515,1.03602386405018,1.04874327092851,1.04238356748935,0.925416065416065,1.04927368927369,1.08729196729197,0.938018278018278,1.08365344207449,0.797561347035031,0.723614864667496,1.39517034622298,1.01291027781224,0.999432332373509,0.831991472579708,1.15566591723454,0.992414832043315,0.800269474056884,1.23982241815059,0.96749327574921,0.522732729446384,0.523486729685195,0.521978729207573
"EG","rev_sum",1.06228291106346,1.0789055787569,1.07064067694285,1.04827276422166,1.00907630147133,1.02521401384628,1.19568432675458,1.16615986797242,1.15529938604485,1.16056282779814,0.878830154405195,0.968692536435919,0.943418327375003,1.20905898178388,0.972514870843815,0.930210538793851,0.938114654479045,1.15915993588329,0.991533305563274,0.869448461463507,0.908571751910698,1.23044648106252,0.928538222752382,0.896457093026468,0.948517625674084,1.22648705854707,0.667552294896575,0.951089327420138,0.709563488469038,1.67179488921425,0.763654615697204,0.834327501191627,1.03372139527473,1.36829648783644,0.651510525897643,0.939927189428352,0.813974285232095,1.59458799944191,0.799362255726561,0.895720255403821,0.879645247819916,1.4252722410497,0.700724481899471,0.897950151663906,1.13114379091955,1.27018157551708,0.776198475760445,0.966576150888734,1.0076759522291,1.24954942112173,0.771324314872711,0.934983001530676,0.951790290483756,1.34190239311286,0.781962051166986,0.890307673736973,1.05267909006779,1.27505118502825,0.872376785561114,1.06729977132889,1.07456957279657,0.985753870313422,0.873983998899254,0.993248387324096,0.978692810679234,1.15407480309742,1.0737509890511,0.959770705154837,0.906436851874024,1.06004145392005,1.02706980183602,0.903103298072738,1.19542052316753,0.874406376923707,0.757347814949219,0.921526529454496,1.03588259082415,1.28524306477214,0.963024899386685,0.986547072920746,1.03288013317133,1.01754789452124,0.533025743556501,0.557811053929316,0.507040728506921,0.533021589471642,0.559489630309199,15.1855174810502,77727.5563380282,0.525594722899782,2465.77183098592,0.517574228676469,75823.68,0.527513966480447,2504.87666666667,0.533029851484861,0.556232525148233,14.4017049588713,73275.6490066225,0.521754103617103,2473.64635761589,0.497932821741692,71743.8,0.518715083798883,2446.01333333333,0.569171962319542,0.548952974886178,0.555419579508241,0.557056310063425,1.05411220881339,0.985346509655608,1.0197293592345,0.93812021864625,0.996484516751691,1.06941441974866,0.995980844853395,0.958663104213148,0.890283325135355,0.994286507737067,1.15676706291443,1.00496842513558,1.01282383824577,0.917355694143675,1.06485204247498,1.0686053156646,0.972216382331624,1.07810637664126,0.88107192536252,0.514651236230844,0.523871752156172,0.505430720305516
"EG","rev_collapse_sum",1.05824067706468,1.0797595090937,1.06906020154855,1.04458367076411,1.00892711167789,1.02326234439663,1.19258176251654,1.16365150284941,1.15521190785236,1.15930208699769,0.89608535038443,0.961836815460388,0.9425815505802,1.19949628357498,0.968071418190585,0.94047489703863,0.925661082813411,1.16579260195737,0.99293052879585,0.870487566702805,0.90730110550735,1.229280798994,0.926505871518975,0.892990091389364,0.943670005369392,1.23683403172227,0.68384996871883,0.949278841606508,0.71560582047182,1.65126536920284,0.770785553256033,0.824590990478539,1.0394784365931,1.36514501967233,0.643836637359605,0.94433986535675,0.809057832164026,1.60276566511962,0.792067246173139,0.90346184194704,0.886222161458919,1.4182487504209,0.713608229230612,0.89328708519345,1.12790178127127,1.26520290430467,0.783299521816023,0.961005182939681,1.01213847473006,1.24355682051423,0.760357140032419,0.943526371608579,0.952082858042957,1.34403363031604,0.779327405284933,0.895750687300025,1.04899056796021,1.27593133945483,0.885855314542176,1.06760340209994,1.07834504363628,0.968196239721602,0.877914496262325,0.990292104039104,0.980070336864323,1.15172306283425,1.07701414720841,0.956239517770656,0.909618540906379,1.05712779411455,1.02413167118174,0.90690621712763,1.18780938626187,0.881152725428766,0.758730629642965,0.922665196361664,1.03523118738566,1.28337298660971,0.967533557144439,0.985941754062297,1.03306408634544,1.01346060244782,0.532489718946754,0.557378668230425,0.506085255202984,0.531539099250345,0.557964759186969,15.1855174810502,77727.5563380282,0.525594722899782,2465.77183098592,0.515525992947897,75823.68,0.527513966480447,2504.87666666667,0.533429776202093,0.556827509847449,14.4017049588713,73275.6490066225,0.521754103617103,2473.64635761589,0.498101959972522,71743.8,0.518715083798883,2446.01333333333,0.566961878028327,0.548173776918432,0.556395231561096,0.557265551844287,1.04886471904803,0.988390034684538,1.01862737686628,0.95648292659615,1.00208164064879,1.06789733592142,0.973538096833633,0.958451308835487,0.887525247727445,1.00119173917973,1.15283170425734,1.01072996360942,0.998223203662224,0.92850159824628,1.06254523448207,1.06661960653126,0.970867087458945,1.07380097206527,0.888712333944529,0.513703752209115,0.521793470970759,0.50561403344747
"EG","rev_main_supp",1.01357881390698,1.05242737451186,1.03311160974184,1.07439433087534,1.04818365558448,1.05893795921686,1.20638561265981,1.15622556403907,1.15281654509712,1.15446869762189,0.974202912878705,0.976259053302656,0.983232527381394,1.06630550643725,1.0610398177508,0.933685618084271,0.999637211739812,1.00563735242511,1.05884332938355,0.854131701050615,0.988679560854894,1.09834540871094,0.997703246200482,0.881129653356866,1.02978101028681,1.09138609015584,0.68982983846104,0.921706762756379,0.772185911636551,1.61627748714603,0.749269943509112,0.812099441238242,1.14693169087029,1.29169892438236,0.67262228102031,0.913519631659497,0.907438817256819,1.50641927006337,0.776140672291525,0.909414552994372,0.947303523309967,1.36714125140414,0.754984996307092,0.867181614053607,1.2863595661855,1.09147382345381,0.805894946588457,0.9528052099735,1.11967036015561,1.12162948328244,0.773037734211056,0.936453431479732,1.06418091827299,1.22632791603622,0.819954914735496,0.859086082440099,1.18691744216416,1.13404156066024,0.881608817502728,1.00517539572266,1.16115491741074,0.952060869363869,0.870563397608067,0.945075065665195,1.03870889597135,1.14565264075539,1.02900598842306,0.927896135867101,0.98555097749645,1.05754689821339,0.992700092845404,0.857663160526514,1.25408015674743,0.895556589880651,0.78811342150151,0.902949183254717,1.16458959160193,1.14434780364184,0.943189397384558,0.93893468418173,1.10427837651508,1.01359754191863,0.509922125138272,0.543929119443546,0.512910158907498,0.507729318069417,0.542971461651196,15.1855174810502,77727.5563380282,0.525594722899782,2465.77183098592,0.519931432235355,75823.68,0.527513966480447,2504.87666666667,0.51209056768414,0.54482969829463,14.4017049588713,73275.6490066225,0.521754103617103,2473.64635761589,0.506859676892894,71743.8,0.518715083798883,2446.01333333333,0.550981368877404,0.534254797905029,0.546322357116354,0.543317137355283,1.08700091129432,1.04709217261094,1.06704654195263,0.907111335765106,0.955726137206666,1.11557552609141,1.02158700093681,0.917742388196109,0.871416493654848,1.0045095342373,1.20633158391174,0.915931717992123,0.981339025363058,0.972356909016529,1.13037234762829,1.00545749702454,0.908903069176539,1.11325505941171,0.972384374387206,0.527200428164074,0.532317419949074,0.522083436379074
"EG","rev_primary_kin",1.39590479479211,1.14130434782609,1.29226213496523,1.23321648360209,1.09375,1.17449375366437,1.4005439005439,1.35052738178702,0.928571428571429,1.1767808128159,0.348717948717949,0.700854700854701,1.51794871794872,1.43247863247863,0.0727139184722732,1.35640837311788,1.07612481777006,1.49475289063978,1.72727272727273,0.727272727272727,0.818181818181818,0.727272727272727,0.416666666666667,0.625,0.666666666666667,2.29166666666667,0.846511627906977,0.558139534883721,0.223255813953488,2.37209302325581,0.63768115942029,0.176588628762542,0.927536231884058,2.25819397993311,0.875,0.864583333333333,1.04166666666667,1.21875,0.52,0.92,1.64242424242424,0.917575757575757,0.183606557377049,0.86775956284153,0.714754098360656,2.23387978142076,1.44389066680657,0.163265306122449,1.41570047041953,0.977143556651452,0,2.75,0.943181818181818,0.306818181818182,0.644444444444444,1.06666666666667,0.755555555555556,1.53333333333333,0.430769230769231,0.882051282051282,1.15337995337995,1.53379953379953,0.852232695420356,1.00019042178425,1.36979910501761,0.777777777777778,1.14285714285714,1.42857142857143,1.42857142857143,0,1.11111111111111,0.111111111111111,1,1.77777777777778,0.593318944778192,1.05311942959002,0.947332306055482,1.40622931957631,0.8228972173364,0.828115275334867,1.21900345629205,1.12998405103668,0.578795829753425,0.597739518159403,0.534353511749635,0.610798931189516,0.633838077645118,1.14370492635856,5776.39454545455,0.582952429321144,2989.75454545455,0.569738500264007,6127.35454545455,0.606543084476045,2937.97272727273,0.532182616792162,0.546170147465524,0.962771771989649,4777.22597402597,0.557923408063073,2648.17532467532,0.485699152542373,4030.525,0.51671322160149,2539.4625,0.728075402376023,0.516522224408684,0.471711785086358,0.599118316268487,1.14126984126984,0.862845909572055,1.01671176656294,0.855555555555556,1.01111111111111,0.961616161616162,1.17171717171717,0.259259259259259,1.25925925925926,1.03703703703704,1.44444444444444,0.917095115681234,1.66580976863753,1.16709511568123,0.25,1.33333333333333,0.666666666666667,0.888888888888889,1.11111111111111,0.537918431370941,0.574493746993747,0.492737159131005
"EG","rev_secondary_kin",1.41680970226773,1.23264160489615,1.32539779992271,1.34402856217151,1.02557578201861,1.19598561547835,1.43929433078708,1.46121914181834,1.099227627908,1.29389861983312,0.478265582655827,0.622561861453966,1.38779949736543,1.51137305852477,0.12242605014479,1.13994308837493,1.02737244309219,1.71025841838809,0.94021294021294,0.976299376299376,1.4987210987211,0.584766584766585,0.42540834845735,0.653617007128706,1.66728246893343,1.25369217548052,0.562962962962963,0.507936507936508,0.577777777777778,2.35132275132275,0.506027316680122,0.699570467622984,0.911826038760742,1.88257617693615,1.20248468060102,0.870309745656006,1.12982456140351,0.797381012339461,0.63894089449645,1.12962962962963,1.08675568993029,1.14467378594363,0.173266998341625,0.697938877043355,1.01909500118455,2.10969912343047,1.04343452237938,0.290161292975593,1.54043628576793,1.1259678988771,0.494649536510002,1.80972515856237,0.899364038654124,0.796261266273506,0.618674148050444,0.828416696327004,1.11256551444982,1.44034364117273,0.320814789192513,0.933002360623107,1.32718608466283,1.41899676552155,0.556275171545992,0.837043720288887,1.60943265339127,0.997248454773851,1.09090909090909,1.60446570972887,1.25358851674641,0.05103668261563,0.643972289949301,0.558349781338287,1.67736367506482,1.12031425364759,0.564281805326144,0.847920955007626,1.14667588690844,1.44112135275779,0.647507865635498,0.960520903407801,1.44256457398035,0.949406656976347,0.573441324620498,0.615682556125319,0.541581253193961,0.617030683947871,0.657872640841935,2.0437489419333,10298.120661157,0.641026440124967,3119.79504132231,0.60054121750392,10878.325,0.663361266294227,3154.90833333333,0.529210945303016,0.566596015253103,1.5527512175906,7517.65,0.5438269946999,2479.44807692308,0.47652685920217,6669.60909090909,0.505603521245979,2351.92272727273,0.722761266801051,0.577362679003773,0.509719817231796,0.60668907287468,1.13262997236209,0.801412639024013,0.967021305693051,0.751403323606713,1.08141126392687,0.876221322537112,1.2909640899293,0.58980044345898,1.01744271988174,0.819866962305987,1.57288987435329,0.660951162294732,2.14920025591811,1.03604179995735,0.153806781829814,0.740941986918998,1.2057127027484,1.03388879722818,1.01945651310443,0.541792412585527,0.578134229232704,0.50545059593835
"EG","rev_primary_connectedkin_sum",0.861425437491955,1.06576573927436,0.963595588383156,0.865881265829914,0.923933082004732,0.914368926422962,1.54371724766462,1.36763083810328,0.959459994524126,1.17457706073476,0.98109243697479,0.719887955182073,1.79831932773109,0.500700280112045,0.619695265364557,2.25108225108225,0.60510617990933,0.524116303643863,1.86557081599879,0.439940682155215,1.25711163722455,0.437376864621447,0.424242424242424,0.993939393939394,1.51515151515152,1.06666666666667,1.01330376940133,0.613240418118467,0.439024390243902,1.9344314222363,0.0761904761904762,0,2.15238095238095,1.77142857142857,1.36753648827952,0.734710792729856,1.31597404813562,0.581778670854998,0.630252100840336,1.38487394957983,1.11764705882353,0.867226890756303,0.850877192982456,0.7053998632946,0.736842105263158,1.70688083845979,0.747619047619048,0.240157480314961,1.98635170603675,1.02587176602925,0.303743315508021,1.94285714285714,1.14591291061879,0.607486631016043,0.966436090225564,0.932571428571428,0.275789473684211,1.8252030075188,1.20627535194464,0.883116883116883,1.21116678596994,0.699440978968538,1,1.43217893217893,1.08730158730159,0.480519480519481,0.991189202953909,1.4025974025974,0.8532722179781,0.752941176470588,1.12631578947368,0.76,0.947368421052632,1.16631578947368,0.713445178925055,0.937400699605424,1.0720530906777,1.27710103079182,1.01012251159584,1.16113963555824,1.05186354189706,0.77687431094886,0.476214770310128,0.543455958943817,0.470571163429292,0.451642930082543,0.569700843261081,0.804609734358338,4173.23247863248,0.491824237215299,2550.36923076923,0.444557655279691,4235.87826086957,0.447973848271395,2315.73043478261,0.500786610537713,0.514211659276009,0.838947415092667,4146.54857142857,0.491533652567172,2399.98476190476,0.477461100408049,4198.54285714286,0.518575418994413,2520.9,0.569413061042305,0.569974236368918,0.482096142831939,0.549538727364486,0.908269808216122,0.660632865586426,0.784451336901274,1.99356955380577,0.904761904761905,0.2,0.901668541432321,0.666666666666667,0.921067821067821,1.3984126984127,1.01385281385281,0.682964094728801,1.94805194805195,1.19786096256684,0.171122994652406,1.28366370471634,1.44278879015721,0.21326042378674,1.06028708133971,0.464085796918134,0.468523174659986,0.459648419176283
"EG","rev_secondary_connectedkin_sum",1.12688868513531,1.00302230806449,1.0629047287676,1.13051112915883,0.851459925129143,0.987750125156278,1.58977425481649,1.45641577358546,1.01077225172686,1.23814139553227,0.557608801376114,0.852316996638326,1.61393395770127,0.976140244284288,0.69336187614619,1.41798302801657,0.864150095550623,1.02450500028662,1.26484726976212,0.875653585413703,1.08217383309125,0.77732531173293,0.862749179990559,0.951164624848835,1.40803266973866,0.778053525421946,0.594084990747379,0.710801393728223,0.604537952419852,2.09057566310455,0.114814814814815,0.209090909090909,1.72181293644082,1.95428133965346,1.06929666508614,1.10742815538509,1.04456526338899,0.778709916139785,0.546711353162966,1.18323581342257,1.18528839581471,1.08476443759975,0.387791801079118,0.793023915974736,0.957331854225728,1.86185242872042,0.425189393939394,0.57272151017545,1.64633799930171,1.35575109658344,0.634363291863292,1.5035446985447,0.732921107921108,1.1291709016709,0.941620954747701,0.854603120242319,0.78665770475758,1.4171182202524,0.644877883616863,0.846218109376004,1.43643789345098,1.07246611355615,0.932259337023605,1.0546001533482,1.07904773655739,0.934092773070805,0.991795151795152,1.46482706482706,0.559357679357679,0.984020104020104,1.05447218425769,1.0540582500798,1.14254860165659,0.748920964005921,0.588561000910487,0.935156208024972,1.03968431606716,1.43659847499738,0.894948116849805,1.12955163283764,1.01395622005793,0.96154403025463,0.515886496769311,0.585380177627472,0.501372937674599,0.540278452996002,0.636851813879242,1.52985810055866,8153.3232,0.538903165735568,2803.6712,0.51860915143115,7537.25384615385,0.514510815069474,2646.72692307692,0.493058127480227,0.531763889865211,1.4617842178771,7205.51666666667,0.484543761638734,2281.12333333333,0.479666976559037,7577.75833333333,0.501059124767225,2343.40416666667,0.640960696686917,0.632935534953177,0.53665978887342,0.526168576712972,0.998708594344248,0.828955531548721,0.917227124202395,1.4824847212237,0.907512370670265,0.420655368023789,1.18934754008225,0.963028567792836,0.652139962936206,1.339311457773,1.04552001149796,0.545558145558146,1.70114746804664,1.22679261601265,0.526501770382557,1.15275228253778,1.30206240008032,0.597406010976964,0.947779306404933,0.500881597765575,0.50753088870542,0.493678199247409
"EG","rev_non_primary_connectedkin_sum",1.06870955149317,1.07135040911229,1.07003735699999,1.05691657617811,1.00203202379803,1.02573445514035,1.18246407669557,1.15862200431885,1.15899255918177,1.15881297286595,0.884206098751398,0.969086569233607,0.914361229074982,1.23234610294001,0.97048901619946,0.901173704753344,0.951786011840686,1.17655126720651,0.969573152286374,0.883753205329341,0.893877811555677,1.25279583082861,0.960291820863292,0.900642072377387,0.915985617252333,1.22308048950699,0.652924160686397,0.969635811077875,0.720999860536272,1.65644016769946,0.782109310377713,0.866273041384946,1.00407653137345,1.34754111686389,0.638045356723577,0.945277517482295,0.795857822061444,1.62081930373268,0.800948466388734,0.878527949222172,0.884916381587406,1.43560720280169,0.70826373321731,0.899844543647329,1.15492561038342,1.23696611275194,0.763845490196681,1.00014477870718,0.981941190613644,1.25406854048249,0.786311793699467,0.899697221554554,0.950759699889935,1.36323128485604,0.783545900452435,0.894421592451563,1.0855028925985,1.2365296144975,0.855783153913471,1.08224269873344,1.07786910624632,0.984105041106775,0.86638773247151,0.967920110169141,0.98444217310335,1.181249984256,1.08279147484122,0.959236129333639,0.902326646128887,1.05564574969625,1.0450305200161,0.904813780616939,1.19114144627941,0.859014253087551,0.760677981046237,0.921696073221857,1.04405102480076,1.27357492093114,0.96447864333043,0.984052446388879,1.03271835962347,1.01875055065723,0.533706442721647,0.55688355555846,0.507042932706588,0.535971993299392,0.5578475942476,14.5225643900648,74289.047887324,0.524719358984447,2468.23873239437,0.519932695180121,72576.1733333333,0.529469273743017,2524.7,0.531466064928098,0.555976976128938,13.8183309285089,70392.2874172185,0.520921664385167,2489.47417218543,0.495827648325017,68804.82,0.515549348230912,2446.42333333333,0.566373873683927,0.54856899603748,0.557764162321586,0.554165960787055,1.05696071280935,0.992708026053209,1.02483436943128,0.903621909491804,1.00117194688055,1.11213718425714,0.983068959370514,0.974862211868064,0.892501080522207,0.97733171253679,1.15530499507294,1.01481038567182,0.99887770825332,0.902000233910436,1.08431167216442,1.08468571813517,0.930794083726852,1.11148295568211,0.873037242455864,0.514969832061192,0.524658854900054,0.505280809222329
"EG","rev_non_secondary_connectedkin_sum",1.05808566306824,1.07250315035684,1.0653346790234,1.0368026548919,1.00549414456678,1.01772897105803,1.16294413093859,1.15054955510378,1.15751115151356,1.15413727202486,0.893957497937196,0.964000093844015,0.918542193661915,1.22350021455687,0.975696749757109,0.933428093253555,0.946014123179633,1.1448610338097,0.996796395372582,0.876485973905065,0.906911343367357,1.219806287355,0.950244675524679,0.888016836322758,0.903419446016415,1.25831904213615,0.668562107416916,0.979547625396943,0.717794232637857,1.63409603454828,0.812971743837292,0.888801702061025,0.98098313025697,1.31724342384471,0.661100031983915,0.909408314761173,0.812091860504492,1.61739979275042,0.81338791811709,0.869779130410905,0.873004130057419,1.44382882141459,0.723226349756578,0.905028825340002,1.14892441594199,1.22282040896143,0.809869145953663,0.965910903948989,1.00043401185535,1.223785938242,0.783981353992219,0.910841069261398,0.978770053000277,1.32640752374611,0.79113786468617,0.883863842988907,1.08437674665658,1.24062154566834,0.877210123512342,1.10790403883392,1.05757045016985,0.957315387483885,0.871765987636645,0.995909230449482,0.986059698233662,1.14626508368021,1.10519641821628,0.925579442344897,0.937638479077943,1.03158566036088,1.03540171172171,0.911845849450006,1.16942579765705,0.883326641171233,0.77647704628569,0.915248409664593,1.05380443553971,1.25447010851,0.974021218073694,0.99052083981025,1.03302194306702,1.00243599904903,0.531399052462158,0.553856728121033,0.5038866939413,0.532481488619202,0.553891213986167,13.8388114066147,70550.3352112676,0.52247685367325,2436.99507042254,0.514961240178782,69291.3933333333,0.525093109869646,2487.67,0.530328643373525,0.553824297704815,13.2400221367174,67549.4105960265,0.522170323233071,2492.51324503311,0.494548326674452,65681.5933333333,0.519506517690875,2457.88,0.563768377955787,0.54314253554864,0.552911848603699,0.554748912793946,1.0472223630051,0.978725574783494,1.0129739688943,0.921485860635914,1.00360406069128,1.12451692827344,0.950393150399367,0.950753147037263,0.935267479615129,0.956233745984896,1.15774562736271,1.03584115727325,1.00851260759029,0.888737534631843,1.06690870050462,1.09756401257076,0.943179923431729,1.08864446024286,0.87061160375465,0.512107208255663,0.521954646657692,0.502259769853634
"EX","loan",1.03770629252874,1.00122456095203,1.01921090303171,1.0136927387385,0.961522054043063,0.987427793439926,1.16392768227365,1.05111492348813,1.06234176983857,1.05672834666335,0.815906383931466,1.26069519824736,0.817432656624787,1.10596576119639,0.730715827661529,1.03601072130484,1.15904580587839,1.07422764515525,1.07631016042781,0.921008403361344,0.850323402088108,1.15235803412274,1.01126039295974,0.986527101559781,1.0697432802008,0.932469225279683,0.788882731461442,0.96414834956814,1.0648161849811,1.18215273398932,0.624031335022047,0.969923069706351,1.07063253797,1.3354130573016,0.816932232023842,0.821326295048571,1.03588582744803,1.32585564547956,0.831330196762635,0.862913379846367,1.00742351339825,1.29833290999275,0.882917225192048,1.08951414715458,0.784940761662363,1.24262786599101,0.806313918244065,1.0230167837337,1.0615508728744,1.10911842514784,0.690708802879188,1.22393112859644,0.90324226896235,1.18211779956202,1.00644198467121,0.833604970597087,0.893948663020828,1.26600438171087,0.973383286064445,1.04345517606387,0.923175992016572,1.05998554585511,0.854093434641604,1.07169574006398,0.953825222916463,1.12038560237795,0.885921095436667,1.3409945878804,0.668244462189099,1.10483985449383,0.9445697367266,0.990757463306483,0.937725382823422,1.1269474171435,0.850052691119369,1.03649061555393,0.913801001453737,1.19965569187296,0.923237701761875,1.10190671135827,0.873498686868325,1.10135690001153,0.515387916199604,0.531920350232963,0.506677588363328,0.526999238373715,0.531819306769147,6.43847139968222,33457.4076086956,0.510037194857721,2385.66739130435,0.508049812776673,32451.7657142857,0.516345514950166,2397.30285714286,0.50409617170001,0.532021393696778,6.20289524050267,33123.6260869565,0.52248663874043,2480.95434782609,0.507433416290742,32783.4742857143,0.52,2484.92285714286,0.529742387748769,0.533723149204493,0.538391567807845,0.526307938566232,0.976856004044628,0.963271574364012,0.97006378920432,0.937471550898661,1.17555730714299,0.827378603209805,1.05959253874855,0.819868200255197,1.16338675142081,0.941010497930003,1.07573455039399,0.845071422234052,1.34197498003726,0.663996096176027,1.14895750155266,0.87842498822891,1.0877528426548,0.906874751972791,1.1269474171435,0.515126234129604,0.513649265006545,0.516603203252663
"EX","behav",1.0659173145234,1.03585780714019,1.05067784333842,1.04572574705259,1.02224092295779,1.03206038816952,1.23366148408821,1.15018239203476,1.04130097397172,1.09574168300324,0.905794060696021,0.914052323856245,0.908867675534342,1.27128593991339,0.886758175142314,1.03158460476572,0.96388866749667,1.1177685525953,0.982108380139813,0.864695315943026,0.934526328324351,1.21866997559281,1.09391115380407,0.917362823212272,0.827767733159516,1.16095828982415,0.735196795541623,0.82551500223914,0.91811215604319,1.52117604617605,0.673052920502454,0.832523837562505,1.12727958504488,1.36714365689016,0.784673631768645,1.1782372697486,0.891490605477882,1.14559849300487,0.772853191236033,0.99435119975309,1.02433355021056,1.20846205880031,0.742041113966248,0.782800888950622,1.08821735305693,1.38694064402621,0.864994622680381,0.994867705179238,1.08035751615086,1.05978015598952,1.00392143184134,0.851100965116538,0.739387440722257,1.40559016231986,0.974151525332811,0.999191701915355,0.854724131401627,1.17193264135021,0.834236714628872,0.878726139510453,1.01788930024224,1.26914784561843,0.968035432868796,1.14760376312006,0.844563115712269,1.03979768829887,0.880206131629282,0.977431486919153,0.83661379733486,1.30574858411671,0.979615676837151,1.06834520525349,0.845243474246929,1.10679564366243,0.897209142211484,0.911307491782038,0.94215325192469,1.24933011408179,0.918880912698392,1.01699831096258,0.890575808636806,1.17354496770223,0.524711158411697,0.540593594478112,0.519998367949268,0.530378865918991,0.548153529444692,6.69960548172757,33873.6163043478,0.533141340459339,2476.85217391304,0.519306357139838,32454.1657142857,0.521627906976744,2456.15142857143,0.519199442854146,0.533033659511532,6.41188610429005,34105.5130434783,0.506757366748519,2456.14891304348,0.523776691779334,33349.2342857143,0.510598006644518,2471.56285714286,0.573194035641041,0.525199732098038,0.537839654884277,0.528723127579277,1.04727133685028,0.987491202228196,1.01738126953924,0.795562146427198,0.944335095892189,0.99774712023847,1.26235563744214,0.890116862459484,1.17170276537666,0.895387761342354,1.04279261082151,0.882650745838602,1.04369400365605,0.750794366923399,1.32286088358195,0.916800123460957,1.20140849335111,0.77499573952551,1.10679564366243,0.528428109697944,0.528541668656526,0.528314550739362
"EX","exchange",1.1140972348242,1.03153857218495,1.072241912835,1.06751326793344,1.02204457736174,1.04639407611591,1.23034803875427,1.09872705944477,1.15051909948603,1.1246230794654,0.925845855911215,0.800948293214088,1.09245249223463,1.18075335864007,0.923394554163785,0.895153564384334,1.03373229334768,1.1477195881042,1.06524264304495,0.948505085851989,0.96673024635074,1.01952202475232,0.66375850003301,1.19491679949196,1.02225271702396,1.11907198345107,0.611699507389163,0.907553366174056,0.937725779967159,1.54302134646962,0.744664979584334,0.814021623537753,1.16377516947409,1.27753822740382,0.755412620166719,0.678954924856564,1.20156619336947,1.36406626160724,0.749296497304087,1.08203495850555,0.944536098520918,1.22413244566945,0.844894577347786,1.02609776587049,0.683171652322722,1.445836004459,0.943041911791912,0.796761379053046,0.868042682626016,1.39215402652903,0.680105426064989,0.827035618238262,1.20430976651287,1.28854918918388,0.853929138040721,1.01707808396711,0.992377032037432,1.13661574595474,0.953197220354083,0.888375658473697,0.823417522927327,1.33500959824489,0.921326603679545,0.968423950776892,1.13215499097852,0.978094454565043,0.954126905204034,1.14168963082904,0.710145464660477,1.19403799930644,0.827105791811674,0.996671901083666,1.2614520555697,0.914770251534958,0.833921317381067,0.916832523688136,0.936105230246596,1.3131409286842,0.918765659951756,0.988446187816427,0.990049664137335,1.10273848809448,0.529710307165967,0.548131685370072,0.517285184845682,0.535855112377807,0.552753273537945,6.11684602051134,31921.8282608696,0.529336992633251,2525.25543478261,0.520301087710965,30269.8,0.530033222591362,2528.34857142857,0.523734625033351,0.543510097202199,6.31546746352737,32695.5195652174,0.535087750975011,2411.94402173913,0.515059063448576,32186.4971428571,0.537873754152824,2379.70571428571,0.54796012479928,0.557146993215055,0.564313821014433,0.52485108718504,1.07827536298125,0.987232799278069,1.03275408112966,0.927054759926732,0.961501397487557,0.80084544444406,1.31059839814165,0.784781782004004,1.0160665466221,1.12632172354395,1.07282994782995,0.904302766474884,1.30650215580453,0.650059039198452,1.13913603852213,0.827105791811674,1.02345089550972,1.23467306114365,0.914770251534958,0.525088524882667,0.532836927233986,0.517340122531347
"EX","info",1.07374662909125,0.954052892301678,1.01306468811421,1.04390473242953,0.9577233158016,0.999508298509861,1.20825324986474,1.08205615591514,1.04079399398966,1.0614250749524,0.746633812436747,1.09788280797838,1.13306069625224,1.02242268333263,0.832017689912427,1.02878648566908,1.0036965733322,1.1354992510863,1.13185751859549,0.74570940645807,0.90181283956685,1.22062023537959,1.2177315482871,1.09245898134787,0.685171824060713,1.00463764630431,0.628808146286713,0.775476325070413,1.00349297159282,1.59222255705005,0.729986504723347,1.02674239016344,1.09090943169891,1.1523616734143,0.926141483863658,0.837809376894795,0.735541287396335,1.50050785184521,0.871506340188792,1.06159394327862,0.805658778515804,1.26124093801678,0.737237107241482,1.00302221143136,0.984359113844301,1.27538156748285,1.01485320951265,0.908693817362548,0.919090262163017,1.15736271096178,0.932854517817686,0.85412436216856,0.874110163231547,1.33891095678221,1.14219821011816,0.89409712651071,0.918119862752974,1.04558480061815,0.779926234722753,1.12212432954906,1.03884838574344,1.05910104998475,0.880272571476359,1.04265440340836,1.0236294109177,1.05344361419758,1.16276972183,0.781754677666169,0.746512343562061,1.30896325694177,1.1241341991342,1.09266875100208,0.867704826038159,0.915492223825557,0.962647671146917,0.914502178948284,0.923808364331878,1.19904178557292,0.994799571478216,1.00618383150206,0.92294340450655,1.07607319251317,0.518571473541193,0.52855553508287,0.504841877492452,0.54198164961233,0.542705177433787,6.47777065578506,33662.7423913043,0.526556406182291,2488.80489130435,0.518201773323957,31779.8457142857,0.515083056478405,2424.42285714286,0.495805614242656,0.514405892731954,6.63664686552073,33856.502173913,0.50353441427127,2393.37173913043,0.493395213920809,32997.1314285714,0.506943521594684,2423.19142857143,0.562892629850651,0.524200012718328,0.537210414262499,0.493952352802496,1.05508824889832,0.959127150062577,1.00710769948045,0.737142696952821,1.20137060228791,0.987144412540119,1.07434228821915,0.847477340150199,0.996361353740095,1.09659587249887,1.05956543361084,1.04195080602839,0.900434556034629,0.770041755326767,1.28757288261022,1.06725589225589,1.14610790444124,0.871143979477313,0.915492223825557,0.512553563780068,0.526598051567014,0.498509075993122
"EX","male",0.990815060380164,0.995494920211194,0.993187640480546,0.981304812981504,1.02413458201624,1.00565766412929,1.22472356739306,1.08714487013114,1.01588569420717,1.05151528216916,1.01057380890714,1.04494807661474,0.853747980414647,1.09073013406347,0.866441292691591,1.11334765694732,0.964079228040886,1.0561318223202,1.13928943110761,0.7311408456863,1.19108618654073,0.938483536665355,1.07274395353993,1.077412382947,0.908188948479252,0.941654715033815,0.699048422841526,0.832118169187135,0.882934192244537,1.5858992157268,0.729585377585378,0.839707551707552,1.18974122174122,1.24096584896585,0.869744698674303,1.02215431627196,0.932247116432266,1.17585386862147,0.783725864168788,0.917723258465294,1.11907474107614,1.17947613628978,0.958325008325009,0.758724608724609,0.925215125783308,1.35773525716708,0.73830799804484,1.18700785082364,0.947016313973551,1.12766783715797,1.04663678544679,0.870800929218779,0.949951314555777,1.13261097077865,1.08757401068642,0.926209322879103,0.933730487384529,1.05248617904995,1.04742498242498,0.99001739001739,0.997544307544307,0.96501332001332,0.727911355929932,1.30942396097195,0.894090842078458,1.06857384101966,0.95261454552112,0.858049850956425,1.00693647631364,1.18239912720882,1.05674735634802,1.02821289469335,0.876514540201892,1.03852520875673,0.95587567368304,0.941093761978646,0.938994888187619,1.16403567615069,0.945565832211333,1.04311883953008,0.957253966262279,1.05406136199631,0.505229854326817,0.524544103074636,0.504122969059551,0.517835391217366,0.541818417057155,6.64340332948144,34471.7597826087,0.530544019933555,2450.76304347826,0.503345098613324,32676.7028571429,0.502691029900332,2324.32857142857,0.492971258818577,0.507269789092117,6.5025169724108,34248.5532608696,0.497025314170157,2410.47934782609,0.505901052812153,32954.2742857143,0.505116279069767,2464.97714285714,0.552826243988739,0.531727909036535,0.507686538246488,0.506896003768093,0.964097208555855,0.994702510086622,0.979399859321239,1.03410608998844,1.08819611760788,0.912389571213101,0.965308221190574,0.689729331746876,1.33438499447271,0.942203741677426,1.03368193210298,0.909451825887812,0.972525136019946,0.905066233266925,1.21295680482532,1.04440167733567,1.08766587497013,0.829407238937458,1.03852520875673,0.511257320960233,0.511773503623718,0.510741138296747
"EX","female",1.14498115914306,1.028934401374,1.08614815171595,1.07391565646011,0.984185295302744,1.02389736126209,1.19565850196983,1.13247391771941,1.08928151518624,1.11087771645283,0.633077226892156,0.909011081415622,1.18895023996503,1.26896145172719,0.867841596827665,1.01660504957719,0.926593680657148,1.188959672938,0.93225854605165,0.907238710436203,0.763419234892589,1.39708350861956,1.14764281635627,0.899022950192541,0.628807990796295,1.3245262426549,0.756763925729443,0.72991452991453,1.02097385373247,1.49234769062355,0.747467761283551,0.979152957179273,0.948538386564702,1.32484089497247,0.880916648302326,0.977872566828563,0.744573970113228,1.39663681475588,0.807074523288445,1.06771375200917,0.807266888930726,1.31794483577166,0.557604320344258,0.932379259027866,1.15389511417375,1.35612130645412,1.17103287221321,0.788665495437941,1.07837977296182,0.96192185938703,0.879895838516528,0.831974921630094,0.695971206316034,1.59215803353734,0.994853996370452,0.924853697224457,0.891841135873542,1.18845117053155,0.668281740046446,1.009186118892,1.00590920698764,1.31662293407391,1.10985325203136,0.9272927824922,0.948615944245156,1.01423802123128,1.03775570834394,0.856311009252186,0.754536966301672,1.3513963161022,1.05604690060225,1.10550282882406,0.848322419889268,0.990127850684414,0.909076390004443,0.869168177089905,0.956862264621884,1.26489316828377,0.97894591098633,0.973259366489485,0.885492746845089,1.1623019756791,0.540596048172026,0.542445933022202,0.518305345275229,0.552539689636039,0.541499362479146,6.37384984833165,32122.6956521739,0.567285678174202,2466.32554347826,0.525403386766721,31725.3657142857,0.576544850498339,2556.85428571429,0.528981130785004,0.543392503565257,6.69496334681497,34589.4032608696,0.563020005777842,2465.0847826087,0.51493656338839,33441.24,0.553654485049834,2396.92571428571,0.590048403108003,0.496996075236027,0.564152530967561,0.524772685173499,1.11208485823479,0.978417412392004,1.0452511353134,0.5886381822714,1.019459717522,1.08606605236363,1.30583604784297,1.0663023614004,0.867941840103863,1.00577198190717,1.05998381658856,0.988099482217129,0.907427213309566,0.772939478821832,1.33153382565147,0.956882162447801,1.22571935469697,0.827270632170814,0.990127850684414,0.52708317798813,0.533599316028706,0.520567039947554
"EX","sum",1.10107122129765,1.02144434501364,1.06070224680947,1.05415045617602,1.00370468750266,1.02893273333598,1.21101099591294,1.12299920307012,1.05919793049851,1.09109856678431,0.799289552061254,1.0082744388562,1.02810458976788,1.16433141931467,0.803445528828494,0.98433227069758,1.01278082430512,1.1994413761688,1.02733959242968,0.840795431432755,0.938240794001381,1.19362418213619,1.01584008703316,1.03189521805191,0.864095294010883,1.08816940090404,0.730261181738334,0.787236606505509,0.954431515700519,1.52807069605564,0.691715082092546,0.944727138680824,1.09258766587645,1.27097011335018,0.811761277944473,0.93177167981117,0.874891291036169,1.38157575120819,0.783567081657142,0.970625561942377,0.965490837188799,1.28031651921168,0.797342451167307,0.905002018069139,0.943837809269136,1.35381772149442,0.881853679498973,0.919500278598843,1.04038762900464,1.15825841289754,0.88442149608414,0.935973545135412,0.86302982040385,1.3165751383766,0.984233793980922,0.952269226539158,0.911604778794666,1.15189220068525,0.877303541547462,0.999456676020519,0.963901217474746,1.15933856495727,0.884846632679067,1.02267008211239,0.986796201441722,1.10568708376682,0.990440826684147,0.967926832447595,0.769151628180936,1.27248071268732,0.989602588041711,1.03530972693464,0.921871021428913,1.05321666359474,0.889237600842647,0.92856526558873,0.941424449778116,1.24077268379051,0.939108447189355,1.00302608613869,0.91628383815105,1.1415816285209,0.529881023580042,0.539424096574209,0.517612254775567,0.543701981520967,0.549463212258911,16.054187129857,81634.9358695652,0.554273797486639,2512.97934782609,0.521200773473791,78198.2,0.541395348837209,2467.10571428571,0.516440458976942,0.529384980889506,16.1934078434205,83877.2217391305,0.514568286869854,2432.74347826087,0.515431206112444,82628.8742857143,0.52046511627907,2448.11142857143,0.561276046606041,0.538634780774042,0.539712185040062,0.520122436960656,1.05545796901176,0.987185586827632,1.0213217779197,0.834723607123995,1.06502597762965,0.939942354871425,1.16030806037493,0.844921374786374,1.03408969345612,1.00912161837044,1.11186731338707,0.935549531890698,1.07317203212629,0.723155021770632,1.26812341421238,0.938137833603323,1.10345896271762,0.905186540084324,1.05321666359474,0.525182707647449,0.529932111142559,0.520433304152338
"EX","collapse_sum",1.09944691065572,1.02591478476895,1.06216783288056,1.05239152836096,1.00826608824359,1.03035427757374,1.20974300634543,1.12012459881288,1.06405807327665,1.09209133604477,0.797282083392063,1.01371726754328,1.03298109830786,1.15601955075679,0.801827153238319,0.989005346578597,1.0039598808205,1.20520761936259,1.01348216300869,0.848271621399055,0.942728508734046,1.19551770685821,1.00864153202753,1.0275458527492,0.865928152659157,1.09788446256411,0.725431696614115,0.792011534290632,0.959684766202144,1.52287200289311,0.701299531963276,0.940182853203447,1.09982514253229,1.25869247230099,0.805048994338804,0.925274561874259,0.881618563563495,1.38805788022344,0.777088792108482,0.972129302332892,0.959366484695675,1.29141542086295,0.794491344949644,0.910201874774039,0.947526473914063,1.34778030636226,0.885692966819565,0.924527286317693,1.04072013094853,1.14905961591421,0.870338066490445,0.939035378594224,0.854622478554282,1.33600407636105,0.974529963728317,0.953419926084314,0.913274855688129,1.15877525449924,0.881066312895243,0.998647109132652,0.968431838830035,1.15185473914207,0.886776835779851,1.02485560058665,0.98532188494127,1.10304567869223,0.968361817572192,0.983645522351695,0.757512955882994,1.29047970419312,0.983157417189,1.03002308526892,0.92863423798368,1.0581852595584,0.883670058251528,0.93214726965894,0.940845866607249,1.24333680548228,0.933444492214302,1.00584695263822,0.915999320365663,1.14470923478181,0.530652610845714,0.539880881087699,0.518265568684064,0.54338991336537,0.548266230894824,16.054187129857,81634.9358695652,0.554273797486639,2512.97934782609,0.520378702399494,78198.2,0.541395348837209,2467.10571428571,0.518265876285316,0.531495531280573,16.1934078434205,83877.2217391305,0.514568286869854,2432.74347826087,0.517541238892065,82628.8742857143,0.52046511627907,2448.11142857143,0.560748012253884,0.536824597982353,0.542541858447689,0.521588000728624,1.05372810234074,0.99241553595253,1.02307181914664,0.837513770839238,1.06348600628648,0.943560445600857,1.15543977727342,0.8474883542307,1.03706923604768,1.00895575956878,1.10648665015284,0.918967394851196,1.08073963100767,0.714170568422959,1.28612240571818,0.931206663288036,1.09856517247431,0.912042904679259,1.0581852595584,0.525825843716336,0.529123374288914,0.522528313143757
"EX","main_supp",1.10928227542157,1.01736758609569,1.06268366548426,1.06077146453683,1.00108683484377,1.03096331956158,1.21361708158975,1.12818022860478,1.05949087490922,1.093835551757,0.793030688210606,1.00294571312554,1.03423906445094,1.16978453421291,0.793126444537372,0.973208785048703,1.03557726765091,1.19808750276301,1.023992908735,0.845027575994234,0.936272750058877,1.19470676521189,1.0232345872806,1.04005688625701,0.857306511050997,1.07940201541139,0.726800111697194,0.787952692348607,0.945922111703634,1.53932508425057,0.701098642064831,0.927746459771198,1.10726248335507,1.2638924148089,0.805909898523206,0.914431273975866,0.876412426967067,1.40324640053386,0.799514697828236,0.973561052090362,0.952978176109625,1.27394607397178,0.790834747977633,0.904572628229314,0.938384352270059,1.36620827152299,0.87986404099305,0.90798832116558,1.04494446932421,1.16720316851716,0.868375308557992,0.941057601523125,0.881177875799658,1.30938921411922,0.994126295538094,0.951097362774785,0.906069921560132,1.14870642012699,0.874943848301133,0.998491590771266,0.963647724390554,1.16291683653705,0.877330624021531,1.00644346886782,0.981182451393915,1.13504345571673,0.995137111734749,0.969884817639829,0.763014314559622,1.2719637560658,0.983993715931127,1.04481454860045,0.916936958989857,1.05425477647857,0.885976381166046,0.926352515319949,0.944140624023892,1.24353047949011,0.936334976497437,1.00173838437939,0.912035373197521,1.14989126592565,0.530090666043686,0.540089008567722,0.518625616607608,0.545129210043775,0.550932279668179,16.054187129857,81634.9358695652,0.554273797486639,2512.97934782609,0.523616305615186,78198.2,0.541395348837209,2467.10571428571,0.515466026924333,0.529245737467264,16.1934078434205,83877.2217391305,0.514568286869854,2432.74347826087,0.51501344443993,82628.8742857143,0.52046511627907,2448.11142857143,0.562362722098357,0.540454374107183,0.540955555643426,0.518743117041223,1.06053621424083,0.984395282729034,1.02246574848493,0.83556824472466,1.07234510665529,0.928559549515023,1.16352709910503,0.835840346405673,1.01571176635448,1.00831704312097,1.14013084411888,0.940782640649313,1.07447449748037,0.717136404279459,1.26760645759085,0.930313206400515,1.11596228586409,0.899469731256826,1.05425477647857,0.526142638080567,0.532255256737618,0.520030019423517
"EX","primary_kin",1.05688888888889,1.4258064516129,1.22384428223844,1.26133333333333,1.31052631578947,1.28257575757576,1.38814814814815,1.21033591731266,1.63203883495146,1.39755747126437,0.575757575757576,1.8030303030303,0.606060606060606,1.01515151515152,0.283870967741935,0.903225806451613,1.5741935483871,1.23870967741935,0.93763440860215,1.03655913978495,0.658064516129032,1.36774193548387,0.0967741935483871,0.225806451612903,1.1505376344086,2.52688172043011,0.75,0.321428571428571,2.17857142857143,0.75,0.313725490196078,1.16078431372549,1.02745098039216,1.49803921568627,0.214285714285714,0,1.5,2.28571428571429,0.171428571428571,0.60952380952381,0.476190476190476,2.74285714285714,0.854700854700855,0.777777777777778,1.36752136752137,1,0.196078431372549,1.30196078431373,0.836601307189542,1.66535947712418,0.27536231884058,0.217391304347826,1.6231884057971,1.88405797101449,0.347368421052632,0.584795321637427,1.50409356725146,1.56374269005848,0.666666666666667,0.666666666666667,2.23809523809524,0.428571428571429,1.23636363636364,0.424242424242424,1.17575757575758,1.16363636363636,0.99047619047619,1.08571428571429,0.304761904761905,1.61904761904762,0.527777777777778,0.444444444444444,1.27777777777778,1.75,0.470402298850575,0.73448275862069,1.33505747126437,1.46005747126437,0.822727272727273,0.612121212121212,1.4030303030303,1.16212121212121,0.582835439047457,0.598181029462947,0.554765041721564,0.539729937246217,0.544770651772674,0.994826032089418,4685.71007751938,0.558350717247418,2572.18449612403,0.511053140096618,4720.024,0.562073089700997,2587.796,0.634979191226378,0.665073638414843,1.16722252685224,5618.77669902913,0.665429152017547,3057.57184466019,0.612280701754386,5510.77894736842,0.65952963804861,3109.81052631579,0.492867843207517,0.624151417813502,0.703892817760374,0.633745879644764,1.32820512820513,1.49444444444444,1.39621212121212,0.666666666666667,0.380952380952381,2.52380952380952,0.428571428571429,1.02222222222222,0.666666666666667,1.07777777777778,1.23333333333333,1.02222222222222,0.4,1.02222222222222,1.55555555555556,0.416666666666667,0.388888888888889,1.44444444444444,1.75,0.560914502164502,0.519908424908425,0.620145502645502
"EX","secondary_kin",0.9446101223879,1.27557997557998,1.10697269187835,1.1260667903525,1.31908068783069,1.23897660074131,1.25516621743037,1.12787764112267,1.49624470511567,1.29397769906861,0.508611955420466,1.93110435663627,0.6403242147923,0.919959473150963,0.839801375095493,0.816271963330787,1.20744843391902,1.1364782276547,0.91452380952381,1.11904761904762,0.719642857142857,1.24678571428571,0.515789473684211,0.317543859649123,1.03358395989975,2.13308270676692,0.665024630541872,0.413793103448276,2.21674876847291,0.704433497536946,0.888888888888889,1.09722222222222,0.694444444444444,1.31944444444444,0.231746031746032,0.603174603174603,1.77407407407407,1.39100529100529,0.211640211640212,0.64625850340136,0.667876039304611,2.47422524565382,0.763066202090592,0.923344947735192,1.49651567944251,0.817073170731707,0.455486542443064,1.35748792270531,1.04830917874396,1.13871635610766,0.452696456086287,0.576271186440678,1.11551104262969,1.85552131484335,0.307692307692308,0.68034188034188,1.70388278388278,1.30808302808303,0.63047619047619,0.80952380952381,1.99238095238095,0.567619047619048,1.66719946719947,0.435897435897436,1.00552780552781,0.891375291375291,1.16147186147186,0.431168831168831,0.752380952380952,1.65497835497835,0.669108669108669,0.497435897435897,1.57728937728938,1.25616605616606,0.511669421487603,0.90037518037518,1.35132782369146,1.23662757444576,1.03147723735959,0.490569561157796,1.40663780663781,1.07131539484481,0.554436479127133,0.572910706086842,0.533055845673067,0.503617008649308,0.515668018935187,1.34434775912521,6668.23841059602,0.521458273745352,2483.13046357616,0.484624920455666,6652.44285714286,0.523255813953488,2447.08214285714,0.607210544623335,0.642617526731197,1.88704452898939,9132.85322580645,0.637347283249384,2872.13467741935,0.585463873552642,9537.90833333333,0.633935492801772,2902.12916666667,0.48998399863657,0.546191057550935,0.65892493268829,0.627815419785528,1.15620241827138,1.41991028295376,1.27284243534244,0.563809523809524,0.742857142857143,2.12571428571429,0.567619047619048,1.19097093382808,0.904761904761905,0.933704390847248,0.97056277056277,0.820476190476191,0.571428571428571,0.987619047619048,1.62047619047619,0.412698412698413,0.569230769230769,1.76190476190476,1.25616605616606,0.537259417170131,0.493686211161581,0.592199546485261
"EX","primary_connectedkin_sum",1.02705314009662,0.901587301587301,0.967171717171717,1.16666666666667,0.82,0.997560975609756,0.955882352941177,1.13666666666667,1.03928571428571,1.08522012578616,0.941176470588235,1.15686274509804,0.96078431372549,0.941176470588235,0.982857142857143,0.815238095238095,1.61904761904762,0.582857142857143,1.31372549019608,0.92156862745098,0.840336134453782,0.92436974789916,1.17241379310345,0.979310344827586,0.331034482758621,1.51724137931034,1.16666666666667,0.333333333333333,1.72222222222222,0.777777777777778,0.625,2.125,0.5,0.75,1.28190476190476,0.177142857142857,1.52380952380952,1.01714285714286,0.756756756756757,1.19382239382239,0.61003861003861,1.43938223938224,1.07692307692308,0.487179487179487,1.05128205128205,1.38461538461538,0.520833333333333,1.38194444444444,0.291666666666667,1.80555555555556,0.345098039215686,0.941176470588235,1.27058823529412,1.44313725490196,1.40983606557377,1.04262295081967,0.727868852459016,0.819672131147541,0.181818181818182,1.27272727272727,1.21212121212121,1.33333333333333,1.1,0.8,1.5,0.6,0.95,2.35,0,0.7,1.12222222222222,0.611111111111111,0.261904761904762,2.0047619047619,0.870754716981132,0.958805031446541,0.838993710691824,1.3314465408805,0.83089430894309,1.1739837398374,0.767711962833914,1.2274099883856,0.490282811503742,0.526353980502168,0.514617313875002,0.48723385815398,0.547438373447205,0.706951827242525,3841.906,0.516142857142857,2794.509,0.533816425120773,3759.87619047619,0.501218161683278,2780.93333333333,0.493622141363005,0.507528629658385,0.919438182249644,4874.85714285714,0.489493355481728,2545.94017857143,0.494458247066943,4859.74,0.494584717607973,2578.05,0.513335373865265,0.584383289660973,0.595836378029473,0.433697561348132,1.26190476190476,0.791428571428571,1.03240418118467,0.2,0.866666666666667,1.73333333333333,1.2,0.636363636363636,1.21212121212121,1.36363636363636,0.787878787878788,1.45,1.85,0,0.7,1.01111111111111,0.817460317460318,0.166666666666667,2.0047619047619,0.520365853658537,0.552891156462585,0.486214285714286
"EX","secondary_connectedkin_sum",1.02881562881563,0.96608527131783,0.995920441347271,1.11160714285714,1.06360544217687,1.10704948646125,1.21527777777778,1.24500768049155,1.16009070294785,1.19894570374275,0.8,1.3,0.85,1.05,0.965413533834586,0.811027568922306,1.1453634085213,1.0781954887218,1.09302325581395,1,0.475747508305648,1.4312292358804,0.875968992248062,1.16666666666667,0.593023255813954,1.36434108527132,0.904761904761905,0.507936507936508,1.68253968253968,0.904761904761905,0.607142857142857,1.11904761904762,0.476190476190476,1.79761904761905,1.09544973544974,0.286984126984127,1.85185185185185,0.765714285714286,0.755102040816326,1.32186588921283,0.554907677356657,1.36812439261419,0.888888888888889,0.656084656084656,1.41798941798942,1.03703703703704,0.421545667447307,1.05230288836846,1.01639344262295,1.50975800156128,0.454228855721393,0.716417910447761,1.00199004975124,1.8273631840796,1.05,1.05625,1.135,0.75875,0.333333333333333,1.11538461538462,1.35897435897436,1.19230769230769,1.31601731601732,0.848484848484849,1.22943722943723,0.606060606060606,0.866666666666667,1.33650793650794,0.561904761904762,1.23492063492063,0.90625,0.71875,0.8125,1.5625,0.723791952205236,0.87831664030926,1.14120541205412,1.25668599543138,0.857049486461251,0.928851540616246,0.998692810457516,1.21540616246499,0.521773390865138,0.548996687657094,0.536833380695273,0.501518868728171,0.558412225338943,1.13316096881363,5823.72903225806,0.531880291501447,2774.16129032258,0.521908068783069,5628.3,0.522792081949059,2802.975,0.540143771407968,0.541054329340432,1.37251904083893,7043.05986394558,0.550205663660813,2709.40544217687,0.545981834762891,7230.96428571429,0.552450166112957,2738.79285714286,0.509842276282494,0.608574631741506,0.625099946695096,0.470666124805901,1.12549603174603,1.04574829931973,1.08255494505494,0.277777777777778,1.11111111111111,1.52777777777778,1.08333333333333,0.956349206349206,1.15277777777778,1.12698412698413,0.763888888888889,1.2,1.0031746031746,0.561904761904762,1.23492063492063,0.78125,0.90625,0.75,1.5625,0.539755363683935,0.538545209750567,0.540792638483965
"EX","non_primary_connectedkin_sum",1.10403499110169,1.01728393724522,1.06005422426283,1.05131791454256,1.00505226673968,1.02817949154068,1.2178363431301,1.12712090250568,1.05313456291858,1.09012773271213,0.796098542838111,1.00122467970622,1.0267959409384,1.17588083651727,0.797408371619017,0.988921010478037,0.991606987642502,1.22206363026044,1.03785560815567,0.840949649515145,0.950766647163112,1.17042809516607,1.01900722067834,1.03465597392623,0.879355176304751,1.06698162909069,0.71464032324363,0.794917946164862,0.939762274874518,1.55067945571699,0.693535906320647,0.923734816939411,1.10414320560355,1.2785860711364,0.795062682444526,0.947720520424939,0.870139780229846,1.38707701690069,0.801957359024678,0.960823811241057,0.981505211110829,1.25571361862344,0.78729011980927,0.900477541900838,0.944780647415607,1.36745169087429,0.892843982684561,0.906072201142726,1.05460669398903,1.14647712218368,0.900334170635252,0.953789163362368,0.830044457403442,1.31583220859894,0.984869090689018,0.944386072075635,0.926102130311989,1.14464270692336,0.896849019730108,0.984479242263787,0.949103096057599,1.16956864194851,0.882929472578831,1.03141389601711,0.966851641835272,1.11880498956879,0.982715643742062,0.946095171863239,0.791673940533265,1.27951524386144,0.996329386699593,1.05125713901888,0.946462165381772,1.00595130889975,0.893630237834335,0.926114296741407,0.941382375081203,1.23887309034305,0.94358643489095,1.0000545820277,0.919473638184713,1.13688534489664,0.529323442265414,0.538858815067601,0.51692613252946,0.545492725833521,0.55009415006437,15.6699741802687,79546.9434782609,0.554810956232847,2516.56956521739,0.521022384948449,75942.2742857143,0.542093023255814,2468.25428571429,0.513599184850557,0.527623480070832,15.6337498194424,80909.9173913043,0.517803878376426,2457.7875,0.514256953638319,79851.88,0.523355481727575,2480.84,0.564064730133885,0.537287785000648,0.536473404363136,0.519685919107632,1.05111222399439,0.990098235303852,1.02060522964912,0.851363750483892,1.05933475872491,0.913087856586011,1.17621363420519,0.852629104908007,1.03294143197219,0.995417092998235,1.11901237012157,0.916754066462655,1.06337183483398,0.744237329308637,1.27563676939473,0.948237189231764,1.10903965558421,0.936771846284274,1.00595130889975,0.524586722183387,0.529555875935431,0.519617568431343
"EX","non_secondary_connectedkin_sum",1.09855071991121,1.00135169684635,1.04927307565972,1.04318518783874,0.983506363563275,1.0122216696835,1.20466087390258,1.11586732755071,1.03380333542717,1.07483533148894,0.808815291644491,0.998201602345583,1.02036292111912,1.1726201848908,0.795206048304317,1.00341578060645,1.00876402305943,1.1926141480298,1.0656308595428,0.847961744806538,0.944764371422082,1.14164302422858,1.04120093590917,1.04134974646644,0.879611630925441,1.03783768669895,0.732308669882986,0.786758549065327,0.941344429780815,1.53958835127087,0.705816653382194,0.954085597617605,1.1141864395924,1.2259113094078,0.800316990238836,0.956407910013491,0.850875220349318,1.39239987939836,0.816054362325025,0.964486715996663,0.984789370487433,1.23466955119088,0.795988845050469,0.908856645548198,0.925372654348896,1.36978185505244,0.918045802639275,0.908354408700888,1.0472104001342,1.12638938852563,0.897061496995542,0.981532616628622,0.828779608481794,1.29262627789404,1.02013831877801,0.960507915010644,0.86813134423809,1.15122242197326,0.90342072430195,0.995086285220385,0.927001542518784,1.17449144795888,0.874665685711562,1.05497611898763,0.962512116295924,1.10784607900489,0.991282336326869,0.981738421705475,0.769443937424669,1.25753530454299,1.01664649906092,1.07297581560691,0.918324925349293,0.992052759982878,0.910807561352964,0.939521775669155,0.919232495447274,1.23043816753061,0.950073241563946,1.02548341906906,0.89931983664949,1.12512350271751,0.525249200883223,0.535053833991844,0.513061474915553,0.543923065249804,0.546587947574301,15.290535172613,77710.2489130435,0.54907283692041,2497.99891304348,0.519018701085432,74338.7942857143,0.537607973421927,2460.93142857143,0.507089296086364,0.523519720409387,15.096884479272,78250.4293478261,0.508899682218691,2439.06847826087,0.50887047023532,76844.1028571429,0.512225913621263,2452.34285714286,0.563111784186902,0.531441097346083,0.533881900358579,0.514225806434338,1.04321136131189,0.968970741716061,1.00609105151398,0.861013789005676,1.06671505941283,0.882613540017191,1.18965761156431,0.841310214073054,1.05890169065211,0.998900091070179,1.10088800420466,0.923053616703563,1.10071996323672,0.722569589983436,1.25365683007628,0.975991564032315,1.1222249482394,0.909730727745408,0.992052759982878,0.521001051695295,0.52759961022938,0.51440249316121
"EX","rev_loan",1.08132375993055,0.987856842443999,1.03393820641411,1.02400381160289,0.970890646857034,0.997410232552136,1.12220126464367,1.05721816929703,1.06115483810497,1.059186503701,0.841769589963604,0.782838649711715,1.05522316234391,1.32016859798078,1.06193542305582,0.996343768333735,0.740432563843935,1.20128824476651,0.766609599550776,1.26421069126951,0.821540093893035,1.14763961528667,1.0366201699535,0.981011169900059,0.978004916893806,1.00436374325263,0.757251935953762,0.924313452305339,1.13427591865726,1.18415869308364,0.687046373532442,1.14011544355198,0.83368962135216,1.33914856156342,0.786391457596019,0.974868273407119,0.896502752810664,1.3422375161862,0.688843140281271,1.09897739840564,0.84104603409507,1.37113342721802,0.878041877908188,0.921146723152071,0.773837303516448,1.42697409542329,0.912833828229995,1.05190697182617,0.981208032448736,1.0540511674951,0.647692027002372,1.22078087940157,0.935340266374749,1.19618682722131,0.935684785533178,0.950272706427952,0.852449000811645,1.26159350722722,0.965876824700354,1.0205342950441,0.887637779794643,1.1259511004609,0.866897689421503,1.04865131248422,1.03216955944463,1.05228143864965,0.896206516794752,1.16475735593383,0.714753764753765,1.22428236251766,0.952057939639639,1.10356810945046,0.782989867793789,1.16138408311611,0.847854248130231,1.03377274446778,0.886836440428964,1.23153656697303,0.915395129426998,1.08978440546873,0.846893635284508,1.14792682981976,0.526216731695736,0.535242257347636,0.515285226819959,0.537156186243895,0.529477440090526,6.67093564928499,33862.0847826087,0.536048317203524,2480.10054347826,0.513573538285794,32292.3028571429,0.538239202657807,2447.28857142857,0.515578363052572,0.541007074604745,6.33149646107179,33431.4467391304,0.500823342481583,2426.15217391304,0.515594011012961,32882.9428571429,0.489136212624585,2416.48,0.543953523625584,0.516207696850057,0.545034879633596,0.537394507207734,0.98909943026994,0.969823856504529,0.979461643387234,0.899113420220687,1.12534186305813,0.873858936142673,1.10168578057851,0.8224938822563,1.1968005658195,0.893477599792941,1.08722795213126,0.813340036869449,1.28263784146137,0.688143120496062,1.21587900117312,0.894594415509448,1.1321114796605,0.811910021713943,1.16138408311611,0.521347693231199,0.519449676767708,0.523245709694689
"EX","rev_behav",1.03188538736281,1.01601316174638,1.0238385380968,0.976425497208106,1.01349730428409,0.992817984193761,1.21970229839543,1.09268460246957,0.992759503903698,1.04272205318664,0.905633979547023,0.92890551477508,1.01710810660086,1.14835239907704,0.991804686541529,1.05002541318331,0.924777853725222,1.03339204654994,0.941687368406736,0.999810571510176,1.14443029083345,0.914071769249635,1.07635840882801,0.918581295687905,0.97478769487676,1.03027260060732,0.669557645419714,1.00492113250734,0.968567447877793,1.35695377419515,0.605830514514725,0.8446776264671,1.20629260602945,1.34319925298873,0.695286623277395,1.03758409189065,0.848259581802366,1.41886970302959,0.872813743288127,0.957214514349239,0.825757904334754,1.34421383802788,0.691899372037712,1.11113328371234,0.908128076359302,1.28883926789065,0.702350751100751,1.12291167166167,0.791703574203574,1.383034003034,0.984533033329687,1.15183635259387,0.636747542768217,1.22688307130823,1.01590380467038,0.889254607577966,0.908348346093224,1.18649324165843,0.96609539145771,1.12528180354267,0.747300820489226,1.16132198451039,0.929622273151685,1.07069688481453,0.911569476275359,1.08811136575842,1.03276577448068,0.972226860798674,0.869443369779889,1.12556399494076,1.04028020225804,0.90251501442891,1.02162029186752,1.03558449144553,0.84921157553723,1.0653443180895,0.813656629443041,1.27178747693023,1.00274845233216,1.01161557928031,0.879554014156365,1.10608195423116,0.512663546591875,0.530190316574799,0.510704097647515,0.522275972168835,0.548444409143527,6.5887070273003,34994.4945652174,0.52050231113679,2509.95923913043,0.515089317619699,32742.52,0.513953488372093,2444.26285714286,0.503315683186757,0.511936224006071,6.18744944388271,33120.7565217391,0.478610248447205,2324.28315217391,0.508527095411874,33101.8342857143,0.486644518272425,2388.92571428572,0.545806815785314,0.550862203055223,0.505174044523395,0.518001271583317,0.998097093382807,0.98476718347322,0.991432138428013,0.868570616652458,1.25618682255511,0.763254577193196,1.11198798359924,0.816085632027661,1.07348809000983,0.923345253780036,1.18708102418247,0.970982509063004,1.15441146400899,0.800192927127912,1.0744130998001,0.935637639175576,1.00517345052724,1.02360441885165,1.03558449144553,0.518406619317411,0.52712892167972,0.509684316955102
"EX","rev_exchange",1.08717066937783,0.9482453648924,1.01673877082475,1.10197814861757,0.96706176805373,1.03340994162876,1.22592559616705,1.10583486458213,1.0665688505883,1.08620185758521,1.06306642007125,0.904697753490024,1.20601486543516,0.82622096100357,0.870194207111123,0.807893345188716,0.999033515527091,1.32287893217307,1.03800435215408,1.03397157209991,0.912690325717064,1.01533375002894,1.15345774282972,0.98216882419781,0.887673607480371,0.976699825492096,0.626457284178424,0.89314646705951,1.07990912968424,1.40048711907782,0.700993559817089,0.874748802395861,0.773552765317471,1.65070487246958,0.832380877678548,1.03532489943189,1.03707144164435,1.09522278124521,0.887403337588098,0.848425919099044,0.949213375813795,1.31495736749906,0.954426173299691,0.843118738968541,0.95308598954844,1.24936909818333,0.995719218752686,0.784164297436609,0.947700698530218,1.27241578528049,0.73479945537799,1.01507711809149,1.17363371111321,1.07648971541731,1.07442355940787,0.897364080712355,1.02334256957744,1.00486979030233,1.02411539078206,0.864526831193498,1.0872232705566,1.02413450746784,0.883579133060894,0.814419078774981,1.21229554161308,1.08970624655104,0.957436845620989,1.05464635393024,0.787705111029919,1.20021168941885,1.23643931295253,0.880241900595694,1.10244582388657,0.780872962565205,0.944905397095324,0.882690887734251,1.02234020721474,1.15006350795568,1.03041112196994,0.902768994772541,1.0510893609568,1.01573052230072,0.50973524780492,0.525604707451173,0.507226480721754,0.527105530346819,0.533038173327311,5.49327693918821,29042.3956521739,0.511914090712119,2456.49239130435,0.523390968494014,28689.96,0.543455149501661,2549.80857142857,0.492843046433898,0.518171241575035,6.26611295681063,32728.9663043478,0.498017477971977,2377.33260869565,0.492534841142353,31838.9657142857,0.475647840531561,2297.65428571429,0.533630990945426,0.532494757177372,0.541097875687935,0.497608177989238,1.08942771078763,0.934611988141765,1.0120198494647,0.988429870782812,0.913175060233884,1.01401735519383,1.08437771378948,0.837985460029701,0.907168785391516,1.24684276511126,1.00800298946752,0.898935869472954,1.16289522923794,0.715548248284821,1.22262065300428,1.12723947139974,1.06865120371088,1.02323636232417,0.780872962565205,0.514638081267204,0.531314494238255,0.497961668296153
"EX","rev_info",1.10617586322914,1.02870577434798,1.06690032979636,1.05387873097957,1.01408320251177,1.02826226440037,1.15092660469031,1.07956200697569,1.11635902744598,1.09796051721084,0.779963083394456,0.790868735476579,1.0769598593128,1.35220832181617,1.05999232542219,0.952811497200637,0.791922599773278,1.19527357760389,1.09496594314776,0.938296451023724,1.07397945488855,0.892758150939969,0.894851239295684,0.955384122050789,1.06039392706059,1.08937071159293,0.636612576064909,0.828883737403007,1.15654238706977,1.37796129946231,0.852876339346928,1.07016591251885,0.797632302338185,1.27932544579603,0.824937860810571,1.06351820257317,0.851965317442656,1.2595786191736,0.784913294590714,0.824448311545086,1.1039641362222,1.286674257642,0.732675446211542,0.886587176192791,0.983947091233188,1.39679028636248,1.0393608025961,1.00466076679312,0.813567872759049,1.14241055785173,0.895788757857723,0.923969415003898,0.994711648504752,1.18553017863363,0.923336686223284,0.796878951518127,1.08624891717675,1.19353544508184,0.749483033306563,0.92951075794213,1.02503803386156,1.29596817488974,1.14070496977071,0.977330358991259,0.701992471196623,1.1799722000414,0.963014175367117,1.09657923775571,0.785856039385451,1.15455054749172,0.90302043635377,0.985928885928886,1.00338797005464,1.10766270766271,0.90149825220957,0.902580713368757,0.969010647281108,1.22691038714057,0.949395477119263,0.994079994079994,0.875022048142253,1.18150248065849,0.527221402743147,0.538718399624319,0.517691722955539,0.54052557434299,0.538681830466255,6.56655171168569,33781.4804347826,0.539182796475516,2492.65163043478,0.529022688701169,32329.3657142857,0.550598006644518,2566.14,0.514283401003851,0.538754968782383,6.45989906832298,33614.2336956522,0.532983352592807,2458.95706521739,0.510410144835611,33125.6857142857,0.525514950166113,2429.01142857143,0.573580198752999,0.506691659536741,0.542760637177804,0.535162255891644,1.06161321871406,1.00626546469404,1.03393934170405,0.688890636468491,0.990820214003605,1.00238619511976,1.31790295440814,1.08701908113673,0.975869265084951,0.739312648136178,1.19779900564214,0.852622018504371,1.22877769289534,0.79803666921314,1.12056361938715,0.864714298047631,1.03404250070917,0.993580493580494,1.10766270766271,0.526459948974595,0.536667415850789,0.5162524820984
"EX","rev_male",1.05282688078082,0.983983492672105,1.01792488401873,0.993545637742703,0.997052676548475,0.987984652176684,1.18264962724858,1.11574691224338,1.03326130213918,1.07450410719128,1.00637180970784,0.77420452666635,1.06292938986064,1.15649427376518,0.991555876052185,1.02093602991436,0.742805502295857,1.2447025917376,0.950416214801241,1.00779094939523,1.07381922889944,0.967973606904088,1.11682100276872,0.990405007725269,0.876438122516554,1.01633586698946,0.673409664484715,0.959991715519099,1.08209140420094,1.28450721579525,0.778046866510994,0.857909932307563,1.03338612300788,1.33065707817357,0.675253708040593,1.13539138457171,0.712172072008138,1.47718283537956,0.982814355157809,0.901155412161105,0.921418334985697,1.19461189769539,0.80466871840359,0.801116432899433,1.03919248340864,1.35502236528834,0.79391861117699,1.1237485031956,0.888633781907607,1.1936991037198,0.791230161919817,1.02292911430842,0.923382364761675,1.26245835901008,1.08005630916486,0.960438368989006,0.945858952044519,1.01364636980162,1.00369401171775,0.948876064691338,0.870380658022557,1.17704926556836,1.0029307242597,1.0738659806019,0.836475278254316,1.08672801688408,1.09188585347755,0.983838114979984,0.90322979596336,1.02104623557911,0.922176770215986,1.01776796188561,0.961000600706483,1.09905466719192,0.871275869479681,0.979715916137756,0.947935776319768,1.20107243806279,1.01489211443972,1.00913858120691,0.881012303171351,1.09495700118202,0.512514100191357,0.53034560725345,0.506924178651753,0.520205059731731,0.544010341814229,6.6512377220858,34658.8891304348,0.533419399104435,2522.7625,0.516200842157235,32385.0171428572,0.517275747508306,2452.66,0.505034818436499,0.516680872692672,6.40841307958977,33743.3945652174,0.495009388993211,2344.73315217391,0.502185706315228,33612.52,0.497076411960133,2381.7,0.559745308815833,0.529586622062758,0.547317693572496,0.489202486955098,1.03098629821742,0.985235343554671,1.00811082088604,0.905614092902383,0.983021672877801,0.891220567408876,1.22014366681094,0.915037949674733,1.06963711179846,0.941552069606541,1.07377286892026,0.92613330537206,1.22864242639329,0.848242203778536,0.996982064456113,0.844091892131108,1.06714913626678,0.989704304410187,1.09905466719192,0.515736878216067,0.524245694811216,0.507228061620919
"EX","rev_female",1.12555920521945,1.00993799858599,1.06694194232156,1.06023615697846,0.984532213670648,1.02270859380752,1.21954498932535,1.08820878696769,1.06839982819337,1.07830430758053,0.655718922746787,0.930449185222147,1.07884459976823,1.33498729226283,1.02235500007239,0.895498281911326,1.05831348603088,1.02383323198541,1.14955266955267,1.04103209921392,0.956703094884913,0.8527121363485,0.925109832325174,0.840655982972805,1.17932665189287,1.05490753280915,0.57678241298931,0.853743957192233,1.06522500488018,1.50424862493828,0.677860904295148,1.00908664651631,0.998934646738524,1.31411780245001,0.841840448204961,1.03991596103457,0.889456691385332,1.22878689937513,0.722713090931472,0.875252432531123,0.972808582071432,1.42922589446597,0.558597310451377,1.16342601444276,0.890101624850429,1.38787505025543,0.945083934430162,0.971594334374066,0.736596936205312,1.34672479499046,1.14468276426214,1.02113100197866,0.689468075546863,1.14471815821234,0.864151265485407,0.727632915564996,1.07320505113107,1.33501076781853,0.654761142041844,1.14741015969086,0.944222525362876,1.25360617290442,1.01496092042955,0.94647352547157,0.795845243468231,1.24272031063065,1.04446037622508,1.10258186258186,0.693248189718778,1.15970957147428,1.02559668287222,0.895682593979808,1.08663599424693,0.992084728901034,0.878518190945401,0.964873193893536,0.85088821031206,1.305720404849,0.945747867993942,1.00883494439102,0.882174517639938,1.1632426699751,0.526208518975784,0.540097037196046,0.519037763280462,0.550386757034351,0.551931736079297,6.47160280947566,33758.7097826087,0.557970713563484,2620.8722826087,0.536141674848449,32326.5657142857,0.560897009966777,2611.80285714286,0.502695737010573,0.528262338312795,6.29044037989311,33340.5532608696,0.498567275747508,2380.25489130435,0.503322282768507,32963.5714285714,0.5021926910299,2408.01142857143,0.572239015073744,0.533316730334387,0.49511673556251,0.557990868614598,1.06157796642951,0.957973804759298,1.00977588559441,0.588676768707728,1.26666529205229,0.93495728557648,1.2097006536635,0.954209123262832,0.942942394349044,0.766205226051773,1.33664325633635,0.965517097281803,1.2557972746208,0.673878017407429,1.10480761068996,0.93822624648218,1.01618982821253,1.05349919640425,0.992084728901034,0.526802217043849,0.547316730776709,0.506287703310989
"EX","rev_sum",1.12407258687488,1.01276736933372,1.06764343007495,1.01932419510371,0.949768335471465,0.980862737575534,1.18256201874456,1.10204064277145,1.02851302423771,1.06527683350458,0.74716472333022,0.883119037529188,1.08111829891466,1.28859794022593,0.906763555743561,0.971338146104834,0.82284336089549,1.29905493725612,0.916538389327921,1.0916770068188,0.967249438085543,1.02453516576773,0.91758842609189,1.02250169792995,1.01472263916341,1.04518723681475,0.679611014066991,0.891684502767403,1.0589835173969,1.36972096576871,0.684191032813997,1.01214602718415,0.972694910437258,1.33096802956459,0.780124501444795,1.04945858432218,0.835517408022363,1.33489950621066,0.83553380671523,0.863157714370138,0.975679532499617,1.32562894641502,0.739308865939626,0.97923952090387,0.898667821227241,1.38278379192926,0.848271019321311,1.01857049544826,0.807708116381199,1.32545036884923,0.876523830703232,1.14844651543232,0.771898479863648,1.2031311740008,0.968677690529784,0.900753102941669,0.928407719102871,1.20216148742568,0.921143416125207,0.984047302363465,1.0010096601844,1.09379962132693,1.0213217942356,0.999494288702283,0.906155805958128,1.07302811110399,1.10077656831619,1.1054054996928,0.727490673795379,1.06632725819563,1.02224295442245,0.978374898957804,1.030743557686,0.968638588933741,0.860631813342672,1.00881451964817,0.852808325928555,1.2777453410806,1.02840366144478,1.00987086340415,0.911944829547351,1.04978064560372,0.532358537224458,0.536684118606192,0.498989086337322,0.550891580249055,0.54949862635035,15.597521847465,80434.8858695652,0.532307164524051,2479.66304347826,0.512599696486116,77408.4571428571,0.537940199335548,2491.06285714286,0.514335577952831,0.523869610862035,15.9596670518561,83540.847826087,0.506472988588762,2395.07608695652,0.488730006868079,82382.9885714286,0.501196013289037,2375.75714285714,0.56003400521239,0.539841195726813,0.523944642461891,0.523802314478659,1.03199032270719,0.940128665890296,0.986059494298743,0.853615134345246,1.05695799935225,0.998076443284514,1.09135042301799,0.947576674425269,1.01247522211025,0.959488115808506,1.08045998765598,1.02295767592388,1.22336310355081,0.69154995623915,1.06212926428616,0.96086299697633,1.03933367727976,1.03116473681017,0.968638588933741,0.508029008263961,0.520830180278924,0.495227836248999
"EX","rev_collapse_sum",1.11728291021899,1.01243782006273,1.06412888776768,1.01242959613115,0.948351717404207,0.977014675947885,1.17862685459817,1.09544842969525,1.0283555674985,1.06190199859687,0.752937071139599,0.893382289963753,1.0630711034711,1.29060953542555,0.911887827579215,0.977242509612981,0.824533369862042,1.28633629294576,0.921790179843928,1.08679873271813,0.966079496439089,1.02533159099885,0.91080265488855,1.03023743835979,1.00634415596942,1.05261575078224,0.682049099272716,0.902231550182355,1.0525297535458,1.36318959699913,0.68940229294044,1.00986078450021,0.970097819730595,1.33063910282875,0.786579688509252,1.05490319620677,0.841228781221487,1.3172883340625,0.830460605694647,0.855481874947599,0.981461161505268,1.33259635785249,0.744361223186471,0.994346429690301,0.881531248902007,1.37976109822122,0.85204920733376,1.02158313036407,0.800112630608207,1.32625503169396,0.883346275622031,1.15416350912592,0.759032513321144,1.20345770193091,0.96359112060941,0.895190321529573,0.933115029057606,1.20810352880341,0.93169499658925,0.995767759248825,0.977077084861853,1.09546015930007,1.02229879015746,1.00332466076808,0.906879506219798,1.06749704285466,1.10764905653828,1.1051180673579,0.714565790684329,1.07266708541949,1.01746617997289,0.982441524219915,1.03034379149959,0.969748504307604,0.863097761474674,1.01309824133158,0.844928122063293,1.27887587513045,1.0317973126369,1.01417333546733,0.903837862152794,1.05019148974298,0.531652172774291,0.536155517094532,0.49831576442683,0.549102383036397,0.548250391596476,15.597521847465,80434.8858695652,0.532307164524051,2479.66304347826,0.511421033741719,77408.4571428571,0.537940199335548,2491.06285714286,0.514682243528574,0.524060642592587,15.9596670518561,83540.847826087,0.506472988588762,2395.07608695652,0.488560893561029,82382.9885714286,0.501196013289037,2375.75714285714,0.558361584549915,0.538981798055824,0.522830082553404,0.52516434077206,1.02484520980963,0.93895053889966,0.981897874354644,0.862427596711332,1.06769984380376,0.979337729134546,1.09053483035037,0.950905990312568,1.0184644999413,0.952248254135547,1.07838125561059,1.02806094300353,1.22308126204103,0.681144951948676,1.06771284300677,0.95851626167334,1.04170844895257,1.03002678506649,0.969748504307604,0.50739213796921,0.519576071218754,0.495208204719666
"EX","rev_main_supp",1.07891757961186,0.974918479732719,1.02619245455685,1.04653325369424,0.988490864025678,1.01454524489819,1.16983969985329,1.10303725106099,1.044074147202,1.07355569913149,0.849007642275564,0.87084717384387,1.04807625820888,1.23206892567169,1.00717389032579,0.962005206824916,0.837417195578832,1.19340370727046,1.0259268309105,1.07826942260894,0.915852405957438,0.979951340523127,0.992136771242513,1.0029924412519,0.981807809360084,1.0230629781455,0.669366811040351,0.917759423320734,1.05716371948582,1.3557100461531,0.700079683470289,1.03099547055774,0.945158266758067,1.32376657921391,0.762369556539591,1.08007077786995,0.852742447121427,1.30481721846903,0.827457341059098,0.871399436837275,1.0176256268876,1.28351759521603,0.752595256663494,0.9561367837694,0.923129831202382,1.36813812836472,0.874482716566687,0.997536783969372,0.876922680089983,1.25105781937396,0.875501344093008,1.09471927516064,0.827606872257388,1.20217250848897,0.978109444962774,0.881390760754734,0.974066192369352,1.16643360191314,0.869473663501341,0.995726335309896,0.933264498031451,1.20153550315731,0.988372996154518,0.962748901657293,0.902007823172755,1.14687027901543,1.00051997316992,1.11649165006306,0.738570243182393,1.14441813358462,0.957062975199435,0.977183798313997,0.998126239475187,1.06762698701138,0.872891186071387,0.979997415665629,0.901919078751815,1.24519231951117,0.964894621217658,1.00601488898597,0.888717783620632,1.14037270617574,0.52050907100548,0.536182265686426,0.515122407486103,0.536557129812214,0.54634887280374,15.597521847465,80434.8858695652,0.532307164524051,2479.66304347826,0.526407295742623,77408.4571428571,0.537940199335548,2491.06285714286,0.504902701890674,0.526015658569112,15.9596670518561,83540.847826087,0.506472988588762,2395.07608695652,0.506925119181326,82382.9885714286,0.501196013289037,2375.75714285714,0.559510152200435,0.534284366690103,0.529331215116309,0.523041911975234,1.04832339990615,0.970825405515879,1.00957440271102,0.785007520236206,1.10385787769482,0.915045107376456,1.19608949469252,0.905106909246749,1.01192921529446,0.921211247072342,1.16175262838645,0.904398475436916,1.26962076345461,0.688658799325905,1.13732196178257,0.882502696222702,1.06660255670688,0.983267760059036,1.06762698701138,0.523570082471669,0.534949906967643,0.512190257975694
"EX","rev_primary_kin",1.05688888888889,1.4258064516129,1.22384428223844,1.26133333333333,1.31052631578947,1.28257575757576,1.38814814814815,1.21033591731266,1.63203883495146,1.39755747126437,0.575757575757576,1.8030303030303,0.606060606060606,1.01515151515152,0.283870967741935,0.903225806451613,1.5741935483871,1.23870967741935,0.93763440860215,1.03655913978495,0.658064516129032,1.36774193548387,0.0967741935483871,0.225806451612903,1.1505376344086,2.52688172043011,0.75,0.321428571428571,2.17857142857143,0.75,0.313725490196078,1.16078431372549,1.02745098039216,1.49803921568627,0.214285714285714,0,1.5,2.28571428571429,0.171428571428571,0.60952380952381,0.476190476190476,2.74285714285714,0.854700854700855,0.777777777777778,1.36752136752137,1,0.196078431372549,1.30196078431373,0.836601307189542,1.66535947712418,0.27536231884058,0.217391304347826,1.6231884057971,1.88405797101449,0.347368421052632,0.584795321637427,1.50409356725146,1.56374269005848,0.666666666666667,0.666666666666667,2.23809523809524,0.428571428571429,1.23636363636364,0.424242424242424,1.17575757575758,1.16363636363636,0.99047619047619,1.08571428571429,0.304761904761905,1.61904761904762,0.527777777777778,0.444444444444444,1.27777777777778,1.75,0.470402298850575,0.73448275862069,1.33505747126437,1.46005747126437,0.822727272727273,0.612121212121212,1.4030303030303,1.16212121212121,0.582835439047457,0.598181029462947,0.554765041721564,0.539729937246217,0.544770651772674,0.994826032089418,4685.71007751938,0.558350717247418,2572.18449612403,0.511053140096618,4720.024,0.562073089700997,2587.796,0.634979191226378,0.665073638414843,1.16722252685224,5618.77669902913,0.665429152017547,3057.57184466019,0.612280701754386,5510.77894736842,0.65952963804861,3109.81052631579,0.492867843207517,0.624151417813502,0.703892817760374,0.633745879644764,1.32820512820513,1.49444444444444,1.39621212121212,0.666666666666667,0.380952380952381,2.52380952380952,0.428571428571429,1.02222222222222,0.666666666666667,1.07777777777778,1.23333333333333,1.02222222222222,0.4,1.02222222222222,1.55555555555556,0.416666666666667,0.388888888888889,1.44444444444444,1.75,0.560914502164502,0.519908424908425,0.620145502645502
"EX","rev_secondary_kin",0.9446101223879,1.27557997557998,1.10697269187835,1.1260667903525,1.31908068783069,1.23897660074131,1.25516621743037,1.12787764112267,1.49624470511567,1.29397769906861,0.508611955420466,1.93110435663627,0.6403242147923,0.919959473150963,0.839801375095493,0.816271963330787,1.20744843391902,1.1364782276547,0.91452380952381,1.11904761904762,0.719642857142857,1.24678571428571,0.515789473684211,0.317543859649123,1.03358395989975,2.13308270676692,0.665024630541872,0.413793103448276,2.21674876847291,0.704433497536946,0.888888888888889,1.09722222222222,0.694444444444444,1.31944444444444,0.231746031746032,0.603174603174603,1.77407407407407,1.39100529100529,0.211640211640212,0.64625850340136,0.667876039304611,2.47422524565382,0.763066202090592,0.923344947735192,1.49651567944251,0.817073170731707,0.455486542443064,1.35748792270531,1.04830917874396,1.13871635610766,0.452696456086287,0.576271186440678,1.11551104262969,1.85552131484335,0.307692307692308,0.68034188034188,1.70388278388278,1.30808302808303,0.63047619047619,0.80952380952381,1.99238095238095,0.567619047619048,1.66719946719947,0.435897435897436,1.00552780552781,0.891375291375291,1.16147186147186,0.431168831168831,0.752380952380952,1.65497835497835,0.669108669108669,0.497435897435897,1.57728937728938,1.25616605616606,0.511669421487603,0.90037518037518,1.35132782369146,1.23662757444576,1.03147723735959,0.490569561157796,1.40663780663781,1.07131539484481,0.554436479127133,0.572910706086842,0.533055845673067,0.503617008649308,0.515668018935187,1.34434775912521,6668.23841059602,0.521458273745352,2483.13046357616,0.484624920455666,6652.44285714286,0.523255813953488,2447.08214285714,0.607210544623335,0.642617526731197,1.88704452898939,9132.85322580645,0.637347283249384,2872.13467741935,0.585463873552642,9537.90833333333,0.633935492801772,2902.12916666667,0.48998399863657,0.546191057550935,0.65892493268829,0.627815419785528,1.15620241827138,1.41991028295376,1.27284243534244,0.563809523809524,0.742857142857143,2.12571428571429,0.567619047619048,1.19097093382808,0.904761904761905,0.933704390847248,0.97056277056277,0.820476190476191,0.571428571428571,0.987619047619048,1.62047619047619,0.412698412698413,0.569230769230769,1.76190476190476,1.25616605616606,0.537259417170131,0.493686211161581,0.592199546485261
"EX","rev_primary_connectedkin_sum",0.924548543825652,1.00900163666121,0.961639429192621,1.28710178710179,1.08154664484452,1.19772998612037,1.27636363636364,1.17467532467532,1.31056985567624,1.23446891831573,0.55072463768116,1.6695652173913,1.01449275362319,0.765217391304348,1.14156114156114,0.923076923076923,1.08108108108108,0.854280854280854,1.15151515151515,1.75757575757576,0.748663101604278,0.342245989304813,0.5625,0.46343085106383,1.31781914893617,1.65625,1.04964539007092,0.652482269503546,1.61702127659574,0.680851063829787,0.20125786163522,1.02001143510577,0.830188679245283,1.94854202401372,0.88034188034188,0.444444444444444,1.16666666666667,1.50854700854701,0.342857142857143,0.644376899696049,0.60952380952381,2.403242147923,0.875621890547264,0.338308457711443,0.935323383084577,1.85074626865672,0.520547945205479,1.53092569530926,0.401826484018265,1.546699875467,0.636217948717949,0.583333333333333,2.00480769230769,0.775641025641026,0.653225806451613,0.848970487302677,0.889498970487303,1.60830473575841,0.307692307692308,0.786324786324786,1.36752136752137,1.53846153846154,1.28205128205128,0.475524475524475,1.48717948717949,0.755244755244755,1.11538461538462,2.19230769230769,0,0.692307692307692,0.648049645390071,0.208333333333333,0.697399527186761,2.44621749408983,0.670820512820513,0.860241650548033,0.973518821603928,1.49541901502753,0.812311724661401,0.792228303097868,0.988693596464179,1.40676637577655,0.513327644059846,0.582615300130446,0.559793340112252,0.515651283432175,0.582277462121212,0.699120787850024,3812.49857142857,0.533521594684386,2928.01928571429,0.565972433363738,3723.43846153846,0.528341426015845,2964.11538461538,0.510360535322872,0.583045275778563,0.784802174569616,4219.54545454545,0.517946239806705,2755.40636363636,0.551760518885322,4214.6,0.521910299003322,2771.335,0.59998841197738,0.56602220677377,0.552427012558786,0.606749737626131,1.33325563325563,0.981546644844517,1.18033868177254,0.333333333333333,0.651851851851852,1.68148148148148,1.33333333333333,0.619047619047619,1.01298701298701,1.0952380952381,1.27272727272727,1.61538461538462,2.19230769230769,0,0.192307692307692,0.448049645390071,0.408333333333333,0.697399527186761,2.44621749408983,0.568124097338877,0.601843156843157,0.524289319983313
"EX","rev_secondary_connectedkin_sum",0.980293588887665,1.08670130368585,1.02901037397599,1.1853486236532,1.14238660829487,1.16508352206908,1.3397899718864,1.12496498365904,1.21535898100734,1.16920711616402,0.761904761904762,1.53935860058309,0.844377905602396,0.854358731909752,0.963458573031515,0.763010920585938,1.13459451809218,1.13893598829036,0.941003467802116,1.22775119617225,1.24354066985646,0.587704666169176,0.548987854251012,0.935452267031215,1.30507675494295,1.21048312377483,0.83080040526849,0.522106533876565,1.62511295490019,1.02198010595476,0.55611332294732,0.735497610692349,0.885077186963979,1.82331187939635,0.835610766045549,0.253416149068323,1.44444444444444,1.46652864044168,0.445048202680581,1.01476395917689,0.453520943261025,2.0866668948815,0.94973544973545,0.457671957671958,0.996496496496497,1.5960960960961,0.520547945205479,1.56749070418555,0.264840182648402,1.64712116796057,0.489105153972936,0.926064513220476,0.927553633435986,1.6572766993706,0.69020979020979,1.05452325452325,1.1216593199644,1.13360763530255,0.54025974025974,0.983213083213083,1.3046189046189,1.17190827190827,1.14495683707198,0.606457372414819,1.17043740573152,1.07814838478168,0.87321072246972,1.26011195735966,0.691841491841492,1.17483582832912,0.702898027898028,0.559391534391534,1.02493518722332,1.71277525048711,0.659994261051359,1.00159150662061,0.819112344200811,1.51930188812722,0.807072654956878,0.862760300904961,1.05807795253609,1.27208909160207,0.526229438967352,0.586485846404639,0.552814198339438,0.519433251842028,0.568880381639162,0.921688624126475,5014.66620689655,0.525667315843739,2783.19931034483,0.548015827033806,5346.2,0.534053156146179,2851.32142857143,0.534277555299973,0.604851259289489,1.49945744401157,7756.28776978417,0.565081622409713,2898.72086330935,0.558188374201747,7588.608,0.558119601328904,2876.788,0.572310047819559,0.565497697187264,0.645374225238143,0.55871742113256,1.25167515426545,1.06238660829487,1.16238810427932,0.448979591836735,1.06086373943517,1.52025494882638,0.96990171990172,0.686274509803922,0.797181541862393,0.943977591036415,1.57256635729727,1.18090303016203,1.26011195735966,0.691841491841492,0.867143520636816,0.436231361231361,0.826058201058201,1.02493518722332,1.71277525048711,0.560277816027067,0.582467846271612,0.535424982153176
"EX","rev_non_primary_connectedkin_sum",1.12699523995132,1.01561170390471,1.07052637749048,1.01422406807225,0.950383766437018,0.978587891744998,1.17736147671187,1.09866254789941,1.02106637793962,1.05986446291952,0.753249314620545,0.86927078973064,1.09203926886109,1.28544062678773,0.899451927335296,0.974796601421564,0.828862995528721,1.29688847571442,0.918799462760745,1.061778796311,0.977920624792135,1.04150111613612,0.928095698307584,1.02866067761513,1.00364843310748,1.03959519096981,0.675577283781262,0.910899825715205,1.04322650185414,1.37029638864939,0.698378947077149,1.00373803867624,0.986596567137183,1.31128644710943,0.769757650896113,1.06597463503918,0.830518160486912,1.3337495535778,0.846905789268159,0.868475729654702,0.990721080472654,1.29389740060448,0.740974025230559,0.996809762652089,0.918070398290874,1.34414581382648,0.855834532107262,1.00632389538591,0.823024755006764,1.31481681750006,0.881294479655067,1.17190024771441,0.744042041966035,1.20276323066448,0.981469959486412,0.890897376978267,0.934823338103841,1.19280932543148,0.940518954104614,0.980093907204645,0.998657850559515,1.08072928813123,1.01458388340683,1.01090339490942,0.886834911597592,1.08767781008616,1.09622750586509,1.07884563640877,0.747442979983478,1.07748387774267,1.02954983338416,0.998055329435462,1.04237475365605,0.930020083524325,0.867502812779237,1.01276826138173,0.856549165699358,1.26317976013967,1.03258344346191,1.01024077304809,0.914521104261576,1.04265467922842,0.532465940421848,0.534729235090013,0.497699722631004,0.55060808886024,0.547301594419721,15.0655821175791,77534.0717391304,0.533716416293514,2456.59673913043,0.510985824141914,74642.4742857143,0.540099667774086,2468.53142857143,0.514823117169833,0.522156875760304,15.4904918387982,81018.2934782609,0.507275566950744,2422.29673913043,0.487801990762682,79974.6457142857,0.501827242524917,2411.91142857143,0.556350850356909,0.539006443143965,0.521895265870851,0.522391515558061,1.02326288693952,0.942566913451957,0.982914900195737,0.870927467491487,1.06806625140594,0.979658136531437,1.08134814457114,0.954635131516474,1.0125151292045,0.94987541571079,1.08297432356823,1.006103240609,1.20170081901117,0.710759493467202,1.08143644691263,0.97274996493707,1.05434153755294,1.04288841398567,0.930020083524325,0.506682950423164,0.518417855261715,0.494948045584613
"EX","rev_non_secondary_connectedkin_sum",1.12734524237759,1.00729947855148,1.0664848318797,1.01337514913071,0.938178640636205,0.971966274846706,1.17288028880076,1.10022090703386,1.01248411798912,1.05635251251149,0.755499537170771,0.867122286902325,1.09272111420224,1.28465706172467,0.891768422493992,0.980947541275326,0.829500058195785,1.2977839780349,0.909232833069866,1.09145705427378,0.958249821998793,1.04106029065757,0.948975080676576,1.02085399102485,0.98656752995222,1.04360339834636,0.686111938686954,0.908880107399386,1.04664756588003,1.35836038803363,0.687662355754532,1.02384953041233,1.00922091361648,1.27926720021665,0.766773641507913,1.08312725723322,0.821844565549476,1.32825453570939,0.863369486137459,0.865679009105428,1.02225970727656,1.24869179748055,0.739573159157869,1.00473132176983,0.904660679704488,1.35103483936782,0.855142614805161,0.995064800714643,0.835662266672797,1.3141303178074,0.89828993345669,1.18431886128945,0.766305739916553,1.15108546533731,0.997431345599331,0.881113803236639,0.920641958434357,1.20081289272967,0.93667538722012,0.986308527354873,0.996975586447185,1.08004049897782,1.01306785403098,1.0134044458808,0.890699732886349,1.08282796720187,1.09477259693751,1.10210862798349,0.734667073666643,1.06845170141236,1.05359662991927,1.00087638851454,1.02829406033846,0.917232921227723,0.875212483046346,1.01208249193067,0.858164637922436,1.25454038710055,1.03712188089022,1.01894556941637,0.90821354369323,1.03571900600018,0.531304743684974,0.532622776605501,0.49557930186272,0.551071885573482,0.54777672377244,14.8711911382349,76483.1108695652,0.532225010833454,2446.20923913043,0.510769949846016,73131.4971428572,0.537441860465116,2452.65428571429,0.512081651573215,0.517468829438563,14.8269247436083,77681.4782608695,0.50085494005489,2391.27445652174,0.483837606972533,76962.5542857143,0.49624584717608,2387.57714285714,0.556372338666329,0.539897410119709,0.513937577959879,0.520636034373052,1.02274303426441,0.9300883360741,0.976415685169256,0.876432579812204,1.06172454173588,0.973001026300687,1.08884185215123,0.954729536355453,1.01523249337642,0.959410233514112,1.07062773675402,1.00044738521141,1.23017553926994,0.696972804936327,1.07240427058232,1.00515215082195,1.04891600243527,1.02869892551505,0.917232921227723,0.504672914780315,0.518207426540422,0.491138403020208
"SI","loan",1.06201074405962,0.97302058374661,1.01673504846177,0.981247670458197,0.956783595602054,0.964172579086229,1.07439643689644,1.05111016621314,0.968345902152169,1.00928306502104,1.10333526123,1.00709037551143,0.815007604481289,1.07456675877729,0.70518982932776,0.952510324924118,1.15875006219834,1.18354978354978,1.13980124965347,0.966687991811144,0.820499861386561,1.07301089714883,0.919932964638847,1.08499748617396,1.00261725202902,0.99245229715818,0.966398626840053,0.863212622126035,0.830401064696481,1.33998768633743,1.08587170405352,0.785622458349731,1.16515807424898,0.963347763347763,1.23507424475166,0.775166410650282,0.772708653353815,1.21705069124424,1.0206542312019,1.07260220809917,0.754373843420497,1.15236971727844,1.04853158537369,0.952111046847889,1.01014073645653,0.989216631321894,0.960056491971385,0.839237358386295,1.27384483129164,0.92686131835068,1.33664077052383,0.810703739039571,0.942534793209456,0.910120697227144,1.13442726935374,0.848346125552008,1.04620790429614,0.971018700798112,0.8158665895508,1.36047636573952,0.742554638344112,1.08110240636556,0.935941368572948,0.962724994303942,0.859750892382471,1.24158274474064,0.841298701298701,0.852424242424243,1.04943722943723,1.25683982683983,1.27396751096548,1.20517516290336,0.594633538649766,0.926223787481394,1.11959441310509,0.861839456852836,1.06936354895215,0.949202581089921,0.975363147602843,1.0962916942247,0.800015515215358,1.1283296429571,0.514836552710904,0.49804287860465,0.504528357053984,0.52779428030034,0.512341931018575,6.05255291762014,34741.7608695652,0.532785087719298,2840.08260869565,0.516688129684081,32351.77,0.521162280701754,2812.88,0.502325643314206,0.484048061348468,5.73199421425905,33208.9510638298,0.490896789846958,2733.39574468085,0.494605054560391,32190.22,0.525877192982456,2805.77,0.513577030873296,0.511159388604481,0.467384469218633,0.50001733713956,1.01078018472755,0.916586170759599,0.963683177743576,1.10057836899942,0.966777082566556,0.89220603957446,1.04043850885956,0.772698412698413,1.1168253968254,0.876507936507936,1.23396825396825,1.15004329004329,0.81987012987013,0.877979797979798,1.15210678210678,1.20511420965782,1.15862768739036,0.983595363392524,0.652662739559291,0.504445563601257,0.519941896553739,0.488949230648774
"SI","behav",1.12015881604145,1.05173432977826,1.08534635811807,1.06713991632722,0.962374866275795,1.01228678310126,1.09856284603769,1.00426735903752,1.11090258137883,1.05815827785517,0.756291517729426,0.996428650023421,1.1457651523011,1.10151467994605,0.961835512742954,0.804328903602951,0.753309888337112,1.48052569531698,0.832011509057064,0.948930584379501,0.808003687304881,1.41105421925855,1.12180384974503,0.882610787904906,1.04759809906869,0.947987263281381,0.871613943720206,1.08555054475358,0.751484073590336,1.29135143793588,0.913758171652908,0.744176875755823,0.763927300769406,1.57813765182186,0.800729241241575,1.16611026544613,0.927102520081647,1.10605797323065,1.00586714292855,0.78481504687645,1.0259141443352,1.18340366585981,0.813857529543804,1.02245461147422,1.06512576747871,1.09856209150327,0.923167575239244,1.21684858627748,0.656120661719766,1.20386317676351,0.933381456789722,0.91199487011844,0.957750908847961,1.19687276424388,0.962555962555963,0.751256613756614,1.09471662596663,1.1914707977208,0.849774212715389,0.791996434937611,0.778265002970885,1.57996434937611,1.12180933101986,0.967860356018251,0.782997557997558,1.12733275496433,1.14420024420024,1.1001221001221,0.62045177045177,1.13522588522589,1.03453044375645,0.871647746818025,0.815858273133815,1.27796353629171,0.909412355272737,0.974271089016919,0.942856292961157,1.17346026274919,1.05278712493526,0.922639308862219,0.762910354444053,1.26166321175847,0.539222007445528,0.539598046954582,0.516688978345218,0.55214778829148,0.532955884051016,5.46453089244851,31375.8804347826,0.526110793287567,2829.90434782609,0.53153069837072,31011.15,0.54484649122807,2919.645,0.526741943180471,0.546098887243179,6.5957656774916,37671.7468085106,0.561375513251213,2999.66489361702,0.507209390599037,34757.62,0.543201754385965,2920.225,0.549163905198588,0.517437565931001,0.543580370820529,0.548512465481552,1.05544589096834,1.02629257438468,1.04086923267651,0.894449537390714,0.916677701383584,0.819240302181479,1.36963245904422,1.05422337896022,0.912865818392134,0.897208084313347,1.1357027183343,1.03371148459384,0.89390756302521,1.02645191409897,1.04592903828198,1.20184531842427,0.765365336417968,0.74695681511471,1.28583253004306,0.525667576672124,0.53079764831187,0.520537505032377
"SI","exchange",1.10922417043741,1.10525127707639,1.10720287381514,1.08849804933628,1.00675412556327,1.04152126185325,1.24878180438842,1.07585604986153,1.07265014801303,1.07423586290584,0.849272054500813,0.993611024656776,1.15949095687658,0.997625963965833,0.984346120411029,0.740103871787442,1.00628550624494,1.26926450155659,0.784502884968723,1.09551988729007,0.924555930611831,1.19542129712937,0.89674887961333,0.80825826158307,1.12061059382031,1.17438226498329,0.882084876961537,0.774148369025029,1.01072859251227,1.33303816150116,0.905339105339105,0.452621452621453,1.05723905723906,1.58480038480038,0.927391037035456,0.849579675336626,0.938549232303873,1.28448005532404,0.982630069639873,1.02047702660448,0.814811731478398,1.18208117227725,0.951059446000622,0.853574852163087,1.0114067849362,1.18395891690009,0.976376745816807,0.913707156483453,1.02977240483362,1.08014369286612,1.12765231759727,0.94578698588067,0.70138335384916,1.22517734267289,0.986712361712362,0.658361892736893,0.954733345358345,1.4001924001924,0.847347195288372,0.79250520721109,1.03380629174747,1.32634130575307,0.983931401931402,1.022223998224,1.16309113109113,0.830753468753469,0.883774537482977,1.01136114524861,0.913671239246687,1.19119307802172,1.0153938360588,1.06245397895654,0.774747530105586,1.14740465487908,1.01033108653272,0.841197187655607,0.924749694642855,1.22372203116882,0.934546842319811,0.982410633973687,0.952278877118539,1.13076364658796,0.540285029621509,0.531981549038561,0.520855552594481,0.540906234232334,0.530155442309111,6.9952850877193,39152.8673913043,0.560936308161709,3054.24782608696,0.527821214042368,35452.68,0.563157894736842,3044.32,0.539685245859333,0.533768802433342,6.1915313549832,34400.585106383,0.55852930197835,2852.74574468085,0.516326966996724,34866.11,0.575438596491228,2921.145,0.537689330391655,0.522942145208802,0.514679608991297,0.552062612815301,1.05021383135194,1.09410300253171,1.07215841694182,1.03181605975724,0.611816059757236,1.1699533146592,1.18641456582633,1.12184604767213,1.03366650740564,0.855493762276371,0.988993682645857,0.795838029546469,0.838705099958297,1.13044205297402,1.23501481752121,1.11087237925473,0.878172481113658,0.993270944741533,1.01768419489008,0.524117259317391,0.516079027732888,0.532155490901894
"SI","info",1.05909454206556,1.07789696686756,1.06883151205231,1.0408181068899,1.00642879480341,1.02534061727337,1.06942184796746,1.07057837030386,1.01502446239618,1.04204248318188,0.737819359132232,1.05018179698487,1.14168409343175,1.07031475045115,0.889302315618105,1.08631836000257,0.736921363237153,1.28745796114217,0.791053391053391,0.929093657665086,1.00726654298083,1.27258640830069,0.927428486546134,1.03256599609541,1.03884305237246,1.00116246498599,0.793669114580626,1.10160494070455,0.922994859562539,1.18173108515229,0.893756780853555,0.93328177199145,0.905167413231929,1.26779403392307,0.947309623031185,0.965460572251744,0.864453411142715,1.22277639357436,0.78579382370232,0.786921502607777,1.34996023100598,1.07732444268392,0.857197024519679,0.991073911854636,1.05485994479937,1.09686911882631,1.13809794671039,0.731557915768442,1.09877443131032,1.03156970621085,1.01944496727105,1.089194219629,0.786385595081247,1.1049752180187,0.740938269247093,1.09610336558866,1.26588627875393,0.897072086410322,0.877783364057874,0.888475504161779,0.876386794033853,1.35735433774649,1.39711217843941,0.658146033981274,0.809789356333979,1.13495243124534,1.09470038733197,0.880747322852586,0.723618136249715,1.30093415356573,0.928100472512237,1.07073663808958,0.624503720680191,1.37665916871799,0.93502558020203,0.980889453434207,1.05328443304673,1.03080053331703,1.07072147245986,0.878597292993401,0.763052764306564,1.28762847024018,0.530735665500766,0.517451519866848,0.520075504401344,0.532843004758842,0.513649737050607,6.24227774492411,36294.7730337079,0.494266213286024,2868.16404494382,0.516411341579506,32788.147368421,0.483298707294552,2944.3,0.528773659984627,0.521051080192863,6.39613895110116,37173.7978723404,0.508673945502053,2916.62446808511,0.521836243439701,37420.2,0.519627192982456,2859.19,0.530078134840332,0.496847966583844,0.509761999208002,0.531869782803354,0.99550528944653,1.02058631427052,1.00836735345883,0.796630258693345,1.03897911945653,0.949123075465786,1.21526754638434,1.47324184587342,0.691789613894877,0.731130273235536,1.10383826699616,0.863445735550999,1.23184248500038,0.746765398344346,1.15794638110428,0.90366677984325,0.918699742523272,1.34443892708599,0.833194550547492,0.514723542122559,0.503056270885847,0.525807449797436
"SI","male",1.14764907711336,1.02175480813331,1.08359760693053,1.21071053946054,0.904088892307495,1.05887150347079,1.08390632804695,1.03090252139165,1.10645092693098,1.06908289838464,0.834407567740901,1.12307198973866,1.02821869488536,1.01430174763508,0.793330807123911,0.676026272577997,1.17956296576986,1.35107995452823,0.838310060866452,0.755281059792338,1.04385964912281,1.3625492302184,1.06856796438382,1.22662839821919,0.936570616652458,0.76823302074453,0.974745684423104,1.02627480046835,0.863190572867992,1.13578894224056,0.889839958021776,0.783746556473829,0.605667060212515,1.72074642529188,0.771530343886281,1.07611438463331,1.05675954592363,1.09559572555678,1.02950310559006,0.809926386013343,1.04113564910666,1.11943485928993,0.982182262182262,0.969156769156769,1.11577163577164,0.932889332889333,1.18172147001934,0.743888735378097,0.665791655153357,1.4085981394492,0.85448288239781,0.890009422533315,0.949720464844977,1.3057872302239,0.838617149758454,0.989311594202898,1.224788647343,0.947282608695652,0.939220779220779,0.686233766233766,0.978354978354978,1.39619047619048,0.971117216117216,0.56058608058608,0.861831501831502,1.6064652014652,1.24777777777778,1.05888888888889,0.51,1.18333333333333,1.01804777929478,1.05892998480857,0.766135056310854,1.15688717958579,0.963972831547397,0.897861371683316,0.989134020737979,1.14903177603131,1.03418113065472,0.848075862403704,0.784404789578071,1.3333382173635,0.531751495814321,0.531098147510861,0.53429551297816,0.550517560186263,0.516167048433879,5.32876859267735,32018.4326086956,0.507446605644546,3025.82717391304,0.572015303072995,29437.94,0.540241228070175,3293.1,0.513632537110377,0.545711563628759,6.43156494960806,37180.4553191489,0.520991974617395,2974.6085106383,0.494586221959691,36323.95,0.499451754385965,2804.99,0.50975256822031,0.522308572042615,0.562346298242237,0.529769942957509,1.16257631257631,0.932025822228205,1.04730106740226,0.945887445887446,0.674112554112554,0.573506493506493,1.80649350649351,1.11720390720391,0.612490842490842,0.718925518925519,1.55137973137973,0.990863433092535,1.33706226350189,0.715968352253182,0.956105951152391,1.07025810904072,0.873712905452036,1.11663906142167,0.939389924085576,0.535743868127468,0.568893214424464,0.502594521830471
"SI","female",1.12221276389344,1.08505589069484,1.10330838980994,0.990588574823869,1.06197162804516,1.02573294896824,1.12709278976742,1.06452928997686,1.05782682899078,1.06114202474734,0.663126503126503,0.82959114959115,1.31383678050345,1.1934455667789,0.843321654680681,1.15698158051099,0.551097178683386,1.44859958612494,0.83404452690167,1.13187384044527,0.735890538033395,1.29819109461967,0.965583000877119,0.73734374557904,1.14581784228843,1.15125541125541,0.674680445003026,1.07568589116976,0.79239957175441,1.4572340920728,0.855885053746016,0.885653324690758,0.923170204721007,1.33529141684222,0.826509606775262,1.10346238202026,0.716955403862425,1.35307260734206,0.827075611389337,0.757927548123627,1.21086966773241,1.20412717275462,0.693741221741222,0.961939393939394,1.06010966810967,1.28420971620972,0.89448318334426,1.18255900683936,0.921615583693181,1.0013422261232,0.909625668449198,1.14465124389677,0.873271332248314,1.07245175540572,0.850771103896104,0.870725108225108,1.12047709235209,1.1580266955267,0.810822510822511,0.798614718614718,0.928427128427128,1.46213564213564,1.28626126814362,1.14194720312367,0.725255241490536,0.84653628724217,1.06757745522451,0.820025464731347,0.893278159748748,1.21911892029539,0.968102877514642,0.896407690348867,0.667908581614464,1.46758085052203,0.838380958769953,1.03933499173537,0.99448521083246,1.12779883866222,1.04503109091344,0.90350301115007,0.819441408264938,1.23202448967155,0.545704153975449,0.539980331848401,0.515529027003386,0.557699115066016,0.540771886325471,6.34437690694127,35192.3173913044,0.554262013729977,2875.72173913044,0.506551545404487,33507.26,0.548135964912281,2883.265,0.534122812232833,0.53920561895595,6.52814716312057,37986.7829787234,0.535922918999627,3003.15957446808,0.528644587166646,36147.22,0.543311403508772,3004.715,0.574792686206665,0.508198780056243,0.526507725603948,0.551374433418284,1.02936151430269,1.07519554791614,1.05227853110941,0.774839826839827,0.941818181818182,1.08783838383838,1.19550360750361,1.11372039724981,1.05217553688142,1.01653849418555,0.817565571683219,1.02105339105339,0.778066378066378,0.843275613275613,1.35760461760462,0.995675749087514,0.904422290128172,0.890945760122231,1.20895620066208,0.52422557468063,0.508461141880995,0.539990007480265
"SI","sum",1.10036261105107,1.04201254233384,1.07067573398441,1.07190892043213,0.990510718247663,1.02893314804092,1.08348945554794,1.03746685779981,1.03358950613661,1.03550733599153,0.775292194519109,1.06155074198407,1.05459786659462,1.1085591969022,0.787074067597358,0.977223459185206,0.871635987323513,1.36406648589392,0.884240401665032,0.99906838248492,0.860134461363079,1.25655675448697,0.976135179013871,0.970328125422005,1.02395446696971,1.02958222859442,0.816697002141252,1.07065852551732,0.859579059268934,1.2530654130725,0.918241616293623,0.86373803014421,0.910060073338105,1.30796028022406,0.868117399887372,0.989968397191205,0.950220573248689,1.19169362967273,0.932833569499586,0.875866249368182,1.03794979435944,1.15335038677279,0.858420925414152,1.04508600954739,1.00676638024855,1.08972668478991,0.914839207016366,1.0308690076978,0.872680971635436,1.1816108136504,0.960303878152143,1.03908307359891,0.8715576190957,1.12905542915325,0.994838417242125,0.874190188294713,1.06423540895165,1.06673598551151,0.765548408640221,0.953494960770286,1.00043411207311,1.28052251851638,1.05586302452437,0.937457924336605,0.90588197351564,1.10079707762338,1.0475692714446,0.917998726915807,0.835884493177886,1.19854750846171,1.03316249737988,1.03922663126906,0.759427725352467,1.16818314599859,0.933078531161433,0.995906796855512,0.954276574656622,1.11673809732643,0.982088000510019,0.960045703408143,0.879391872851053,1.17847442323078,0.535180436789764,0.526438729898378,0.51785422066865,0.548713167452293,0.527478235171585,12.9795432875667,72440.3282608695,0.562676392067124,2965.33586956522,0.529677151301702,68723.53,0.55625,2978.675,0.52211435201215,0.525421341758644,13.4047172452408,75057.7234042553,0.530860395670026,2904.17127659574,0.508753963617551,74334.22,0.539912280701754,2907.58,0.532108435076712,0.523045065049656,0.525650197681259,0.525202021499471,1.03397248853755,1.00552513297236,1.01974881075496,0.862874778856407,0.981750601278359,0.939805185125679,1.21556943473956,1.01533118479469,1.00415348092033,0.86495726290978,1.1155580713752,0.93734071195724,0.976121642409717,0.93231820622,1.15421943941304,1.12436369087603,0.940073422867563,0.99009196246833,0.945470923788081,0.520406396944268,0.523915946153663,0.516896847734873
"SI","collapse_sum",1.09620558192258,1.03899221037805,1.0670970244701,1.06914280525694,0.985527593710549,1.02495917895769,1.08258426042618,1.02995936716802,1.03182091184051,1.03090014780895,0.791842474577737,1.06657532521199,1.06088949693309,1.08069270327718,0.793227751641509,0.967037566646372,0.865780855302052,1.37395382641007,0.885838424874607,0.991057039911687,0.873348269302161,1.24975626591155,0.973866696231125,0.990260989839859,0.999576970479583,1.03629534344943,0.831050903859998,1.0720174132223,0.866588557724451,1.23034312519325,0.91527777654764,0.855452430600763,0.919937973474085,1.30933181937751,0.862597657280067,0.997996598603582,0.954226196074989,1.18517954804136,0.938024707061604,0.880704201120066,1.01634814578108,1.16492294603725,0.871342526189899,1.05569324501806,0.979375109488662,1.09358911930338,0.917927745108336,1.03464388758798,0.863415357359527,1.18401300994415,0.954805350274483,1.04459199210786,0.864329533431205,1.13627312418645,0.995342742804164,0.880602899370762,1.05838572651153,1.06566863131354,0.774084117447444,0.960900632768687,1.00082171036223,1.26419353942164,1.0684368649367,0.920007163819403,0.926876801451445,1.08467916979245,1.04421774319826,0.927271235750027,0.8363538440154,1.19215717703631,1.03783506026246,1.04856558594705,0.766561464494571,1.14703788929591,0.935755459493889,1.0024442448882,0.942011156630519,1.11978913898739,0.987839432267915,0.962242209816711,0.886824056493243,1.16309430142213,0.534096614648684,0.525739279347484,0.516101897025464,0.546784448487686,0.526218000762125,12.9795432875667,72440.3282608695,0.562676392067124,2965.33586956522,0.52755284963969,68723.53,0.55625,2978.675,0.521846292321371,0.525270743494857,13.4047172452408,75057.7234042553,0.530860395670026,2904.17127659574,0.50746123417535,74334.22,0.539912280701754,2907.58,0.529883634260991,0.522708351667467,0.525773620317513,0.524788819873145,1.03452822036411,0.996321562395071,1.01542489137959,0.876456310870961,0.980308661158797,0.950628416982954,1.19260661098729,1.02548095437994,0.979641192133845,0.870379689945111,1.1244981635411,0.9436990618136,0.989461105270138,0.930312208758361,1.1365276241579,1.12016936084217,0.961384222493812,0.980048796518286,0.938397620145736,0.519155868333949,0.522994463431059,0.515317273236839
"SI","main_supp",1.10559902296253,1.03116535062734,1.06772925984463,1.08308405798688,0.977494037075055,1.02712091659981,1.08315584755155,1.03846557317768,1.02685263248932,1.03259666766851,0.764574390983409,1.0519445092714,1.07260980851963,1.11087129122556,0.790830725166759,0.972165796257945,0.872870181230758,1.36413329734454,0.903306919876687,1.00317517327484,0.840393294338477,1.25312461250999,0.972424134899063,0.994353222400466,1.02248583752318,1.01073680517729,0.797797789991285,1.08401059659362,0.853480297022068,1.26471131639302,0.915287186907061,0.873197404888965,0.90366867015963,1.30784673804434,0.898539697910272,0.972753708394936,0.961989588346787,1.166717005348,0.945814365346675,0.917962557427189,1.01237325263563,1.12384982459051,0.834161892756369,1.06310085570317,0.988924096020988,1.11381315551947,0.918849920577711,1.02892690611649,0.866090911070172,1.18613226223563,0.99155216069184,1.01545884828269,0.865594226871539,1.12739476415394,1.00587233133564,0.882235974480588,1.05755745630789,1.05433423787588,0.747428064278542,0.947031010668338,1.01228140645956,1.29325951859356,1.032289088332,0.940915604773587,0.928509974968649,1.09828533192576,1.07369766468224,0.920804346599578,0.825910522392991,1.17958746632519,1.01865567293513,1.07686616748284,0.750834076024299,1.15364408355774,0.938798401812497,0.99600826285048,0.945096502581248,1.12009683275578,0.975087107947986,0.970671058852394,0.882208436646775,1.17203339655284,0.534228623109907,0.525808479812468,0.517416834097568,0.549540007034451,0.529362710651819,12.9795432875667,72440.3282608695,0.562676392067124,2965.33586956522,0.532569628010538,68723.53,0.55625,2978.675,0.519445217941383,0.52232987090587,13.4047172452408,75057.7234042553,0.530860395670026,2904.17127659574,0.505535210314039,74334.22,0.539912280701754,2907.58,0.535571757980959,0.523417878102642,0.523362916480252,0.521339868897088,1.04220872746808,0.993951179213445,1.01807995334076,0.848199816460686,0.969049393832003,0.940640762379893,1.24211002732742,1.00216862304602,1.01174725678898,0.865839685801854,1.12024443436315,0.94669011082694,0.96171819229364,0.955079888142548,1.13651180873687,1.13099215995881,0.984794820066836,0.952751953242839,0.931461066731519,0.519970187172962,0.526344914485295,0.513595459860629
"SI","primary_kin",1.23950617283951,0.969714285714286,1.08720430107527,1.21333333333333,0.953846153846154,1.06666666666667,1.032,1.18692810457516,0.875686274509804,1.03130718954248,1.02222222222222,0.355555555555556,1.11111111111111,1.51111111111111,0.888888888888889,0.703703703703704,0.592592592592593,1.81481481481481,1.46666666666667,0.6,0,1.93333333333333,0.664,1.392,0.464,1.48,0.533333333333333,0.533333333333333,1.06666666666667,1.86666666666667,0.31578947368421,1.89473684210526,1.15789473684211,0.631578947368421,1.15368421052632,0.342456140350877,0.732631578947368,1.77122807017544,1.73913043478261,0.333333333333333,0.420289855072464,1.50724637681159,0.290909090909091,1.61212121212121,0.290909090909091,1.80606060606061,1.55,0,1.25,1.2,1.1304347826087,1.21739130434783,0.260869565217391,1.39130434782609,0.64,1.52714285714286,1.17571428571429,0.657142857142857,0.986666666666667,0.16,2.05333333333333,0.8,1.4,0.6,1,1,0.91,0.99,0.583333333333333,1.51666666666667,1.2,1.2,0.8,0.8,1.06980392156863,0.867581699346405,0.903137254901961,1.15947712418301,1.09623188405797,0.770434782608696,1.04057971014493,1.09275362318841,0.566901056404452,0.506222327640734,0.530234113712375,0.599504548408057,0.512030887623867,1.18108875128999,5817.12156862745,0.638961988304094,3234.19215686274,0.543717948717949,7109.3,0.644078947368421,3126.75,0.541749791144528,0.500413767657601,1.17297901616787,6061.56470588235,0.56375558995528,3027.50588235294,0.519861932938856,6026.49230769231,0.566481106612686,3018.22307692308,0.574230205278592,0.494926075268817,0.507123655913978,0.494902073732719,1.37575757575758,0.588888888888889,0.965217391304348,1.03333333333333,0.4,2.06666666666667,0.5,0.428571428571429,0.714285714285714,1.28571428571429,1.57142857142857,1.54666666666667,1.98666666666667,0.333333333333333,0.133333333333333,1,1.11111111111111,0.166666666666667,1.72222222222222,0.517177536231884,0.623825757575758,0.419416666666667
"SI","secondary_kin",1.32246758812815,0.986696900982615,1.12660135395992,1.1043750287,1.0423569023569,1.06992051406495,1.00379775468171,1.22472503269675,0.952406417112299,1.07294088630541,0.508196721311475,0.973909782492232,0.790849673202614,1.72704382299368,0.592592592592593,0.677777777777778,0.7,2.02962962962963,1.27873015873016,0.603174603174603,0,2.11809523809524,0.753460531238309,1.35353535353535,0.480359147025814,1.41264496820052,0.39344262295082,0.664255866280939,1.18884603021536,1.75345548055288,0.210526315789474,2.17543859649123,0.982456140350877,0.631578947368421,0.784511784511784,0.356902356902357,0.633670033670034,2.22491582491583,1.41950113378685,0.533333333333333,0.775850340136055,1.27131519274376,0.36768149882904,1.50144648023144,0.501446480231437,1.62942554070809,1.11571428571429,0.323333333333333,1.09904761904762,1.46190476190476,0.576576576576577,1.2,0.12972972972973,2.09369369369369,1.01427174975562,1.46119257086999,0.739198435972629,0.78533724340176,0.674863387978142,0.766366655951998,1.32969034608379,1.22907960998607,1.47460317460317,0.666666666666667,0.966666666666667,0.892063492063492,1.1510101010101,0.898484848484848,0.588888888888889,1.36161616161616,0.904761904761905,0.857142857142857,1.66666666666667,0.571428571428571,0.840589098261767,1.0135291291274,0.645059893445052,1.50082187916578,1.05326716729267,0.806891804577436,1.11688592052891,1.02295510760099,0.582286634239788,0.545122580748145,0.523812785908754,0.647553089302062,0.554712561327487,2.03683398310591,10233.662962963,0.609234892787524,3103.77777777778,0.538926907809502,11568.1166666667,0.61593567251462,2921.33333333333,0.535667737766735,0.537507007935139,1.69567208462332,8678.24117647059,0.611829205366357,2902.575,0.511721488388155,9023.16,0.582236842105263,2936.54666666667,0.582026594350062,0.545152649769585,0.61372784074397,0.446533755872986,1.27381947314445,0.771986531986532,0.995023394723384,0.704918032786885,1.02455801992928,1.32896174863388,0.941562198649952,0.389115646258503,0.86530612244898,1.12380952380952,1.62176870748299,1.39015151515152,1.46212121212121,0.875,0.272727272727273,1.02539682539683,0.977777777777778,0.368253968253968,1.62857142857143,0.525867176307884,0.626002072618665,0.445759259259259
"SI","primary_connectedkin_sum",1.6062015503876,1.16796536796537,1.38456486042693,1.35333333333333,1.18005952380952,1.26390168970814,1.38730158730159,1.3440329218107,1.05572139303483,1.21351351351351,0.452173913043478,0.556521739130435,2.43478260869565,0.556521739130435,0,0.533333333333333,1.36666666666667,2.1,0.867724867724868,1.11111111111111,0,2.02116402116402,0.692307692307692,0.753846153846154,1.49304029304029,1.06080586080586,0.472727272727273,0.290909090909091,1.78181818181818,1.45454545454545,0.4,1.33333333333333,0.4,1.86666666666667,0.19047619047619,0.952380952380952,0.988662131519274,1.86848072562358,0.871148459383754,0.454901960784314,0.654901960784314,2.01904761904762,0.423529411764706,1.03529411764706,1.38823529411765,1.15294117647059,1.20567375886525,0,1.03951367781155,1.7548125633232,0.303030303030303,1.57575757575758,0.121212121212121,2,0.235294117647059,1.66274509803922,1.17647058823529,0.925490196078431,0.414814814814815,0.666666666666667,2.22222222222222,0.696296296296296,1.16666666666667,0.444444444444444,0.611111111111111,1.77777777777778,0.85,1.15,1.47619047619048,0.523809523809524,0.446428571428572,0.833333333333333,1.86309523809524,0.857142857142857,0.601801801801802,0.971171171171171,0.946332046332046,1.48069498069498,0.680798771121352,0.791397849462366,1.62519201228879,0.902611367127496,0.59678506611356,0.600627067159325,0.553091890188664,0.640349177206582,0.604218344048093,0.963168724279835,5546.37530864197,0.543607862248213,3103.54320987654,0.56982905982906,5600.16,0.613523391812866,3187.5,0.554211048454469,0.596285374204248,1.25725648075412,6499.21194029851,0.633179497250589,3119.87014925373,0.537400793650794,6224.95,0.56938048245614,2916.625,0.610523402909551,0.599657237637677,0.623570381231672,0.569802867383513,1.40196078431373,0.96530612244898,1.2047619047619,0.325925925925926,0.711111111111111,2.04444444444444,0.918518518518518,0.833333333333333,0.541666666666667,1.51785714285714,1.10714285714286,0.966666666666667,2.1,0.266666666666667,0.666666666666667,0.321428571428572,1,0.25,2.42857142857143,0.584759984639017,0.59875700280112,0.567763605442177
"SI","secondary_connectedkin_sum",1.5687707641196,1.03004148629149,1.28460587032016,1.24107142857143,1.01170104405399,1.12291092745638,1.44897959183673,1.3624632569077,0.885062958350629,1.13616311538389,0.243478260869565,0.618633540372671,1.84844720496894,1.28944099378882,0.42,0.442857142857143,0.845714285714286,2.29142857142857,0.628956228956229,1.02962962962963,0,2.34141414141414,1.10796536796537,1.00075036075036,0.76054834054834,1.13073593073593,0.4,0.145454545454545,1.57727272727273,1.87727272727273,0.46,1.25428571428571,0.871428571428572,1.41428571428571,0.944444444444444,0.548148148148148,1.32345679012346,1.18395061728395,0.852796876326288,0.723826500297089,1.09306510482981,1.33031151854681,0.329411764705882,0.877450980392157,1.2,1.59313725490196,0.587639311043566,0.73677811550152,1.29848024316109,1.37710233029382,0.668044077134986,1.60514233241506,0.0909090909090909,1.63590449954086,1.15959595959596,1.03454545454545,1.08282828282828,0.723030303030303,0.222222222222222,0.977777777777778,1.66455026455027,1.13544973544974,1.6,0.326530612244898,0.510204081632653,1.56326530612245,1.3021645021645,1.14497354497354,0.595286195286195,0.957575757575758,0.986129148629149,0.461111111111111,1.58241341991342,0.97034632034632,0.696417795768445,1.03125597346377,0.961959108712355,1.31036712205543,0.994197385106476,0.75998075998076,1.10815951725043,1.13766233766234,0.598959624335564,0.567502524648,0.533108586138889,0.673708738901517,0.624732131004532,1.78401559454191,9988.1061728395,0.596428958197964,3258.89135802469,0.578529456654457,9257.5125,0.634073464912281,3082.93125,0.531996875870231,0.50400118060856,2.13987022350397,11373.0493150685,0.589524753664985,2782.28767123288,0.490359531536002,11400.7647058824,0.546426728586171,2831.98823529412,0.668035789584651,0.593406080116787,0.550660194318552,0.465507494297817,1.45098039215686,0.80566829004329,1.13810179719271,0.177777777777778,0.592592592592593,2.05661375661376,1.17301587301587,0.791666666666667,0.675,1.36071428571429,1.17261904761905,1.57678571428571,1.53928571428571,0.583928571428571,0.3,0.87943722943723,0.781818181818182,0.428787878787879,1.90995670995671,0.549605661594298,0.623156512605042,0.471457882395382
"SI","non_primary_connectedkin_sum",1.08314432543697,1.03302847746064,1.05764678874726,1.06044779175062,0.985274375834509,1.02037034235135,1.07856251483049,1.01946515731189,1.03118254561123,1.02538684817284,0.77839585413398,1.06378357818666,1.04107749047415,1.11674307720521,0.840228745786555,0.985598525882501,0.875928047611618,1.29824468071933,0.863534619352107,1.01649009254826,0.909569034042725,1.21040625405691,0.995326461528141,0.988940361183721,1.00284970885858,1.01288346842955,0.824055417852262,1.09484852966405,0.8310041823678,1.25009187011589,0.947181150374697,0.824272659585646,0.931612485506537,1.29693370453312,0.922361384301926,0.999377434388091,0.929033093840015,1.14922808746997,0.915307628381547,0.920717505308451,1.04882285766442,1.11515200864558,0.873211502106667,1.03672206713713,1.00643424278854,1.08363218796766,0.877998096303305,1.13203170026354,0.836611859649277,1.15335834378388,1.00742115576385,1.00695312141991,0.908100292687685,1.07752543012855,1.03292277301586,0.831170241039055,1.06821225247846,1.06769473346662,0.776889214907187,0.982906208610958,0.946919330847444,1.29328524563441,1.0130788142145,0.985334595264882,0.920269582913439,1.08131700760718,1.05800109440763,0.900108112567278,0.813511558910833,1.22837923411426,1.0625112181403,1.03828207154676,0.715209292569126,1.18399741774382,0.948828464467494,1.00039783918682,0.955145698449464,1.09562799789623,0.984225728633234,0.975033586664072,0.85228455518996,1.18845612951273,0.531314151503392,0.52278344961329,0.517245659738047,0.542647524729825,0.524371890769142,12.1315360411899,67557.1065217391,0.564344965675057,2967.22717391304,0.529297840341375,64523.41,0.550986842105263,2960.43,0.520371584250284,0.521228805077774,12.5085876259798,70425.3063829787,0.526497760358343,2875.52872340425,0.507946580763202,69354.26,0.541337719298246,2900.87,0.528709940130411,0.520218439253034,0.51937267675055,0.523007594724697,1.00546999485963,1.01367776599392,1.00957388042677,0.882461601157365,1.00100625547609,0.890859180471504,1.22567296289504,1.03457599871393,1.0600761652141,0.810547624789004,1.09480021128297,0.921831263206428,0.926801162319301,0.94200264171025,1.20936493276402,1.16546960697122,0.931186903527386,1.03349136239453,0.869852127106866,0.517548932485496,0.517758989909112,0.517338875061881
"SI","non_secondary_connectedkin_sum",1.06426193917678,1.04426723120272,1.05408919301454,1.05757153770317,0.997716957282355,1.02527615127463,1.06449873640259,1.0032776956379,1.0495493952891,1.02666231804227,0.81263119233488,1.07877157396534,1.06165873452067,1.04693849917911,0.825047274706718,1.02787645364137,0.888692234422992,1.25838403722892,0.889056508086821,1.01665347889766,0.937885410271767,1.15640460274375,0.924208146181956,0.992629238648673,1.08247110813112,1.00069150703825,0.8274811633765,1.12670106639147,0.851855698702798,1.19396207152923,0.963029894235934,0.829834124481091,0.935802515991254,1.27133346529172,0.869394966432077,1.05676047140151,0.93082154708706,1.14302301507935,0.897821652334077,0.944663017896402,1.01508163262533,1.14243369714419,0.894260749914001,1.04645583457555,1.04196674693269,1.01731666857776,0.933263524623575,1.11066536262317,0.802418496622647,1.15365261613061,0.987220219594789,1.00973524197562,0.954276347844949,1.04876819058465,0.964510453029868,0.844338764749533,1.09671409377505,1.09443668844555,0.831274814067704,0.960706721566869,0.921407857305263,1.28661060706016,0.940645303097315,1.03708701045543,0.950072135180494,1.07219555126676,0.962096527990025,0.937845257676164,0.878275833044325,1.22178238128949,1.01356041011852,1.09562997508587,0.689049682830566,1.20175993196504,0.945235221775441,1.00144014214002,0.973877212125298,1.07944742395924,0.942455655198349,1.00699204225239,0.863283463682218,1.18726883886704,0.52899553497206,0.521412597872946,0.519123044903023,0.535283134737532,0.51646253042184,11.4088339054157,63646.452173913,0.546586575133486,2983.91847826087,0.526783079704971,61317.52,0.535087719298246,2966.11,0.522924748991604,0.526257344739985,11.7429031354983,66225.4617021276,0.528574094811497,2858.64255319149,0.514122242471308,64643.57,0.545614035087719,2906.02,0.519129861427058,0.513908702863653,0.519341624152192,0.532884910303286,0.982589178232012,1.03589794223397,1.00924356023299,0.93422382815102,1.0257545328709,0.864801352082552,1.17522028689553,1.02387408103711,1.08579084501292,0.834103168452334,1.05623190549763,0.862049294929211,0.880683404380789,0.977900755130516,1.27936654555948,1.11091714465713,1.002758387097,1.094766923511,0.79155754473487,0.516806066711855,0.508792757951689,0.524819375472021
"SI","rev_loan",1.13373350546903,0.996439052760157,1.06388194181013,1.06499210615946,0.912600283348365,0.990017213322266,1.15171421072026,1.09351836753414,0.989263253153542,1.04083029897621,0.989580261223263,0.76916449338356,1.08496774955193,1.15628749584125,0.84896930751898,0.859159623966694,0.831341684083734,1.46052938443059,0.760431287139362,1.17717727407168,0.779745099620876,1.28264633916808,0.979646431999373,1.09235457353104,0.832039267921621,1.09595972654796,0.817838432369611,0.896297224117678,0.96789174401685,1.31797259949586,0.774553044825564,0.905518945377485,0.721526651545374,1.59840135825158,0.850886724308884,1.03465896733779,0.922591861932676,1.19186244642065,1.22371898254251,0.669283875166228,0.904866593101887,1.20213054918937,0.877180677635039,0.778479152580573,1.07973054866902,1.26460962111537,0.945137964101886,1.01843497236652,0.81232544821814,1.22410161531346,0.82916399091904,1.06610005422561,0.965068561591296,1.13966739326405,1.16685324479442,0.975570970423912,0.994791129349953,0.862784655431714,0.796769374416433,0.97909243697479,0.62777964519141,1.59635854341737,1.25858261827251,0.705587145698406,0.761460922710035,1.27436931331905,1.07413752913753,1.18269896769897,0.934915084915085,0.808248418248418,0.919566988850876,1.17319538091917,0.861754335462775,1.04548329476718,0.957231796445019,0.96110760560257,0.96188332687288,1.11977727107953,1.00805370560354,1.01191186775192,0.804833631987152,1.17520079465738,0.540335632345959,0.523686257203379,0.512537264821093,0.558026736180064,0.547529350873272,6.85799008390542,39022.7304347826,0.580959191456903,3130.36304347826,0.544488570149492,36848.24,0.532127192982456,3017.585,0.523254566575099,0.500350463398804,5.81249066815976,32793.2127659574,0.507880739081747,2790.76382978723,0.480524707111369,30676.71,0.533662280701754,2806.41,0.555022516478543,0.540355043378864,0.529957262632524,0.471977280799822,1.05601389690762,0.837795382366994,0.946904639637308,1.06845873981777,0.707127209504491,0.708798222737371,1.51561582794037,0.958346716847861,1.04201174619939,0.648426151778555,1.3512153851742,1.04895394460612,1.09845632628241,0.786008773834861,1.06658095527661,1.24189712248536,1.25951107715814,0.764763602410661,0.733828197945845,0.514007486813436,0.551960645034179,0.476054328592692
"SI","rev_behav",1.17912699247286,1.07762095524685,1.12748357002454,1.08545216479427,1.0580745877453,1.07726646650381,1.11173543652984,1.05779668145229,1.18034273087261,1.11972855589051,0.67013985581237,0.93862743277948,0.842422414059841,1.54881029734831,0.875582463513498,0.79686788307478,0.947643544195268,1.37990610921645,1.11448373055516,0.70583880405309,0.773690595119167,1.40598687027258,0.741683586849827,1.12588102056133,1.10440505596516,1.02803033662369,0.830469992184763,0.882697334734686,0.926119061093594,1.36071361198696,1.12687918142464,0.709171636444364,1.25516907335089,0.908780108780109,0.834455866713931,0.735732009925558,1.09009807396904,1.33971404939147,0.893965945329969,1.07683169739862,0.808508623768641,1.22069373350277,0.953406664810173,0.752014294996751,1.09890931031282,1.19566972988026,1.06773226773227,0.988043634852146,1.06582117645947,0.878402920956113,1.0063914346523,0.543729096989967,1.14596056117795,1.30391890717978,0.915793853773394,0.808998274151727,1.11707900830343,1.15812886377145,0.781637952690584,1.07786540944436,0.838663237347448,1.30183340051761,0.781325341325341,1.01736263736264,0.927051282051282,1.27426073926074,0.916507936507937,0.895238095238095,0.592063492063492,1.59619047619048,1.11657961674586,0.839376000526896,0.714713209495818,1.32933117323143,0.985692620833351,0.774850267385624,1.10687361543238,1.13258349634864,0.900086297834726,0.945380769157652,0.773166247132098,1.38136668587552,0.556393058112306,0.537016224720411,0.544338634268089,0.576502798170351,0.525450569232115,5.93284229595728,33454.9413043478,0.561532227307399,3130.19347826087,0.547021337955042,33585.66,0.56765350877193,3085.99,0.536976757366606,0.548335802432361,6.31552584919746,35873.7255319149,0.571430571108623,3123.89361702128,0.539622149050882,34031,0.560964912280702,3169.87,0.547783365347858,0.504068104865977,0.562589053069418,0.534676437238515,1.05987459908513,1.10931501398573,1.08459480653543,0.838771170350118,0.984947216526164,0.83987430697957,1.33640730614415,1.15312021312021,0.783663003663004,1.06161838161838,1.0015984015984,0.760860805860806,0.929059829059829,1.06956043956044,1.24051892551893,0.980590605756846,0.892228703379599,0.920294749297307,1.20688594156625,0.536862295262254,0.528392499222269,0.54533209130224
"SI","rev_exchange",1.10252550075361,1.09123927091259,1.09678338381695,1.0826257858069,1.00500727342833,1.04494003037704,1.2551577792048,0.992162397435651,0.979591890006224,0.985809560347661,0.876418715634402,1.05059653491026,0.967527751841477,1.10545699761386,0.96019536019536,0.711795403628435,1.23147213746125,1.09653709871496,0.905272108843537,0.854931972789116,0.942800453514739,1.29699546485261,0.707534960166539,1.1634827161143,0.893692856850752,1.23528946686841,0.841312008674438,0.756121803560134,0.886925092617692,1.51564109514774,0.864784338468549,0.523680997365208,1.05725074146127,1.55428392270498,1.0237799834574,0.882689353657096,1.0016601677892,1.0918704950963,0.949752245804877,0.946417617470249,1.06730655634164,1.03652358038323,0.931509492685963,0.903772175536881,1.10552131963897,1.05919701213819,0.95588466529116,1.23250775602399,0.987365440332966,0.824242138351881,1.18552666504612,0.995164751343241,0.764412983406118,1.05489560020452,0.878869394494394,1.02789976227476,0.893182049432049,1.20004879379879,0.985396825396825,0.993968253968254,0.712380952380952,1.30825396825397,0.698101399804186,0.992030377603133,0.935047630388188,1.37482059220449,0.78015873015873,1.32142857142857,0.765079365079365,1.13333333333333,1.01216140584562,0.866222198853778,0.987611628137944,1.13400476716266,0.986905720254866,1.04147515904981,0.936507369294746,1.03511175140058,0.875850861847528,1.03426907739839,0.856440916919602,1.23343914383448,0.539566844141859,0.51486852827529,0.52783050685787,0.533679612365994,0.510684923872956,5.99926344393593,34385.3217391304,0.523417238749047,2780.00326086957,0.544087246338378,35338.11,0.571271929824561,2927.85,0.545251067925452,0.518963119817999,6.82041573348264,37897.3425531915,0.556312989921612,2988.7829787234,0.513387370239597,35368.43,0.518530701754386,2881.115,0.535867786780184,0.48657367215327,0.48852131655243,0.548136514614169,0.999124101732461,1.01622683602947,1.00767546888096,1.10455648926237,0.957329598506069,0.719794584500467,1.21831932773109,0.76958485958486,1.17203264571686,0.938716020821284,1.119666473877,0.95051282051282,1.117442002442,1.02468864468864,0.907356532356532,0.923409047093258,0.943728785834049,1.10836415046941,1.02449801660328,0.516382193877889,0.52078865716327,0.511975730592507
"SI","rev_info",1.17889236758377,1.15174169981472,1.16507886994688,1.17069118961534,1.1242694777273,1.14451424236194,1.09686669902058,1.0879466222968,1.05507902692788,1.07133611711036,0.836992247518563,0.649731554994713,1.18330324646114,1.32997295102558,0.980177624588855,0.806805553437346,0.845249533570234,1.36776728840356,1.113310778857,0.550778493215468,1.02696533158718,1.30894539634035,0.794790764790765,0.931991341991342,1.19339105339105,1.07982683982684,0.92525343926023,0.855814813369992,0.942837298524905,1.27609444884487,1.17043313193046,0.659504646670422,1.05107504893601,1.11898717246311,0.885977039372625,0.693952623494219,0.849328967580241,1.57074136955291,0.857511624178291,0.777625460958794,1.05224867724868,1.31261423761424,0.971327269222006,0.985687762529868,1.05831139620613,0.984673572041993,0.9878924470124,0.708961703382361,1.04331291307116,1.25983293653408,1.02673853606348,0.91622402514851,0.716093180910114,1.3409442578779,0.928612101406219,0.910322588631412,1.06966637665167,1.0913989333107,0.739922533606744,0.964278879015721,0.989614946457052,1.30618364092048,0.867794297206062,0.74523953171012,0.912161890397184,1.47480428068663,0.938617376775271,0.783061821219716,1.18014202172097,1.09817878028404,0.92819073083779,0.853052160258043,0.942002376708259,1.27675473219591,0.978193686295654,0.879134079483625,0.972817162068635,1.16985507215209,0.869311387720533,0.841660127555579,0.993987901084829,1.29504058363906,0.549325448682522,0.539117898657898,0.545489622195004,0.555525583002081,0.533190979858016,6.32430635011441,35855.5326086956,0.601434973302822,3082.47282608696,0.549608716568111,33667.92,0.607127192982456,3113.175,0.54333911209812,0.544918712802462,6.4049178798059,36697.6255319149,0.55456326987682,2969.79680851064,0.54041183618583,35141.29,0.549232456140351,2952.54,0.506604773504179,0.558645858281903,0.5507149090785,0.539364024704592,1.13287847601315,1.06048599383932,1.09668223492624,0.851809593914857,1.0688672730778,0.983970415549363,1.09535271745798,0.956381394663129,0.591427834291611,1.32648606811145,1.1257047029338,1.02262531328321,0.906194653299917,0.670895989974937,1.40028404344194,0.915060690943044,0.914175367116544,1.17304133774722,0.997722604193192,0.538035743523118,0.540272808364236,0.535798678681999
"SI","rev_male",1.28543449431054,1.21311210724043,1.24863889387136,1.3638190975691,1.1393451643529,1.25290474970359,1.13098855411767,1.21223138895773,1.19262041004103,1.20232046412886,0.734920634920635,0.686713697824809,0.951058201058201,1.62730746619635,0.918329506869061,0.517781170823767,0.675660715214468,1.8882286070927,0.80654569601938,0.639962279435964,1.11918948497896,1.4343025395657,0.649210658622423,1.04334841628959,1.19206636500754,1.11537456008044,0.867511520737327,0.891705069124424,0.929800307219662,1.31098310291859,0.953369827054038,0.764743833164886,1.13847750689856,1.14340883288252,0.760615644107105,0.613071354817085,1.34975213134606,1.27656086972975,0.673988248498052,1.09048326401268,0.811748200963887,1.42378028652538,0.838201058201058,0.830970017636684,1.07754850088183,1.25328042328042,0.817549159226256,0.668338628413722,1.09346402450282,1.4206481878572,0.993572057382799,0.640429625787682,0.938197338325216,1.4278009785043,0.666256866914762,0.930061580719475,1.21360756689704,1.19007398546872,0.732142857142857,0.638571428571429,1.0897619047619,1.53952380952381,0.717242757242757,0.456766566766567,0.993457653457653,1.83253302253302,0.625259838201015,0.95548882490059,0.759832716303305,1.65941862059509,0.896028251074691,0.965842428412088,0.871113596872111,1.26701572364111,0.827034958893542,0.768324112848731,1.0822189917491,1.32242193650862,0.727523171878971,0.766667328713848,0.924999796084181,1.580809703323,0.583073575164149,0.570160479270832,0.587083214979484,0.600639647868819,0.57558054798201,6.26085287948131,35378.7804347826,0.636284324942792,3313.37065217391,0.602015507640508,34803.07,0.647697368421053,3320.98,0.566113229104467,0.564855731170529,6.27266937290034,36425.3021276596,0.558739268383725,3116.54255319149,0.568694197466921,33354.69,0.552083333333333,3148.875,0.550710113595418,0.599392666011726,0.571376377124794,0.558606778797692,1.31263014763015,1.17415238757344,1.24339126760179,0.747142857142857,0.76515873015873,1.17039682539683,1.31730158730159,0.748579753579754,0.488598068598069,1.63009823509824,1.13272394272394,0.526592927769398,0.849679906150494,0.879577677224736,1.74414948885537,0.987247709291053,0.939869906495293,0.921125809175345,1.15175657503831,0.579446468717149,0.586012371309246,0.572880566125052
"SI","rev_female",1.10206672029013,1.04506324523597,1.07306495228012,0.979075994954478,1.03441473292042,1.00691832198713,1.07456757746038,1.018249132637,1.06440227311679,1.04157383804077,0.732227346606432,0.919329617368833,1.07732035575173,1.27112268027301,0.866385792066373,1.06383797690513,1.08708442193016,0.982691809098343,1.30587051407485,0.599562632070372,0.775932143192205,1.31863471066257,0.964287959364686,0.949729889320682,0.973807715444544,1.11217443587009,0.804816941439332,0.861666269635909,0.996842920941593,1.33667386798317,1.38402065770487,0.640051176893282,1.11719391719392,0.858734248207933,0.877560916839854,0.82613475497726,0.667070268967802,1.62923405921508,1.08213905896131,0.833225082596353,0.94473654562103,1.13989931282131,0.904888096652803,0.860325382678324,1.17104282790557,1.0637436927633,1.25972162786602,0.893630564152928,1.03273918185979,0.81390862612126,1.01323129592895,0.813991347064293,0.964801547279586,1.20797580972717,1.15558636732205,0.75774969676866,1.01965207135486,1.06701186455443,0.680704948646125,1.30344070961718,0.918926237161531,1.09692810457516,0.851377745061956,1.24817261685683,0.835061955588271,1.06538768249295,1.19532976827094,0.835234699940582,0.876743909685086,1.09269162210339,1.13245429993646,0.699322300170328,0.771983798720237,1.39623960117297,1.08604121560897,0.830811108309491,1.04602064195191,1.03712703412963,0.978313414736165,1.00784994128958,0.844001228216414,1.16983541575784,0.532631357976284,0.515434056615297,0.514686873443862,0.542261351479752,0.501717378321624,6.06930062929062,34500.7608695652,0.527183447749809,2804.9097826087,0.51408168225074,34084.71,0.54155701754386,2869.805,0.523333433214314,0.528858890689955,6.5256485628966,37224.0744680851,0.523558230683091,2892.31382978723,0.515341196748267,35469.52,0.508004385964912,2799.895,0.534765086585664,0.470075955515629,0.542104273361503,0.516165398963055,0.947840092484055,1.02689194067475,0.987366016579403,0.783259061200238,1.23232111026229,0.926425176131058,1.05799465240642,1.34805787092165,0.845001587679606,0.894130745415575,0.912809795983171,1.15152406417112,0.889034462269756,0.873259061200238,1.08618241235888,0.91248995056035,0.939383760299765,1.06174450405639,1.08638178508349,0.507461665969279,0.495246790704995,0.519676541233562
"SI","rev_sum",1.17211925430982,1.09424867053157,1.13250088712439,1.10969381779866,1.006919141256,1.0596422564351,1.13668490546515,1.09482795550331,1.0764615967779,1.08554603227649,0.748873775209778,0.824102604063772,0.940770260772652,1.4862533599538,0.837510498332319,0.895326787078532,0.883225032920352,1.3839376816688,0.93209518764456,0.870937866267891,0.718945825911661,1.47802112017589,0.766163351392578,1.05324427223373,0.942854591729017,1.23773778464468,0.771939137381261,0.89461151272113,0.987933296772729,1.34551605312488,0.960024353457313,0.823044190399876,1.020779082428,1.19615237371481,0.744297161023547,0.824365061458303,1.04325245083685,1.38808532668131,0.853012375873672,0.917856884614443,0.998133407093227,1.23099733241866,0.830890343700084,0.879228308558922,0.961430697814193,1.3284506499268,0.915975902165633,0.990328711360656,0.961655657210561,1.13203972926315,0.981425092513542,0.859621024175007,0.841912236090394,1.31704164722106,0.888641893241777,0.964214324218253,0.944837257315035,1.20230652522493,0.78380429467766,0.951145448230357,1.0439256843057,1.22112457278628,0.950010384407963,0.876264601489383,0.952985649448437,1.22073936465422,1.02632740025753,0.959428518544215,1.01201116777367,1.00223291342458,1.08929302567556,0.897274490498704,0.964810897267004,1.04862158655873,0.904523107524283,0.924384827922736,0.927647034955993,1.24344502959699,0.960915833584986,0.919799653544813,0.994061279194083,1.12522323367612,0.558020300348653,0.546296227822298,0.518696188149386,0.567064563196058,0.548222470784751,13.6415427154844,76030.1891304348,0.580530129672006,3007.36956521739,0.536297634384494,72635.7,0.575767543859649,3045.655,0.549287908633917,0.544410968752663,13.2428028182158,73630.5234042553,0.552860209033221,2941.10531914894,0.500173469694259,73043.43,0.560526315789474,2933.65,0.56015712457011,0.536795674607279,0.54969024506074,0.539351662290756,1.09981864204715,1.03286792608697,1.06634328406706,0.835035043762062,0.919720635243383,1.01496874688684,1.23027557410771,0.973163125122048,0.87280662768391,1.07589527206268,1.07813497513136,0.948306630103958,0.907467151394302,1.03189971859547,1.11232649990627,1.02001204676313,0.99274246739072,1.0656234234876,0.921622062358547,0.528822224408273,0.540700982987309,0.516943465829237
"SI","rev_collapse_sum",1.16693878876096,1.08841093321299,1.12698602014883,1.10821495462141,1.00291932119704,1.05748189222112,1.1305691465413,1.08389086497989,1.07046680109603,1.07710666065149,0.758715497595071,0.834070343605102,0.940441756955327,1.4667724018445,0.842492836760383,0.891908471735066,0.865530388597055,1.4000683029075,0.940245112870326,0.877881773206945,0.73261861344943,1.4492545004733,0.758230504561344,1.06966212667632,0.928312824718004,1.24379454404433,0.785264104867352,0.896576898449028,0.972120420080258,1.34603857660336,0.96811926799146,0.824307342308732,1.02164405107102,1.18592933862879,0.748559157271542,0.832402376306298,1.03712811801643,1.38191034840573,0.83967084688501,0.928006002447841,0.996527408703054,1.23579574196409,0.842887406697371,0.892662023289666,0.93775527533588,1.32669529467708,0.917555089338208,1.00721845309336,0.951981357826334,1.12324509974209,0.972026086296257,0.872042324459058,0.837897221145515,1.31803436809917,0.894367854416356,0.97907161431703,0.940804947828269,1.18575558343835,0.792247415124503,0.950571251302709,1.04551984488627,1.21166148868652,0.959863784507221,0.864457730579918,0.959965566805793,1.21571291810707,1.02944752397304,0.967609954576096,0.999778087029376,1.00316443442149,1.09866031836551,0.892604918297192,0.972639955029225,1.03609480830807,0.90697784667683,0.9388088320202,0.917440972453779,1.23677234884919,0.968143703395938,0.916892512161814,0.994497537545083,1.12046624689717,0.556549130775281,0.544410195258244,0.517734202732574,0.565285699357583,0.545679383413029,13.6415427154844,76030.1891304348,0.580530129672006,3007.36956521739,0.53536571627503,72635.7,0.575767543859649,3045.655,0.548113823178575,0.543168011106752,13.2428028182158,73630.5234042553,0.552860209033221,2941.10531914894,0.498788900823862,73043.43,0.560526315789474,2933.65,0.557693734072893,0.534176281717415,0.550630453929665,0.536016503401461,1.09915251535729,1.02201953415111,1.0605860247542,0.842954258589976,0.928503046697823,1.01206797819687,1.21647471651533,0.97115718916473,0.860775444118314,1.07838858784604,1.08967877887091,0.962953932736519,0.917603373867841,1.02640273387043,1.09303995952521,1.01660086360614,1.01476369318508,1.05879777812083,0.909837665087948,0.527338156057865,0.54020992541051,0.51446638670522
"SI","rev_main_supp",1.17550874186372,1.08719209558367,1.13057571130019,1.15207475463053,1.0338704062249,1.09153761658707,1.13692029037793,1.09047003490781,1.07502919659142,1.08266660048985,0.771806290189777,0.784491774787616,1.0246337185204,1.41906821650221,0.890408831409152,0.844866105034782,0.908628256551818,1.35609680700425,0.992644283184613,0.813881395202526,0.830777232456579,1.36269708915628,0.80543042029005,1.03800284362509,1.01365990982828,1.14290682625658,0.817196182314221,0.824363998110283,0.971201018502431,1.38723880107306,1.02826905394042,0.777362377528238,0.979012189469837,1.21535637906151,0.843801611341858,0.817510902272445,1.00176923563739,1.33691825074831,0.927303795342348,0.872093017479352,0.979111373977768,1.22149181320053,0.860059729489194,0.815980447818395,1.09409401028626,1.22986581240615,0.999867152958811,0.956126583171448,0.983864327832816,1.06014193603692,1.00545278476002,0.831075626403942,0.945963306762694,1.21750828207334,0.93044238237794,0.93235353694021,1.06267339279131,1.07453068789054,0.714453305092741,0.93794897371182,0.941571060407428,1.40602666078801,0.879222731173195,0.86007597150012,0.830127409570134,1.43057388775655,0.942891183631785,0.984646556992422,0.848635590312282,1.22382666906351,1.02643377641823,0.910546858057977,0.806290768050661,1.25672859747313,0.949508099296667,0.885158699723641,1.02149725180694,1.14383594917275,0.889585634625477,0.927339132200381,0.852435171478471,1.33064006169567,0.551728418480548,0.536723623628088,0.542236304640776,0.563923973773747,0.539895150513271,13.6415427154844,76030.1891304348,0.580530129672006,3007.36956521739,0.560705944198332,72635.7,0.575767543859649,3045.655,0.53995339957677,0.533619576038335,13.2428028182158,73630.5234042553,0.552860209033221,2941.10531914894,0.523823425955928,73043.43,0.560526315789474,2933.65,0.555396943609944,0.52505300818667,0.540511886657652,0.527014445028156,1.11780832338706,1.02965420610817,1.07373126474761,0.824298550031195,0.905421130666324,0.901609222315454,1.36867109698703,0.978043467294905,0.82100355845933,0.977738800832565,1.2232141734132,0.930729438334566,0.9656736746897,0.939183473070873,1.16441341390486,0.992115770994238,0.992864291548822,0.978309096350218,1.03671084110672,0.536276683212043,0.550944396383777,0.521608970040309
"SI","rev_primary_kin",1.23950617283951,0.969714285714286,1.08720430107527,1.21333333333333,0.953846153846154,1.06666666666667,1.032,1.18692810457516,0.875686274509804,1.03130718954248,1.02222222222222,0.355555555555556,1.11111111111111,1.51111111111111,0.888888888888889,0.703703703703704,0.592592592592593,1.81481481481481,1.46666666666667,0.6,0,1.93333333333333,0.664,1.392,0.464,1.48,0.533333333333333,0.533333333333333,1.06666666666667,1.86666666666667,0.31578947368421,1.89473684210526,1.15789473684211,0.631578947368421,1.15368421052632,0.342456140350877,0.732631578947368,1.77122807017544,1.73913043478261,0.333333333333333,0.420289855072464,1.50724637681159,0.290909090909091,1.61212121212121,0.290909090909091,1.80606060606061,1.55,0,1.25,1.2,1.1304347826087,1.21739130434783,0.260869565217391,1.39130434782609,0.64,1.52714285714286,1.17571428571429,0.657142857142857,0.986666666666667,0.16,2.05333333333333,0.8,1.4,0.6,1,1,0.91,0.99,0.583333333333333,1.51666666666667,1.2,1.2,0.8,0.8,1.06980392156863,0.867581699346405,0.903137254901961,1.15947712418301,1.09623188405797,0.770434782608696,1.04057971014493,1.09275362318841,0.566901056404452,0.506222327640734,0.530234113712375,0.599504548408057,0.512030887623867,1.18108875128999,5817.12156862745,0.638961988304094,3234.19215686274,0.543717948717949,7109.3,0.644078947368421,3126.75,0.541749791144528,0.500413767657601,1.17297901616787,6061.56470588235,0.56375558995528,3027.50588235294,0.519861932938856,6026.49230769231,0.566481106612686,3018.22307692308,0.574230205278592,0.494926075268817,0.507123655913978,0.494902073732719,1.37575757575758,0.588888888888889,0.965217391304348,1.03333333333333,0.4,2.06666666666667,0.5,0.428571428571429,0.714285714285714,1.28571428571429,1.57142857142857,1.54666666666667,1.98666666666667,0.333333333333333,0.133333333333333,1,1.11111111111111,0.166666666666667,1.72222222222222,0.517177536231884,0.623825757575758,0.419416666666667
"SI","rev_secondary_kin",1.32246758812815,0.986696900982615,1.12660135395992,1.1043750287,1.0423569023569,1.06992051406495,1.00379775468171,1.22472503269675,0.952406417112299,1.07294088630541,0.508196721311475,0.973909782492232,0.790849673202614,1.72704382299368,0.592592592592593,0.677777777777778,0.7,2.02962962962963,1.27873015873016,0.603174603174603,0,2.11809523809524,0.753460531238309,1.35353535353535,0.480359147025814,1.41264496820052,0.39344262295082,0.664255866280939,1.18884603021536,1.75345548055288,0.210526315789474,2.17543859649123,0.982456140350877,0.631578947368421,0.784511784511784,0.356902356902357,0.633670033670034,2.22491582491583,1.41950113378685,0.533333333333333,0.775850340136055,1.27131519274376,0.36768149882904,1.50144648023144,0.501446480231437,1.62942554070809,1.11571428571429,0.323333333333333,1.09904761904762,1.46190476190476,0.576576576576577,1.2,0.12972972972973,2.09369369369369,1.01427174975562,1.46119257086999,0.739198435972629,0.78533724340176,0.674863387978142,0.766366655951998,1.32969034608379,1.22907960998607,1.47460317460317,0.666666666666667,0.966666666666667,0.892063492063492,1.1510101010101,0.898484848484848,0.588888888888889,1.36161616161616,0.904761904761905,0.857142857142857,1.66666666666667,0.571428571428571,0.840589098261767,1.0135291291274,0.645059893445052,1.50082187916578,1.05326716729267,0.806891804577436,1.11688592052891,1.02295510760099,0.582286634239788,0.545122580748145,0.523812785908754,0.647553089302062,0.554712561327487,2.03683398310591,10233.662962963,0.609234892787524,3103.77777777778,0.538926907809502,11568.1166666667,0.61593567251462,2921.33333333333,0.535667737766735,0.537507007935139,1.69567208462332,8678.24117647059,0.611829205366357,2902.575,0.511721488388155,9023.16,0.582236842105263,2936.54666666667,0.582026594350062,0.545152649769585,0.61372784074397,0.446533755872986,1.27381947314445,0.771986531986532,0.995023394723384,0.704918032786885,1.02455801992928,1.32896174863388,0.941562198649952,0.389115646258503,0.86530612244898,1.12380952380952,1.62176870748299,1.39015151515152,1.46212121212121,0.875,0.272727272727273,1.02539682539683,0.977777777777778,0.368253968253968,1.62857142857143,0.525867176307884,0.626002072618665,0.445759259259259
"SI","rev_primary_connectedkin_sum",1.56923076923077,1.03835874270657,1.30087787670205,1.27948717948718,0.907509157509158,1.12877230296585,1.3141220481646,1.2668071654373,0.771838524786708,1.01932284511201,0.528846153846154,0,1.95833333333333,1.51282051282051,0.622710622710623,0.619047619047619,0.632700632700632,2.12554112554113,1.50022675736961,0.682745825602968,0,1.81702741702742,0.281142857142857,1.424,0.953352657004831,1.34150448585231,0.488165680473373,0.189349112426035,0.923076923076923,2.39940828402367,0.326530612244898,1.9047619047619,0.85095856524428,0.917748917748917,0.598974358974359,0.8,0.986666666666667,1.61435897435897,0.677551020408163,0.594248608534323,1.17006533838832,1.55813503266919,0.61978021978022,1.60879120879121,0.971428571428572,0.8,0.764372469635628,0,1.50558213716108,1.73004539320329,0.6,2.13333333333333,0.133333333333333,1.13333333333333,0.49922480620155,1.76383508638311,1.13509907685843,0.601841030556905,0.573717948717949,1.33333333333333,1.38461538461538,0.708333333333333,0.6,0.375,1.06136363636364,1.96363636363636,1.68335368335368,0.592592592592593,0.844515298621579,0.879538425432145,0.563265306122449,1.5047619047619,1.1156462585034,0.816326530612245,0.617843343870741,1.34351096590525,0.98644781860982,1.05219787161419,0.918799480089803,0.823655913978495,1.12832237628872,1.12922222964299,0.596737307585708,0.541600964196979,0.522464264496846,0.646431930642457,0.584403127150586,1.05626051429945,5677.73698630137,0.666549507329969,3437.4301369863,0.573780332914948,5109,0.703837719298246,3324.5125,0.548123002421497,0.498798801243373,1.12256368661379,6002.15342465753,0.577748738284066,2934.65890410959,0.459327512881025,6611.975,0.545257675438596,2834.8125,0.547608708495805,0.61829272327999,0.485170250896057,0.50830709218336,1.28120421245421,0.584268991877688,0.93273660216595,0.490384615384615,1.15384615384615,1.73076923076923,0.625,0.397619047619047,0.833333333333333,1.30793650793651,1.46111111111111,1.34615384615385,2,0.5,0.153846153846154,0.792857142857143,1.52391304347826,0.0974025974025974,1.585827216262,0.52312520303519,0.59285807942058,0.453392326649799
"SI","rev_secondary_connectedkin_sum",1.58833293263511,1.07217242142702,1.3352157588696,1.36880551349698,1.03551292306575,1.22166307513776,1.38498258967099,1.22953773117522,0.850952276588219,1.05345147322778,0.116516516516517,0.314176245210728,1.13428370899635,2.4350235292764,0.821986189910718,0.409090909090909,0.627204897918598,2.14171800307977,1.48195681042396,0.621966840944943,0,1.89607634863109,0.700308702791461,0.981558508398447,0.717369132918597,1.60076365589149,0.74664341761116,0.158398220244716,1.23816452715229,1.85679383499183,0.285714285714286,1.36410339606316,0.804865424430642,1.54531689379191,0.528704233106749,0.646321707642462,1.28331361664695,1.54166044260384,0.832605987853911,0.910250673527794,1.01382934234027,1.24331399627803,0.646486486486486,0.811901556729143,0.812890131510821,1.72872182527355,1.0173239045178,0.60262493631317,1.10387284192112,1.27617831724791,0.573048573048573,1.84703584703585,0.0442260442260442,1.53568953568954,0.659831200004814,1.53329699075708,0.883462411419249,0.923409397818856,0.122137592137592,0.956646211818626,1.818127998128,1.10308819791578,1.13306138306138,0.333333333333333,1.07831661092531,1.45528867267998,2.01035820443616,0.354285130927467,0.548614466277322,1.08674219835906,0.625981432360743,0.758406244638875,1.69172340637947,0.923888916620909,0.735358454693214,1.15773859885123,0.744693760556227,1.36220918589933,1.01473227422711,0.541941575497368,1.2659091127801,1.17741703749543,0.622875609021288,0.56332549019205,0.536893594475516,0.687785941347202,0.591538094641273,1.70706760106789,8806.81739130435,0.643649885583524,3255.87717391304,0.590570096297673,8792.43157894737,0.704559095106187,3317.16315789474,0.555419773466908,0.530880995075444,1.93905427631579,10365.7825,0.580071271929824,2976.8275,0.472249998034733,10746.3333333333,0.531384015594542,2864.03333333333,0.643207225579306,0.542067650126135,0.535120494394688,0.527233053800746,1.42514486497363,0.708960349230563,1.07673077623376,0.0948648648648649,0.728341543513957,2.03611325611326,1.14068033550792,0.836163836163836,0.676328502415459,1.0784272523403,1.40908040908041,1.7954178944745,1.41906241906242,0.497863247863248,0.287656438599835,0.974443992677066,0.975234296863764,0.196809948634766,1.8535117618244,0.545118669271543,0.628710747400481,0.456882586802107
"SI","rev_non_primary_connectedkin_sum",1.15893479270553,1.09610860823051,1.12697059358666,1.11272227852939,1.01218786426434,1.06181934701864,1.13810704046078,1.08656572496925,1.09460105356333,1.09062658995766,0.764624094151577,0.866110231148451,0.905887543678777,1.4633781310212,0.846549598106482,0.883432347889375,0.893425925912647,1.3765921280915,0.926477801036296,0.870015616245098,0.772016016726512,1.43149056599209,0.792283477421704,1.02603604795771,0.949411116457644,1.23226935816295,0.788040980081848,0.91939564970748,1.02565958379538,1.26690378641529,0.982988795888526,0.756155546461513,1.03286199694525,1.22799366070471,0.76377069844431,0.842143914665789,1.04173368520062,1.35235170168928,0.858578586591759,0.959338509757834,0.978413939048677,1.20366896460173,0.846555702291438,0.812339896414323,0.984431032257117,1.35667336903712,0.927813823911239,1.05987989234192,0.905198128522746,1.10710815522409,0.998978326444285,0.801149140970724,0.874514300165245,1.32535823241975,0.908531494964693,0.912492222306211,0.944615014783577,1.23436126794552,0.802786543043749,0.91240672029912,1.01846943410674,1.26633730255039,0.946320427720959,0.887597194818605,0.917604542755974,1.24847783470446,0.980406315998142,1.00664766444932,1.01215220202679,1.00079381752575,1.09868046642796,0.86551409606723,0.973180981221405,1.06262445628341,0.920778339256373,0.897968480828313,0.926951005426625,1.25430217448869,0.953365804896627,0.922995501066093,0.978643377829161,1.14499531620812,0.555829085210675,0.547227178830844,0.521204046519782,0.563767571063273,0.547197874910639,12.8034229595728,71525.0282608696,0.579123760488177,2973.44565217391,0.539310152299655,68548.5,0.572916666666667,3026.15,0.548164340249547,0.547255859263385,12.3710246360582,68969.2765957447,0.554656588279209,2955.45106382979,0.502723506784252,67753.85,0.564035087719298,2941.95,0.562746698805644,0.532310703096272,0.552859702382468,0.541885509607598,1.09779011955985,1.06452609313047,1.08115810634516,0.859364086465083,0.892351205796868,0.973245191611016,1.27503951612703,1.00676763519333,0.850356594305333,1.04871503190391,1.09416073859743,0.907668095425075,0.822067324431327,1.07623541579376,1.19402916434983,1.05271355647163,0.959446651150084,1.15155025751942,0.83628953485887,0.530678098006837,0.540473192331077,0.520883003682596
"SI","rev_non_secondary_connectedkin_sum",1.11955651327311,1.09720684358736,1.10818562869615,1.09247945443264,1.00602068850609,1.04925773871342,1.1090057759276,1.07192467406115,1.0961645966943,1.08417495754242,0.831487439025265,0.8887736253425,0.996082587093861,1.28365634853837,0.856505047086102,0.942206048620192,0.922376975371739,1.27891192892197,0.925329065671126,0.870133360066022,0.799069242091438,1.40546833217141,0.764113610429922,1.05092166367761,0.998469914569302,1.18649481132317,0.813893948898168,0.943842977041061,0.996787994253648,1.24547507980712,1.03411356265475,0.770656618471031,1.05684674510541,1.1383830737688,0.80115594432688,0.854050391654467,1.01610985586567,1.32868380815298,0.864965643628269,0.948753920939195,1.00792047163624,1.1783599637963,0.890812275104735,0.850561702383143,1.00371282970293,1.25491319280919,0.93372422480096,1.03231898766273,0.923965015570064,1.10999177196624,1.03435448757075,0.76480431004485,0.911225367992897,1.2896158343915,0.911481822775955,0.904346325789769,0.97014851647795,1.21402333495633,0.889692329552248,0.914114546657869,0.941036012147018,1.25515711164287,0.89491598359508,0.931359322464263,0.896557561449569,1.27716713249109,0.934996438197406,1.06628139913226,1.05735143117298,0.941370731497357,1.07204679479996,0.902592613846024,0.919710509584339,1.10565008176967,0.942489381004617,0.889160703910548,0.952026498855052,1.21632341622978,0.942811854220354,0.958672668352805,0.954448159499029,1.14406731792781,0.547187818589363,0.542007718363141,0.519028448145921,0.548151364969567,0.540248654783252,11.9344751144165,67223.3717391304,0.559267734553776,2957.28586956522,0.535400487651829,64282.89,0.553728070175439,3013.765,0.546257497946408,0.543729355058351,11.5925438596491,64808.5808510638,0.551413773796192,2920.64574468085,0.502392631920362,63371.73,0.561622807017544,2907.805,0.549103903247627,0.531770225402467,0.549281913466891,0.538408153250166,1.06968917784948,1.06602522905342,1.06785720345145,0.938747668807534,0.908923539345537,0.919853320377027,1.2324754714699,1.01416652118262,0.859405559266399,1.03120251380133,1.09522540574965,0.855320093886963,0.8617412222596,1.08721676842782,1.19572191542562,1.02228037982925,0.996557387810489,1.25049942440409,0.730662807956168,0.526728190521493,0.533031509364178,0.520424871678809
"SM","loan",1.05791042099689,1.04450873571297,1.0511409690446,1.00437231888824,0.997501764427622,1.00094650672518,1.0751714950225,1.07867925018281,0.960691140391176,1.01968519528699,0.896962427244117,0.965939131291244,0.992190532472223,1.14490790899242,0.969162468593751,0.935431683499391,0.992975993839502,1.10242985406736,1.00864405864406,0.817410717410717,0.964732514732515,1.20921270921271,1.04687836747333,0.949031913620014,0.895574041169007,1.10851567773765,1.09943659336918,0.840921525415907,0.974739068671653,1.08490281254326,1.11211124991913,0.646844651205787,0.834830852254523,1.40621324662056,1.02094818821736,0.787032508283119,0.826206085072719,1.3658132184268,1.04112097336505,1.00611392013937,0.783885107887421,1.16887999860817,1.14717044473142,0.725053266516681,1.00424354326793,1.12353274548396,1.0389683483722,0.77479527802022,0.868205651467333,1.31803072214025,1.18101803876689,0.962653615136453,0.839309200101534,1.01701914599512,1.02181795719127,0.996284473946653,0.809324077255534,1.17257349160654,1.18406890886891,0.885500321900322,0.92071191031191,1.00971885891886,1.1088931641189,0.804048329558896,0.974422885859149,1.11263562046305,1.19708546268546,0.646132889332889,1.00901143301143,1.14777021497021,1.11150962640207,1.05526496386908,0.965464488219637,0.867760921509205,1.09547923238266,0.865150377043358,0.879589915431702,1.15978047514228,1.14915355332481,0.848953433224818,0.967991687130932,1.03390132631944,0.520347504066593,0.512885818624092,0.493958178740244,0.518909463404481,0.520982183631543,7.55593575667859,33967.9421686747,0.522568567786504,2141.78995983936,0.496796752516606,30439.64,0.523276450511945,2189.544,0.521756395255824,0.504789453616641,5.79210809106734,26464.8722891566,0.528037542662116,2183.68955823293,0.490799670039215,27526.364,0.529982935153584,2161.094,0.512374523903138,0.529384899080699,0.493284663369784,0.515491584078834,1.00437231888824,0.997501764427622,1.00093704165793,1.18406890886891,0.885500321900322,0.900804884004884,1.02962588522589,1.1088931641189,0.804048329558896,0.928898405762587,1.15816010055962,1.19090364450364,0.703587434787435,0.981296333296333,1.12421258741259,1.11769144458389,0.997810418414537,1.00276880251709,0.881729334484483,0.501824366611617,0.503620204771433,0.500028528451801
"SM","behav",1.00129267941727,0.953131820043585,0.976965692429877,0.976808356905106,0.946872966902379,0.962128614717585,1.01410540002824,0.97767770748424,0.911245929176475,0.944461818330358,0.944933002755355,1.03658334135071,0.876439601006818,1.14204405488712,1.16578826578827,0.846880146880147,0.870961920961921,1.11636966636967,1.20643375349258,0.98098308686544,0.821564586270469,0.991018573371515,0.871577786283669,1.12847809318398,0.91634729870024,1.08359682183212,1.0472345990287,0.997128987155077,0.778354648981671,1.17728176483455,1.04536824631443,0.85384656738885,0.710698172318515,1.3900870139782,1.03471739393749,0.92145828028181,0.701730266502243,1.34209405927846,1.13736543568476,1.00337620434582,0.892505684360888,0.966752675608526,1.09548257494065,0.887615402432287,0.854004727689064,1.162897294938,1.0748899527095,1.02983584456016,0.919082618393395,0.976191584336948,1.21923985056338,0.994134895605484,0.63644666879961,1.15017858503153,1.03346592607879,1.11067793229216,0.768373157976441,1.08748298365261,1.22143710256032,0.831876852261372,1.06982344572066,0.876862599457646,1.25488551214867,0.78456710540921,0.993634786266365,0.966912596175754,1.22219647019647,0.91445843045843,0.820863580863581,1.04248151848152,1.12345155498097,0.952401676754618,0.933013444072267,0.991133324192147,1.10402887006198,1.0070474932773,0.795864917787624,1.09305871887309,1.20150773734506,0.874235033219772,0.958586344340793,0.965670885094377,0.504158073024655,0.496654498140063,0.480460868614282,0.507188118926885,0.495794293236418,7.61497053058651,34937.0939759036,0.510427854763765,2179.94297188755,0.477163270594284,30415.6,0.519283276450512,2234.828,0.501189446971795,0.497514703043708,5.54884075551352,25778.0923694779,0.494113450388585,2174.34136546185,0.48360379471654,26965.516,0.489453924914676,2129.744,0.505555857581796,0.486265147089739,0.491723303067393,0.502902051858885,0.976808356905106,0.946872966902379,0.961840661903743,1.22143710256032,0.831876852261372,1.0608109680023,0.885875077176006,1.25488551214867,0.78456710540921,0.932987129829235,1.02756025261288,1.22930758130758,0.878902874902875,0.897971805971806,0.993817737817738,1.11634044386986,0.987957232310174,0.801620614679438,1.09408170914053,0.490318725050606,0.48738671580283,0.493250734298381
"SM","exchange",1.08733130089177,0.929097314251777,1.00740423596781,0.95743468708768,0.916649475492725,0.940079237299562,1.06526634882248,0.989336931576683,0.929632152999306,0.959484542287995,0.819799092295961,1.2126205989847,1.01164887147991,0.95593143723943,0.898370522929683,0.728279810319789,1.20272460371397,1.17062506303656,0.954022919240311,1.2411961064135,0.749311336267858,1.05546963807833,1.10768641821273,0.980705299126352,0.892292779134884,1.01931550352603,0.96711177529032,0.9221428776469,0.895058677650924,1.21568666941186,0.918681258319497,0.930998693453377,1.0596792108208,1.09064083740632,1.00446744266969,0.898108757659319,1.0009661998426,1.09645759982839,1.14169396569628,0.908371613605853,1.02913405597038,0.92080036472749,1.04286518564706,0.988446944012669,0.75169666458441,1.21699120575586,0.95223224434568,1.0593456614215,0.781413858138278,1.20700823609454,0.975632700632701,1.01839595589596,0.939925352425352,1.06604599104599,1.26143884675096,1.01576851001576,0.802955519479387,0.919837123753892,1.11509259773357,1.02299137734026,0.847592748923378,1.01432327600279,1.06074874070755,0.971428535867895,0.885127468514196,1.08269525491036,1.11607131033218,0.988803023063893,0.981389856520291,0.913735810083636,1.28149950634161,0.947028258291416,0.884173136804716,0.887299098562257,1.06035183921474,1.02067907620927,0.817849679062628,1.10111940551336,1.14020968104371,0.979631844357165,0.903147734581919,0.977010740017204,0.505476908431718,0.499887377044859,0.479535160870111,0.519926538141582,0.516757938056777,7.35080999766986,33654.6184738956,0.536638499390052,2202.76224899598,0.488770748866305,29224.392,0.528498293515358,2171.48,0.491320176621379,0.483016816032942,5.37572309716682,24239.3694779116,0.480773400770317,2071.87309236948,0.469037611621621,25992.8,0.484061433447099,2086.89,0.513028385280872,0.520398691957065,0.50793882231947,0.459833554371056,0.95743468708768,0.916649475492725,0.937042081290203,1.11509259773357,1.02299137734026,0.820507741976302,1.04140828294987,1.06074874070755,0.971428535867895,0.884218377605106,1.08360434581945,1.05752896378983,0.997766504027374,0.971569975917802,0.973134556264991,1.34004185288396,0.938064777327935,0.862723089775722,0.859170280012385,0.487539640152604,0.497418050357303,0.477661229947906
"SM","info",0.987929694352242,1.04896152138799,1.01875805749658,0.980291455190836,0.981673319926261,0.979667956007513,1.0201753457328,0.953432269257179,1.02360332443016,0.98851779684367,0.836961177845493,1.04686941497869,1.0481713141919,1.06799809298392,1.05214668395783,1.10661570181694,0.826144846284165,1.01509276794107,0.960226524932407,0.993958642488054,1.00437305143187,1.04144178114766,1.07430661548309,0.775662131544484,1.03123681653093,1.1187944364415,0.868446246687455,1.05652147429724,0.800177546505859,1.27485473250944,1.22908405586598,0.765246840218142,0.9101703864253,1.09549871749058,1.14740943990605,0.930156752412988,0.772264309941285,1.15016949773968,1.06453501249881,0.73389700151174,1.0338324678984,1.16773551809104,0.869907835263117,1.1186605748563,0.785676078419415,1.22575551146117,1.25988779530133,0.935325025851342,0.878924528548589,0.92586265029874,1.12986429510939,0.952604574075162,0.73751893712678,1.18001219368866,1.04365987156685,0.788505090693873,0.965675794540364,1.20215924319891,1.0980190549045,0.957392091224909,1.03818444232067,0.906404411549922,1.11621497800445,0.907208055102792,0.98734721418932,0.989229752703437,1.41901990558461,0.845119763896235,0.753211186199422,0.982649144319732,1.00764554835143,0.801521502462679,1.14895447907213,1.04187847011376,1.0762256321096,0.946738774203058,0.8442913618346,1.13274423185274,1.16521030812584,0.875453779859134,0.982864082380297,0.976471829634728,0.508320318620559,0.503879141518007,0.484068760457883,0.505327684605978,0.498047105023135,7.36125519141412,33894.2168674699,0.521228737475499,2241.70281124498,0.4873351215513,30298.772,0.515443686006826,2224.678,0.511252291134845,0.509711178012878,5.70223679701742,26184.346184739,0.518312636210371,2179.74136546185,0.481872988240606,26563.84,0.51882252559727,2172.51,0.528223166011199,0.468589521677645,0.497866457874222,0.520729522327906,0.980291455190836,0.981673319926261,0.980982387558548,1.0980190549045,0.957392091224909,0.918410709345694,1.02617814452489,1.11621497800445,0.907208055102792,0.923262632104737,1.05331433478802,1.42403000659471,0.888594511370982,0.709705337799455,0.97767014423485,1.00263544734133,0.758046754987932,1.13301472383825,1.10630307383249,0.493505236745911,0.497618700632873,0.489391772858949
"SM","male",0.991334844711022,0.99253792576161,0.991942544354322,0.97846713129828,0.940977785372522,0.962201617366206,1.0386962226628,0.990770299146072,0.976955036362325,0.983862667754198,0.893687871106306,1.034468488487,0.82666396368068,1.24517967672601,1.22838515610961,0.874503945277939,0.979904753155527,0.91720614545692,1.13099449941555,1.03048326732537,0.886574954996008,0.951947278263068,0.919553687974741,0.948816842237895,1.00236081288713,1.12926865690024,0.96596756548623,1.06272561408916,0.803986388813539,1.16732043161107,1.13784199165282,0.678679938120575,0.860403589329738,1.32307448089686,1.16767364313195,0.877029436166042,0.723719962277029,1.23157695842498,0.996889018057324,0.873041552625127,1.12075824695836,1.00931118235919,1.082394566622,0.921111837979158,0.76745539720089,1.22903819819795,1.21936518322483,0.813691191849086,0.951067892471401,1.01587573245468,1.21682962934898,0.941332032404014,0.660089263591585,1.18174907465542,0.976073665669749,0.965763485347329,0.833808894763607,1.22435395421932,1.28288816440735,0.749707909027602,1.1424875823239,0.824916344241152,1.34034749392335,0.713187907448589,0.93598063855649,1.01048396007158,1.26010481915745,0.937608730450836,0.805679770521876,0.996606679869838,1.02828056154372,1.01009474735791,0.923323623744676,1.0383010673537,1.1219028176187,0.910371846872909,0.805228167394782,1.16249716811361,1.22587832875985,0.849718436507738,0.955710725325706,0.968692509406705,0.503288290207006,0.502821117743518,0.479113800870434,0.499524281013581,0.49791756406269,7.57767534301027,35044.3036144578,0.521139643899831,2238.23212851406,0.473229732574214,29880.24,0.50438566552901,2219.132,0.50697600191678,0.507724671424347,5.57161800786765,25319.8361445783,0.492006044656442,2110.74136546185,0.483611841345494,26612.14,0.49957337883959,2117.866,0.510526539397018,0.485608802426798,0.492872249850069,0.521540877539953,0.97846713129828,0.940977785372522,0.959722458335401,1.28288816440735,0.749707909027602,1.03249677574486,0.934907150820194,1.34034749392335,0.713187907448589,0.879664444946179,1.06680015368189,1.28232704137967,0.956021428863534,0.782021732653312,0.979629797103481,1.0060583393215,0.991682048945207,0.928085668717248,1.07417394301605,0.486657308275262,0.483235663223149,0.490078953327374
"SM","female",0.938403920960423,0.995917755786177,0.967455277800736,0.920272725435185,0.957305081011031,0.935512448763373,0.96551565974169,0.893089677203662,0.951879581630622,0.922484629417142,0.890072789318415,1.0671514578896,1.0745369007387,0.968238852053286,1.11838818797023,1.16404345216096,0.652319429281335,1.06524893058747,1.07071716413822,0.978178787389314,0.880120574857417,1.07098347361505,1.0519320729847,0.915500952343058,0.9531970321444,1.07936994252784,0.970509257548442,0.998533233868341,0.780063404594538,1.25089410398868,1.1889079256192,0.979986943997253,0.792982060678501,1.03812306970504,1.13992602714352,0.92355184347188,0.746936796779956,1.18958533260464,1.12355734362675,0.861047814084251,0.876965230001667,1.13842961228733,0.908999685624116,1.10254769188988,0.891677011244073,1.09677561124193,1.18819180128079,1.22308608219822,0.797983594100966,0.790738522420028,1.21366076852633,0.956629473691831,0.718692162782552,1.11101759499929,1.07155804891423,0.955799619936707,0.918356116887329,1.05428621426173,1.0859028937624,1.02035320905749,0.996067948358658,0.897675948821456,1.11506410479785,1.09758889064152,0.931425354830927,0.855921649729699,1.36344458440111,0.805603980560502,0.796903289946768,1.03404814509162,1.14915176052018,0.852579350474087,1.04866596561333,0.949602923392397,1.09515945547438,1.05987128569134,0.833199204522318,1.01177005431197,1.18178765983718,0.947187442636076,0.944287461672569,0.926737435854178,0.498131396259508,0.488250715464176,0.473640459017762,0.496495711919102,0.481528996185884,7.36604335430459,33750.9646586345,0.492311018819305,2095.84417670683,0.472689211547329,30629.852,0.50042662116041,2145.93,0.499733924836258,0.494972434742467,5.65996847458092,26393.7983935743,0.494216250668202,2175.17429718876,0.476729742602896,27000.856,0.483447098976109,2123.118,0.514442649645679,0.449399001141798,0.484860865821758,0.504378545366383,0.920272725435185,0.957305081011031,0.938788903223108,1.0859028937624,1.02035320905749,0.968184743640671,0.925559153539443,1.11506410479785,1.09758889064152,0.915735515258735,0.871611489301892,1.33980822076474,0.832270647227169,0.852830261525914,0.975090870482175,1.17278812415655,0.825912683807421,0.931181695497485,1.07011749653855,0.484993217952347,0.48328165047718,0.486704785427514
"SM","sum",1.00809232214892,1.01761011836532,1.01289994617632,0.960410574216135,0.966852086362266,0.963065910967503,1.03726033091768,0.979153315005937,0.97760743000831,0.978380372507123,0.854119291227234,1.0526376337722,0.988825348541321,1.10441772645925,1.13681800783434,0.920931788136653,0.859908716500837,1.08234148752817,1.00880222021213,1.00072803212623,0.923995465776247,1.0664742818854,0.992292508580728,0.927736765619622,0.942105616544907,1.13786510925474,0.990212160737234,0.975180555253653,0.874262665703508,1.16034461830561,1.10755786612423,0.778008094214163,0.901550076573248,1.21288396308836,1.08126115669842,0.917840663152909,0.774808793806307,1.22608938634236,1.05210420437521,0.877796206318964,0.966318682804485,1.10378090650134,1.02454432039526,0.958926357678551,0.843153067956724,1.17337625396946,1.17651311177519,0.922016695557866,0.857338954606065,1.04413123806088,1.12953051728673,0.959046665353169,0.778774142328432,1.13264867503167,1.02802596741741,0.976022388699445,0.84723228131932,1.14871936256382,1.16710782659337,0.928844483698539,0.983749910801301,0.92029777890679,1.16521603615708,0.89718935668647,0.967142030449787,0.97045257670666,1.22050928168045,0.868115356275061,0.842502677261533,1.06887268478296,1.12615912358382,0.917807893011607,0.986617876604958,0.969415106799614,1.0891940067541,0.954045248231649,0.832285937768364,1.12447480724588,1.17126463492152,0.902603543143472,0.947418485100993,0.978713336834012,0.508708508427631,0.501966942383757,0.48273601387301,0.506601441797031,0.498329861487156,18.9472715435119,86088.7325301205,0.529339679537262,2243.21164658635,0.479862873747953,76657.4,0.526621160409556,2225.94,0.510772864248152,0.505604023280359,15.0365706512055,68745.7847389558,0.51642453774141,2232.50200803213,0.486178240415,71453.08,0.515358361774744,2232.732,0.51211553463,0.484872418657237,0.498701928350215,0.512024576703749,0.960410574216135,0.966852086362266,0.9636313302892,1.16710782659337,0.928844483698539,0.930958882323623,0.973088807384469,1.16521603615708,0.89718935668647,0.933889854928277,1.00370475222817,1.22920323879546,0.894025687659077,0.840758625999625,1.03601244754584,1.11746516646881,0.891897561627592,0.959555012727553,1.03108225917604,0.491913697347515,0.488962492567549,0.49486490212748
"SM","collapse_sum",1.00980449058654,1.01726021994871,1.01357052453057,0.961461177967497,0.966669105965225,0.963504104580796,1.03945316673735,0.981504134643961,0.979509840421218,0.98050698753259,0.850629265371455,1.05458079588804,0.990287259179176,1.10450267956133,1.12880141982584,0.923722679910356,0.862886895557385,1.08458900470642,1.01083939871989,1.00317402280751,0.922596970260104,1.06338960821249,0.987343531070775,0.929602167606975,0.938915662745197,1.14413863857705,0.988295423214401,0.976557742816705,0.872504896336081,1.16264193763281,1.09829507757961,0.779039089439892,0.90408771802728,1.21857811495322,1.07710163748272,0.914109962383212,0.778665470286909,1.23012292984715,1.05162255512332,0.874194912484016,0.967492763216114,1.10668976917655,1.02261236672385,0.96036599083831,0.8413851995579,1.17563644287994,1.16813036112515,0.921588710042805,0.862202822125316,1.04807810670673,1.1258110930795,0.958607197457938,0.778447340342137,1.13713436912043,1.03081666509183,0.969756238828644,0.850423495789604,1.14900360028992,1.16589746082058,0.929978034532735,0.982248093873369,0.921876410773319,1.16358380595371,0.89469598682299,0.969553131660452,0.972167075562849,1.21997560707619,0.866920107079812,0.839404095668834,1.07370019017517,1.12498976448763,0.92143809749547,0.985992834077477,0.967579303939421,1.0864225453317,0.952563479603118,0.833827805082986,1.12718616998219,1.17011674863955,0.902875042198858,0.946707793222849,0.980300415938743,0.509149152949619,0.502653301054493,0.483086224815672,0.50721647487714,0.499212401527768,18.9472715435119,86088.7325301205,0.529339679537262,2243.21164658635,0.480298214620365,76657.4,0.526621160409556,2225.94,0.511042655115224,0.506094200581219,15.0365706512055,68745.7847389558,0.51642453774141,2232.50200803213,0.48643631720906,71453.08,0.515358361774744,2232.732,0.512500588675472,0.486240599788343,0.499499445624779,0.512228856354652,0.961461177967497,0.966669105965225,0.964065141966361,1.16589746082058,0.929978034532735,0.929502263135803,0.974622241510884,1.16358380595371,0.89469598682299,0.936250445418938,1.00546976180436,1.2286695641912,0.892830438463828,0.837212028805969,1.04128796853901,1.11629580737262,0.895527766111455,0.958729310877461,1.02944711563846,0.492203470511582,0.489391149762645,0.495015791260519
"SM","main_supp",1.01169262026087,1.01581796397315,1.01377641162407,0.964716473291096,0.966352479242053,0.964995754566961,1.03888620811503,0.980510400685633,0.977423637315284,0.978967019000459,0.853324689362423,1.04482453016609,0.993230011209244,1.10862076926224,1.12810215651088,0.92379710751375,0.869320617309803,1.07878011866557,1.01241025924212,1.00167881484655,0.922419309625382,1.06349161628595,0.993314059508606,0.929325010510143,0.948793524130532,1.12856740585072,0.990410518254229,0.965833561633095,0.877871743661855,1.16588417645082,1.11064626501993,0.777564822632631,0.891516659290263,1.22027225305717,1.08870215864025,0.912108284499519,0.773609324841869,1.22558023201836,1.05119883599309,0.88822635886289,0.959527892715476,1.10104691242854,1.02562549321063,0.950013248422216,0.846084898599415,1.17827635976774,1.18118957122736,0.919621978278304,0.858777596276106,1.04041085421823,1.12392789084935,0.960064340660323,0.782091788882506,1.13391597960782,1.03190071552631,0.977122236689411,0.849324648365979,1.1416523994183,1.17010669118354,0.920033286275057,0.98865964289121,0.921200379650191,1.15958955207632,0.891404577300701,0.969368025005247,0.979637845617736,1.22063539256223,0.871143957194391,0.847244360988347,1.06097628925503,1.12596904794326,0.916841685331898,0.994738092467668,0.96245117425717,1.09029791334211,0.951768048656971,0.834715489886806,1.12321854811411,1.17021124566211,0.899797245203967,0.951975111643229,0.978016397490693,0.50861880659916,0.502004003749642,0.482928136677223,0.50732662972098,0.498388266532448,18.9472715435119,86088.7325301205,0.529339679537262,2243.21164658635,0.480993659984458,76657.4,0.526621160409556,2225.94,0.509884790702781,0.505619740966835,15.0365706512055,68745.7847389558,0.51642453774141,2232.50200803213,0.485339366054778,71453.08,0.515358361774744,2232.732,0.513043270832156,0.484082190906543,0.499922992380439,0.510919041977437,0.964716473291096,0.966352479242053,0.965534476266575,1.17010669118354,0.920033286275057,0.93604568552123,0.973814337020171,1.15958955207632,0.891404577300701,0.936497695801142,1.01250817482184,1.22640252040895,0.897932337358895,0.84622291909539,1.02944222313677,1.12020192009655,0.890053305167395,0.967983922551142,1.02176085218492,0.492072919406843,0.490074595111067,0.494071243702618
"SM","primary_kin",1.43492063492064,1.26587301587302,1.35978835978836,1.23529411764706,1.08602150537634,1.16666666666667,1.22933333333333,1.33718689788054,1.23333333333333,1.28810975609756,0.608695652173913,0.739130434782609,1.22463768115942,1.42753623188406,0.542372881355932,0.418079096045198,1.11864406779661,1.92090395480226,0.947368421052632,0.526315789473684,0.736842105263158,1.78947368421053,0.847826086956522,0.615942028985507,1.42028985507246,1.11594202898551,0.515151515151515,1.2020202020202,0.868686868686869,1.41414141414141,0.632768361581921,0.711864406779661,0.790960451977401,1.86440677966102,1.12994350282486,0.72316384180791,1.08474576271186,1.06214689265537,0.527272727272727,0.721212121212121,1.04242424242424,1.70909090909091,0.390804597701149,0.904214559386973,1.43295019157088,1.272030651341,0.558139534883721,0.798449612403101,1.46511627906977,1.17829457364341,1.08571428571429,0.614285714285714,1.3,1,0.486274509803922,0.909803921568627,0.909803921568627,1.69411764705882,0.388888888888889,0.907407407407407,1.75925925925926,0.944444444444444,1.04166666666667,0.75,0.541666666666667,1.66666666666667,0.666666666666667,0.933333333333333,1.13333333333333,1.26666666666667,0.895833333333333,1.14583333333333,0.75,1.20833333333333,0.607723577235772,0.816056910569106,1.27743902439024,1.29878048780488,0.734375,0.932291666666667,1.06770833333333,1.265625,0.602705274753056,0.580871320648447,0.555489793771044,0.621680210195569,0.580574939449513,1.11398853794709,4790.65895953757,0.625341691491251,2622.50867052023,0.571548821548822,4891.14705882353,0.640088335675567,2809.24705882353,0.578986605449916,0.581202120309194,1.02468402510184,4657.44516129032,0.588359022349444,2610.36,0.535923753665689,4393.16774193549,0.584296487944512,2507.76451612903,0.592593669697949,0.56841645652377,0.533144721744119,0.620778801480431,1.23529411764706,1.08602150537634,1.16410256410256,0.388888888888889,0.907407407407407,1.31481481481481,1.38888888888889,1.04166666666667,0.75,0.666666666666667,1.54166666666667,0.666666666666667,0.933333333333333,1.13333333333333,1.26666666666667,0.895833333333333,1.14583333333333,0.5,1.45833333333333,0.560679487179487,0.57889705882353,0.540698924731183
"SM","secondary_kin",1.27837767071638,1.15904255319149,1.22692124389372,1.12860472860473,1.07238562091503,1.10005511463845,1.22940460275019,1.22344859573924,1.12347411186697,1.17817713134425,0.483870967741935,1.10307917888563,1.11055718475073,1.3024926686217,0.631643625192012,0.6678955453149,1.10353302611367,1.59692780337942,0.835714285714286,0.963809523809524,0.615714285714286,1.5847619047619,0.699382716049383,0.895414462081129,1.19382716049383,1.21137566137566,0.534350930454827,1.13765952662057,1.15928487097318,1.16870467195143,0.726392251815981,0.64406779661017,0.860048426150121,1.76949152542373,1.00937263794407,1.08798185941043,0.958201058201058,0.944444444444444,0.660726310726311,0.946127946127946,0.811255411255411,1.58189033189033,0.311904761904762,1.03688311688312,1.58803751803752,1.0631746031746,0.572303206997085,1.1997084548105,1.14198250728863,1.08600583090379,0.859863945578231,0.956462585034014,1.15578231292517,1.02789115646258,0.473485584710074,1.23436993845157,0.893488824101069,1.39865565273729,0.414450628736343,1.10787466501752,1.71061636775922,0.76705833848691,1.1984126984127,0.801587301587302,0.536507936507936,1.46349206349206,0.670833333333333,1.1375,0.9625,1.22916666666667,0.817548500881834,1.07936507936508,0.958024691358025,1.14506172839506,0.526759508834981,1.11688622847653,1.2051883875334,1.15116587515509,0.76384479717813,1.03604497354497,1.06119929453263,1.13891093474427,0.576639227804686,0.565656731487155,0.535900896086081,0.587056438208384,0.566919296617943,1.57546705559946,6737.46009852217,0.58801249180383,2380.98719211823,0.5398503572746,6925.54358974359,0.595968758204253,2486.36153846154,0.562897375782787,0.56413113195412,1.59988725012189,7189.7,0.565006297740939,2407.19761904762,0.530706339774967,6788.77647058824,0.565730776952419,2349.33529411765,0.588062118604287,0.544266273061146,0.535652883643417,0.584472737890337,1.12860472860473,1.07238562091503,1.10242048666706,0.414450628736343,1.10787466501752,1.26617192331478,1.21150278293135,1.1984126984127,0.801587301587302,0.580952380952381,1.41904761904762,0.670833333333333,1.1375,0.9625,1.22916666666667,0.817548500881834,1.07936507936508,0.760493827160494,1.34259259259259,0.542195988752496,0.546012556887557,0.537818160597572
"SM","primary_connectedkin_sum",1.2952380952381,1.05555555555556,1.19307832422587,1.23958333333333,0.923076923076923,1.11695906432749,1.06432748538012,1.12678936605317,1.10738255033557,1.11752136752137,0.363636363636364,0.872727272727272,1.53939393939394,1.22424242424242,1.36,0.24,1.04,1.36,1.16666666666667,0.625,0.708333333333333,1.5,1.1304347826087,0.826086956521739,0.826086956521739,1.21739130434783,0.774774774774775,0.963963963963964,1.14414414414414,1.11711711711712,1.51666666666667,0.6,1.35,0.533333333333333,0.979591836734694,1.26530612244898,0.571428571428571,1.18367346938776,1.07142857142857,0.5,0.607142857142857,1.82142857142857,0.701388888888889,1,1.54166666666667,0.756944444444444,1.4228855721393,0.388059701492537,1.17412935323383,1.01492537313433,0.857142857142857,1.05714285714286,1.17142857142857,0.914285714285714,0.919831223628692,0.751054852320675,0.506329113924051,1.82278481012658,0.62962962962963,1.18518518518518,1.96296296296296,0.222222222222222,0.904761904761905,0.238095238095238,1.42857142857143,1.42857142857143,1.8,1.2,0.2,0.8,0.708333333333333,0.916666666666667,0.875,1.5,0.946581196581197,0.818376068376068,1.11752136752137,1.11752136752137,0.935672514619883,0.830409356725146,1.25146198830409,0.982456140350877,0.542441640711937,0.516293035389421,0.51264103018489,0.547171840294707,0.484042961210897,0.721121045248016,2820.17423312883,0.537752988965431,2119.09754601227,0.514414983164983,2871.2625,0.574032636518771,2392.240625,0.536074064350515,0.551573317880021,0.664389903108322,3379.87785234899,0.552930457887624,2800.3,0.504726754726755,3185.43076923077,0.510546075085324,2545.31923076923,0.492653739959839,0.471705128973606,0.518504016064257,0.580875230881331,1.23958333333333,0.923076923076923,1.09770114942529,0.62962962962963,1.18518518518518,1.74074074074074,0.444444444444444,0.904761904761905,0.238095238095238,1.42857142857143,1.42857142857143,1.75,1.5,0.25,0.5,0.851851851851852,0.814814814814815,0.777777777777778,1.55555555555556,0.519683908045977,0.5234375,0.515064102564103
"SM","secondary_connectedkin_sum",1.25892373209446,0.95016835016835,1.12123552123552,1.15928571428571,0.88989898989899,1.0380291005291,1.00770308123249,1.08888888888889,1.04708097928437,1.06946631671041,0.334693877551021,0.975963718820862,1.5525321239607,1.13681027966742,1.16222222222222,0.5,1.59555555555556,0.742222222222222,1.25454545454545,0.772727272727273,0.536363636363636,1.43636363636364,1.15757575757576,1,0.587878787878788,1.25454545454545,0.553542392566783,1.15586527293844,1.02346109175377,1.267131242741,1.95802469135803,0.444444444444444,0.975308641975309,0.622222222222222,0.984848484848485,0.984848484848485,0.621212121212121,1.40909090909091,0.990049751243781,0.930348258706468,0.716417910447761,1.36318407960199,0.475151515151515,1.05333333333333,1.32606060606061,1.14545454545455,1.52765957446809,0.638297872340426,1.00425531914894,0.829787234042553,0.952380952380952,1,0.80952380952381,1.23809523809524,0.953405017921147,0.910394265232975,0.666666666666667,1.46953405017921,0.446258503401361,1.49931972789116,1.67800453514739,0.376417233560091,0.926315789473684,0.463157894736842,1.19298245614035,1.41754385964912,1.64,1.06666666666667,0.226666666666667,1.06666666666667,0.87037037037037,0.944444444444444,1.05555555555556,1.12962962962963,0.956780402449694,0.904286964129484,0.971828521434821,1.167104111986,0.933862433862434,0.990079365079365,1.08756613756614,0.988492063492063,0.529899265428276,0.511055147975981,0.507412417829084,0.54340786238189,0.491208887838938,1.10581677039416,4840.35882352941,0.536289734323764,2294.80245098039,0.529987974987975,4768.19,0.585951365187713,2599.05,0.513115857091966,0.53392880372715,0.861273885964405,4153.60451977401,0.551918686488884,2695.90508474576,0.479211304968881,3860.87272727273,0.503758920260627,2450.73939393939,0.543993854204697,0.42943924634709,0.521354106903806,0.545286594406299,1.15928571428571,0.88989898989899,1.03750815394651,0.446258503401361,1.49931972789116,1.20181405895692,0.852607709750567,0.926315789473684,0.463157894736842,0.982456140350877,1.6280701754386,1.58461538461538,1.23076923076923,0.261538461538461,0.923076923076923,0.983333333333333,0.85,1.05,1.11666666666667,0.517536855838226,0.540229761904762,0.490030303030303
"SM","non_primary_connectedkin_sum",1.00665141633207,1.01752212035466,1.01214242041174,0.95915258774187,0.968058943049128,0.9628341064601,1.04042886468707,0.981139363939374,0.974188069188531,0.977663716563952,0.857423715714772,1.05821097446996,0.97975927254841,1.10460603726686,1.12274211422229,0.932136619028831,0.860212936489407,1.08490833025947,1.00172305816043,1.00766194213946,0.927172424172795,1.06344257552732,0.982693944392385,0.937832573889079,0.95621650623807,1.12325697548047,0.985044146292078,0.974343767563128,0.873842016046242,1.16677007009855,1.09399644556371,0.784900181832802,0.898476243587794,1.2226271290157,1.0820650626432,0.922230980968255,0.783201672739954,1.21250228364859,1.03975232837092,0.88899584457607,0.969773019257413,1.1014788077956,1.02371665249857,0.957000731086873,0.836234819403546,1.18304779701102,1.16272113779223,0.93064678742351,0.85556056894561,1.05107150583865,1.13294494394258,0.957906697240706,0.77018265574871,1.138965703068,1.02491250551645,0.990220398375931,0.869950773621782,1.11491632248584,1.17236972047099,0.920928059209644,0.971273119959285,0.935429100360078,1.16299093183558,0.907100937516299,0.96394346197631,0.965964668671808,1.20867811198887,0.863769715370379,0.852506555780558,1.07504561686019,1.1321219199747,0.923194480469542,1.00344777351679,0.941235826038973,1.08551630141341,0.959156265458689,0.833941933656301,1.1213854994716,1.17034360713893,0.903988179940874,0.950093664452763,0.975574548467436,0.508963083514119,0.502381119285691,0.482777412369178,0.507363152676477,0.500182805839346,18.4752123853777,84242.5943775101,0.527626341543649,2247.08955823293,0.480490514064577,74819.792,0.524232081911263,2218.452,0.510530583321268,0.504579432732037,14.6390040023575,66723.2875502008,0.514844840111298,2236.06064257028,0.485691590709223,69796.656,0.51481228668942,2245.512,0.513707851061662,0.486979785503277,0.498743371840086,0.510008326585014,0.95915258774187,0.968058943049128,0.963605765395499,1.17236972047099,0.920928059209644,0.920063865412152,0.986638354907211,1.16299093183558,0.907100937516299,0.930044386920419,0.999863743727699,1.21896378227454,0.888187979788644,0.849403535741328,1.04344470219549,1.12183624968903,0.898776216051278,0.976389301686336,1.00299823257336,0.491974243335487,0.489616841343834,0.494331645327141
"SM","non_secondary_connectedkin_sum",1.0072229754171,1.02050413652066,1.01393154826122,0.959307934841966,0.968640442722774,0.963404148636078,1.04263375884393,0.980631409971456,0.976058159622683,0.97834478479707,0.868832365563963,1.04311826765577,0.982625015251368,1.1054243515289,1.11353209678514,0.942641446058633,0.847766546048083,1.09605991110815,0.99450099522302,1.00738277047616,0.939909670233326,1.05820656406749,0.98327598611892,0.932823702099263,0.959702398247614,1.1241979135342,1.00039612420705,0.961438481041881,0.8803560404071,1.15780935434397,1.06832904167723,0.799301317698115,0.90636948419395,1.2260001564307,1.08285841510681,0.930974771227092,0.783179510985141,1.20298730268096,1.03830329539209,0.877678451959515,0.974992365167649,1.10902588748075,1.04138999549036,0.945166598923325,0.840143235061451,1.17330017052486,1.15129825883703,0.938377111967187,0.852952826493721,1.05737180270206,1.11990400001369,0.961977869894998,0.772839515540075,1.14527861455124,1.02649656539017,0.989760892895575,0.872590047147439,1.11115249456681,1.18604064160922,0.899378884135238,0.978586243645356,0.935994230610191,1.15413685755599,0.923211877331697,0.965344358846272,0.957306906266043,1.20102833569097,0.87110904038756,0.852580250470039,1.07528237345143,1.13261443064773,0.920686422382643,0.999966811799717,0.946732335169914,1.08425921083485,0.959051219571011,0.835571349392763,1.12111822020138,1.16953820351315,0.903653499214696,0.9521099029752,0.974698394296955,0.509212270978233,0.502623380569219,0.482738738808806,0.507364960863033,0.499845063420662,18.0413011774059,82123.1373493976,0.524915840837754,2240.10722891566,0.479761512607965,72842.848,0.520051194539249,2204.988,0.511022135618124,0.505401697717775,14.4243398166043,65793.2224899598,0.517198966514522,2235.38353413655,0.486310623340046,68904.904,0.518242320819113,2248.78,0.51179639359733,0.48817828872439,0.500745252645731,0.50973327452898,0.959307934841966,0.968640442722774,0.96397418878237,1.18604064160922,0.899378884135238,0.935406450616565,0.979174023638983,1.15413685755599,0.923211877331697,0.93422937226037,0.988421892851945,1.21131400597664,0.895527304805824,0.850397564816831,1.0427611244007,1.12232876036206,0.896268157964378,0.966993752366945,1.01440932930662,0.491912666744732,0.488893492624364,0.494931840865101
"SM","rev_loan",0.974332009128868,0.966154027918734,0.970201151725797,0.955656674736699,0.94193503098209,0.951645642618918,1.02094876339644,0.977808590282005,0.900690809833262,0.939249700057634,0.895489294115064,1.06539022196779,1.04231181947583,0.996808664441314,0.974827003248056,1.1632982901404,0.822703460598197,1.03917124601335,1.02928208516444,1.08794758500641,0.973783926725103,0.90898640310405,0.949582752523929,1.06857146563029,1.00244344950227,0.979402332343509,1.1030703455572,0.987074248713951,0.864909999241445,1.0449454064874,0.966631366685285,0.859428985457788,0.932346271207718,1.24159337664921,1.13662136864384,0.87160037216217,0.948502059738015,1.04327619945597,0.891685775977955,1.17578419928129,1.02151607998408,0.911013944756673,1.1039694300252,1.04808764924478,0.951221288224594,0.896721632505426,0.863997446904715,1.07527478555047,0.989172234986771,1.07155553255804,1.10754120062944,1.06468920240979,0.996575336428278,0.831194260532496,0.984696936543722,1.23846839941231,0.875895680546843,0.900938983497123,1.18524128727198,0.987436779191255,1.009910527665,0.817411405871764,1.05599878484089,0.948696449749081,0.922272230693283,1.07303253471675,1.09154937611408,0.997225906120024,1.06793083778966,0.843293879976233,1.08510818593172,1.05837640790582,1.1538118352236,0.702703570938865,1.0132184078168,1.10828219206793,0.952239966309025,0.926259433806242,1.10216270222862,0.994546012533547,1.04223706179416,0.861054223443671,0.498259562612489,0.492285576059978,0.476450403157091,0.503885108299106,0.504708581596225,6.91696684348315,31363.1911646586,0.509817906438039,2167.55060240964,0.48004623476389,27775.132,0.494368600682594,2159.46,0.492748048257359,0.479862570523732,5.84240374467152,26155.8674698795,0.482767726194882,2062.87510040161,0.471288526450113,27531.952,0.495750853242321,2082.524,0.481439037968785,0.52742408847063,0.481482873192137,0.478355312227542,0.955656674736699,0.94193503098209,0.948795852859395,1.18524128727198,0.987436779191255,0.958760631809225,0.868561301727542,1.05599878484089,0.948696449749081,0.987131675342201,1.00817309006783,1.08688270944742,0.98589257278669,1.00385240641711,0.923372311348782,1.08977485259838,1.06970974123915,1.10638699862229,0.734128407540172,0.48618977284905,0.490029456267921,0.482350089430178
"SM","rev_behav",0.998289602922471,0.968625653939121,0.983305765210745,0.969761133878368,0.892687940542429,0.929267209303434,1.05521779333737,0.97094618382466,0.896318839799574,0.933632511812117,0.87935714351341,1.18169996297197,1.02241443942031,0.916528454094312,1.01651695698883,0.931604132092549,0.952643677723746,1.09923523319488,0.95618513706749,1.00881644852233,1.01568864362982,1.01930977078036,1.13765983897563,1.02283595967806,0.829840283787652,1.00966391755865,1.04786845204114,0.821514881355076,0.873929238275613,1.25668742832817,1.08143814526753,0.828307347986763,0.925588782132733,1.16466572461297,1.10752442094147,0.886875385024757,0.803999217350176,1.20160097668359,1.05726229621545,0.923529198775006,1.08182804278814,0.93738046222141,1.08279776044896,1.03042564200617,0.940619360845633,0.946157236699246,0.968302711622726,1.03600143086409,0.885354936814087,1.11034092069909,1.13857128982129,1.14899395539101,0.728281514237397,0.984153240550299,1.16326921865478,0.969485729828447,0.81728819256359,1.04995685895319,1.1635677448589,0.953668894841866,0.856865582212466,1.02589777808677,1.01550712438339,0.98821170040237,0.957652363863317,1.03862881135092,1.388205832695,1.05079149814754,0.734989323713782,0.826013345443686,1.07731314299735,0.912937763990396,1.03117679980838,0.978572293203872,1.08811355458776,1.044621421788,0.843523819220439,1.0237412044038,1.16782672851885,0.973638852874284,0.894112138787359,0.964422279819506,0.502819162439552,0.491007929771769,0.474712544505927,0.508555072913721,0.504409680599186,7.4173665309703,33681.6690763052,0.504143331003194,2150.27228915663,0.487148040194975,29706.268,0.502679180887372,2132.276,0.497199520420939,0.477606178944352,5.51223830475486,24946.3975903614,0.472720712200337,2055.50040160643,0.464020171664135,25973.12,0.476365187713311,2081.698,0.495909708328527,0.512707272577686,0.462907683900165,0.491279197590108,0.969761133878368,0.892687940542429,0.931224537210399,1.1635677448589,0.953668894841866,0.801012102358986,1.08175125794025,1.01550712438339,0.98821170040237,0.92100390076455,1.07527727444969,1.40268202317119,1.05917245052849,0.72792889394747,0.810216632352855,1.06283695252116,0.904556811609443,0.947599266230845,1.08500696963855,0.485380829600204,0.497463333326934,0.473298325873473
"SM","rev_exchange",1.07981362884845,0.947118277110537,1.01278662524022,0.995195132895429,0.938861899859612,0.964784469177402,0.986990677294524,0.931323238832979,0.962860427840472,0.947091833336726,0.956380379680864,0.912225930023427,0.980087198767703,1.15130649152801,1.1999166718779,0.613367107107853,1.14976538670172,1.03695083431253,1.00392995145317,1.16915786219192,0.741656792430786,1.08525539392412,1.05392799866484,0.984511079247921,0.993378377588904,0.968182544498334,1.15642219997321,0.827487361014564,0.733612209913102,1.28247822909912,1.11655552957269,0.95157220026144,0.741935832635202,1.18993643753067,1.02394221322457,0.904312136472014,0.812675936080117,1.2590697142233,1.22187735790975,0.875454652666914,0.800111231227483,1.10255675819586,1.20405641635578,0.93040668027169,0.752317330325072,1.11321957304746,1.10605593199226,1.03411919638868,0.760185956158624,1.09963891546044,1.01981382179912,0.826477256403727,0.93382166580696,1.2198872559902,1.21330440718446,1.07305665910317,0.837177754925613,0.87646117878676,1.26608378264294,0.8125659743961,0.891790612367541,1.02955963059342,1.15903067459455,0.781539036784696,0.922557239712173,1.13687304890859,1.17470146380444,0.820678425058288,1.05806264825944,0.946557462877829,1.2515477388109,0.997624772887931,0.880478889531521,0.870348598769651,1.13726087105517,0.968555462271381,0.820026089132951,1.0741575775405,1.21744782565216,0.852983235993035,0.936779329956423,0.992789608398381,0.500172057180561,0.494106783585828,0.474779635788074,0.508398337553999,0.491800680719686,7.02759577559385,32030.0425702811,0.493496648710884,2101.79357429719,0.483898270266316,29064.74,0.510307167235495,2181.15,0.492112525733612,0.49641288645197,5.50056971914964,24805.0297188755,0.501127856134436,2134.52409638554,0.467172779601443,25264.012,0.484317406143345,2077.214,0.482948243514333,0.500442345610626,0.524710887558104,0.470089164492776,0.995195132895429,0.938861899859612,0.96702851637752,1.26608378264294,0.8125659743961,0.87872168129861,1.04262856166235,1.15903067459455,0.781539036784696,0.978122396949157,1.0813078916716,1.14470146380444,0.854678425058288,1.05306808726488,0.94755202387239,1.2815477388109,0.963624772887931,0.9448338678865,0.809993620414673,0.483098036282182,0.490292765712938,0.475903306851425
"SM","rev_info",0.928848223501303,1.01134838174312,0.970520658381128,0.926514567483596,0.977172484893847,0.949574565966029,1.01657621303005,0.873936596519814,0.989412330450787,0.931674463485301,0.86683591620379,1.16780231222099,0.884013950259325,1.0813478213159,1.09890389913273,1.14670016798163,0.948373986360256,0.806021946525379,1.08259655465538,0.871775001186766,1.01196846785082,1.03365997630704,1.05393719464927,0.946297722536113,0.917332236372484,1.08243284644213,0.875781237438437,1.07641123447838,1.00780595942108,1.0400015686621,1.14892906960079,0.832573606362176,0.95179549118221,1.06670183285482,0.88955564520667,1.07140349552775,0.795626573617321,1.24341428564826,1.18551860841352,0.81217808093765,0.824113377974842,1.17818993267399,0.891134825153318,1.30387691211458,0.944748057346776,0.860240205385331,1.28757561304914,1.02030638099198,0.814974006377707,0.877143999581167,0.970861567626274,1.06054589745766,0.858344351726705,1.11024818318936,1.19861119033126,0.81304589203646,0.997920981267514,0.990421936364769,1.08436139157096,0.927371262546452,1.11879515592529,0.869472189957297,1.36116792386358,0.92104115208463,0.78131680879507,0.936474115256724,1.19761025421087,0.902041513354207,0.823989803797853,1.07635842863707,1.17892097032654,0.812737322532988,0.981560454681198,1.02678125245927,1.09029787631714,1.04635319671226,0.90486719808827,0.958481728882332,1.21056193077129,0.890288937296653,0.919136330873292,0.980012801058765,0.498186713175456,0.487996371924719,0.475057040964036,0.48644814780794,0.474524104439401,6.71374693312499,30654.8401606426,0.477141124223858,2018.63012048193,0.466455870838576,26984.16,0.484761092150171,2073.5,0.509687334650388,0.501468639410037,5.8839229272037,26727.4859437751,0.510671148758858,2172.26626506024,0.484994859931533,27657.684,0.500477815699659,2151.05,0.488436045463138,0.460943400106705,0.514863055229429,0.489008717717579,0.926514567483596,0.977172484893847,0.951843526188722,1.08436139157096,0.927371262546452,1.12170555226774,0.866561793614852,1.36116792386358,0.92104115208463,0.82382962930789,0.893961294743904,1.18098280323048,0.919139552569893,0.791443634452922,1.1084340097467,1.19554842130694,0.795639283317302,0.956414917040304,1.05239737833546,0.485447203380214,0.475739709491751,0.495154697268676
"SM","rev_male",0.987819465762624,0.981937630467042,0.984848436330043,0.993267647208985,0.894636923963549,0.940860894531583,1.01647698183907,0.938056369647788,0.888253459798463,0.913154914723126,0.922436577942617,1.20209220248203,0.885964382715353,0.989506836859996,1.01742551748609,0.910828692225919,1.03214026285099,1.039605527437,0.909454690337043,1.08649700414406,0.992863473745826,1.01118483177307,1.20884583972819,0.867451943922532,0.803164451693863,1.12053776465541,0.984710927110482,0.949605531352496,0.986206174943087,1.07947736659394,1.15215014181757,0.847625472363177,0.969929304944074,1.03029508087518,0.928687054298422,0.946277861082884,0.832217250326966,1.29281783429173,1.07310443991116,0.986100873916,1.01662319939631,0.924171486776529,1.08104038527357,1.10882966681351,0.924177166268837,0.88595278164409,1.07428848655989,0.985187001604324,0.951384255995528,0.989140255840254,1.04292026056732,1.23495465318995,0.749713957066898,0.972411129175835,1.17131141392427,1.00159391452141,0.828214428830024,0.998880242724292,1.21082193843308,0.963593376695544,0.951290918369556,0.874293766501816,0.95969434869583,0.892819747339602,1.03616728226232,1.11131862170225,1.35281945093091,0.99874659568158,0.781204725786769,0.867229227600745,1.08614158390629,0.983744673627027,0.99285918003565,0.937254562431033,1.09352996056125,1.08016020999249,0.864163742718081,0.962146086728171,1.15895891968841,0.959319291248422,0.934727804660174,0.946993984402991,0.503546608467485,0.484477181419563,0.477104430650015,0.502724940717007,0.488417395195442,6.70174438367806,30508.9020080321,0.495686294666722,2136.4875502008,0.491272120813276,27966.604,0.516040955631399,2212.136,0.504351620790589,0.480536967643683,5.76038138903738,25913.637751004,0.494038063516866,2080.80281124498,0.464846672075774,26539.396,0.479726962457338,2033.194,0.482173893007221,0.494512242569657,0.47893640263598,0.482025865325267,0.993267647208985,0.894636923963549,0.943952285586267,1.21082193843308,0.963593376695544,0.912082283866804,0.913502401004568,0.95969434869583,0.892819747339602,1.01353310484553,1.13395279911904,1.3034789874728,1.00777808706601,0.738602589704757,0.950140335756435,1.1354820473644,0.974713182242594,0.861147950089126,1.02865682030388,0.489133327166634,0.501573444183424,0.476693210149843
"SM","rev_female",0.943963950560193,0.984990636786807,0.964687327903329,0.915100152547831,0.941680818246978,0.92707297990231,1.03390276141224,0.90224345052593,0.972327964739258,0.937285707632594,0.821464646876063,1.16620498655208,0.986519881761673,1.02581048481018,1.08391321185439,1.14751800928272,0.850963795081442,0.917604983781454,1.20376654974178,0.815897128977624,0.993814993892393,0.9865213273882,0.939440101056738,1.10093367307663,0.992290484025576,0.967335741841059,0.968019382665085,0.924975410021502,0.91808302796719,1.18892217934622,1.15447763933519,0.816916522329261,0.799251984666115,1.22935385366943,0.992331088167175,1.0094895410824,0.814466153659809,1.18371321709061,1.16239702934169,0.78449152363394,0.940235532893353,1.11287591413102,0.900368719827302,1.23568526388884,0.916417139121209,0.947528877162646,1.21373366424229,1.03982285671804,0.778776855689726,0.967666623349949,1.11503336332284,1.03948037829617,0.773177682453998,1.072308575927,1.14898990366345,0.814103310023134,0.96588273229907,1.07102405401435,1.05319133882973,0.894550694712924,1.00444358792223,1.04781437853512,1.39926447958646,0.992592876679564,0.778216351244215,0.82992629248976,1.27653379300438,1.00468275515334,0.688801838684192,1.02998161315808,1.1211959874827,0.830864191371662,1.02145137968775,1.02648844145789,1.09578211928637,1.02964646544844,0.85989033391541,1.01468108134978,1.21766421838021,0.928189821815172,0.870165235860851,0.983980723943768,0.496405724795837,0.49186386039858,0.47133543390504,0.495420565568047,0.489239367448659,7.4633974121743,33967.7084337349,0.48095501459764,2052.19558232932,0.464590560230442,28675.948,0.466911262798635,2070.432,0.497370914579821,0.494488353348501,5.64862158531738,25849.3317269076,0.479094329536576,2127.91807228916,0.479289368360836,27388.264,0.489249146757679,2124.78,0.503400296658702,0.475415603219808,0.48689037334405,0.501556241724734,0.915100152547831,0.941680818246978,0.928390485397404,1.05319133882973,0.894550694712924,1.00596502073778,1.04629294571957,1.39926447958646,0.992592876679564,0.809985774803112,0.798156868930863,1.28005027652086,1.03439704086763,0.736826546003017,0.94872613660849,1.11767950396622,0.801149905657376,0.998096068332439,1.08307452204397,0.480088884619419,0.473550233040609,0.486627536198228
"SM","rev_sum",1.1216418840493,1.12667691486334,1.12418517606458,0.995110826543225,0.982966868022282,0.987477403656518,1.15862986917234,1.05367301521828,1.05655212981067,1.05511257251448,0.748040453193285,1.025215816576,1.03383220192699,1.19291152830373,0.9034855158145,0.837361220294764,1.11506901713091,1.14408424675983,0.919076474761325,0.8382791983614,1.05338794348593,1.18925638339135,0.873471186365769,0.862465481058154,1.0451080833384,1.21895524923767,0.820338556517581,0.849794636576315,1.00427787543517,1.32558893147094,0.940247551860419,0.755099778356341,1.00917685608734,1.2954758136959,0.84437227284167,0.879297405922196,0.924893961340757,1.35143635989538,0.861164999335341,0.854160610148175,1.06311628824802,1.22155810226847,0.883288503391232,1.07123949177331,0.9356008906063,1.10987111422916,0.937995291353523,0.894257843694552,0.947748752106935,1.21999811284499,0.929781726284547,0.975600713301187,0.912174301018043,1.18244325939622,0.947965183475465,0.921733627408249,0.949493154980129,1.18080803413616,1.01053041203873,0.969855079122361,1.02282458224122,0.996789926597688,1.0642039076846,0.974967294981405,0.902959658387144,1.05786913894685,1.11444081765777,1.01323137483658,0.851241299254862,1.02108650825079,0.967342759014093,0.973117576402431,1.06126794053542,0.998271724048054,0.925086763956117,0.964688091014934,0.93662808318203,1.17359706184692,1.04220090329229,0.982844289394671,0.958597345342207,1.01635746197083,0.542257694956668,0.528561265170307,0.495003972046592,0.540948499370124,0.53086289402769,17.738089216936,80282.59437751,0.510616321943062,2145.00240963855,0.494953446910937,72192.964,0.510887372013652,2151.206,0.543540352794836,0.526259636312924,15.240692531217,68794.7550200803,0.499626972052031,2097.97670682731,0.496062247150483,71085.156,0.499624573378839,2107.222,0.525560029653402,0.536039499726398,0.523858843036717,0.528492932383814,0.995110826543225,0.982966868022282,0.989038847282754,1.01053041203873,0.969855079122361,1.03540881699097,0.984205691847946,1.0642039076846,0.974967294981405,0.946651416493486,1.0141773808405,1.08957566135842,1.02045607875134,0.870104523852017,1.01986373603823,0.992207915313446,0.965892872487669,1.00225756506761,1.03964164713128,0.500518132300063,0.499566478264784,0.501469786335343
"SM","rev_collapse_sum",1.12140905525178,1.12522791141473,1.12333803379143,0.994518012560644,0.981492628486467,0.986308441002108,1.15575687011008,1.05287972171794,1.05579313373208,1.05433642772501,0.750437590356101,1.02132277327354,1.03998846747117,1.18825116889918,0.90452504399524,0.838669390589628,1.11753351652569,1.13927204888944,0.922648479351206,0.840813335360447,1.05182358453232,1.18471460075602,0.871826585710848,0.863799953918564,1.04320221357644,1.22117124679415,0.822000135404815,0.850861750198533,0.998967681340235,1.32817043305642,0.946918748371759,0.75719188558456,1.00321980229754,1.29266956374614,0.842833948251733,0.881871336044491,0.926582820145231,1.34871189555855,0.861164999335341,0.854160610148175,1.06311628824802,1.22155810226847,0.884342080553438,1.06804615352239,0.934078731937741,1.11353303398643,0.94179279058996,0.895684556974638,0.948491164246591,1.21403148818881,0.927730468409178,0.978391502051618,0.908410493751585,1.18546753578762,0.949068346085072,0.9228726069857,0.950030409497794,1.17802863743143,1.01331466927615,0.968958607498361,1.02170256699486,0.996024156230638,1.0657123501948,0.97394232278812,0.901050939494442,1.05929438752264,1.11429745704279,1.01695780285778,0.845912986097872,1.02283175400156,0.968481222827207,0.974293003326361,1.06208112897336,0.995144644873071,0.926099277864425,0.965227866685558,0.935672194375138,1.17300066107488,1.04345586627526,0.983927251720522,0.956576384291661,1.01604049771255,0.541997018639529,0.52836061118448,0.49483137705455,0.540662001477083,0.53061467401931,17.738089216936,80282.59437751,0.510616321943062,2145.00240963855,0.494800104226566,72192.964,0.510887372013652,2151.206,0.543304974643277,0.526106548349651,15.240692531217,68794.7550200803,0.499626972052031,2097.97670682731,0.49591755753103,71085.156,0.499624573378839,2107.222,0.525819953009204,0.535295235005367,0.524071874979967,0.52799926776331,0.994518012560644,0.981492628486467,0.988005320523556,1.01331466927615,0.968958607498361,1.03428287071631,0.983443852509179,1.0657123501948,0.97394232278812,0.944553878812336,1.01579144820475,1.08943230074343,1.02418250677254,0.864527209940244,1.02185798254379,0.993346379126561,0.967068299411599,1.00307075350555,1.0365145679563,0.500356822161144,0.499353080896364,0.501360563425923
"SM","rev_main_supp",0.979983925248606,0.977404481685454,0.978680998124556,0.953236775601634,0.930089231954003,0.939675139791114,1.01794153164063,0.929674850617274,0.934889091174095,0.932281970895685,0.880736611797658,1.15404584943287,0.948959777614918,1.01625776115455,1.08137697547673,0.963692037098099,0.988008292733515,0.96692269469166,1.08356403578348,0.951963788321774,0.95691273022522,1.00755944566952,1.07405349975984,0.980800749393084,0.922909396047252,1.02223635479982,1.00542144304191,0.933156863608531,0.920769090030817,1.14065260331874,1.12890836224872,0.860747204538323,0.891737456160842,1.11860697705212,1.0692940613285,0.94122902546844,0.800031993173274,1.18944492002979,1.08404312037795,0.922635039298731,0.9294131638164,1.06390867650692,1.0451235742323,1.13718413609562,0.8774253911312,0.940266898540879,1.11325298651922,0.986731743816204,0.881271940910325,1.01874332875425,1.1212093232624,1.01520882908569,0.856011002738265,1.00757084491365,1.14911161020117,0.97534617517503,0.888039684132066,0.987502530491731,1.14494871342965,0.926069810929563,0.996697145740917,0.93228432989987,1.20854710111946,0.907487272114788,0.932398840815557,0.951566785950195,1.28049726882069,0.943515209954652,0.826553270953428,0.949434250271231,1.13579013325326,0.919840460155389,1.03507785356798,0.909291553023369,1.10763171172577,1.02780434648286,0.875988006517002,0.988575935274368,1.19640990318764,0.924239817230129,0.946687110412053,0.932663169170176,0.497535351000007,0.488860052950489,0.472664173676527,0.497440577863879,0.491178661347493,17.738089216936,80282.59437751,0.510616321943062,2145.00240963855,0.474387294696545,72192.964,0.510887372013652,2151.206,0.49762820305905,0.486541444553484,15.240692531217,68794.7550200803,0.499626972052031,2097.97670682731,0.472278755973965,71085.156,0.499624573378839,2107.222,0.488751994667653,0.493547550249241,0.48619432194937,0.486864349301497,0.953236775601634,0.930089231954003,0.941663003777819,1.14494871342965,0.926069810929563,0.974501652035652,0.954479823605136,1.20854710111946,0.907487272114788,0.949489249111658,0.934476377654094,1.25563741179974,0.958094065611216,0.81789349124363,0.968375031345411,1.16064999027421,0.905261604498825,0.97183209522212,0.962256310004849,0.482688744660332,0.483651028942993,0.481726460377672
"SM","rev_primary_kin",1.43492063492064,1.26587301587302,1.35978835978836,1.23529411764706,1.08602150537634,1.16666666666667,1.22933333333333,1.33718689788054,1.23333333333333,1.28810975609756,0.608695652173913,0.739130434782609,1.22463768115942,1.42753623188406,0.542372881355932,0.418079096045198,1.11864406779661,1.92090395480226,0.947368421052632,0.526315789473684,0.736842105263158,1.78947368421053,0.847826086956522,0.615942028985507,1.42028985507246,1.11594202898551,0.515151515151515,1.2020202020202,0.868686868686869,1.41414141414141,0.632768361581921,0.711864406779661,0.790960451977401,1.86440677966102,1.12994350282486,0.72316384180791,1.08474576271186,1.06214689265537,0.527272727272727,0.721212121212121,1.04242424242424,1.70909090909091,0.390804597701149,0.904214559386973,1.43295019157088,1.272030651341,0.558139534883721,0.798449612403101,1.46511627906977,1.17829457364341,1.08571428571429,0.614285714285714,1.3,1,0.486274509803922,0.909803921568627,0.909803921568627,1.69411764705882,0.388888888888889,0.907407407407407,1.75925925925926,0.944444444444444,1.04166666666667,0.75,0.541666666666667,1.66666666666667,0.666666666666667,0.933333333333333,1.13333333333333,1.26666666666667,0.895833333333333,1.14583333333333,0.75,1.20833333333333,0.607723577235772,0.816056910569106,1.27743902439024,1.29878048780488,0.734375,0.932291666666667,1.06770833333333,1.265625,0.602705274753056,0.580871320648447,0.555489793771044,0.621680210195569,0.580574939449513,1.11398853794709,4790.65895953757,0.625341691491251,2622.50867052023,0.571548821548822,4891.14705882353,0.640088335675567,2809.24705882353,0.578986605449916,0.581202120309194,1.02468402510184,4657.44516129032,0.588359022349444,2610.36,0.535923753665689,4393.16774193549,0.584296487944512,2507.76451612903,0.592593669697949,0.56841645652377,0.533144721744119,0.620778801480431,1.23529411764706,1.08602150537634,1.16410256410256,0.388888888888889,0.907407407407407,1.31481481481481,1.38888888888889,1.04166666666667,0.75,0.666666666666667,1.54166666666667,0.666666666666667,0.933333333333333,1.13333333333333,1.26666666666667,0.895833333333333,1.14583333333333,0.5,1.45833333333333,0.560679487179487,0.57889705882353,0.540698924731183
"SM","rev_secondary_kin",1.27837767071638,1.15904255319149,1.22692124389372,1.12860472860473,1.07238562091503,1.10005511463845,1.22940460275019,1.22344859573924,1.12347411186697,1.17817713134425,0.483870967741935,1.10307917888563,1.11055718475073,1.3024926686217,0.631643625192012,0.6678955453149,1.10353302611367,1.59692780337942,0.835714285714286,0.963809523809524,0.615714285714286,1.5847619047619,0.699382716049383,0.895414462081129,1.19382716049383,1.21137566137566,0.534350930454827,1.13765952662057,1.15928487097318,1.16870467195143,0.726392251815981,0.64406779661017,0.860048426150121,1.76949152542373,1.00937263794407,1.08798185941043,0.958201058201058,0.944444444444444,0.660726310726311,0.946127946127946,0.811255411255411,1.58189033189033,0.311904761904762,1.03688311688312,1.58803751803752,1.0631746031746,0.572303206997085,1.1997084548105,1.14198250728863,1.08600583090379,0.859863945578231,0.956462585034014,1.15578231292517,1.02789115646258,0.473485584710074,1.23436993845157,0.893488824101069,1.39865565273729,0.414450628736343,1.10787466501752,1.71061636775922,0.76705833848691,1.1984126984127,0.801587301587302,0.536507936507936,1.46349206349206,0.670833333333333,1.1375,0.9625,1.22916666666667,0.817548500881834,1.07936507936508,0.958024691358025,1.14506172839506,0.526759508834981,1.11688622847653,1.2051883875334,1.15116587515509,0.76384479717813,1.03604497354497,1.06119929453263,1.13891093474427,0.576639227804686,0.565656731487155,0.535900896086081,0.587056438208384,0.566919296617943,1.57546705559946,6737.46009852217,0.58801249180383,2380.98719211823,0.5398503572746,6925.54358974359,0.595968758204253,2486.36153846154,0.562897375782787,0.56413113195412,1.59988725012189,7189.7,0.565006297740939,2407.19761904762,0.530706339774967,6788.77647058824,0.565730776952419,2349.33529411765,0.588062118604287,0.544266273061146,0.535652883643417,0.584472737890337,1.12860472860473,1.07238562091503,1.10242048666706,0.414450628736343,1.10787466501752,1.26617192331478,1.21150278293135,1.1984126984127,0.801587301587302,0.580952380952381,1.41904761904762,0.670833333333333,1.1375,0.9625,1.22916666666667,0.817548500881834,1.07936507936508,0.760493827160494,1.34259259259259,0.542195988752496,0.546012556887557,0.537818160597572
"SM","rev_primary_connectedkin_sum",1.01490196078431,0.983557692307692,0.998724273828638,1.01596907993967,0.760826210826211,0.898511312217194,0.997219079939668,0.897336100432076,1.06168305378832,0.979509577110196,0.306501547987616,1.61506707946336,0.537254901960784,1.54117647058824,1.66666666666667,0.406862745098039,0.65,1.27647058823529,1.23745143745144,1.03434343434343,0.644444444444444,1.08376068376068,1.18181818181818,0.655594405594406,0.840909090909091,1.32167832167832,1.00738688827332,0.852262234533703,1.05263157894737,1.08771929824561,1.46357413325739,0.755244755244755,0.723981900452489,1.05719921104536,1.92727272727273,0.827272727272727,0.5,0.745454545454545,0.854003139717426,0.408163265306122,1.03045525902669,1.70737833594976,0.931647300068353,1.21380724538619,0.818181818181818,1.03636363636364,1.68051066580478,0.607142857142857,0.756302521008403,0.956043956043956,1.38599105812221,0.900894187779434,1.45081967213115,0.262295081967213,1.22222222222222,0.306837606837607,0.63034188034188,1.84059829059829,0.854251012145749,0.88421052631579,1.53846153846154,0.723076923076923,1.69395310571781,0.545454545454545,0.577540106951872,1.18305224187577,2.21333333333333,0.873333333333333,0.266666666666667,0.646666666666667,0.666666666666667,1.05128205128205,0.5,1.78205128205128,1.27214621780371,0.768834627975902,0.899389310380022,1.05962984384037,1.41877494641581,0.784202429149798,0.727058823529412,1.06996380090498,0.51709547961985,0.477417453839103,0.476278723106334,0.540524741385687,0.473877870709075,0.738538453642639,3558.53684210526,0.462870358490082,2236.05789473684,0.487373394305916,3601.175,0.478300625711035,2314.125,0.495130546714378,0.48095703696913,0.739431856090739,3452.47368421053,0.497365726603197,2225.85187969925,0.462244853911521,3282.83703703704,0.47598976109215,2167.78148148148,0.507348457397601,0.427855814012352,0.423624305610776,0.529530601036625,1.01596907993967,0.760826210826211,0.880893443350191,0.854251012145749,0.88421052631579,1.23076923076923,1.03076923076923,1.69395310571781,0.545454545454545,0.577540106951872,1.18305224187577,2.08571428571429,0.935714285714286,0.285714285714286,0.692857142857143,0.923076923076923,0.970414201183432,0.153846153846154,1.95266272189349,0.487750283559699,0.500810927655935,0.476140822140822
"SM","rev_secondary_connectedkin_sum",1.02424150558985,0.848547693870584,0.939741148524868,0.85622955782463,0.779321758488425,0.811121569153924,0.889593288918989,0.886222880590769,0.887584330954497,0.886907387579199,0.355021247943208,1.40331583852455,0.992760092215628,1.24890282131661,1.46127263165803,0.709939148073022,0.805799714521824,1.02298850574713,1.00110802075398,1.90693647437833,0.49922480620155,0.592730698666138,1.05418719211823,0.800079231113714,0.948275862068965,1.19745771469909,0.926131193912133,1.31931810900516,0.802921840759678,0.951628856323024,1.67208358654034,0.516746411483254,0.445251058681186,1.36591894329522,1.36095238095238,0.965714285714286,0.966666666666667,0.706666666666667,1.25146097683411,0.624733475479744,1.12949687128792,0.994308676398229,0.813180197047474,1.20385614447399,0.986125713814501,0.996837944664031,1.50764213021299,0.942528735632184,0.590831021270974,0.958998112883857,1.15569487983281,1.37605115191322,1.17131910235358,0.296934865900383,1.47849313806761,0.462278855895877,0.591477671264905,1.46775033477161,0.893825291658109,1.09486793294843,1.30114634758598,0.710160427807487,1.84129050487926,0.745098039215686,0.551724137931035,0.861887317974024,1.71361737677527,0.89749373433584,0.447786131996658,0.94110275689223,0.954927425515661,1.2967032967033,0.638655462184874,1.10971381559617,1.23750348050196,0.988681744339639,0.832304243125477,0.94151053203292,1.38100673816857,0.996750123523579,0.702375037954617,0.919868100353231,0.49352037626162,0.467259383801822,0.453535196581261,0.514865151250116,0.479570179334386,0.960613285793277,4709.50167597765,0.481347550860869,2309.67597765363,0.442343228698744,4344.18823529412,0.446101184501104,2127.55,0.47048492602651,0.455084619159121,0.91035892746026,4092.62872928177,0.461715629890823,1992.56629834254,0.465368019092767,4097.13333333333,0.476440083428138,2109.15,0.52123835827909,0.435507277461825,0.4104959325784,0.496352871632768,0.85622955782463,0.779321758488425,0.816676975308868,0.893825291658109,1.09486793294843,1.06585222993892,0.945454545454545,1.84129050487926,0.745098039215686,0.551724137931035,0.861887317974024,1.49135802469136,0.82037037037037,0.472663139329806,1.21560846560847,1.21933621933622,1.35164835164835,0.380952380952381,1.04806304806305,0.465291508260111,0.453890348553648,0.476059270205104
"SM","rev_non_primary_connectedkin_sum",1.11950633462891,1.12678111673919,1.12318096859588,0.99468782250099,0.986559538002697,0.988868404258094,1.16069892177097,1.05405787904996,1.05394760611328,1.05400274258162,0.754808694865868,1.01983576526589,1.04102510587798,1.18433043399027,0.910141524407344,0.837742344352963,1.11647986106602,1.13563627017367,0.907916112904628,0.835298647234334,1.06327141310696,1.19351382675408,0.877831864838095,0.87182890806618,1.04297349240282,1.20736573469291,0.8155429465999,0.854877858142274,1.00925643686226,1.32032275839557,0.931204305262119,0.755579202911827,1.01433957822866,1.29887691359739,0.835581257142204,0.883738545909272,0.931350146861125,1.3493300500874,0.864286761852645,0.864055430064164,1.05967994192071,1.21197786616248,0.880735329758077,1.07217296834657,0.93981104983422,1.10728065206113,0.935159555300946,0.897153584113727,0.94983244544489,1.21785441514044,0.921798914625517,0.974148053649895,0.900720531694176,1.20333250003041,0.954599777738382,0.933930888637876,0.958918266882052,1.15255106674169,1.01230827065854,0.969677383065585,1.01928143374706,0.998732912528822,1.05404059377351,0.985222462498411,0.908981779390635,1.05175516433745,1.09574791540873,1.00867974427268,0.868812402012593,1.026759938306,0.980041573630885,0.969292614676918,1.0815251995766,0.969140612115596,0.923533716087301,0.96846079874946,0.93787664153966,1.17012884362358,1.03843483132237,0.983828360161439,0.968582165206631,1.00915464330956,0.541771279153161,0.528652409442058,0.494611667830188,0.539640371585865,0.530825566825325,17.3436088380827,78381.8497991968,0.508868717189577,2139.58152610442,0.494616811787082,70464.4,0.509283276450512,2152.868,0.543858992648148,0.526479252058791,14.8457349534657,66950.6626506024,0.498112381265677,2112.70522088353,0.495688152662214,69312.424,0.49863481228669,2117.588,0.525238192555454,0.536279908374484,0.526528591541903,0.526433354865198,0.99468782250099,0.986559538002697,0.990623680251844,1.01230827065854,0.969677383065585,1.03444845031958,0.983565895956302,1.05404059377351,0.985222462498411,0.95299983794738,1.0077371057807,1.07271845610565,1.01530337925946,0.887745265585891,1.024232899049,1.00307103293396,0.962668979690141,1.02675551556316,1.00750447181274,0.500042283330907,0.49918719000067,0.500897376661146
"SM","rev_non_secondary_connectedkin_sum",1.12139723778277,1.12910634733894,1.12529125899203,1.00139429010729,0.989390678503078,0.993921805063572,1.16387037981941,1.05612844765684,1.05785463426155,1.0569915409592,0.760744603716372,1.010281487397,1.04005706868481,1.18891684020182,0.897960143260345,0.845985107738929,1.11413873412452,1.14191601487621,0.902528743543932,0.819018177180538,1.07230257790916,1.20615050136637,0.879760112900072,0.882267577019683,1.02793821879061,1.21003409128963,0.818392941924761,0.842962543607998,1.01121665713474,1.3274278573325,0.919130668491692,0.764032326697894,1.02409117584577,1.29274582896464,0.833233743494636,0.886025182583921,0.930284722079517,1.35045635184193,0.858597722852399,0.866841686935227,1.05144548584271,1.22311510436967,0.886172955445053,1.06510375827214,0.936392117749471,1.11233116853333,0.924615641094752,0.901106559537598,0.954804238940209,1.21947356042744,0.921657189810005,0.965405252071973,0.904171078624517,1.20876647949351,0.94407727294584,0.937635123270516,0.969296379083585,1.14899122470006,1.01600620117265,0.956651542541734,1.02415186167467,1.00319039461094,1.02740606572784,0.994359030128598,0.922001376088894,1.05623352805466,1.09890734948352,1.00782800718272,0.871925206492721,1.02133943684104,0.98345622720142,0.952245702120025,1.08801844943728,0.976279621241272,0.919449147158422,0.966567770923182,0.941809893426457,1.17217318849194,1.03409112801215,0.978065261860709,0.976353114040927,1.01149049608622,0.542691386788757,0.529386711194071,0.495586360172101,0.540544732586475,0.531290281393259,17.0475278588758,76897.0489959839,0.508471222775059,2135.240562249,0.496394058482423,69238.916,0.509300341296928,2156.396,0.544794527730183,0.527483140994883,14.5789456803322,65819.7919678715,0.499315144537193,2123.12771084337,0.495818089531061,68135.22,0.499112627986348,2119.636,0.525087270304807,0.537345601741508,0.527775357924496,0.527211311292917,1.00139429010729,0.989390678503078,0.995392484305186,1.01600620117265,0.956651542541734,1.03933537945231,0.988006876833302,1.02740606572784,0.994359030128598,0.967095633945123,1.01113927019843,1.08266146861582,1.01581862054626,0.891007910483027,1.01051200035489,0.999702108069118,0.944255088756487,1.03216133743017,1.02388146574423,0.500984868800016,0.500821286030581,0.501148451569452
