"su_id","site","adult_count","num_surveyed","su_size","out_degree","in_degree","degree","out_degree_weighted","in_degree_weighted","degree_weighted","sampled","rank_degree","degree_per_adult","rank_degree_peradult","degree_per_capita","rank_degree_percap","rank_degree_weighted","degree_per_adult_weighted","rank_degree_peradult_weighted","degree_percap_weighted","rank_degree_percap_weighted","rank_in_degree","in_degree_peradult","rank_in_degree_peradult","in_degree_percap","rank_in_degree_percap","rank_in_degree_weighted","in_degree_peradult_weighted","rank_in_degree_peradult_weighted","in_degree_percap_weighted","rank_in_degree_percap_weighted","rank_out_degree","out_degree_peradult","rank_out_degree_peradult","out_degree_percap","rank_out_degree_percap","rank_out_degree_weighted","out_degree_peradult_weighted","rank_out_degree_peradult_weighted","out_degree_percap_weighted","rank_out_degree_percap_weighted","log_degree","log_degree_pa","std_degree","std_degree_pa","std_log_degree","std_log_degree_pa","network","eigen","pagerank","betweenness","katz_0.9","katz_0.2","katz_0.9_weighted","katz_0.2_weighted","katz_0.2_directed","katz_0.2_directed_weighted","katz_0.9_directed","katz_0.9_directed_weighted","eigen_weighted","eigen_weighted_directed","pagerank_weighted","pagerank_weighted_directed","betweenness_weighted","betweenness_weighted_directed","rank_eigen","rank_pagerank","rank_betweenness","rank_eigen_weighted","rank_pagerank_weighted","rank_betweenness_weighted","rank_eigen_weighted_directed","rank_pagerank_weighted_directed","rank_betweenness_weighted_directed","rank_katz_0.9","rank_katz_0.2","rank_katz_0.9_weighted","rank_katz_0.2_weighted","rank_katz_0.2_directed","rank_katz_0.2_directed_weighted","rank_katz_0.9_directed","rank_katz_0.9_directed_weighted","rank_size","able_count","able_count_pa","rank_able_count_pa","rank_adult_count","primary_kin","secondary_kin","avg_age","max_edu","wealth_per_capita","wealth_per_adult","wealth","log_wealth","rank_wealth","log_wpa","rank_wpa","std_wealth","std_wpa","std_able_count_pa","std_log_able_count_pa","std_log_wealth","std_log_wpa","wealth_per_able","log_wpable","rank_wpable","rank_wpc","gini_wealth","gini_wealth_per_adult","gini_wealth_per_capita","alter_count","alter_res_count","rank_res_count","externals_count","externals_status_count","externals_wealth_count","rank_ext_count","rank_alt_count","ext_count_per_adult","rank_ext_count_peradult","ext_count_per_surv","rank_ext_count_persurv","alt_count_per_surv","res_count_per_surv","rank_alt_count_persurv","rank_res_count_persurv","prop_external","rank_prop_ext"
"egsu001","EG",4,5,6,34,39,51,12,17.302380952381,29.302380952381,TRUE,0.915254237288136,12.75,0.305084745762712,8.5,0.423728813559322,0.932203389830508,7.32559523809524,0.406779661016949,4.88373015873016,0.474576271186441,0.932203389830508,9.75,0.627118644067797,6.5,0.576271186440678,0.932203389830508,4.32559523809524,0.76271186440678,2.88373015873016,0.677966101694915,0.813559322033898,8.5,0.305084745762712,5.66666666666667,0.406779661016949,0.593220338983051,3,0.152542372881356,2,0.271186440677966,3.93182563272433,2.54553127160443,1.32074396456826,-0.638047415763894,1.22852210004244,-0.632779704200315,"sum",0.823242616798219,0.0203049325420778,18.6666666666667,-0.830125562076003,-0.420527334625276,-0.31860341870882,-0.286255043264432,-0.686190558260305,-1.57315890192985,-0.501009875032145,-0.112626113672238,0.823242616798219,0.729078116177105,0.0203049325420778,0.0238667367197917,24.5,93.2,0.915254237288136,0.932203389830508,0.661016949152542,0.915254237288136,0.932203389830508,0.677966101694915,0.932203389830508,0.932203389830508,0.966101694915254,0.0338983050847458,0.35593220338983,0.0847457627118644,0.457627118644068,0.0169491525423729,0.0508474576271186,0.254237288135593,0.491525423728814,0.694915254237288,5,1.25,0.525423728813559,0.779661016949153,4,8,28.8333333333333,6,711.1,1066.65,4266.6,8.35857253611753,0.864406779661017,6.97227817499764,0.677966101694915,1.14817508181283,0.21663367110947,0.171166619656315,NA,0.987342782357355,0.48398499775356,853.32,6.74913462368343,0.578947368421053,0.728813559322034,0.306375330025877,0.334494867485871,0.349807473786756,57,57,0.76271186440678,0,NA,NA,0,0.76271186440678,0,0,0,0,11.4,11.4,0.0677966101694915,0.0677966101694915,0,0
"egsu002","EG",2,3,4,29,26,43,13,9.56904761904762,22.5690476190476,TRUE,0.508474576271186,21.5,0.949152542372881,10.75,0.745762711864407,0.440677966101695,11.2845238095238,0.932203389830508,5.6422619047619,0.627118644067797,0.305084745762712,13,0.898305084745763,6.5,0.576271186440678,0.288135593220339,4.78452380952381,0.830508474576271,2.3922619047619,0.440677966101695,0.610169491525424,14.5,0.983050847457627,7.25,0.779661016949153,0.76271186440678,6.5,0.932203389830508,3.25,0.779661016949153,3.76120011569356,3.06805293513362,0.110902164963747,2.10165999925283,0.183233424358391,1.96120254230745,"sum",0.644191375656742,0.0161683978170992,8.56666666666666,-0.315170758763297,0.51304281872139,0.0216635752677988,0.179960088908535,-0.469500667716635,-0.750948263756482,0.702784260078776,-1.74082492238767,0.644191375656742,0.443769038554609,0.0161683978170992,0.0152652253502954,7,72.2333333333333,0.440677966101695,0.440677966101695,0.457627118644068,0.440677966101695,0.440677966101695,0.203389830508475,0.338983050847458,0.338983050847458,0.779661016949153,0.288135593220339,0.813559322033898,0.677966101694915,0.728813559322034,0.152542372881356,0.491525423728814,0.949152542372881,0.0677966101694915,0.254237288135593,3,1.5,0.661016949152542,0,4,7,32.25,7,536,1072,2144,7.67042852219069,0.389830508474576,6.97728134163075,0.694915254237288,-0.343313027440999,0.225570309422641,0.605110162446971,NA,-0.0332416969821647,0.491154792425855,714.666666666667,6.57181623352258,0.456140350877193,0.474576271186441,0.306375330025877,0.334494867485871,0.349807473786756,44,44,0.423728813559322,0,NA,NA,0,0.423728813559322,0,0,0,0,14.6666666666667,14.6666666666667,0.559322033898305,0.559322033898305,0,0
"egsu003","EG",4,4,7,36,29,45,13.75,12.7357142857143,26.4857142857143,TRUE,0.610169491525424,11.25,0.0508474576271186,6.42857142857143,0.152542372881356,0.796610169491525,6.62142857142857,0.186440677966102,3.78367346938775,0.186440677966102,0.508474576271186,7.25,0.101694915254237,4.14285714285714,0.186440677966102,0.711864406779661,3.18392857142857,0.23728813559322,1.81938775510204,0.254237288135593,0.88135593220339,9,0.372881355932203,5.14285714285714,0.288135593220339,0.88135593220339,3.4375,0.338983050847458,1.96428571428571,0.254237288135593,3.80666248977032,2.42036812865043,0.413362614864876,-1.10771154405248,0.461745722044666,-1.25413379035807,"sum",0.769010501239025,0.0185133149805352,37.7,0.560155147940217,0.514953504274597,0.414049796804053,-1.05614864695761,-0.147968354369481,-0.921808255739064,0.207283751026967,-0.134957927155308,0.769010501239025,0.544423939011522,0.0185133149805352,0.0178921612144224,45.5,74.7333333333333,0.813559322033898,0.813559322033898,0.813559322033898,0.813559322033898,0.813559322033898,0.864406779661017,0.711864406779661,0.694915254237288,0.847457627118644,0.864406779661017,0.830508474576271,0.949152542372881,0.0677966101694915,0.610169491525424,0.322033898305085,0.661016949152542,0.457627118644068,0.830508474576271,6,1.5,0.661016949152542,0.779661016949153,2,5,27.7142857142857,12,688.8,1205.4,4821.6,8.48086110216883,0.949152542372881,7.09456674104894,0.796610169491525,1.53815713242805,0.448401627362279,0.605110162446971,NA,1.16870861565213,0.659230791798235,803.6,6.68910163294078,0.526315789473684,0.694915254237288,0.306375330025877,0.334494867485871,0.349807473786756,63,63,0.898305084745763,0,NA,NA,0,0.898305084745763,0,0,0,0,15.75,15.75,0.76271186440678,0.76271186440678,0,0
"egsu004","EG",4,5,7,33,35,49,8.4,17.0904761904762,25.4904761904762,TRUE,0.813559322033898,12.25,0.186440677966102,7,0.186440677966102,0.711864406779661,6.37261904761905,0.11864406779661,3.64149659863946,0.152542372881356,0.847457627118644,8.75,0.389830508474576,5,0.305084745762712,0.915254237288136,4.27261904761905,0.728813559322034,2.44149659863946,0.474576271186441,0.76271186440678,8.25,0.186440677966102,4.71428571428571,0.220338983050847,0.0169491525423729,2.1,0.0169491525423729,1.2,0.0169491525423729,3.89182029811063,2.50552593699074,1.01828351466713,-0.794602125193421,0.983440801732813,-0.831380326904912,"sum",0.71129575102223,0.0180012735504946,84.7,-0.330052744529943,-0.8916450659526,-0.295814377666263,0.326649976858928,-0.527081684719399,-1.36213974409465,0.190559456084228,-1.02866723951025,0.71129575102223,0.704620346224099,0.0180012735504946,0.0229523525486568,28.5,15.8333333333333,0.711864406779661,0.711864406779661,0.983050847457627,0.711864406779661,0.711864406779661,0.779661016949153,0.915254237288136,0.915254237288136,0.101694915254237,0.203389830508475,0.186440677966102,0.135593220338983,0.847457627118644,0.0847457627118644,0.11864406779661,0.64406779661017,0.220338983050847,0.830508474576271,4,1,0.322033898305085,0.779661016949153,5,7,23.5714285714286,11,70.5714285714286,123.5,494,6.20253551718792,0.0169491525423729,4.81624115606803,0,-1.50271912386463,-1.35880379151998,-0.262776923134342,NA,-2.21026974331805,-2.60572675185932,123.5,4.81624115606803,0.0175438596491228,0.0169491525423729,0.306375330025877,0.334494867485871,0.349807473786756,51,51,0.627118644067797,0,NA,NA,0,0.627118644067797,0,0,0,0,10.2,10.2,0.0169491525423729,0.0169491525423729,0,0
"egsu005","EG",3,3,5,28,27,44,14,10.0095238095238,24.0095238095238,TRUE,0.559322033898305,14.6666666666667,0.576271186440678,8.8,0.474576271186441,0.627118644067797,8.0031746031746,0.576271186440678,4.80190476190476,0.423728813559322,0.372881355932203,9,0.423728813559322,5.4,0.406779661016949,0.322033898305085,3.33650793650794,0.254237288135593,2.00190476190476,0.288135593220339,0.508474576271186,9.33333333333333,0.457627118644068,5.6,0.372881355932203,0.915254237288136,4.66666666666667,0.677966101694915,2.8,0.627118644067797,3.78418963391826,2.68557734525015,0.262132389914312,-0.0379210296173747,0.324072165701967,0.0624585109513516,"sum",0.682207284099444,0.0170463230525188,28.2816239316239,0.665980195488068,1.64589225782789,-0.0260654493144944,-1.0360070669623,-0.391601219162316,-0.630672439009684,-0.533656837455203,-0.579030518093224,0.682207284099444,0.440641877426892,0.0170463230525188,0.0148105277613731,19,89.3333333333333,0.559322033898305,0.627118644067797,0.745762711864407,0.559322033898305,0.627118644067797,0.593220338983051,0.322033898305085,0.305084745762712,0.898305084745763,0.949152542372881,0.983050847457627,0.610169491525424,0.0847457627118644,0.254237288135593,0.627118644067797,0.23728813559322,0.322033898305085,0.372881355932203,3,1,0.322033898305085,0.288135593220339,3,4,28.8,11,213.6,356,1068,6.97354301952014,0.152542372881356,5.87493073085203,0.11864406779661,-1.0993863363815,-0.970435864826088,-0.262776923134342,NA,-1.0667906540438,-1.08857023289253,356,5.87493073085203,0.157894736842105,0.152542372881356,0.306375330025877,0.334494867485871,0.349807473786756,49,49,0.576271186440678,0,NA,NA,0,0.576271186440678,0,0,0,0,16.3333333333333,16.3333333333333,0.830508474576271,0.830508474576271,0,0
"egsu006","EG",2,4,5,34,35,48,11.25,16.9190476190476,28.1690476190476,TRUE,0.745762711864407,24,1,9.6,0.542372881355932,0.898305084745763,14.0845238095238,1,5.63380952380952,0.610169491525424,0.847457627118644,17.5,1,7,0.64406779661017,0.88135593220339,8.45952380952381,1,3.38380952380952,0.813559322033898,0.813559322033898,17,1,6.8,0.694915254237288,0.338983050847458,5.625,0.813559322033898,2.25,0.389830508474576,3.87120101090789,3.17805383034795,0.867053289716569,2.88443354640046,0.857122606255578,2.50728587090804,"sum",0.787272243854218,0.0196102865655543,12.6166666666667,-0.0818339721989317,-0.892178981459816,-0.157486927427497,0.139344361519041,-0.127165636243647,-1.27941396143765,0.0732430417046019,-1.25685904814248,0.787272243854219,0.687151510342851,0.0196102865655543,0.0222389617380432,34.0833333333333,73.8666666666667,0.898305084745763,0.898305084745763,0.576271186440678,0.898305084745763,0.898305084745763,0.796610169491525,0.88135593220339,0.864406779661017,0.813559322033898,0.457627118644068,0.169491525423729,0.372881355932203,0.694915254237288,0.627118644067797,0.169491525423729,0.508474576271186,0.135593220338983,0.372881355932203,4,2,0.932203389830508,0,1,2,28.6,11,471,1177.5,2355,7.76429600645052,0.491525423728814,7.07114882589057,0.76271186440678,-0.195049581171067,0.401797476159012,1.47299724802828,NA,0.105972908698341,0.625671716985977,588.75,6.37800164533063,0.350877192982456,0.372881355932203,0.306375330025877,0.334494867485871,0.349807473786756,59,59,0.813559322033898,0,NA,NA,0,0.813559322033898,0,0,0,0,14.75,14.75,0.610169491525424,0.610169491525424,0,0
"egsu007","EG",3,3,7,20,27,38,9,11.0857142857143,20.0857142857143,TRUE,0.254237288135593,12.6666666666667,0.288135593220339,5.42857142857143,0.0338983050847458,0.23728813559322,6.6952380952381,0.23728813559322,2.86938775510204,0.0338983050847458,0.372881355932203,9,0.423728813559322,3.85714285714286,0.135593220338983,0.474576271186441,3.6952380952381,0.457627118644068,1.58367346938776,0.186440677966102,0.0677966101694915,6.66666666666667,0.0338983050847458,2.85714285714286,0.0169491525423729,0.0338983050847458,3,0.101694915254237,1.28571428571429,0.0338983050847458,3.63758615972639,2.53897387105828,-0.645248959789074,-0.664139867335482,-0.574052300412188,-0.665332958519169,"sum",0.551511496447565,0.0147284905011933,4.16666666666667,0.223748346281258,-0.192658016727241,-0.129374505531496,0.766894339655977,-0.037326350524661,-0.585420157722528,0.443481575755909,0.542186329300766,0.551511496447565,0.458064168346312,0.0147284905011933,0.0155794106823456,9.5,40.8833333333333,0.152542372881356,0.23728813559322,0.305084745762712,0.152542372881356,0.23728813559322,0.305084745762712,0.406779661016949,0.389830508474576,0.457627118644068,0.711864406779661,0.508474576271186,0.423728813559322,0.966101694915254,0.711864406779661,0.661016949152542,0.779661016949153,0.745762711864407,0.830508474576271,4,1.33333333333333,0.576271186440678,0.288135593220339,2,5,22.8571428571429,5,499,1164.33333333333,3493,8.15851624480683,0.728813559322034,7.05990395613872,0.745762711864407,0.604589290180507,0.379803880310396,0.3158144672532,NA,0.690639851322877,0.609557241264958,873.25,6.77222188368694,0.596491228070175,0.423728813559322,0.306375330025877,0.334494867485871,0.349807473786756,41,41,0.322033898305085,0,NA,NA,0,0.322033898305085,0,0,0,0,13.6666666666667,13.6666666666667,0.322033898305085,0.322033898305085,0,0
"egsu008","EG",3,4,5,31,30,43,11.25,11.5428571428571,22.7928571428571,TRUE,0.508474576271186,14.3333333333333,0.508474576271186,8.6,0.440677966101695,0.457627118644068,7.59761904761905,0.440677966101695,4.55857142857143,0.372881355932203,0.627118644067797,10,0.64406779661017,6,0.508474576271186,0.508474576271186,3.84761904761905,0.508474576271186,2.30857142857143,0.423728813559322,0.677966101694915,10.3333333333333,0.711864406779661,6.2,0.457627118644068,0.338983050847458,3.75,0.440677966101695,2.25,0.389830508474576,3.76120011569356,2.66258782702545,0.110902164963747,-0.142290835903726,0.183233424358391,-0.0516695841937497,"sum",0.640040998726312,0.0163416645112067,17.8205128205128,0.806783176663042,-0.238975435025875,0.00333554554625138,0.198838749690617,-0.115970654732672,-0.788286070108258,-1.34679038665758,-0.554813335665505,0.640040998726312,0.492999495745968,0.0163416645112067,0.0168330411011163,13,20.8333333333333,0.423728813559322,0.457627118644068,0.64406779661017,0.423728813559322,0.457627118644068,0.423728813559322,0.542372881355932,0.559322033898305,0.135593220338983,0.966101694915254,0.474576271186441,0.64406779661017,0.76271186440678,0.64406779661017,0.440677966101695,0,0.35593220338983,0.372881355932203,3,1,0.322033898305085,0.288135593220339,4,9,25.8,10,961.2,1602,4806,8.47762041629641,0.932203389830508,7.3790081276283,0.898305084745763,1.52719547478913,1.11088214231625,-0.262776923134342,NA,1.16390236341877,1.06684990337858,1602,7.3790081276283,0.859649122807018,0.847457627118644,0.306375330025877,0.334494867485871,0.349807473786756,61,61,0.847457627118644,0,NA,NA,0,0.847457627118644,0,0,0,0,15.25,15.25,0.677966101694915,0.677966101694915,0,0
"egsu009","EG",2,3,4,25,30,47,12,11.8333333333333,23.8333333333333,TRUE,0.694915254237288,23.5,0.983050847457627,11.75,0.813559322033898,0.559322033898305,11.9166666666667,0.966101694915254,5.95833333333333,0.677966101694915,0.627118644067797,15,0.966101694915254,7.5,0.745762711864407,0.542372881355932,5.91666666666667,0.932203389830508,2.95833333333333,0.711864406779661,0.271186440677966,12.5,0.847457627118644,6.25,0.474576271186441,0.593220338983051,6,0.898305084745763,3,0.711864406779661,3.85014760171006,3.15700042115011,0.715823064766005,2.72787883697093,0.728144885912206,2.40276930537699,"sum",0.672283057982333,0.0169674963993544,12.2166666666667,0.204566396612276,-0.928140915708668,-0.2596412659121,-0.381532321311345,0.154069271455841,-0.515686301209432,0.696347831078319,-1.24417217568677,0.672283057982333,0.464324840609754,0.0169674963993544,0.0157194715722765,9,40.3095238095238,0.508474576271186,0.576271186440678,0.525423728813559,0.508474576271186,0.576271186440678,0.271186440677966,0.423728813559322,0.440677966101695,0.440677966101695,0.694915254237288,0.152542372881356,0.203389830508475,0.35593220338983,0.898305084745763,0.745762711864407,0.932203389830508,0.169491525423729,0.254237288135593,3,1.5,0.661016949152542,0,1,2,30.5,8,410.65,821.3,1642.6,7.40403563130609,0.254237288135593,6.71088845074615,0.474576271186441,-0.69563194668149,-0.193198891532885,0.605110162446971,NA,-0.428328254942278,0.10940010187415,547.533333333333,6.30542334263798,0.333333333333333,0.288135593220339,0.306375330025877,0.334494867485871,0.349807473786756,38,38,0.203389830508475,0,NA,NA,0,0.203389830508475,0,0,0,0,12.6666666666667,12.6666666666667,0.169491525423729,0.169491525423729,0,0
"egsu010","EG",3,3,5,28,27,42,11.6666666666667,10.0595238095238,21.7261904761905,TRUE,0.423728813559322,14,0.440677966101695,8.4,0.389830508474576,0.35593220338983,7.24206349206349,0.35593220338983,4.34523809523809,0.305084745762712,0.372881355932203,9,0.423728813559322,5.4,0.406779661016949,0.338983050847458,3.3531746031746,0.271186440677966,2.01190476190476,0.305084745762712,0.508474576271186,9.33333333333333,0.457627118644068,5.6,0.372881355932203,0.491525423728814,3.88888888888889,0.508474576271186,2.33333333333333,0.457627118644068,3.73766961828337,2.63905732961526,-0.040328059986817,-0.246660642190077,0.0390805279797451,-0.168483291249041,"sum",0.634537617202257,0.015615849521095,1.83333333333333,0.488856360075349,0.383087809011676,0.0059423528725022,-0.170446909655039,-0.343367366115757,-0.762069518331843,0.508234044213887,-0.0819869786303902,0.634537617202257,0.450831678383894,0.015615849521095,0.0155438302698696,2.5,28.75,0.406779661016949,0.35593220338983,0.152542372881356,0.406779661016949,0.35593220338983,0.0508474576271186,0.35593220338983,0.372881355932203,0.23728813559322,0.847457627118644,0.76271186440678,0.661016949152542,0.525423728813559,0.288135593220339,0.457627118644068,0.847457627118644,0.525423728813559,0.372881355932203,5,1.66666666666667,0.796610169491525,0.288135593220339,4,8,22.6,12,458.52,764.2,2292.6,7.73744182368091,0.474576271186441,6.6388295350128,0.440677966101695,-0.238896211726725,-0.288578713529536,0.894405857640742,NA,0.0661455446795583,0.00613597577105522,458.52,6.12800391124681,0.280701754385965,0.35593220338983,0.306375330025877,0.334494867485871,0.349807473786756,50,50,0.610169491525424,0,NA,NA,0,0.610169491525424,0,0,0,0,16.6666666666667,16.6666666666667,0.932203389830508,0.932203389830508,0,0
"egsu011","EG",3,3,3,22,29,44,12,12.1095238095238,24.1095238095238,TRUE,0.559322033898305,14.6666666666667,0.576271186440678,14.6666666666667,0.966101694915254,0.64406779661017,8.03650793650794,0.593220338983051,8.03650793650794,0.983050847457627,0.508474576271186,9.66666666666667,0.576271186440678,9.66666666666667,0.949152542372881,0.559322033898305,4.03650793650794,0.576271186440678,4.03650793650794,0.966101694915254,0.186440677966102,7.33333333333333,0.101694915254237,7.33333333333333,0.796610169491525,0.593220338983051,4,0.559322033898305,4,0.898305084745763,3.78418963391826,2.68557734525015,0.262132389914312,-0.0379210296173747,0.324072165701967,0.0624585109513516,"sum",0.696425503105712,0.0170808000646864,7.17777777777778,0.00439398986284433,-0.450693827641437,-0.223920778840683,-0.576909676996669,-0.030048039064689,-0.548384912164221,-0.388107861146645,0.321861237753565,0.696425503105712,0.47825606737409,0.0170808000646864,0.0165622029272561,14,66.3690476190476,0.661016949152542,0.64406779661017,0.423728813559322,0.661016949152542,0.64406779661017,0.474576271186441,0.508474576271186,0.525423728813559,0.745762711864407,0.593220338983051,0.305084745762712,0.254237288135593,0.203389830508475,0.728813559322034,0.677966101694915,0.305084745762712,0.694915254237288,0,1,0.333333333333333,0.0338983050847458,0.288135593220339,1,1,33,2,1031.2,1031.2,3093.6,8.03709074029309,0.677966101694915,6.93847845162498,0.64406779661017,0.32394274780984,0.15741800228668,-1.41995970390943,NA,0.510554022201831,0.43554825871741,3093.6,8.03709074029309,1,0.898305084745763,0.306375330025877,0.334494867485871,0.349807473786756,39,39,0.254237288135593,0,NA,NA,0,0.254237288135593,0,0,0,0,13,13,0.23728813559322,0.23728813559322,0,0
"egsu012","EG",2,3,3,26,23,38,11.3333333333333,7.82619047619048,19.1595238095238,TRUE,0.254237288135593,19,0.88135593220339,12.6666666666667,0.898305084745763,0.101694915254237,9.5797619047619,0.76271186440678,6.38650793650794,0.779661016949153,0.152542372881356,11.5,0.796610169491525,7.66666666666667,0.779661016949153,0.11864406779661,3.91309523809524,0.525423728813559,2.60873015873016,0.508474576271186,0.372881355932203,13,0.88135593220339,8.66666666666667,0.949152542372881,0.423728813559322,5.66666666666667,0.864406779661017,3.77777777777778,0.864406779661017,3.63758615972639,2.94443897916644,-0.645248959789074,1.31888645210519,-0.574052300412188,1.34753916798203,"sum",0.535973708720856,0.0141452361413517,2.36666666666667,-0.240104502421621,-0.66336666378161,-0.302450829027401,0.364508259981918,0.0313186683516969,0.0122336406443753,0.973333649980696,0.85001563714451,0.535973708720857,0.301895542081082,0.0141452361413517,0.0114983596915442,9.5,13.3666666666667,0.0847457627118644,0.101694915254237,0.203389830508475,0.0847457627118644,0.101694915254237,0.305084745762712,0.101694915254237,0.101694915254237,0.0508474576271186,0.35593220338983,0.271186440677966,0.11864406779661,0.864406779661017,0.76271186440678,0.915254237288136,0.983050847457627,0.830508474576271,0,2,1,0.322033898305085,0,3,8,35.3333333333333,9,260,390,780,6.65929391968364,0.0847457627118644,5.96614673912369,0.135593220338983,-1.30175540048454,-0.913642275546121,-0.262776923134342,NA,-1.53285262283053,-0.957853009563189,390,5.96614673912369,0.192982456140351,0.203389830508475,0.306375330025877,0.334494867485871,0.349807473786756,46,46,0.508474576271186,0,NA,NA,0,0.508474576271186,0,0,0,0,15.3333333333333,15.3333333333333,0.694915254237288,0.694915254237288,0,0
"egsu013","EG",4,4,5,37,30,47,13.75,13.9785714285714,27.7285714285714,TRUE,0.694915254237288,11.75,0.11864406779661,9.4,0.508474576271186,0.864406779661017,6.93214285714286,0.271186440677966,5.54571428571428,0.593220338983051,0.627118644067797,7.5,0.169491525423729,6,0.508474576271186,0.779661016949153,3.49464285714286,0.372881355932203,2.79571428571429,0.610169491525424,0.915254237288136,9.25,0.440677966101695,7.4,0.847457627118644,0.88135593220339,3.4375,0.338983050847458,2.75,0.610169491525424,3.85014760171006,2.46385324059017,0.715823064766005,-0.951156834622948,0.728144885912206,-1.03825832292343,"sum",0.782132782987405,0.0193203134741239,50.2857142857143,0.617374067182142,-0.386607157610092,-0.108511808424673,-0.525232892701182,-0.227566255256288,-1.0048477967342,0.18709061104035,0.089690706019581,0.782132782987406,0.573083226214539,0.0193203134741239,0.0185989286180085,45.5,74.3761904761905,0.88135593220339,0.864406779661017,0.864406779661017,0.88135593220339,0.864406779661017,0.864406779661017,0.745762711864407,0.728813559322034,0.830508474576271,0.898305084745763,0.389830508474576,0.474576271186441,0.23728813559322,0.474576271186441,0.288135593220339,0.627118644067797,0.627118644067797,0.372881355932203,3,0.75,0.254237288135593,0.779661016949153,1,2,28.2,10,606.2,757.75,3031,8.0166478770578,0.661016949152542,6.63035351593791,0.423728813559322,0.279955583181889,-0.299352791495883,-0.696720465924998,NA,0.480235268410551,-0.00601059476353794,1010.33333333333,6.91803558838969,0.666666666666667,0.610169491525424,0.306375330025877,0.334494867485871,0.349807473786756,67,67,0.949152542372881,0,NA,NA,0,0.949152542372881,0,0,0,0,16.75,16.75,0.949152542372881,0.949152542372881,0,0
"egsu014","EG",2,2,5,19,19,30,12,7.34285714285714,19.3428571428571,TRUE,0.0338983050847458,15,0.627118644067797,6,0.101694915254237,0.169491525423729,9.67142857142857,0.813559322033898,3.86857142857143,0.203389830508475,0.0847457627118644,9.5,0.542372881355932,3.8,0.0847457627118644,0.101694915254237,3.67142857142857,0.440677966101695,1.46857142857143,0.101694915254237,0.0169491525423729,9.5,0.559322033898305,3.8,0.0847457627118644,0.542372881355932,6,0.88135593220339,2.4,0.508474576271186,3.40119738166216,2.70805020110221,-1.85509075939359,0.0664487766689768,-2.0222208807587,0.174021711441148,"sum",0.576743960817189,0.0141470544177375,1.67619047619048,-0.542622847401803,-1.30469106145511,0.15486873270351,0.188692732842776,0.0485153331698173,-0.216828194880969,-0.611300553616643,-0.594378611350337,0.576743960817189,0.318229894126032,0.0141470544177375,0.0115085879847828,19.5,43.9,0.23728813559322,0.11864406779661,0.135593220338983,0.23728813559322,0.11864406779661,0.627118644067797,0.11864406779661,0.11864406779661,0.508474576271186,0.101694915254237,0.0677966101694915,0.830508474576271,0.745762711864407,0.779661016949153,0.88135593220339,0.152542372881356,0.305084745762712,0.372881355932203,5,2.5,0.983050847457627,0,2,5,22.8,1,186.8,467,934,6.83947643822884,0.135593220338983,6.1463292576689,0.186440677966102,-1.19354416481833,-0.785021499823841,2.3408843336096,NA,-1.26562442908926,-0.699642209036049,186.8,5.23003852579474,0.105263157894737,0.101694915254237,0.306375330025877,0.334494867485871,0.349807473786756,28,28,0,0,NA,NA,0,0,0,0,0,0,14,14,0.389830508474576,0.389830508474576,0,0
"egsu015","EG",2,3,5,26,23,38,11.3333333333333,10.5,21.8333333333333,TRUE,0.254237288135593,19,0.88135593220339,7.6,0.305084745762712,0.372881355932203,10.9166666666667,0.898305084745763,4.36666666666667,0.322033898305085,0.152542372881356,11.5,0.796610169491525,4.6,0.23728813559322,0.406779661016949,5.25,0.898305084745763,2.1,0.322033898305085,0.372881355932203,13,0.88135593220339,5.2,0.305084745762712,0.406779661016949,5.66666666666667,0.847457627118644,2.26666666666667,0.423728813559322,3.63758615972639,2.94443897916644,-0.645248959789074,1.31888645210519,-0.574052300412188,1.34753916798203,"sum",0.620297712417283,0.0157284328251725,6.03333333333333,1.05110063012558,0.634536853167079,0.183290053115754,-0.389408630705829,-0.0622536112252622,-0.702260646063151,-0.38367536775459,0.160748293862568,0.620297712417283,0.466785185683747,0.0157284328251725,0.0156118870108004,38,91.952380952381,0.372881355932203,0.372881355932203,0.389830508474576,0.372881355932203,0.372881355932203,0.813559322033898,0.440677966101695,0.406779661016949,0.932203389830508,0.983050847457627,0.864406779661017,0.864406779661017,0.322033898305085,0.694915254237288,0.559322033898305,0.322033898305085,0.661016949152542,0.372881355932203,3,1.5,0.661016949152542,0,1,5,25.6,10,803.92,2009.8,4019.6,8.2989376741748,0.830508474576271,7.60579049361486,0.966101694915254,0.974615502530014,1.79207113373892,0.605110162446971,NA,0.89889848393355,1.39184067795329,1339.86666666667,7.20032538550669,0.824561403508772,0.796610169491525,0.306375330025877,0.334494867485871,0.349807473786756,38,38,0.203389830508475,0,NA,NA,0,0.203389830508475,0,0,0,0,12.6666666666667,12.6666666666667,0.169491525423729,0.169491525423729,0,0
"egsu016","EG",3,3,7,16,26,34,6.33333333333333,9.20952380952381,15.5428571428571,TRUE,0.101694915254237,11.3333333333333,0.0677966101694915,4.85714285714286,0.0169491525423729,0.0169491525423729,5.18095238095238,0,2.22040816326531,0,0.305084745762712,8.66666666666667,0.338983050847458,3.71428571428571,0.0508474576271186,0.254237288135593,3.06984126984127,0.186440677966102,1.3156462585034,0.0508474576271186,0,5.33333333333333,0,2.28571428571429,0,0,2.11111111111111,0.0338983050847458,0.904761904761905,0,3.52636052461616,2.42774823594805,-1.25016985959133,-1.08161909248089,-1.25544450276092,-1.2174963289023,"sum",0.448694207324904,0.0118833934733475,12.2864468864469,0.0659892400993427,2.2284925869439,-0.230826911408359,-0.0432201553811763,-0.517242882653677,-0.604568260985673,-1.10131509349116,2.08626339403667,0.448694207324904,0.417268205397831,0.0118833934733475,0.0143057704308363,4,24.5833333333333,0,0.0169491525423729,0.542372881355932,0,0.0169491525423729,0.101694915254237,0.254237288135593,0.288135593220339,0.203389830508475,0.627118644067797,1,0.23728813559322,0.64406779661017,0.101694915254237,0.64406779661017,0.0169491525423729,0.966101694915254,0.830508474576271,5,1.66666666666667,0.796610169491525,0.288135593220339,3,4,23,12,227.514285714286,530.866666666667,1592.6,7.37312317982334,0.220338983050847,6.27451089115524,0.254237288135593,-0.730765464754934,-0.678338639960686,0.894405857640742,NA,-0.474174426038933,-0.515951346778066,318.52,5.76368526738924,0.140350877192982,0.169491525423729,0.306375330025877,0.334494867485871,0.349807473786756,30,30,0.0508474576271186,0,NA,NA,0,0.0508474576271186,0,0,0,0,10,10,0,0,0,0
"egsu017","EG",4,4,5,35,42,51,12.75,19.5666666666667,32.3166666666667,TRUE,0.915254237288136,12.75,0.305084745762712,10.2,0.661016949152542,0.983050847457627,8.07916666666667,0.610169491525424,6.46333333333333,0.847457627118644,0.983050847457627,10.5,0.694915254237288,8.4,0.88135593220339,0.966101694915254,4.89166666666667,0.847457627118644,3.91333333333333,0.932203389830508,0.864406779661017,8.75,0.35593220338983,7,0.728813559322034,0.711864406779661,3.1875,0.203389830508475,2.55,0.559322033898305,3.93182563272433,2.54553127160443,1.32074396456826,-0.638047415763894,1.22852210004244,-0.632779704200315,"sum",0.906198022011729,0.0221177785450219,13.2944444444444,-0.519472481660975,0.0874899123675675,-0.379609139791136,-1.18229839928462,-0.35809539402316,-1.55543387320029,0.61783951125235,-0.655376137191232,0.906198022011729,0.782558558668362,0.0221177785450219,0.0244295889010495,45.5,72.4833333333333,0.983050847457627,0.983050847457627,0.610169491525424,0.983050847457627,0.983050847457627,0.864406779661017,0.966101694915254,0.949152542372881,0.796610169491525,0.169491525423729,0.627118644067797,0.0169491525423729,0.0338983050847458,0.271186440677966,0.0847457627118644,0.88135593220339,0.288135593220339,0.372881355932203,3,0.75,0.254237288135593,0.779661016949153,2,2,27,10,600.2,750.25,3001,8.00670084544037,0.64406779661017,6.62040648432048,0.406779661016949,0.258875472337823,-0.31188078913117,-0.696720465924998,NA,0.465482853394508,-0.0202652018005829,1000.33333333333,6.90808855677226,0.649122807017544,0.593220338983051,0.306375330025877,0.334494867485871,0.349807473786756,56,56,0.711864406779661,0,NA,NA,0,0.711864406779661,0,0,0,0,14,14,0.389830508474576,0.389830508474576,0,0
"egsu018","EG",3,3,7,25,32,42,12,12.2761904761905,24.2761904761905,TRUE,0.423728813559322,14,0.440677966101695,6,0.101694915254237,0.661016949152542,8.09206349206349,0.627118644067797,3.46802721088435,0.135593220338983,0.745762711864407,10.6666666666667,0.728813559322034,4.57142857142857,0.220338983050847,0.627118644067797,4.09206349206349,0.64406779661017,1.75374149659864,0.23728813559322,0.271186440677966,8.33333333333333,0.220338983050847,3.57142857142857,0.0677966101694915,0.542372881355932,4,0.542372881355932,1.71428571428571,0.135593220338983,3.73766961828337,2.63905732961526,-0.040328059986817,-0.246660642190077,0.0390805279797451,-0.168483291249041,"sum",0.688237173670891,0.017227133041412,13.25,-0.767263020112654,-0.147350927282314,-0.120247089570045,0.267146397335645,-0.458031056536124,-1.05633522336682,-0.999889001054617,0.73149528575562,0.688237173670892,0.542507266191675,0.017227133041412,0.0183174940890636,45.8333333333333,63.2166666666667,0.593220338983051,0.661016949152542,0.593220338983051,0.593220338983051,0.661016949152542,0.915254237288136,0.694915254237288,0.711864406779661,0.694915254237288,0.0508474576271186,0.559322033898305,0.457627118644068,0.796610169491525,0.169491525423729,0.23728813559322,0.0508474576271186,0.796610169491525,0.830508474576271,5,1.66666666666667,0.796610169491525,0.288135593220339,6,12,17.1428571428571,7,313.142857142857,730.666666666667,2192,7.69256964806791,0.423728813559322,6.5939573593998,0.372881355932203,-0.309584850090493,-0.344592782956641,0.894405857640742,NA,-0.000404254574667762,-0.0581681558393653,438.4,6.08313173563381,0.245614035087719,0.23728813559322,0.306375330025877,0.334494867485871,0.349807473786756,49,49,0.576271186440678,0,NA,NA,0,0.576271186440678,0,0,0,0,16.3333333333333,16.3333333333333,0.830508474576271,0.830508474576271,0,0
"egsu019","EG",2,2,3,19,23,35,14,9.80952380952381,23.8095238095238,TRUE,0.11864406779661,17.5,0.813559322033898,11.6666666666667,0.796610169491525,0.525423728813559,11.9047619047619,0.949152542372881,7.93650793650794,0.932203389830508,0.152542372881356,11.5,0.796610169491525,7.66666666666667,0.779661016949153,0.305084745762712,4.9047619047619,0.864406779661017,3.26984126984127,0.796610169491525,0.0169491525423729,9.5,0.559322033898305,6.33333333333333,0.508474576271186,0.932203389830508,7,0.966101694915254,4.66666666666667,0.966101694915254,3.55534806148941,2.86220088092947,-1.09893963464077,0.849222323816611,-1.07786060700563,0.939280177584495,"sum",0.702888013336342,0.01684363278445,11.9069597069597,0.291836913195601,0.43838792957914,-0.132087551831206,-1.53581753198917,0.070383241771868,-0.53016299327177,0.168078544938253,0.0967239565451125,0.702888013336342,0.42193755860696,0.01684363278445,0.0139738591840024,68.5,136.066666666667,0.694915254237288,0.508474576271186,0.508474576271186,0.694915254237288,0.508474576271186,0.983050847457627,0.288135593220339,0.271186440677966,1,0.728813559322034,0.796610169491525,0.406779661016949,0.0169491525423729,0.830508474576271,0.711864406779661,0.593220338983051,0.64406779661017,0,2,1,0.322033898305085,0,3,10,24,9,1567,2350.5,4701,8.45553053102413,0.898305084745763,7.76238335046419,0.983050847457627,1.4534150868349,2.36117630631789,-0.262776923134342,NA,1.13114091581039,1.61624628206161,2350.5,7.76238335046419,0.912280701754386,0.983050847457627,0.306375330025877,0.334494867485871,0.349807473786756,34,34,0.135593220338983,0,NA,NA,0,0.135593220338983,0,0,0,0,17,17,0.966101694915254,0.966101694915254,0,0
"egsu020","EG",2,3,5,27,29,41,11.3333333333333,10.5261904761905,21.8595238095238,TRUE,0.372881355932203,20.5,0.932203389830508,8.2,0.35593220338983,0.389830508474576,10.9297619047619,0.915254237288136,4.37190476190476,0.338983050847458,0.508474576271186,14.5,0.949152542372881,5.8,0.474576271186441,0.423728813559322,5.26309523809524,0.915254237288136,2.1052380952381,0.35593220338983,0.423728813559322,13.5,0.932203389830508,5.4,0.322033898305085,0.389830508474576,5.66666666666667,0.830508474576271,2.26666666666667,0.423728813559322,3.71357206670431,3.02042488614436,-0.191558284937381,1.78855058039377,-0.108546264399514,1.72476007085186,"sum",0.621527649690649,0.0157581796264351,9.74358974358974,-0.0793416343526866,0.278688249798005,-0.0102398086468634,-0.383500570457078,-0.471269140094258,-0.661482166309367,0.504812847317812,-1.15834623708492,0.621527649690649,0.45535104222713,0.0157581796264351,0.0154820713270275,6.66666666666667,24.2,0.389830508474576,0.389830508474576,0.474576271186441,0.389830508474576,0.389830508474576,0.169491525423729,0.389830508474576,0.35593220338983,0.169491525423729,0.474576271186441,0.711864406779661,0.627118644067797,0.338983050847458,0.135593220338983,0.593220338983051,0.830508474576271,0.186440677966102,0.372881355932203,3,1.5,0.661016949152542,0,1,1,26,11,375.12,937.8,1875.6,7.53668388721543,0.322033898305085,6.84353670665549,0.593220338983051,-0.531909752459244,0.00140267173523975,0.605110162446971,NA,-0.231597994338832,0.299491863402536,625.2,6.43807159854732,0.403508771929825,0.254237288135593,0.306375330025877,0.334494867485871,0.349807473786756,46,46,0.508474576271186,0,NA,NA,0,0.508474576271186,0,0,0,0,15.3333333333333,15.3333333333333,0.694915254237288,0.694915254237288,0,0
"egsu021","EG",4,4,6,36,30,49,13.25,12.6190476190476,25.8690476190476,TRUE,0.813559322033898,12.25,0.186440677966102,8.16666666666667,0.338983050847458,0.745762711864407,6.4672619047619,0.169491525423729,4.31150793650794,0.288135593220339,0.627118644067797,7.5,0.169491525423729,5,0.305084745762712,0.677966101694915,3.1547619047619,0.220338983050847,2.1031746031746,0.338983050847458,0.88135593220339,9,0.372881355932203,6,0.440677966101695,0.796610169491525,3.3125,0.305084745762712,2.20833333333333,0.35593220338983,3.89182029811063,2.50552593699074,1.01828351466713,-0.794602125193421,0.983440801732813,-0.831380326904912,"sum",0.720408683804722,0.0182279378286152,53.9744810744811,-1.15097572754062,-0.0608145684659209,-0.1417138334961,-0.251677832609059,-0.273518175274467,-0.824321730986432,0.0992369284551562,-1.34523378839489,0.720408683804722,0.523491311090417,0.0182279378286152,0.0173766335900932,12,50.6666666666667,0.745762711864407,0.745762711864407,0.88135593220339,0.745762711864407,0.745762711864407,0.406779661016949,0.627118644067797,0.610169491525424,0.593220338983051,0,0.610169491525424,0.389830508474576,0.474576271186441,0.406779661016949,0.423728813559322,0.542372881355932,0.101694915254237,0.694915254237288,3,0.75,0.254237288135593,0.779661016949153,2,4,28.1666666666667,11,558.166666666667,837.25,3349,8.1164170727942,0.711864406779661,6.73012271167431,0.491525423728814,0.50340475812899,-0.166556016561841,-0.696720465924998,NA,0.628202686020877,0.136963785365253,1116.33333333333,7.0178047841261,0.736842105263158,0.508474576271186,0.306375330025877,0.334494867485871,0.349807473786756,64,64,0.915254237288136,0,NA,NA,0,0.915254237288136,0,0,0,0,16,16,0.779661016949153,0.779661016949153,0,0
"egsu022","EG",4,4,4,33,35,48,12,15.8095238095238,27.8095238095238,TRUE,0.745762711864407,12,0.135593220338983,12,0.830508474576271,0.88135593220339,6.95238095238095,0.288135593220339,6.95238095238095,0.898305084745763,0.847457627118644,8.75,0.389830508474576,8.75,0.915254237288136,0.847457627118644,3.95238095238095,0.542372881355932,3.95238095238095,0.949152542372881,0.76271186440678,8.25,0.186440677966102,8.25,0.898305084745763,0.542372881355932,3,0.135593220338983,3,0.694915254237288,3.87120101090789,2.484906649788,0.867053289716569,-0.872879479908185,0.857122606255578,-0.933741757392385,"sum",0.777563549721443,0.0193945902593732,19.4761904761905,1.05381254384459,-0.256315195572331,0.167928514617355,0.0302251364714007,-0.306023458081862,-1.02026866672,-0.358211180716467,0.635147504319462,0.777563549721444,0.614092234975021,0.0193945902593732,0.0197747430805114,42,81.75,0.847457627118644,0.88135593220339,0.677966101694915,0.847457627118644,0.88135593220339,0.830508474576271,0.796610169491525,0.779661016949153,0.864406779661017,1,0.457627118644068,0.847457627118644,0.677966101694915,0.338983050847458,0.271186440677966,0.35593220338983,0.76271186440678,0.254237288135593,2,0.5,0.101694915254237,0.779661016949153,3,9,32.25,11,206.75,206.75,827,6.71780469502369,0.11864406779661,5.3315103339038,0.0677966101694915,-1.2687298934955,-1.2197430177683,-1.13066400871565,NA,-1.44607545413089,-1.86731956358065,413.5,6.02465751446375,0.210526315789474,0.135593220338983,0.306375330025877,0.334494867485871,0.349807473786756,59,59,0.813559322033898,0,NA,NA,0,0.813559322033898,0,0,0,0,14.75,14.75,0.610169491525424,0.610169491525424,0,0
"egsu023","EG",2,2,3,22,14,29,14,4.4,18.4,TRUE,0,14.5,0.542372881355932,9.66666666666667,0.576271186440678,0.0677966101694915,9.2,0.711864406779661,6.13333333333333,0.745762711864407,0.0169491525423729,7,0.0338983050847458,4.66666666666667,0.254237288135593,0,2.2,0.0169491525423729,1.46666666666667,0.0847457627118644,0.186440677966102,11,0.779661016949153,7.33333333333333,0.796610169491525,0.932203389830508,7,0.966101694915254,4.66666666666667,0.966101694915254,3.36729582998647,2.67414864942653,-2.00632098434415,-0.0901059327605501,-2.22990908983424,0.00572242489707618,"sum",0.546976018554739,0.0135662409607187,0,-0.519731890882413,1.08777203670483,-0.180004908483371,-0.453522295278374,0.463111888286657,0.253910150658687,-0.586100317152012,0.410084708137616,0.546976018554739,0.195345381581981,0.0135662409607187,0.00768913239676456,13.5,9.75,0.135593220338983,0.0677966101694915,0,0.135593220338983,0.0677966101694915,0.440677966101695,0,0,0.0338983050847458,0.152542372881356,0.898305084745763,0.35593220338983,0.288135593220339,1,0.983050847457627,0.186440677966102,0.711864406779661,0,1,0.5,0.101694915254237,0,4,8,32.6666666666667,12,534.533333333333,801.8,1603.6,7.38000638076835,0.23728813559322,6.68685920020841,0.457627118644068,-0.723036090778776,-0.225771685384631,-1.13066400871565,NA,-0.463965969799427,0.0749649520743067,1603.6,7.38000638076835,0.87719298245614,0.457627118644068,0.306375330025877,0.334494867485871,0.349807473786756,33,33,0.0677966101694915,0,NA,NA,0,0.0677966101694915,0,0,0,0,16.5,16.5,0.864406779661017,0.864406779661017,0,0
"egsu024","EG",2,2,3,20,14,30,13.5,5.23571428571429,18.7357142857143,TRUE,0.0338983050847458,15,0.627118644067797,10,0.610169491525424,0.0847457627118644,9.36785714285714,0.745762711864407,6.2452380952381,0.76271186440678,0.0169491525423729,7,0.0338983050847458,4.66666666666667,0.254237288135593,0.0338983050847458,2.61785714285714,0.0508474576271186,1.7452380952381,0.220338983050847,0.0677966101694915,10,0.627118644067797,6.66666666666667,0.593220338983051,0.847457627118644,6.75,0.949152542372881,4.5,0.949152542372881,3.40119738166216,2.70805020110221,-1.85509075939359,0.0664487766689768,-2.0222208807587,0.174021711441148,"sum",0.529647314551823,0.0138555378081098,1.2,-0.092326293197294,-0.234510070812901,0.061127277784649,0.682722506320987,0.419980839293491,0.182314979962581,0.461782506619195,-0.309675944855967,0.529647314551823,0.22427436311083,0.0138555378081098,0.00871395123791481,15.5,34.5833333333333,0.0677966101694915,0.0847457627118644,0.0847457627118644,0.0677966101694915,0.0847457627118644,0.525423728813559,0.0338983050847458,0.0338983050847458,0.322033898305085,0.440677966101695,0.491525423728814,0.694915254237288,0.949152542372881,0.966101694915254,0.966101694915254,0.796610169491525,0.406779661016949,0,0,0,0,0,2,3,29,12,2314,3471,6942,8.84534519642173,1,8.15219801586179,1,3.02809936688664,4.23285915302977,-1.99855109429697,NA,1.70927396539326,2.17487071256807,NA,NA,NA,1,0.306375330025877,0.334494867485871,0.349807473786756,36,36,0.169491525423729,0,NA,NA,0,0.169491525423729,0,0,0,0,18,18,0.983050847457627,0.983050847457627,0,0
"egsu025","EG",3,3,3,25,29,41,9.66666666666666,12.2428571428571,21.9095238095238,TRUE,0.372881355932203,13.6666666666667,0.406779661016949,13.6666666666667,0.932203389830508,0.406779661016949,7.3031746031746,0.389830508474576,7.3031746031746,0.915254237288136,0.508474576271186,9.66666666666667,0.576271186440678,9.66666666666667,0.949152542372881,0.593220338983051,4.08095238095238,0.610169491525424,4.08095238095238,0.983050847457627,0.271186440677966,8.33333333333333,0.220338983050847,8.33333333333333,0.915254237288136,0.11864406779661,3.22222222222222,0.220338983050847,3.22222222222222,0.728813559322034,3.71357206670431,2.6149597780362,-0.191558284937381,-0.351030448476429,-0.108546264399514,-0.288112055649346,"sum",0.608686808207268,0.0158311107373257,4.1,-0.229444873373426,-0.349018745967476,-0.250450929232891,0.452929587050646,-0.395770960531918,-0.761369158426472,0.330773703176641,3.30006753737642,0.608686808207268,0.509163468338164,0.0158311107373257,0.0172350833405778,9.83333333333333,30.5357142857143,0.322033898305085,0.406779661016949,0.288135593220339,0.322033898305085,0.406779661016949,0.338983050847458,0.576271186440678,0.593220338983051,0.271186440677966,0.372881355932203,0.423728813559322,0.220338983050847,0.898305084745763,0.23728813559322,0.474576271186441,0.694915254237288,1,0,3,1,0.322033898305085,0.288135593220339,3,6,38,8,1385,1385,4155,8.33206770728955,0.847457627118644,7.23345541862144,0.847457627118644,1.0697570694729,0.748405410735284,-0.262776923134342,NA,0.948033544200903,0.858265397983698,1385,7.23345541862144,0.842105263157895,0.966101694915254,0.306375330025877,0.334494867485871,0.349807473786756,40,40,0.288135593220339,0,NA,NA,0,0.288135593220339,0,0,0,0,13.3333333333333,13.3333333333333,0.271186440677966,0.271186440677966,0,0
"egsu026","EG",3,3,5,23,21,35,9,8.23571428571429,17.2357142857143,TRUE,0.11864406779661,11.6666666666667,0.0847457627118644,7,0.186440677966102,0.0338983050847458,5.74523809523809,0.0338983050847458,3.44714285714286,0.11864406779661,0.11864406779661,7,0.0338983050847458,4.2,0.203389830508475,0.152542372881356,2.7452380952381,0.0847457627118644,1.64714285714286,0.203389830508475,0.254237288135593,7.66666666666667,0.169491525423729,4.6,0.186440677966102,0.0338983050847458,3,0.101694915254237,1.8,0.186440677966102,3.55534806148941,2.4567357728213,-1.09893963464077,-0.977249286194536,-1.07786060700563,-1.07359194891671,"sum",0.503715165973579,0.012897337509637,1,0.64078792130105,-0.597162462970341,-0.213452692675287,0.503387105503204,0.154842042359907,-0.32026195080219,0.69247932484732,0.499073294991666,0.503715165973579,0.359098033488792,0.012897337509637,0.0127152268215608,0,14.702380952381,0.0338983050847458,0.0338983050847458,0.0338983050847458,0.0338983050847458,0.0338983050847458,0,0.169491525423729,0.169491525423729,0.0677966101694915,0.932203389830508,0.288135593220339,0.305084745762712,0.932203389830508,0.932203389830508,0.813559322033898,0.915254237288136,0.728813559322034,0.372881355932203,4,1.33333333333333,0.576271186440678,0.288135593220339,1,2,26.8,7,558.6,931,2793,7.93487156594518,0.576271186440678,6.83625927727707,0.559322033898305,0.112720037152298,-0.0099560461207537,0.3158144672532,NA,0.35895304810476,0.289062933444441,698.25,6.54857720482529,0.421052631578947,0.525423728813559,0.306375330025877,0.334494867485871,0.349807473786756,39,39,0.254237288135593,0,NA,NA,0,0.254237288135593,0,0,0,0,13,13,0.23728813559322,0.23728813559322,0,0
"egsu027","EG",3,3,4,28,28,42,11.6666666666667,12.25,23.9166666666667,TRUE,0.423728813559322,14,0.440677966101695,10.5,0.694915254237288,0.593220338983051,7.97222222222222,0.559322033898305,5.97916666666667,0.711864406779661,0.474576271186441,9.33333333333333,0.508474576271186,7,0.64406779661017,0.610169491525424,4.08333333333333,0.627118644067797,3.0625,0.76271186440678,0.508474576271186,9.33333333333333,0.457627118644068,7,0.728813559322034,0.474576271186441,3.88888888888889,0.491525423728814,2.91666666666667,0.677966101694915,3.73766961828337,2.63905732961526,-0.040328059986817,-0.246660642190077,0.0390805279797451,-0.168483291249041,"sum",0.680581095716091,0.016991686741994,2.5,-0.114633697862496,-0.446905204390168,0.122327013960212,-0.163418954666293,0.133075172273578,-0.842829308261709,0.082139965690162,-2.25835483835742,0.68058109571609,0.520847213632143,0.016991686741994,0.0174064371212598,15.6666666666667,55.9166666666667,0.542372881355932,0.610169491525424,0.220338983050847,0.542372881355932,0.610169491525424,0.559322033898305,0.610169491525424,0.64406779661017,0.64406779661017,0.423728813559322,0.322033898305085,0.779661016949153,0.542372881355932,0.88135593220339,0.372881355932203,0.525423728813559,0.0169491525423729,0.254237288135593,4,1.33333333333333,0.576271186440678,0.288135593220339,1,1,26.75,9,430.75,574.333333333333,1723,7.45182223652793,0.271186440677966,6.35320994785982,0.288135593220339,-0.639137249619393,-0.605731933665512,0.3158144672532,NA,-0.357456073214751,-0.403171557725871,430.75,6.06552787540804,0.228070175438596,0.305084745762712,0.306375330025877,0.334494867485871,0.349807473786756,45,45,0.474576271186441,0,NA,NA,0,0.474576271186441,0,0,0,0,15,15,0.64406779661017,0.64406779661017,0,0
"egsu028","EG",2,4,6,27,32,45,9.5,14.4690476190476,23.9690476190476,TRUE,0.610169491525424,22.5,0.966101694915254,7.5,0.288135593220339,0.610169491525424,11.9845238095238,0.983050847457627,3.99484126984127,0.220338983050847,0.745762711864407,16,0.983050847457627,5.33333333333333,0.35593220338983,0.830508474576271,7.23452380952381,0.983050847457627,2.41150793650794,0.457627118644068,0.423728813559322,13.5,0.932203389830508,4.5,0.152542372881356,0.101694915254237,4.75,0.694915254237288,1.58333333333333,0.101694915254237,3.80666248977032,3.11351530921037,0.413362614864876,2.41476941811188,0.461745722044666,2.18689383794235,"sum",0.701336536441154,0.016971804379634,59.45,-0.0508329808805009,0.375248011532636,-0.128837443319014,-1.05876944047836,-0.422113195281264,-1.38191168442945,0.387082818628519,-0.961074046868618,0.701336536441154,0.644096765817305,0.016971804379634,0.0206061308363134,15.5,36.5,0.677966101694915,0.593220338983051,0.932203389830508,0.677966101694915,0.593220338983051,0.525423728813559,0.847457627118644,0.847457627118644,0.372881355932203,0.525423728813559,0.745762711864407,0.440677966101695,0.0508474576271186,0.203389830508475,0.101694915254237,0.76271186440678,0.23728813559322,0.694915254237288,2,1,0.322033898305085,0,1,3,23.5,12,44.0333333333333,132.1,264.2,5.57670639208822,0,4.88355921152828,0.0169491525423729,-1.66419277293018,-1.34443835423152,-0.262776923134342,NA,-3.13843518379123,-2.50925652194653,132.1,4.88355921152828,0.0526315789473684,0,0.306375330025877,0.334494867485871,0.349807473786756,51,51,0.627118644067797,0,NA,NA,0,0.627118644067797,0,0,0,0,12.75,12.75,0.220338983050847,0.220338983050847,0,0
"egsu029","EG",3,4,7,30,25,41,10.25,10.4095238095238,20.6595238095238,TRUE,0.372881355932203,13.6666666666667,0.406779661016949,5.85714285714286,0.0847457627118644,0.271186440677966,6.88650793650794,0.254237288135593,2.95136054421769,0.0508474576271186,0.288135593220339,8.33333333333333,0.305084745762712,3.57142857142857,0.0338983050847458,0.372881355932203,3.46984126984127,0.338983050847458,1.48707482993197,0.135593220338983,0.64406779661017,10,0.627118644067797,4.28571428571429,0.135593220338983,0.169491525423729,3.41666666666667,0.322033898305085,1.46428571428571,0.0508474576271186,3.71357206670431,2.6149597780362,-0.191558284937381,-0.351030448476429,-0.108546264399514,-0.288112055649346,"sum",0.601283920971784,0.014968379895379,59.0214285714286,-0.696073732830376,-1.50301425315918,0.107199850859947,0.00335306507263275,-0.283592633913569,-0.749050071813101,-0.158601271536499,0.83108254717264,0.601283920971784,0.472861825743816,0.014968379895379,0.0158950736459347,13.5,19.4761904761905,0.305084745762712,0.271186440677966,0.915254237288136,0.305084745762712,0.271186440677966,0.440677966101695,0.491525423728814,0.457627118644068,0.11864406779661,0.0677966101694915,0.0169491525423729,0.76271186440678,0.661016949152542,0.372881355932203,0.508474576271186,0.440677966101695,0.813559322033898,0.830508474576271,5,1.66666666666667,0.796610169491525,0.288135593220339,1,1,21,8,87.0285714285714,203.066666666667,609.2,6.41214662102101,0.0508474576271186,5.3135343323529,0.0508474576271186,-1.42177149822342,-1.22589565660696,0.894405857640742,NA,-1.89939609632006,-1.89308009677894,121.84,4.80270870858691,0,0.0338983050847458,0.306375330025877,0.334494867485871,0.349807473786756,56,56,0.711864406779661,0,NA,NA,0,0.711864406779661,0,0,0,0,14,14,0.389830508474576,0.389830508474576,0,0
"egsu030","EG",2,2,3,20,16,32,13,6.73333333333333,19.7333333333333,TRUE,0.0847457627118644,16,0.745762711864407,10.6666666666667,0.728813559322034,0.203389830508475,9.86666666666667,0.830508474576271,6.57777777777778,0.864406779661017,0.0508474576271186,8,0.23728813559322,5.33333333333333,0.35593220338983,0.0847457627118644,3.36666666666667,0.288135593220339,2.24444444444444,0.406779661016949,0.0677966101694915,10,0.627118644067797,6.66666666666667,0.593220338983051,0.728813559322034,6.5,0.915254237288136,4.33333333333333,0.932203389830508,3.46573590279973,2.77258872223978,-1.55263030949246,0.379558195528031,-1.62684399654779,0.494413744406832,"sum",0.57652128366265,0.014420292881687,1,-0.964247146457822,1.56346564128044,-0.068346576570573,-0.442695143093653,0.452670015514153,0.324837305375554,0.228538083118675,-0.208947422368851,0.57652128366265,0.235700558915109,0.014420292881687,0.00979334968233823,11.1666666666667,35.9,0.220338983050847,0.203389830508475,0.0338983050847458,0.220338983050847,0.203389830508475,0.389830508474576,0.0508474576271186,0.0508474576271186,0.35593220338983,0.0169491525423729,0.966101694915254,0.559322033898305,0.305084745762712,0.983050847457627,1,0.677966101694915,0.423728813559322,0,1,0.5,0.101694915254237,0,1,3,33.6666666666667,11,992.333333333333,1488.5,2977,7.99867136101578,0.627118644067797,7.30552418045583,0.864406779661017,0.24201138366257,0.921291778102245,-1.13066400871565,NA,0.45357434730423,0.961543634055137,2977,7.99867136101578,0.982456140350877,0.88135593220339,0.306375330025877,0.334494867485871,0.349807473786756,33,33,0.0677966101694915,0,NA,NA,0,0.0677966101694915,0,0,0,0,16.5,16.5,0.864406779661017,0.864406779661017,0,0
"egsu031","EG",3,4,5,25,34,47,9.25,14.0285714285714,23.2785714285714,TRUE,0.694915254237288,15.6666666666667,0.728813559322034,9.4,0.508474576271186,0.491525423728814,7.75952380952381,0.474576271186441,4.65571428571429,0.406779661016949,0.813559322033898,11.3333333333333,0.779661016949153,6.8,0.610169491525424,0.796610169491525,4.67619047619048,0.813559322033898,2.80571428571429,0.627118644067797,0.271186440677966,8.33333333333333,0.220338983050847,5,0.254237288135593,0.0847457627118644,3.08333333333333,0.186440677966102,1.85,0.23728813559322,3.85014760171006,2.75153531304195,0.715823064766005,0.275188389241679,0.728144885912206,0.389897178875784,"sum",0.671898546607782,0.0165744574962519,28.7467032967033,-0.2832695819303,-1.31868147590042,-0.195398581243658,-0.0696000132808034,-0.616487388578887,-1.33025779394428,-0.552660245715565,-1.36738597440089,0.671898546607782,0.624354582670798,0.0165744574962519,0.0198821027783347,4.5,37.8666666666667,0.491525423728814,0.474576271186441,0.76271186440678,0.491525423728814,0.474576271186441,0.135593220338983,0.830508474576271,0.796610169491525,0.389830508474576,0.322033898305085,0.0508474576271186,0.322033898305085,0.627118644067797,0.0338983050847458,0.135593220338983,0.203389830508475,0.0847457627118644,0.372881355932203,3,1,0.322033898305085,0.288135593220339,3,8,26.2,8,562.64,937.733333333333,2813.2,7.94207790443386,0.593220338983051,6.84346561576575,0.576271186440678,0.126913978453969,0.00129131175625933,-0.262776923134342,NA,0.369640748739473,0.299389986507396,937.733333333333,6.84346561576575,0.631578947368421,0.559322033898305,0.306375330025877,0.334494867485871,0.349807473786756,43,43,0.372881355932203,0,NA,NA,0,0.372881355932203,0,0,0,0,10.75,10.75,0.0338983050847458,0.0338983050847458,0,0
"egsu032","EG",4,5,6,39,31,50,13.2,15.9357142857143,29.1357142857143,TRUE,0.864406779661017,12.5,0.254237288135593,8.33333333333333,0.372881355932203,0.915254237288136,7.28392857142857,0.372881355932203,4.85595238095238,0.457627118644068,0.728813559322034,7.75,0.220338983050847,5.16666666666667,0.338983050847458,0.864406779661017,3.98392857142857,0.559322033898305,2.65595238095238,0.525423728813559,0.966101694915254,9.75,0.610169491525424,6.5,0.576271186440678,0.779661016949153,3.3,0.288135593220339,2.2,0.338983050847458,3.91202300542815,2.52572864430826,1.1695137396177,-0.716324770478658,1.10720693908819,-0.731086946226521,"sum",0.834666391650095,0.0201354467012167,56.6666666666667,-0.292659837529331,-0.76417863384429,0.297607948849432,-0.89359936527249,-0.23807559577802,-1.5837396345955,0.186985272596514,-0.0451526223398968,0.834666391650095,0.695120074948883,0.0201354467012167,0.0226912387022804,42,93.1666666666667,0.932203389830508,0.915254237288136,0.898305084745763,0.932203389830508,0.915254237288136,0.830508474576271,0.898305084745763,0.898305084745763,0.949152542372881,0.305084745762712,0.23728813559322,0.915254237288136,0.135593220338983,0.457627118644068,0.0338983050847458,0.610169491525424,0.559322033898305,0.694915254237288,5,1.25,0.525423728813559,0.779661016949153,3,9,24.8333333333333,9,591.666666666667,887.5,3550,8.17470288246946,0.745762711864407,6.78840852134957,0.525423728813559,0.644641500784232,-0.0826184324054181,0.171166619656315,NA,0.714646208766725,0.220490343308469,710,6.56526497003536,0.43859649122807,0.576271186440678,0.306375330025877,0.334494867485871,0.349807473786756,77,77,0.983050847457627,0,NA,NA,0,0.983050847457627,0,0,0,0,15.4,15.4,0.728813559322034,0.728813559322034,0,0
"egsu033","EG",4,5,5,34,29,50,10.6,13.9761904761905,24.5761904761905,TRUE,0.864406779661017,12.5,0.254237288135593,10,0.610169491525424,0.694915254237288,6.14404761904762,0.101694915254237,4.91523809523809,0.491525423728814,0.508474576271186,7.25,0.101694915254237,5.8,0.474576271186441,0.76271186440678,3.49404761904762,0.35593220338983,2.7952380952381,0.593220338983051,0.813559322033898,8.5,0.305084745762712,6.8,0.694915254237288,0.271186440677966,2.65,0.0677966101694915,2.12,0.305084745762712,3.91202300542815,2.52572864430826,1.1695137396177,-0.716324770478658,1.10720693908819,-0.731086946226521,"sum",0.693887848827501,0.017406981936262,115.92619047619,0.357679057000995,0.163928620010288,-0.100744258905387,-0.912751693950651,-0.431570965785045,-1.29544641542336,-0.765481177125439,1.18364415087872,0.693887848827501,0.617575421758111,0.017406981936262,0.0200583072620492,11,39.9,0.627118644067797,0.694915254237288,1,0.627118644067797,0.694915254237288,0.35593220338983,0.813559322033898,0.830508474576271,0.423728813559322,0.745762711864407,0.661016949152542,0.491525423728814,0.11864406779661,0.186440677966102,0.152542372881356,0.0677966101694915,0.898305084745763,0.372881355932203,3,0.75,0.254237288135593,0.779661016949153,1,1,28.6,11,508.52,635.65,2542.6,7.84094245851602,0.542372881355932,6.45464809739613,0.322033898305085,-0.0632286213595073,-0.503308592998355,-0.696720465924998,NA,0.219647049272657,-0.257805481109556,847.533333333333,6.74233016984791,0.56140350877193,0.440677966101695,0.306375330025877,0.334494867485871,0.349807473786756,61,61,0.847457627118644,0,NA,NA,0,0.847457627118644,0,0,0,0,12.2,12.2,0.101694915254237,0.101694915254237,0,0
"egsu034","EG",3,3,3,25,32,48,11.3333333333333,12.5357142857143,23.8690476190476,TRUE,0.745762711864407,16,0.745762711864407,16,1,0.576271186440678,7.9563492063492,0.542372881355932,7.9563492063492,0.966101694915254,0.745762711864407,10.6666666666667,0.728813559322034,10.6666666666667,1,0.661016949152542,4.17857142857143,0.694915254237288,4.17857142857143,1,0.271186440677966,8.33333333333333,0.220338983050847,8.33333333333333,0.915254237288136,0.423728813559322,3.77777777777778,0.457627118644068,3.77777777777778,0.864406779661017,3.87120101090789,2.77258872223978,0.867053289716569,0.379558195528031,0.857122606255578,0.494413744406832,"sum",0.686263399959924,0.0169518965440841,6.43644688644689,0.386800327675867,-0.357246328275844,0.426845319820703,-0.357212363906111,-0.199946907979005,-0.7446284282388,0.0142743790606806,0.278662277362794,0.686263399959925,0.509537301216394,0.0169518965440841,0.0166256693372565,3,28.1666666666667,0.576271186440678,0.559322033898305,0.406779661016949,0.576271186440678,0.559322033898305,0.0677966101694915,0.593220338983051,0.542372881355932,0.220338983050847,0.779661016949153,0.406779661016949,0.966101694915254,0.372881355932203,0.542372881355932,0.525423728813559,0.491525423728814,0.677966101694915,0,3,1,0.322033898305085,0.288135593220339,4,5,39.6666666666667,12,442.933333333333,442.933333333333,1328.8,7.19203155829909,0.169491525423729,6.09341926963098,0.152542372881356,-0.916129906110422,-0.82522245223574,-0.262776923134342,NA,-0.742750907888175,-0.775464938551985,442.933333333333,6.09341926963098,0.263157894736842,0.338983050847458,0.306375330025877,0.334494867485871,0.349807473786756,47,47,0.542372881355932,0,NA,NA,0,0.542372881355932,0,0,0,0,15.6666666666667,15.6666666666667,0.745762711864407,0.745762711864407,0,0
"egsu035","EG",5,5,5,32,41,50,9.2,17.0428571428571,26.2428571428571,TRUE,0.864406779661017,10,0,10,0.610169491525424,0.76271186440678,5.24857142857143,0.0169491525423729,5.24857142857143,0.542372881355932,0.966101694915254,8.2,0.288135593220339,8.2,0.864406779661017,0.898305084745763,3.40857142857143,0.305084745762712,3.40857142857143,0.830508474576271,0.694915254237288,6.4,0.0169491525423729,6.4,0.542372881355932,0.0677966101694915,1.84,0,1.84,0.220338983050847,3.91202300542815,2.30258509299405,1.1695137396177,-1.49909831762629,1.10720693908819,-1.83885041506006,"sum",0.714091325995692,0.018512261347974,30.5,0.131471970441799,0.304994293239023,-0.356286069523023,-0.131896425208298,-0.406072773236944,-1.23341527368003,0.15674728046618,0.0741805307714501,0.714091325995692,0.683950949536497,0.018512261347974,0.0224800513218162,24.5,44.3666666666667,0.728813559322034,0.796610169491525,0.779661016949153,0.728813559322034,0.796610169491525,0.677966101694915,0.864406779661017,0.88135593220339,0.525423728813559,0.661016949152542,0.728813559322034,0.0508474576271186,0.576271186440678,0.220338983050847,0.186440677966102,0.576271186440678,0.610169491525424,0.372881355932203,2,0.4,0.0847457627118644,0.983050847457627,1,2,31.2,12,971.8,971.8,4859,8.4885879344059,0.966101694915254,6.8791500219718,0.627118644067797,1.56443700394698,0.0581962610152074,-1.30424142583192,NA,1.18016825912212,0.350527572812628,2429.5,7.79544075384596,0.947368421052632,0.864406779661017,0.306375330025877,0.334494867485871,0.349807473786756,56,56,0.711864406779661,0,NA,NA,0,0.711864406779661,0,0,0,0,11.2,11.2,0.0508474576271186,0.0508474576271186,0,0
"egsu036","EG",3,3,3,20,22,37,9.66666666666667,8.21666666666667,17.8833333333333,TRUE,0.220338983050847,12.3333333333333,0.220338983050847,12.3333333333333,0.864406779661017,0.0508474576271186,5.96111111111111,0.0508474576271186,5.96111111111111,0.694915254237288,0.135593220338983,7.33333333333333,0.152542372881356,7.33333333333333,0.728813559322034,0.135593220338983,2.73888888888889,0.0677966101694915,2.73888888888889,0.542372881355932,0.0677966101694915,6.66666666666667,0.0338983050847458,6.66666666666667,0.593220338983051,0.135593220338983,3.22222222222222,0.23728813559322,3.22222222222222,0.745762711864407,3.61091791264422,2.51230562397611,-0.796479184739639,-0.768509673621833,-0.737427727255885,-0.797723564124645,"sum",0.507851565534463,0.0133371939965808,2.16666666666667,-0.131033778861528,-0.663534417739116,-0.069702946165988,0.312533623058129,0.154764365662646,-0.0841054088429092,0.465825596919194,2.03492329829378,0.507851565534464,0.33259490936629,0.0133371939965808,0.0116908855066687,8,24.25,0.0508474576271186,0.0508474576271186,0.169491525423729,0.0508474576271186,0.0508474576271186,0.23728813559322,0.135593220338983,0.135593220338983,0.186440677966102,0.406779661016949,0.254237288135593,0.542372881355932,0.830508474576271,0.915254237288136,0.898305084745763,0.813559322033898,0.949152542372881,0,1,0.333333333333333,0.0338983050847458,0.288135593220339,1,4,37.6666666666667,11,955.866666666667,955.866666666667,2867.6,7.96123072197872,0.610169491525424,6.86261843331061,0.610169491525424,0.165139246117875,0.0315812260389089,-1.41995970390943,NA,0.398046239343622,0.32683695744851,2867.6,7.96123072197872,0.964912280701754,0.830508474576271,0.306375330025877,0.334494867485871,0.349807473786756,38,38,0.203389830508475,0,NA,NA,0,0.203389830508475,0,0,0,0,12.6666666666667,12.6666666666667,0.169491525423729,0.169491525423729,0,0
"egsu037","EG",2,2,3,20,24,31,10.5,8.79285714285714,19.2928571428571,TRUE,0.0677966101694915,15.5,0.711864406779661,10.3333333333333,0.677966101694915,0.11864406779661,9.64642857142857,0.779661016949153,6.43095238095238,0.796610169491525,0.23728813559322,12,0.864406779661017,8,0.830508474576271,0.186440677966102,4.39642857142857,0.779661016949153,2.93095238095238,0.694915254237288,0.0677966101694915,10,0.627118644067797,6.66666666666667,0.593220338983051,0.23728813559322,5.25,0.745762711864407,3.5,0.830508474576271,3.43398720448515,2.7408400239252,-1.70386053444302,0.223003486098504,-1.82134336213773,0.336801982969973,"sum",0.539044493802863,0.0142221152429629,1.41666666666667,-0.036828038779131,-1.10946308301066,-0.0538628952867078,1.25549261905897,-0.274495725120944,-0.520127011626211,-0.228035102391003,-1.24678005329729,0.539044493802864,0.39434230767772,0.0142221152429629,0.0139606718940041,22.5,37.95,0.101694915254237,0.169491525423729,0.11864406779661,0.101694915254237,0.169491525423729,0.64406779661017,0.220338983050847,0.254237288135593,0.406779661016949,0.559322033898305,0.101694915254237,0.576271186440678,1,0.389830508474576,0.728813559322034,0.406779661016949,0.152542372881356,0,3,1.5,0.661016949152542,0,3,6,31.3333333333333,10,1284.26666666667,1926.4,3852.8,8.25655543567445,0.779661016949153,7.5634082551145,0.932203389830508,0.857410086237006,1.65275980003453,0.605110162446971,NA,0.836041503508332,1.33110475407084,1284.26666666667,7.15794314700634,0.789473684210526,0.949152542372881,0.306375330025877,0.334494867485871,0.349807473786756,29,29,0.0169491525423729,0,NA,NA,0,0.0169491525423729,0,0,0,0,14.5,14.5,0.525423728813559,0.525423728813559,0,0
"egsu038","EG",3,5,7,33,39,52,10.6,20.1095238095238,30.7095238095238,TRUE,0.949152542372881,17.3333333333333,0.796610169491525,7.42857142857143,0.271186440677966,0.966101694915254,10.2365079365079,0.847457627118644,4.38707482993197,0.35593220338983,0.932203389830508,13,0.898305084745763,5.57142857142857,0.457627118644068,0.983050847457627,6.7031746031746,0.966101694915254,2.87278911564626,0.661016949152542,0.76271186440678,11,0.779661016949153,4.71428571428571,0.220338983050847,0.254237288135593,3.53333333333333,0.406779661016949,1.51428571428571,0.0847457627118644,3.95124371858143,2.85263142991332,1.47197418951883,0.797037420673436,1.34748147729801,0.891774039988087,"sum",0.884419029268644,0.0210612621414489,45.5,-0.31736759964081,0.882110171284508,0.265774321412701,-1.7755404899729,-0.58220421589083,-1.9267990931329,0.376551354199533,-0.762713270287294,0.884419029268644,0.83817109632134,0.0210612621414489,0.0256142854065954,63.5,90.5833333333333,0.966101694915254,0.949152542372881,0.830508474576271,0.966101694915254,0.949152542372881,0.966101694915254,0.983050847457627,0.983050847457627,0.915254237288136,0.254237288135593,0.88135593220339,0.88135593220339,0,0.0508474576271186,0.0169491525423729,0.745762711864407,0.271186440677966,0.830508474576271,3,1,0.322033898305085,0.288135593220339,1,1,22,12,198.942857142857,464.2,1392.6,7.23892778250845,0.186440677966102,6.14031549384034,0.169491525423729,-0.871299537048708,-0.789698618941015,-0.262776923134342,NA,-0.673199247771883,-0.708260241378428,464.2,6.14031549384034,0.298245614035088,0.11864406779661,0.306375330025877,0.334494867485871,0.349807473786756,62,62,0.88135593220339,0,NA,NA,0,0.88135593220339,0,0,0,0,12.4,12.4,0.152542372881356,0.152542372881356,0,0
"egsu039","EG",3,3,3,28,29,37,12.6666666666667,11.1452380952381,23.8119047619048,TRUE,0.220338983050847,12.3333333333333,0.220338983050847,12.3333333333333,0.864406779661017,0.542372881355932,7.93730158730159,0.525423728813559,7.93730158730159,0.949152542372881,0.508474576271186,9.66666666666667,0.576271186440678,9.66666666666667,0.949152542372881,0.491525423728814,3.71507936507937,0.474576271186441,3.71507936507937,0.898305084745763,0.508474576271186,9.33333333333333,0.457627118644068,9.33333333333333,0.983050847457627,0.694915254237288,4.22222222222222,0.610169491525424,4.22222222222222,0.915254237288136,3.61091791264422,2.51230562397611,-0.796479184739639,-0.768509673621833,-0.737427727255885,-0.797723564124645,"sum",0.692641473294436,0.0169067228395763,1.16666666666667,-0.138410790831555,-1.00683377547199,-0.266275407718842,0.465209822211248,-0.16624974928446,-0.831527882998326,-0.369018146334733,-0.850490673291669,0.692641473294436,0.495877649533553,0.0169067228395763,0.0169594870653699,27,35.1666666666667,0.610169491525424,0.542372881355932,0.0677966101694915,0.610169491525424,0.542372881355932,0.745762711864407,0.559322033898305,0.576271186440678,0.338983050847458,0.389830508474576,0.135593220338983,0.186440677966102,0.915254237288136,0.559322033898305,0.389830508474576,0.338983050847458,0.254237288135593,0,2,0.666666666666667,0.169491525423729,0.288135593220339,4,7,43,6,714,714,2142,7.66949525100769,0.372881355932203,6.57088296233958,0.35593220338983,-0.344718368163937,-0.372432777701723,-0.841368313521884,NA,-0.0346258288863979,-0.0912349515790628,1071,6.97634807044775,0.719298245614035,0.745762711864407,0.306375330025877,0.334494867485871,0.349807473786756,45,45,0.474576271186441,0,NA,NA,0,0.474576271186441,0,0,0,0,15,15,0.64406779661017,0.64406779661017,0,0
"egsu040","EG",4,4,6,30,29,42,13,11.5428571428571,24.5428571428571,TRUE,0.423728813559322,10.5,0.0169491525423729,7,0.186440677966102,0.677966101694915,6.13571428571428,0.0847457627118644,4.09047619047619,0.23728813559322,0.508474576271186,7.25,0.101694915254237,4.83333333333333,0.288135593220339,0.525423728813559,2.88571428571429,0.101694915254237,1.92380952380952,0.271186440677966,0.64406779661017,7.5,0.135593220338983,5,0.254237288135593,0.728813559322034,3.25,0.271186440677966,2.16666666666667,0.322033898305085,3.73766961828337,2.35137525716348,-0.040328059986817,-1.34254360819677,0.0390805279797451,-1.59663879304826,"sum",0.696016672202949,0.0173808529655547,11.3333333333333,0.438814561675671,-0.833543286689167,0.327315608148845,-0.320684709567669,0.102552901060582,-0.51346102482851,-0.415210790494874,-0.112249987956585,0.696016672202949,0.469451523567777,0.0173808529655547,0.0162875715431979,15.25,65.35,0.64406779661017,0.677966101694915,0.491525423728814,0.64406779661017,0.677966101694915,0.508474576271186,0.457627118644068,0.491525423728814,0.728813559322034,0.830508474576271,0.220338983050847,0.932203389830508,0.406779661016949,0.847457627118644,0.76271186440678,0.288135593220339,0.508474576271186,0.694915254237288,5,1.25,0.525423728813559,0.779661016949153,3,5,25,11,313.133333333333,469.7,1878.8,7.53838855415284,0.338983050847458,6.15209419303295,0.203389830508475,-0.529661207302543,-0.780511420675138,0.171166619656315,NA,-0.229069807529743,-0.691380760659382,375.76,5.92895064171874,0.175438596491228,0.220338983050847,0.306375330025877,0.334494867485871,0.349807473786756,57,57,0.76271186440678,0,NA,NA,0,0.76271186440678,0,0,0,0,14.25,14.25,0.474576271186441,0.474576271186441,0,0
"egsu041","EG",3,3,3,22,27,39,9.66666666666667,10.3166666666667,19.9833333333333,TRUE,0.305084745762712,13,0.338983050847458,13,0.915254237288136,0.220338983050847,6.66111111111111,0.220338983050847,6.66111111111111,0.88135593220339,0.372881355932203,9,0.423728813559322,9,0.932203389830508,0.35593220338983,3.43888888888889,0.322033898305085,3.43888888888889,0.864406779661017,0.186440677966102,7.33333333333333,0.101694915254237,7.33333333333333,0.796610169491525,0.135593220338983,3.22222222222222,0.23728813559322,3.22222222222222,0.745762711864407,3.66356164612965,2.56494935746154,-0.49401873483851,-0.559770061049131,-0.414920874730894,-0.536381461811131,"sum",0.575104872701523,0.0145718343137024,19.9928571428571,0.594134892617935,-0.412667682122947,-0.180847280602322,-0.538683671005591,-0.473007665673518,-0.911906954880859,-0.54758732523257,-0.489160238033652,0.575104872701523,0.479867724084117,0.0145718343137024,0.0164769356540945,11,41.9,0.203389830508475,0.220338983050847,0.694915254237288,0.203389830508475,0.220338983050847,0.35593220338983,0.525423728813559,0.508474576271186,0.491525423728814,0.88135593220339,0.372881355932203,0.338983050847458,0.220338983050847,0.11864406779661,0.338983050847458,0.220338983050847,0.389830508474576,0,2,0.666666666666667,0.169491525423729,0.288135593220339,0,0,34,7,709.2,709.2,2127.6,7.66274986286816,0.35593220338983,6.56413757420005,0.338983050847458,-0.354836821369088,-0.380450696188307,-0.841368313521884,NA,-0.0446298953361553,-0.100901439124234,1063.8,6.96960268230822,0.701754385964912,0.711864406779661,0.306375330025877,0.334494867485871,0.349807473786756,37,37,0.186440677966102,0,NA,NA,0,0.186440677966102,0,0,0,0,12.3333333333333,12.3333333333333,0.135593220338983,0.135593220338983,0,0
"egsu042","EG",3,3,6,28,23,39,13.3333333333333,8.86904761904762,22.202380952381,TRUE,0.305084745762712,13,0.338983050847458,6.5,0.169491525423729,0.423728813559322,7.40079365079365,0.423728813559322,3.70039682539683,0.169491525423729,0.152542372881356,7.66666666666667,0.203389830508475,3.83333333333333,0.11864406779661,0.203389830508475,2.95634920634921,0.11864406779661,1.4781746031746,0.11864406779661,0.508474576271186,9.33333333333333,0.457627118644068,4.66666666666667,0.203389830508475,0.830508474576271,4.44444444444445,0.64406779661017,2.22222222222222,0.372881355932203,3.66356164612965,2.56494935746154,-0.49401873483851,-0.559770061049131,-0.414920874730894,-0.536381461811131,"sum",0.659587506920886,0.0158689952934055,8.28333333333333,-0.318474197401467,-0.0889615687967964,0.578184945413282,-0.291010851847125,-0.224932511029604,-0.687252490672916,-0.659831815374013,-0.572444410173463,0.659587506920887,0.418624769344566,0.0158689952934055,0.0139312167222156,26.3333333333333,44.3666666666667,0.457627118644068,0.423728813559322,0.440677966101695,0.457627118644068,0.423728813559322,0.711864406779661,0.271186440677966,0.23728813559322,0.525423728813559,0.23728813559322,0.593220338983051,0.983050847457627,0.440677966101695,0.491525423728814,0.576271186440678,0.101694915254237,0.338983050847458,0.694915254237288,5,1.66666666666667,0.796610169491525,0.288135593220339,3,3,21,11,105.766666666667,211.533333333333,634.6,6.4529948791491,0.0677966101694915,5.35438259048099,0.0847457627118644,-1.40392367104211,-1.21175293927646,0.894405857640742,NA,-1.83881415793236,-1.83454244553201,126.92,4.843556966715,0.0350877192982456,0.0677966101694915,0.306375330025877,0.334494867485871,0.349807473786756,48,48,0.559322033898305,0,NA,NA,0,0.559322033898305,0,0,0,0,16,16,0.779661016949153,0.779661016949153,0,0
"egsu043","EG",3,3,4,25,30,45,11,12.2761904761905,23.2761904761905,TRUE,0.610169491525424,15,0.627118644067797,11.25,0.76271186440678,0.474576271186441,7.75873015873016,0.457627118644068,5.81904761904762,0.64406779661017,0.627118644067797,10,0.64406779661017,7.5,0.745762711864407,0.627118644067797,4.09206349206349,0.64406779661017,3.06904761904762,0.779661016949153,0.271186440677966,8.33333333333333,0.220338983050847,6.25,0.474576271186441,0.288135593220339,3.66666666666666,0.423728813559322,2.75,0.593220338983051,3.80666248977032,2.70805020110221,0.413362614864876,0.0664487766689768,0.461745722044666,0.174021711441148,"sum",0.664964516802704,0.0166010441882323,2.25,-0.319838480186455,-1.16493501651787,-0.21517971330008,0.231586478662792,-0.202320121631681,-0.962326797471697,0.92212583618278,-2.27938721281462,0.664964516802704,0.535806839351921,0.0166010441882323,0.0176084464602039,4,41.4166666666667,0.474576271186441,0.491525423728814,0.186440677966102,0.474576271186441,0.491525423728814,0.101694915254237,0.677966101694915,0.661016949152542,0.474576271186441,0.220338983050847,0.0847457627118644,0.288135593220339,0.779661016949153,0.525423728813559,0.305084745762712,0.966101694915254,0,0.254237288135593,2,0.666666666666667,0.169491525423729,0.288135593220339,7,10,28.5,7,396.3,528.4,1585.2,7.36846586131628,0.203389830508475,6.26985357264817,0.23728813559322,-0.735965225429803,-0.682458959182959,-0.841368313521884,NA,-0.481081682205453,-0.522625523328204,792.6,6.67531868075633,0.508771929824561,0.271186440677966,0.306375330025877,0.334494867485871,0.349807473786756,44,44,0.423728813559322,0,NA,NA,0,0.423728813559322,0,0,0,0,14.6666666666667,14.6666666666667,0.559322033898305,0.559322033898305,0,0
"egsu044","EG",3,4,4,32,28,45,11.5,12.1928571428571,23.6928571428571,TRUE,0.610169491525424,15,0.627118644067797,11.25,0.76271186440678,0.508474576271186,7.89761904761905,0.508474576271186,5.92321428571429,0.661016949152542,0.474576271186441,9.33333333333333,0.508474576271186,7,0.64406779661017,0.576271186440678,4.06428571428571,0.593220338983051,3.04821428571429,0.745762711864407,0.694915254237288,10.6666666666667,0.728813559322034,8,0.88135593220339,0.457627118644068,3.83333333333333,0.474576271186441,2.875,0.64406779661017,3.80666248977032,2.70805020110221,0.413362614864876,0.0664487766689768,0.461745722044666,0.174021711441148,"sum",0.679339904472626,0.016846904475264,16.1166666666667,-0.443725289034601,1.14111548985467,-0.293012181475321,-0.86405780292945,-0.325672637625101,-0.868566529757882,-0.684170914849719,2.12087782656742,0.679339904472626,0.524074281251718,0.016846904475264,0.0173802171598184,9,33.65,0.525423728813559,0.525423728813559,0.627118644067797,0.525423728813559,0.525423728813559,0.271186440677966,0.64406779661017,0.627118644067797,0.305084745762712,0.186440677966102,0.915254237288136,0.152542372881356,0.152542372881356,0.305084745762712,0.35593220338983,0.0847457627118644,0.983050847457627,0.254237288135593,2,0.666666666666667,0.169491525423729,0.288135593220339,2,5,30.25,9,559.7,746.266666666667,2238.8,7.7136952870172,0.440677966101695,6.6150829983491,0.389830508474576,-0.27669987717375,-0.318534547875244,-0.841368313521884,NA,0.0309271219852346,-0.0278940305313815,1119.4,7.02054810645726,0.754385964912281,0.542372881355932,0.306375330025877,0.334494867485871,0.349807473786756,55,55,0.677966101694915,0,NA,NA,0,0.677966101694915,0,0,0,0,13.75,13.75,0.35593220338983,0.35593220338983,0,0
"egsu045","EG",5,5,5,38,36,53,11.8,18.7142857142857,30.5142857142857,TRUE,0.966101694915254,10.6,0.0338983050847458,10.6,0.711864406779661,0.949152542372881,6.10285714285714,0.0677966101694915,6.10285714285714,0.728813559322034,0.898305084745763,7.2,0.0847457627118644,7.2,0.694915254237288,0.949152542372881,3.74285714285714,0.491525423728814,3.74285714285714,0.915254237288136,0.932203389830508,7.6,0.152542372881356,7.6,0.864406779661017,0.525423728813559,2.36,0.0508474576271186,2.36,0.491525423728814,3.97029191355212,2.36085400111802,1.62320441446939,-1.31123266631086,1.46417482329677,-1.54958295737015,"sum",0.840172210813993,0.0210886753835519,70.9166666666667,-0.269097297062229,-0.856887552969374,-0.267347985789918,-0.142824838914256,-0.294679700277771,-1.57217037080226,1.07762271557257,-1.74214713730183,0.840172210813993,0.756677284477025,0.0210886753835519,0.0248946578693535,50.5,122.116666666667,0.949152542372881,0.966101694915254,0.966101694915254,0.949152542372881,0.966101694915254,0.949152542372881,0.949152542372881,0.966101694915254,0.983050847457627,0.338983050847458,0.203389830508475,0.169491525423729,0.559322033898305,0.35593220338983,0.0677966101694915,1,0.0508474576271186,0.372881355932203,3,0.6,0.152542372881356,0.983050847457627,3,7,32,12,484.2,484.2,2421,7.79193595693806,0.525423728813559,6.18249804450396,0.220338983050847,-0.148673337314122,-0.756290625246916,-0.957086591599392,NA,0.146965642641232,-0.647810480418973,807,6.69332366826995,0.543859649122807,0.406779661016949,0.306375330025877,0.334494867485871,0.349807473786756,71,71,0.966101694915254,0,NA,NA,0,0.966101694915254,0,0,0,0,14.2,14.2,0.457627118644068,0.457627118644068,0,0
"egsu046","EG",3,3,3,26,24,43,10.3333333333333,9.04285714285714,19.3761904761905,TRUE,0.508474576271186,14.3333333333333,0.508474576271186,14.3333333333333,0.949152542372881,0.186440677966102,6.45873015873016,0.152542372881356,6.45873015873016,0.830508474576271,0.23728813559322,8,0.23728813559322,8,0.830508474576271,0.220338983050847,3.01428571428571,0.152542372881356,3.01428571428571,0.728813559322034,0.372881355932203,8.66666666666667,0.338983050847458,8.66666666666667,0.949152542372881,0.186440677966102,3.44444444444444,0.372881355932203,3.44444444444444,0.813559322033898,3.76120011569356,2.66258782702545,0.110902164963747,-0.142290835903726,0.183233424358391,-0.0516695841937497,"sum",0.542918555854766,0.0142653037136741,23.4149572649573,-0.0505783737725026,-1.07194472102805,0.152584991876244,0.421201008875962,-0.207591653776833,-0.530526125789414,-0.330253073838694,-0.534828370825878,0.542918555854766,0.397697832985389,0.0142653037136741,0.0137752806577155,1,28.8666666666667,0.11864406779661,0.186440677966102,0.711864406779661,0.11864406779661,0.186440677966102,0.0169491525423729,0.23728813559322,0.203389830508475,0.254237288135593,0.542372881355932,0.11864406779661,0.813559322033898,0.88135593220339,0.508474576271186,0.694915254237288,0.389830508474576,0.372881355932203,0,1,0.333333333333333,0.0338983050847458,0.288135593220339,1,2,35.6666666666667,7,610,610,1830,7.51207124583547,0.305084745762712,6.41345895716736,0.305084745762712,-0.563951520942224,-0.546154344911036,-1.41995970390943,NA,-0.268100934536771,-0.316831633909325,1830,7.51207124583547,0.894736842105263,0.627118644067797,0.306375330025877,0.334494867485871,0.349807473786756,40,40,0.288135593220339,0,NA,NA,0,0.288135593220339,0,0,0,0,13.3333333333333,13.3333333333333,0.271186440677966,0.271186440677966,0,0
"egsu047","EG",3,3,3,39,26,46,16.3333333333333,10.7690476190476,27.1023809523809,TRUE,0.677966101694915,15.3333333333333,0.694915254237288,15.3333333333333,0.983050847457627,0.830508474576271,9.03412698412698,0.694915254237288,9.03412698412698,1,0.305084745762712,8.66666666666667,0.338983050847458,8.66666666666667,0.898305084745763,0.440677966101695,3.58968253968254,0.406779661016949,3.58968253968254,0.88135593220339,0.966101694915254,13,0.88135593220339,13,1,1,5.44444444444445,0.76271186440678,5.44444444444445,1,3.8286413964891,2.73002910782099,0.56459283981544,0.170818582955328,0.596393239583967,0.283132773824822,"sum",0.781972731234782,0.0189044791738888,12.4595238095238,0.361402202363181,0.634133091371719,0.0960057098989799,-0.936831655889092,-0.0829140130603568,-0.73546261946857,-0.60235444700905,-0.0734370095930264,0.781972731234782,0.471470682847816,0.0189044791738888,0.0160337528374105,28,52.55,0.864406779661017,0.830508474576271,0.559322033898305,0.864406779661017,0.830508474576271,0.76271186440678,0.474576271186441,0.474576271186441,0.627118644067797,0.76271186440678,0.847457627118644,0.745762711864407,0.101694915254237,0.677966101694915,0.542372881355932,0.169491525423729,0.542372881355932,0,0,0,0,0.288135593220339,5,10,33.3333333333333,11,913.2,913.2,2739.6,7.91556720332375,0.559322033898305,6.81695491465564,0.542372881355932,0.0751974398498601,-0.0396891605085016,-1.99855109429697,NA,0.330322801417669,0.261398790627532,NA,NA,NA,0.813559322033898,0.306375330025877,0.334494867485871,0.349807473786756,57,57,0.76271186440678,0,NA,NA,0,0.76271186440678,0,0,0,0,19,19,1,1,0,0
"egsu048","EG",3,3,4,28,16,35,13.3333333333333,5.96666666666667,19.3,TRUE,0.11864406779661,11.6666666666667,0.0847457627118644,8.75,0.457627118644068,0.135593220338983,6.43333333333333,0.135593220338983,4.825,0.440677966101695,0.0508474576271186,5.33333333333333,0,4,0.169491525423729,0.0508474576271186,1.98888888888889,0,1.49166666666667,0.152542372881356,0.508474576271186,9.33333333333333,0.457627118644068,7,0.728813559322034,0.813559322033898,4.44444444444444,0.627118644067797,3.33333333333333,0.796610169491525,3.55534806148941,2.4567357728213,-1.09893963464077,-0.977249286194536,-1.07786060700563,-1.07359194891671,"sum",0.554141016099607,0.0141692612881966,5.36666666666667,-0.0673903003962897,0.392814222806294,0.0877646704331406,-0.125828668838376,0.0510881210157177,-0.25857898636144,-0.0934586339736452,1.17421850707552,0.554141016099607,0.298308951478327,0.0141692612881966,0.0107097183969226,16,62.6666666666667,0.169491525423729,0.152542372881356,0.35593220338983,0.169491525423729,0.152542372881356,0.576271186440678,0.0847457627118644,0.0847457627118644,0.677966101694915,0.491525423728814,0.779661016949153,0.728813559322034,0.593220338983051,0.796610169491525,0.864406779661017,0.457627118644068,0.88135593220339,0.254237288135593,2,0.666666666666667,0.169491525423729,0.288135593220339,3,6,36.75,10,1188.3,1584.4,4753.2,8.46657335441587,0.915254237288136,7.36796106574776,0.88135593220339,1.49009447970358,1.08148310786545,-0.841368313521884,NA,1.14751849656908,1.05101889649357,2376.6,7.77342617385593,0.929824561403509,0.932203389830508,0.306375330025877,0.334494867485871,0.349807473786756,43,43,0.372881355932203,0,NA,NA,0,0.372881355932203,0,0,0,0,14.3333333333333,14.3333333333333,0.491525423728814,0.491525423728814,0,0
"egsu049","EG",3,4,6,38,32,53,14.75,12.9095238095238,27.6595238095238,TRUE,0.966101694915254,17.6666666666667,0.847457627118644,8.83333333333333,0.491525423728814,0.847457627118644,9.21984126984127,0.728813559322034,4.60992063492063,0.389830508474576,0.745762711864407,10.6666666666667,0.728813559322034,5.33333333333333,0.35593220338983,0.728813559322034,4.3031746031746,0.745762711864407,2.1515873015873,0.372881355932203,0.932203389830508,12.6666666666667,0.864406779661017,6.33333333333333,0.508474576271186,0.983050847457627,4.91666666666667,0.711864406779661,2.45833333333333,0.542372881355932,3.97029191355212,2.87167962488401,1.62320441446939,0.901407226959787,1.46417482329677,0.986336013262601,"sum",0.773838400160084,0.0193075972202108,33.5333333333333,0.617531927194435,-0.160961321090654,0.278984338973537,-0.0916575423711281,-0.248731125412571,-1.08266038539988,-1.03659443327253,0.0677100416385856,0.773838400160085,0.560948074035362,0.0193075972202108,0.018700252878404,19,84.45,0.830508474576271,0.847457627118644,0.796610169491525,0.830508474576271,0.847457627118644,0.593220338983051,0.728813559322034,0.745762711864407,0.88135593220339,0.915254237288136,0.542372881355932,0.898305084745763,0.610169491525424,0.423728813559322,0.203389830508475,0.0338983050847458,0.593220338983051,0.694915254237288,4,1.33333333333333,0.576271186440678,0.288135593220339,2,2,26.5,12,89.7666666666667,179.533333333333,538.6,6.2889731803775,0.0338983050847458,5.19036089170939,0.0338983050847458,-1.47138002574312,-1.26520572918702,0.3158144672532,NA,-2.08207428466943,-2.06959396154803,134.65,4.90267881925761,0.087719298245614,0.0508474576271186,0.306375330025877,0.334494867485871,0.349807473786756,65,65,0.932203389830508,0,NA,NA,0,0.932203389830508,0,0,0,0,16.25,16.25,0.813559322033898,0.813559322033898,0,0
"egsu050","EG",3,3,5,20,27,36,10.3333333333333,10.8833333333333,21.2166666666667,TRUE,0.186440677966102,12,0.135593220338983,7.2,0.254237288135593,0.322033898305085,7.07222222222222,0.322033898305085,4.24333333333333,0.271186440677966,0.372881355932203,9,0.423728813559322,5.4,0.406779661016949,0.457627118644068,3.62777777777778,0.423728813559322,2.17666666666667,0.389830508474576,0.0677966101694915,6.66666666666667,0.0338983050847458,4,0.11864406779661,0.186440677966102,3.44444444444444,0.372881355932203,2.06666666666667,0.288135593220339,3.58351893845611,2.484906649788,-0.947709409690203,-0.872879479908185,-0.905279745773325,-0.933741757392385,"sum",0.592016626555886,0.0153990672671197,5.86666666666667,0.401752862180256,-2.15232161825404,-0.0933898983809194,0.974327922262047,0.053012565963455,-0.479932312079176,-0.173832025531228,-0.117703291792262,0.592016626555886,0.434548632804391,0.0153990672671197,0.014996356600126,22.5,51.6,0.271186440677966,0.322033898305085,0.372881355932203,0.271186440677966,0.322033898305085,0.64406779661017,0.305084745762712,0.322033898305085,0.610169491525424,0.796610169491525,0,0.508474576271186,0.983050847457627,0.813559322033898,0.779661016949153,0.423728813559322,0.474576271186441,0.372881355932203,4,1.33333333333333,0.576271186440678,0.288135593220339,1,2,20.6,11,740.6,1234.33333333333,3703,8.21689858091361,0.76271186440678,7.1182862922455,0.813559322033898,0.75215006608897,0.496731858239742,0.3158144672532,NA,0.777226532151724,0.693222126540686,925.75,6.83060421979372,0.614035087719298,0.76271186440678,0.306375330025877,0.334494867485871,0.349807473786756,35,35,0.152542372881356,0,NA,NA,0,0.152542372881356,0,0,0,0,11.6666666666667,11.6666666666667,0.0847457627118644,0.0847457627118644,0,0
"egsu051","EG",2,3,7,22,27,39,10.3333333333333,10.4619047619048,20.7952380952381,TRUE,0.305084745762712,19.5,0.915254237288136,5.57142857142857,0.0508474576271186,0.288135593220339,10.397619047619,0.88135593220339,2.97074829931973,0.0677966101694915,0.372881355932203,13.5,0.932203389830508,3.85714285714286,0.135593220338983,0.389830508474576,5.23095238095238,0.88135593220339,1.49455782312925,0.169491525423729,0.186440677966102,11,0.779661016949153,3.14285714285714,0.0338983050847458,0.186440677966102,5.16666666666667,0.728813559322034,1.47619047619048,0.0677966101694915,3.66356164612965,2.9704144655697,-0.49401873483851,1.47544116153472,-0.414920874730894,1.47649066469007,"sum",0.588892027036139,0.0151118338976696,3.87619047619048,-0.531816177158004,0.114153065142353,0.140732858312749,0.166401830653405,-0.0984281695332456,-0.652415123066101,-0.627338467601269,0.727403630018699,0.58889202703614,0.453652693407615,0.0151118338976696,0.0156169222171244,1,47.9,0.254237288135593,0.288135593220339,0.271186440677966,0.254237288135593,0.288135593220339,0.0169491525423729,0.372881355932203,0.423728813559322,0.559322033898305,0.11864406779661,0.64406779661017,0.796610169491525,0.711864406779661,0.661016949152542,0.610169491525424,0.135593220338983,0.779661016949153,0.830508474576271,6,3,1,0,4,11,19.2857142857143,11,253.085714285714,885.8,1771.6,7.47963837204904,0.288135593220339,6.7864911914891,0.508474576271186,-0.604987470052006,-0.0854581118694166,3.20877141919091,NA,-0.316202039736999,0.217742711173318,295.266666666667,5.68787890282099,0.12280701754386,0.186440677966102,0.306375330025877,0.334494867485871,0.349807473786756,41,41,0.322033898305085,0,NA,NA,0,0.322033898305085,0,0,0,0,13.6666666666667,13.6666666666667,0.322033898305085,0.322033898305085,0,0
"egsu052","EG",3,3,7,27,26,40,12,9.05952380952381,21.0595238095238,TRUE,0.35593220338983,13.3333333333333,0.372881355932203,5.71428571428571,0.0677966101694915,0.305084745762712,7.01984126984127,0.305084745762712,3.00850340136054,0.0847457627118644,0.305084745762712,8.66666666666667,0.338983050847458,3.71428571428571,0.0508474576271186,0.23728813559322,3.01984126984127,0.169491525423729,1.29421768707483,0.0338983050847458,0.423728813559322,9,0.372881355932203,3.85714285714286,0.101694915254237,0.593220338983051,4,0.559322033898305,1.71428571428571,0.152542372881356,3.68887945411394,2.59026716544583,-0.342788509887946,-0.455400254762779,-0.259818528729797,-0.410694913260837,"sum",0.616883394732107,0.0152119058675059,5.2468253968254,-0.0257276361459725,0.193895536922648,-0.316548265454228,-0.71142650248837,-0.245652289677184,-0.46611784980729,0.370450227611427,-0.146224901864037,0.616883394732108,0.393010193992552,0.0152119058675059,0.0131235088496583,6.83333333333333,8.86666666666667,0.35593220338983,0.305084745762712,0.338983050847458,0.35593220338983,0.305084745762712,0.186440677966102,0.203389830508475,0.186440677966102,0,0.576271186440678,0.677966101694915,0.101694915254237,0.169491525423729,0.440677966101695,0.796610169491525,0.728813559322034,0.440677966101695,0.830508474576271,6,2,0.932203389830508,0.288135593220339,3,5,22.7142857142857,12,114.514285714286,267.2,801.6,6.6866097303306,0.101694915254237,5.58799744166249,0.101694915254237,-1.28657772067681,-1.11876735682789,1.47299724802828,NA,-1.4923406197866,-1.49976036885973,133.6,4.89485026110255,0.0701754385964912,0.0847457627118644,0.306375330025877,0.334494867485871,0.349807473786756,42,42,0.35593220338983,0,NA,NA,0,0.35593220338983,0,0,0,0,14,14,0.389830508474576,0.389830508474576,0,0
"egsu053","EG",2,2,6,19,13,29,11,4.53333333333333,15.5333333333333,TRUE,0,14.5,0.542372881355932,4.83333333333333,0,0,7.76666666666667,0.491525423728814,2.58888888888889,0.0169491525423729,0,6.5,0.0169491525423729,2.16666666666667,0,0.0169491525423729,2.26666666666667,0.0338983050847458,0.755555555555556,0,0.0169491525423729,9.5,0.559322033898305,3.16666666666667,0.0508474576271186,0.305084745762712,5.5,0.779661016949153,1.83333333333333,0.203389830508475,3.36729582998647,2.67414864942653,-2.00632098434415,-0.0901059327605501,-2.22990908983424,0.00572242489707618,"sum",0.460969239864916,0.0118553363258669,1.33333333333333,0.0720219507938334,-1.50114885257844,-0.218666133481083,0.306753090566401,0.340063764131472,0.1584787396317,-0.634970304915179,-1.06125814225986,0.460969239864916,0.20614319030205,0.0118553363258669,0.00841286960959562,3,8.91666666666667,0.0169491525423729,0,0.101694915254237,0.0169491525423729,0,0.0677966101694915,0.0169491525423729,0.0169491525423729,0.0169491525423729,0.64406779661017,0.0338983050847458,0.271186440677966,0.813559322033898,0.949152542372881,0.949152542372881,0.11864406779661,0.203389830508475,0.694915254237288,3,1.5,0.661016949152542,0,2,3,20.3333333333333,11,666.2,1998.6,3997.2,8.29334939498763,0.813559322033898,7.60020221442769,0.949152542372881,0.958875686433111,1.77336265727023,0.605110162446971,NA,0.890610522563233,1.38383238694848,1332.4,7.19473710631952,0.807017543859649,0.677966101694915,0.306375330025877,0.334494867485871,0.349807473786756,33,33,0.0677966101694915,0,NA,NA,0,0.0677966101694915,0,0,0,0,16.5,16.5,0.864406779661017,0.864406779661017,0,0
"egsu054","EG",3,3,7,32,24,44,12.3333333333333,9.26904761904762,21.602380952381,TRUE,0.559322033898305,14.6666666666667,0.576271186440678,6.28571428571429,0.135593220338983,0.338983050847458,7.20079365079365,0.338983050847458,3.08605442176871,0.101694915254237,0.23728813559322,8,0.23728813559322,3.42857142857143,0.0169491525423729,0.271186440677966,3.08968253968254,0.203389830508475,1.32414965986395,0.0677966101694915,0.694915254237288,10.6666666666667,0.728813559322034,4.57142857142857,0.169491525423729,0.677966101694915,4.11111111111111,0.593220338983051,1.76190476190476,0.169491525423729,3.78418963391826,2.68557734525015,0.262132389914312,-0.0379210296173747,0.324072165701967,0.0624585109513516,"sum",0.615127802870532,0.0155795511396573,2.86666666666667,0.147470548039851,-0.16253048495446,-0.425031040126546,-0.194983203707115,0.129182769422222,-0.283310808309412,-0.0735686665020892,1.97072465863454,0.615127802870533,0.38648369774744,0.0155795511396573,0.0139211449320434,5,22.8333333333333,0.338983050847458,0.338983050847458,0.23728813559322,0.338983050847458,0.338983050847458,0.152542372881356,0.186440677966102,0.220338983050847,0.152542372881356,0.677966101694915,0.525423728813559,0,0.508474576271186,0.864406779661017,0.830508474576271,0.474576271186441,0.932203389830508,0.830508474576271,5,1.66666666666667,0.796610169491525,0.288135593220339,1,2,22.2857142857143,11,551.857142857143,1287.66666666667,3863,8.25919936266628,0.796610169491525,7.16058707399817,0.830508474576271,0.864577323923989,0.585819841424005,0.894405857640742,NA,0.839962704300265,0.75384131872131,772.6,6.64976145023218,0.491228070175439,0.491525423728814,0.306375330025877,0.334494867485871,0.349807473786756,44,44,0.423728813559322,0,NA,NA,0,0.423728813559322,0,0,0,0,14.6666666666667,14.6666666666667,0.559322033898305,0.559322033898305,0,0
"egsu055","EG",4,4,5,29,34,48,12.25,14.25,26.5,TRUE,0.745762711864407,12,0.135593220338983,9.6,0.542372881355932,0.813559322033898,6.625,0.203389830508475,5.3,0.576271186440678,0.813559322033898,8.5,0.322033898305085,6.8,0.610169491525424,0.813559322033898,3.5625,0.389830508474576,2.85,0.64406779661017,0.610169491525424,7.25,0.0847457627118644,5.8,0.423728813559322,0.661016949152542,3.0625,0.169491525423729,2.45,0.525423728813559,3.87120101090789,2.484906649788,0.867053289716569,-0.872879479908185,0.857122606255578,-0.933741757392385,"sum",0.767224413897719,0.0185122388960129,27.9974358974359,-0.0558436114148276,-0.427130084201866,0.0660435889763897,-0.511377086120326,-0.151248758866116,-1.06741154200615,0.607782647784601,-1.95296860957413,0.767224413897718,0.593594702608429,0.0185122388960129,0.019923224105834,26.8333333333333,64.8666666666667,0.796610169491525,0.779661016949153,0.728813559322034,0.796610169491525,0.779661016949153,0.728813559322034,0.779661016949153,0.813559322033898,0.711864406779661,0.508474576271186,0.338983050847458,0.711864406779661,0.254237288135593,0.593220338983051,0.220338983050847,0.864406779661017,0.0338983050847458,0.372881355932203,4,1,0.322033898305085,0.779661016949153,2,3,28.2,11,435.52,544.4,2177.6,7.6859786318972,0.406779661016949,6.29968427077731,0.271186440677966,-0.319703303295645,-0.65573256422768,-0.262776923134342,NA,-0.0101793723854166,-0.479876601255187,544.4,6.29968427077731,0.31578947368421,0.322033898305085,0.306375330025877,0.334494867485871,0.349807473786756,54,54,0.661016949152542,0,NA,NA,0,0.661016949152542,0,0,0,0,13.5,13.5,0.305084745762712,0.305084745762712,0,0
"egsu056","EG",3,3,5,27,30,42,13.6666666666667,12.6761904761905,26.3428571428571,TRUE,0.423728813559322,14,0.440677966101695,8.4,0.389830508474576,0.779661016949153,8.78095238095238,0.661016949152542,5.26857142857143,0.559322033898305,0.627118644067797,10,0.64406779661017,6,0.508474576271186,0.694915254237288,4.22539682539683,0.711864406779661,2.5352380952381,0.491525423728814,0.423728813559322,9,0.372881355932203,5.4,0.322033898305085,0.864406779661017,4.55555555555556,0.661016949152542,2.73333333333333,0.576271186440678,3.73766961828337,2.63905732961526,-0.040328059986817,-0.246660642190077,0.0390805279797451,-0.168483291249041,"sum",0.754080707631486,0.018461000767999,3.25396825396825,0.0109213943242062,1.5041518168213,-0.339467559760853,-0.650526329322554,-0.532298901882211,-0.826297396130085,-0.484494191110559,1.62081438930595,0.754080707631486,0.527491110290106,0.018461000767999,0.0177419608656482,48,67,0.779661016949153,0.76271186440678,0.254237288135593,0.779661016949153,0.76271186440678,0.932203389830508,0.661016949152542,0.677966101694915,0.76271186440678,0.610169491525424,0.949152542372881,0.0677966101694915,0.186440677966102,0.0677966101694915,0.406779661016949,0.271186440677966,0.915254237288136,0.372881355932203,5,1.66666666666667,0.796610169491525,0.288135593220339,4,8,26.4,3,1056.6,1761,5283,8.57224939716431,0.983050847457627,7.47363710849621,0.915254237288136,1.86236923720978,1.37647569218434,0.894405857640742,NA,1.30424634260764,1.20245809167704,1056.6,6.96281148473022,0.68421052631579,0.915254237288136,0.306375330025877,0.334494867485871,0.349807473786756,43,43,0.372881355932203,0,NA,NA,0,0.372881355932203,0,0,0,0,14.3333333333333,14.3333333333333,0.491525423728814,0.491525423728814,0,0
"egsu057","EG",2,2,3,20,23,36,11,8.33571428571429,19.3357142857143,TRUE,0.186440677966102,18,0.864406779661017,12,0.830508474576271,0.152542372881356,9.66785714285714,0.796610169491525,6.44523809523809,0.813559322033898,0.152542372881356,11.5,0.796610169491525,7.66666666666667,0.779661016949153,0.169491525423729,4.16785714285714,0.677966101694915,2.77857142857143,0.576271186440678,0.0677966101694915,10,0.627118644067797,6.66666666666667,0.593220338983051,0.305084745762712,5.5,0.779661016949153,3.66666666666667,0.847457627118644,3.58351893845611,2.89037175789616,-0.947709409690203,1.00577703324614,-0.905279745773325,1.07913036910882,"sum",0.566233736123278,0.0141677126349671,4.95952380952381,0.40389586116773,-0.279972095075688,0.614803460834969,-0.231403067836362,-0.161259984470345,-0.26296946560897,0.646638480158943,1.08369155483881,0.566233736123278,0.351962852677595,0.0141677126349671,0.0123860244558207,8.33333333333333,31.1666666666667,0.186440677966102,0.135593220338983,0.322033898305085,0.186440677966102,0.135593220338983,0.254237288135593,0.152542372881356,0.152542372881356,0.288135593220339,0.813559322033898,0.440677966101695,1,0.491525423728814,0.576271186440678,0.847457627118644,0.898305084745763,0.864406779661017,0,3,1.5,0.661016949152542,0,2,4,39,12,752.2,1128.3,2256.6,7.72161453470435,0.457627118644068,7.0284673541444,0.711864406779661,-0.264192344739604,0.319613811671529,0.605110162446971,NA,0.0426721362758059,0.564506976498177,752.2,6.62300224603624,0.473684210526316,0.779661016949153,0.306375330025877,0.334494867485871,0.349807473786756,29,29,0.0169491525423729,0,NA,NA,0,0.0169491525423729,0,0,0,0,14.5,14.5,0.525423728813559,0.525423728813559,0,0
"egsu058","EG",4,7,7,47,42,54,11.2857142857143,24.0666666666667,35.352380952381,TRUE,1,13.5,0.389830508474576,7.71428571428571,0.322033898305085,1,8.83809523809524,0.677966101694915,5.05034013605442,0.508474576271186,0.983050847457627,10.5,0.694915254237288,6,0.508474576271186,1,6.01666666666667,0.949152542372881,3.43809523809524,0.847457627118644,1,11.75,0.830508474576271,6.71428571428571,0.677966101694915,0.372881355932203,2.82142857142857,0.0847457627118644,1.61224489795918,0.11864406779661,3.98898404656427,2.60268968544438,1.77443463941996,-0.403215351619604,1.57868685703004,-0.3490251326904,"sum",1,0.0239389017676659,65,-0.530221575424304,-0.114413862584621,-0.0338499244306641,-0.502501129921278,-0.712288840390939,-2.43022911419115,0.109000016137416,-1.33880688696169,1,1,0.0239389017676659,0.0303277826890971,101.75,48.5833333333333,1,1,0.949152542372881,1,1,1,1,1,0.576271186440678,0.135593220338983,0.576271186440678,0.593220338983051,0.271186440677966,0,0,0.559322033898305,0.11864406779661,0.830508474576271,4,1,0.322033898305085,0.779661016949153,1,2,25.5714285714286,10,664.942857142857,1163.65,4654.6,8.44561125691057,0.88135593220339,7.05931689579067,0.728813559322034,1.42081118206275,0.378662440525848,-0.262776923134342,NA,1.11642966787139,0.608715953643656,1163.65,7.05931689579067,0.771929824561403,0.661016949152542,0.306375330025877,0.334494867485871,0.349807473786756,86,86,1,0,NA,NA,0,1,0,0,0,0,12.2857142857143,12.2857142857143,0.11864406779661,0.11864406779661,0,0
"egsu059","EG",3,4,5,32,36,49,11.75,13.8595238095238,25.6095238095238,TRUE,0.813559322033898,16.3333333333333,0.779661016949153,9.8,0.593220338983051,0.728813559322034,8.53650793650793,0.64406779661017,5.12190476190476,0.525423728813559,0.898305084745763,12,0.864406779661017,7.2,0.694915254237288,0.745762711864407,4.61984126984127,0.796610169491525,2.77190476190476,0.559322033898305,0.694915254237288,10.6666666666667,0.728813559322034,6.4,0.542372881355932,0.508474576271186,3.91666666666667,0.525423728813559,2.35,0.474576271186441,3.89182029811063,2.79320800944252,1.01828351466713,0.483928001814382,0.983440801732813,0.596775174894306,"sum",0.721966595049221,0.0180517627716471,48.010927960928,-0.31643560381356,0.234773391081105,-0.376037710418464,-0.345412721713391,-0.323929193301079,-1.03443591052813,-0.340063547975414,-0.0316080825656763,0.721966595049221,0.585227569661007,0.0180517627716471,0.0193882277920315,14.5,60.5833333333333,0.76271186440678,0.728813559322034,0.847457627118644,0.76271186440678,0.728813559322034,0.491525423728814,0.76271186440678,0.76271186440678,0.661016949152542,0.271186440677966,0.694915254237288,0.0338983050847458,0.389830508474576,0.322033898305085,0.254237288135593,0.372881355932203,0.576271186440678,0.372881355932203,5,1.66666666666667,0.796610169491525,0.288135593220339,1,3,27,11,620.84,1034.73333333333,3104.2,8.04051131221708,0.694915254237288,6.94189902354897,0.661016949152542,0.33139105364141,0.163320081172638,0.894405857640742,NA,0.515627062939592,0.440450113913393,620.84,6.43107339978298,0.385964912280702,0.64406779661017,0.306375330025877,0.334494867485871,0.349807473786756,55,55,0.677966101694915,0,NA,NA,0,0.677966101694915,0,0,0,0,13.75,13.75,0.35593220338983,0.35593220338983,0,0
"egsu060","EG",2,2,5,27,19,35,14.5,6.02619047619048,20.5261904761905,TRUE,0.11864406779661,17.5,0.813559322033898,7,0.186440677966102,0.254237288135593,10.2630952380952,0.864406779661017,4.10523809523809,0.254237288135593,0.0847457627118644,9.5,0.542372881355932,3.8,0.0847457627118644,0.0677966101694915,3.01309523809524,0.135593220338983,1.2052380952381,0.0169491525423729,0.423728813559322,13.5,0.932203389830508,5.4,0.322033898305085,0.966101694915254,7.25,1,2.9,0.661016949152542,3.55534806148941,2.86220088092947,-1.09893963464077,0.849222323816611,-1.07786060700563,0.939280177584495,"sum",0.593547364607569,0.0149224995645086,0.5,-0.563446258429819,1.39577730788933,-0.0804559602862591,-0.317901392218191,0.0260217560262615,0.0680322208580069,0.34623947716219,1.01897089648505,0.593547364607569,0.257519353700917,0.0149224995645086,0.0102049975534785,7,14.75,0.288135593220339,0.254237288135593,0.0169491525423729,0.288135593220339,0.254237288135593,0.203389830508475,0.0677966101694915,0.0677966101694915,0.0847457627118644,0.0847457627118644,0.932203389830508,0.525423728813559,0.423728813559322,0.745762711864407,0.932203389830508,0.711864406779661,0.847457627118644,0.372881355932203,4,2,0.932203389830508,0,3,3,22.4,9,479.96,1199.9,2399.8,7.78314067953029,0.508474576271186,7.08999349897034,0.779661016949153,-0.163569948977262,0.439214429096402,1.47299724802828,NA,0.13392139110058,0.652677101086982,599.95,6.3968463184104,0.368421052631579,0.389830508474576,0.306375330025877,0.334494867485871,0.349807473786756,33,33,0.0677966101694915,0,NA,NA,0,0.0677966101694915,0,0,0,0,16.5,16.5,0.864406779661017,0.864406779661017,0,0
"exsu001","EX",3,3,7,28,26,45,11,11.5,22.5,TRUE,0.579710144927536,15,0.608695652173913,6.42857142857143,0.115942028985507,0.507246376811594,7.5,0.594202898550725,3.21428571428571,0.0869565217391304,0.36231884057971,8.66666666666667,0.333333333333333,3.71428571428571,0.101449275362319,0.550724637681159,3.83333333333333,0.521739130434783,1.64285714285714,0.217391304347826,0.478260869565217,9.33333333333333,0.478260869565217,4,0.159420289855072,0.405797101449275,3.66666666666667,0.463768115942029,1.57142857142857,0.115942028985507,3.80666248977032,2.70805020110221,0.0817793829534631,-0.0268241691266404,0.165082139122944,0.0743221859155855,"sum",0.67942628165159,0.0139788712483891,9.55952380952381,-0.364864176473616,0.349264626865917,1.07442630232785,0.369136040529488,-0.0182577355485733,-0.607826734044781,0.402321378040886,-3.87167339025141,0.67942628165159,0.559131865293021,0.0139788712483891,0.0138782875381796,32.8333333333333,81.9,0.376811594202899,0.521739130434783,0.536231884057971,0.376811594202899,0.521739130434783,0.768115942028985,0.536231884057971,0.521739130434783,0.782608695652174,0.0579710144927536,0.623188405797101,0.840579710144927,0.666666666666667,0.63768115942029,0.565217391304348,0.594202898550725,0.0869565217391304,0.768115942028985,7,2.33333333333333,0.942028985507246,0.260869565217391,5,9,20.4285714285714,11,434.228571428571,1013.2,3039.6,8.01948120679563,0.652173913043478,6.92086891812752,0.652173913043478,0.274680573053349,0.215582264581881,2.00312245589763,NA,0.504568524368267,0.465207375577573,434.228571428571,6.07357105774032,0.238805970149254,0.449275362318841,0.31123827695598,0.322888459819906,0.349613812112889,46,46,0.521739130434783,0,NA,NA,0,0.521739130434783,0,0,0,0,15.3333333333333,15.3333333333333,0.681159420289855,0.681159420289855,0,0
"exsu002","EX",3,3,3,28,20,42,12.6666666666667,7.43333333333333,20.1,TRUE,0.391304347826087,14,0.434782608695652,14,0.985507246376812,0.188405797101449,6.7,0.27536231884058,6.7,0.927536231884058,0.0289855072463768,6.66666666666667,0.0434782608695652,6.66666666666667,0.695652173913043,0.101449275362319,2.47777777777778,0.072463768115942,2.47777777777778,0.652173913043478,0.478260869565217,9.33333333333333,0.478260869565217,9.33333333333333,1,0.753623188405797,4.22222222222222,0.63768115942029,4.22222222222222,0.985507246376812,3.73766961828337,2.63905732961526,-0.308531308415339,-0.332139915283524,-0.224715938064518,-0.270496668871702,"sum",0.619659801897159,0.0126780104735685,1.19166666666667,0.0982798367788185,0.430957963258968,1.11495441363749,-0.73579759514204,0.52412409647859,-0.179211247093417,-1.823170008286,-4.52081909964681,0.61965980189716,0.389727140913808,0.0126780104735685,0.0101539492941378,11.25,39.8166666666667,0.188405797101449,0.188405797101449,0.072463768115942,0.188405797101449,0.188405797101449,0.217391304347826,0.159420289855072,0.159420289855072,0.318840579710145,0.72463768115942,0.652173913043478,0.855072463768116,0.376811594202899,0.956521739130435,0.869565217391304,0.115942028985507,0.0579710144927536,0,0,0,0,0.260869565217391,5,5,38,8,696.333333333333,696.333333333333,2089,7.64444076155657,0.449275362318841,6.54582847288846,0.405797101449275,-0.369761490401389,-0.396978602808495,-2.02366730159915,NA,-0.101831269926264,-0.120833007950173,NA,NA,NA,0.710144927536232,0.31123827695598,0.322888459819906,0.349613812112889,52,52,0.666666666666667,0,NA,NA,0,0.666666666666667,0,0,0,0,17.3333333333333,17.3333333333333,0.898550724637681,0.898550724637681,0,0
"exsu003","EX",3,3,5,30,23,42,13,7.76666666666667,20.7666666666667,TRUE,0.391304347826087,14,0.434782608695652,8.4,0.420289855072464,0.27536231884058,6.92222222222222,0.347826086956522,4.15333333333333,0.405797101449275,0.217391304347826,7.66666666666667,0.130434782608696,4.6,0.231884057971014,0.159420289855072,2.58888888888889,0.101449275362319,1.55333333333333,0.173913043478261,0.550724637681159,10,0.565217391304348,6,0.507246376811594,0.768115942028985,4.33333333333333,0.652173913043478,2.6,0.695652173913043,3.73766961828337,2.63905732961526,-0.308531308415339,-0.332139915283524,-0.224715938064518,-0.270496668871702,"sum",0.63779453632743,0.0130468787266495,10.0551587301587,0.051192123379316,-1.70489894797001,-1.0461405348965,2.53949209405726,0.169556930639336,-0.169959474511964,-2.04473339831031,-2.0635292943207,0.63779453632743,0.383825860496512,0.0130468787266495,0.00999693941861661,15.4166666666667,29.1833333333333,0.260869565217391,0.27536231884058,0.565217391304348,0.260869565217391,0.27536231884058,0.333333333333333,0.144927536231884,0.101449275362319,0.217391304347826,0.666666666666667,0.101449275362319,0.159420289855072,0.985507246376812,0.811594202898551,0.898550724637681,0.0869565217391304,0.333333333333333,0.318840579710145,1,0.333333333333333,0.0289855072463768,0.260869565217391,3,4,29.8,10,198,330,990,6.89770494312864,0.115942028985507,5.79909265446053,0.101449275362319,-1.11480864770915,-1.10516752902565,-1.44841162195675,NA,-1.30922223918135,-1.28768674594223,990,6.89770494312864,0.701492537313433,0.130434782608696,0.31123827695598,0.322888459819906,0.349613812112889,46,46,0.521739130434783,0,NA,NA,0,0.521739130434783,0,0,0,0,15.3333333333333,15.3333333333333,0.681159420289855,0.681159420289855,0,0
"exsu004","EX",3,3,3,27,29,43,12,9.93333333333333,21.9333333333333,TRUE,0.492753623188406,14.3333333333333,0.550724637681159,14.3333333333333,1,0.405797101449275,7.31111111111111,0.507246376811594,7.31111111111111,0.971014492753623,0.449275362318841,9.66666666666667,0.478260869565217,9.66666666666667,0.971014492753623,0.376811594202899,3.31111111111111,0.260869565217391,3.31111111111111,0.898550724637681,0.376811594202899,9,0.376811594202899,9,0.971014492753623,0.623188405797101,4,0.579710144927536,4,0.971014492753623,3.76120011569356,2.66258782702545,-0.178427744625739,-0.230367999897896,-0.0917725998894585,-0.152893806507972,"sum",0.695116460137734,0.0136009964554341,16.7876984126984,-0.0647537245682709,-0.506845105473288,-0.655939433792502,0.161543194250378,-0.521121486919895,-0.806273328954964,1.8064446412211,2.76782155839225,0.695116460137735,0.540134852805899,0.0136009964554341,0.0135665183810088,2,57.8333333333333,0.434782608695652,0.405797101449275,0.666666666666667,0.434782608695652,0.405797101449275,0.0289855072463768,0.463768115942029,0.478260869565217,0.492753623188406,0.376811594202899,0.391304347826087,0.289855072463768,0.594202898550725,0.231884057971014,0.405797101449275,0.884057971014493,0.797101449275362,0,2,0.666666666666667,0.0869565217391304,0.260869565217391,4,9,36.3333333333333,12,1831.2,1831.2,5493.6,8.61133905730647,0.942028985507246,7.51272676863836,0.942028985507246,1.93832545388433,1.79692496243164,-0.873155942314354,NA,1.46153858815058,1.39004789907413,2746.8,7.91819187674652,0.955223880597015,1,0.31123827695598,0.322888459819906,0.349613812112889,45,45,0.492753623188406,0,NA,NA,0,0.492753623188406,0,0,0,0,15,15,0.594202898550725,0.594202898550725,0,0
"exsu005","EX",3,3,3,24,20,34,10.3333333333333,6.8,17.1333333333333,TRUE,0.072463768115942,11.3333333333333,0.0434782608695652,11.3333333333333,0.855072463768116,0.0434782608695652,5.71111111111111,0.072463768115942,5.71111111111111,0.797101449275362,0.0289855072463768,6.66666666666667,0.0434782608695652,6.66666666666667,0.695652173913043,0.0434782608695652,2.26666666666667,0.0434782608695652,2.26666666666667,0.507246376811594,0.246376811594203,8,0.202898550724638,8,0.898550724637681,0.304347826086957,3.44444444444445,0.391304347826087,3.44444444444445,0.855072463768116,3.52636052461616,2.42774823594805,-1.34935981873215,-1.14631523836855,-1.4185766461129,-1.32659649649297,"sum",0.525034774315185,0.0111486389085448,1.09444444444444,0.0211639709750577,0.483912815873885,-1.15210613677998,2.3235048713975,0.151949976542436,-0.106107457950366,-0.0858192887811178,5.48267039638217,0.525034774315185,0.349496233566241,0.0111486389085448,0.00941494828708503,6.33333333333333,18.0333333333333,0.0434782608695652,0.0434782608695652,0.0579710144927536,0.0434782608695652,0.0434782608695652,0.115942028985507,0.0289855072463768,0.0289855072463768,0.0434782608695652,0.579710144927536,0.666666666666667,0.0869565217391304,0.956521739130435,0.797101449275362,0.942028985507246,0.463768115942029,0.927536231884058,0,1,0.333333333333333,0.0289855072463768,0.260869565217391,1,5,40.3333333333333,12,1021.73333333333,1021.73333333333,3065.2,8.02786809909625,0.681159420289855,6.92925581042814,0.666666666666667,0.292035629674895,0.232078749123427,-1.44841162195675,NA,0.518129221168912,0.478312782321977,3065.2,8.02786809909625,0.985074626865672,0.898550724637681,0.31123827695598,0.322888459819906,0.349613812112889,37,37,0.159420289855072,0,NA,NA,0,0.159420289855072,0,0,0,0,12.3333333333333,12.3333333333333,0.115942028985507,0.115942028985507,0,0
"exsu006","EX",3,5,7,44,45,59,13.6,19.1333333333333,32.7333333333333,TRUE,0.971014492753623,19.6666666666667,0.91304347826087,8.42857142857143,0.463768115942029,1,10.9111111111111,0.884057971014493,4.67619047619047,0.550724637681159,1,15,0.956521739130435,6.42857142857143,0.666666666666667,0.971014492753623,6.37777777777778,0.956521739130435,2.73333333333333,0.739130434782609,0.956521739130435,14.6666666666667,0.971014492753623,6.28571428571429,0.579710144927536,0.797101449275362,4.53333333333333,0.666666666666667,1.94285714285714,0.347826086956522,4.07753744390572,2.97892515523761,1.90322927600788,1.39798264627215,1.69547990348024,1.42812569434316,"sum",1,0.0193315160331554,72.5214285714286,-0.275793459336955,-1.60331364211073,0.214186276988327,-0.757979239234746,-1.14641977347144,-2.05112385514678,-0.562155130811632,5.97308420950068,1,0.967608166438575,0.0193315160331554,0.0225773445244353,64.5,120.333333333333,1,1,0.927536231884058,1,1,0.942028985507246,0.971014492753623,0.971014492753623,0.971014492753623,0.130434782608696,0.130434782608696,0.681159420289855,0.347826086956522,0,0.0289855072463768,0.333333333333333,0.971014492753623,0.768115942028985,2,0.666666666666667,0.0869565217391304,0.260869565217391,3,6,20.7142857142857,9,863.942857142857,2015.86666666667,6047.6,8.70741677810605,0.971014492753623,7.60880448943794,0.956521739130435,2.31389972608496,2.15391919821354,-0.873155942314354,NA,1.61688586034149,1.5401795050399,3023.8,8.0142695975461,0.970149253731343,0.840579710144927,0.31123827695598,0.322888459819906,0.349613812112889,79,79,0.971014492753623,0,NA,NA,0,0.971014492753623,0,0,0,0,15.8,15.8,0.768115942028985,0.768115942028985,0,0
"exsu007","EX",5,5,7,41,42,59,14,17.1,31.1,TRUE,0.971014492753623,11.8,0.130434782608696,8.42857142857143,0.463768115942029,0.971014492753623,6.22,0.188405797101449,4.44285714285714,0.492753623188406,0.942028985507246,8.4,0.289855072463768,6,0.536231884057971,0.898550724637681,3.42,0.318840579710145,2.44285714285714,0.623188405797101,0.898550724637681,8.2,0.246376811594203,5.85714285714286,0.478260869565217,0.826086956521739,2.8,0.173913043478261,2,0.434782608695652,4.07753744390572,2.46809953147162,1.90322927600788,-1.00383455682867,1.69547990348024,-1.12492511781653,"sum",0.956501587370126,0.0184523518537815,51.5178571428571,-0.169039459898852,0.0736489476330422,-1.04961670511305,-1.91844330354415,-0.644604854089708,-1.48300481892733,-2.44930550376605,-1.17326534258201,0.956501587370126,0.833742240846313,0.0184523518537815,0.0196451073165056,40,94.5333333333333,0.985507246376812,0.971014492753623,0.855072463768116,0.985507246376812,0.971014492753623,0.811594202898551,0.869565217391304,0.855072463768116,0.855072463768116,0.188405797101449,0.507246376811594,0.144927536231884,0.0869565217391304,0.130434782608696,0.115942028985507,0.0434782608695652,0.420289855072464,0.768115942028985,4,0.8,0.217391304347826,0.942028985507246,3,3,23,9,284.142857142857,397.8,1989,7.59538727885397,0.405797101449275,5.98594936641987,0.188405797101449,-0.437554680329301,-0.974097804191643,-0.643053670457394,NA,-0.181145440432119,-0.995703359799478,497.25,6.20909291773408,0.298507462686567,0.246376811594203,0.31123827695598,0.322888459819906,0.349613812112889,79,79,0.971014492753623,0,NA,NA,0,0.971014492753623,0,0,0,0,15.8,15.8,0.768115942028985,0.768115942028985,0,0
"exsu008","EX",3,3,5,25,31,40,11,10.3,21.3,TRUE,0.260869565217391,13.3333333333333,0.289855072463768,8,0.333333333333333,0.318840579710145,7.1,0.405797101449275,4.26,0.434782608695652,0.608695652173913,10.3333333333333,0.608695652173913,6.2,0.63768115942029,0.420289855072464,3.43333333333333,0.333333333333333,2.06,0.405797101449275,0.289855072463768,8.33333333333333,0.260869565217391,5,0.318840579710145,0.420289855072464,3.66666666666667,0.478260869565217,2.2,0.536231884057971,3.68887945411394,2.59026716544583,-0.568738435994541,-0.535683746054779,-0.500372129334977,-0.514344593609391,"sum",0.683925166655346,0.0132464678285323,11.7809523809524,-0.000978646452927887,-0.412721855477812,-0.640197624004315,-0.814986098750266,-0.742505093174598,-0.847770434635423,-1.07995822225396,3.58608295440201,0.683925166655346,0.552427557543513,0.0132464678285323,0.013250042656669,28,39.25,0.391304347826087,0.289855072463768,0.623188405797101,0.391304347826087,0.289855072463768,0.623188405797101,0.492753623188406,0.434782608695652,0.289855072463768,0.521739130434783,0.405797101449275,0.304347826086957,0.304347826086957,0.0434782608695652,0.391304347826087,0.260869565217391,0.855072463768116,0.318840579710145,4,1.33333333333333,0.666666666666667,0.260869565217391,2,3,30,9,687.4,1145.66666666667,3437,8.14235427684983,0.782608695652174,7.04374198818172,0.72463768115942,0.544090709826875,0.471664411332287,0.277355416970441,NA,0.703240975169437,0.657209550313411,859.25,6.75605991572994,0.582089552238806,0.695652173913043,0.31123827695598,0.322888459819906,0.349613812112889,43,43,0.391304347826087,0,NA,NA,0,0.391304347826087,0,0,0,0,14.3333333333333,14.3333333333333,0.478260869565217,0.478260869565217,0,0
"exsu009","EX",4,4,5,38,37,55,12,16.65,28.65,TRUE,0.898550724637681,13.75,0.420289855072464,11,0.811594202898551,0.898550724637681,7.1625,0.434782608695652,5.73,0.811594202898551,0.869565217391304,9.25,0.449275362318841,7.4,0.826086956521739,0.855072463768116,4.1625,0.72463768115942,3.33,0.91304347826087,0.826086956521739,9.5,0.507246376811594,7.6,0.855072463768116,0.63768115942029,3,0.231884057971014,2.4,0.579710144927536,4.00733318523247,2.62103882411258,1.38281502084947,-0.408468851822745,1.29883769318495,-0.360551196223661,"sum",0.856774032656295,0.0172290489682132,51.1666666666667,-0.201053044991294,-2.11877108106224,-1.81659313876676,-1.94096711337672,-0.675116049628517,-1.43149589092356,0.0450362707478033,-3.34509216161596,0.856774032656295,0.80210447643528,0.0172290489682132,0.0189218536344015,49.5,99.3190476190476,0.840579710144927,0.898550724637681,0.840579710144927,0.840579710144927,0.898550724637681,0.869565217391304,0.840579710144927,0.840579710144927,0.884057971014493,0.173913043478261,0.0579710144927536,0.0144927536231884,0.072463768115942,0.115942028985507,0.144927536231884,0.492753623188406,0.130434782608696,0.318840579710145,3,0.75,0.188405797101449,0.753623188405797,3,6,29.8,12,399.92,499.9,1999.6,7.60070243953942,0.420289855072464,6.21440807841952,0.260869565217391,-0.430368602196943,-0.776719944227755,-0.729342022403754,NA,-0.172551401076602,-0.638712446152318,666.533333333333,6.5020901508713,0.492537313432836,0.391304347826087,0.31123827695598,0.322888459819906,0.349613812112889,62,62,0.811594202898551,0,NA,NA,0,0.811594202898551,0,0,0,0,15.5,15.5,0.739130434782609,0.739130434782609,0,0
"exsu010","EX",3,3,4,25,30,40,10.3333333333333,11.4166666666667,21.75,TRUE,0.260869565217391,13.3333333333333,0.289855072463768,10,0.695652173913043,0.36231884057971,7.25,0.478260869565217,5.4375,0.72463768115942,0.550724637681159,10,0.550724637681159,7.5,0.840579710144927,0.521739130434783,3.80555555555556,0.492753623188406,2.85416666666667,0.797101449275362,0.289855072463768,8.33333333333333,0.260869565217391,6.25,0.550724637681159,0.27536231884058,3.44444444444444,0.36231884057971,2.58333333333333,0.681159420289855,3.68887945411394,2.59026716544583,-0.568738435994541,-0.535683746054779,-0.500372129334977,-0.514344593609391,"sum",0.663641953912453,0.0135524216469935,6.19285714285714,-0.488378593501355,-0.309465751331675,-0.386283594947816,0.261413345798732,-0.0625366202730965,-0.687516753226401,-1.1469628314139,-3.32637076501342,0.663641953912453,0.564907812430663,0.0135524216469935,0.0141855934236579,26.3333333333333,68.1595238095238,0.318840579710145,0.391304347826087,0.420289855072464,0.318840579710145,0.391304347826087,0.608695652173913,0.550724637681159,0.565217391304348,0.652173913043478,0,0.420289855072464,0.420289855072464,0.623188405797101,0.579710144927536,0.463768115942029,0.231884057971014,0.159420289855072,0.173913043478261,1,0.333333333333333,0.0289855072463768,0.260869565217391,3,9,28.5,12,465,620,1860,7.52833176670725,0.347826086956522,6.42971947803914,0.36231884057971,-0.525007895336309,-0.544544812184043,-1.44841162195675,NA,-0.289566943468062,-0.302265599384788,1860,7.52833176670725,0.925373134328358,0.492753623188406,0.31123827695598,0.322888459819906,0.349613812112889,41,41,0.333333333333333,0,NA,NA,0,0.333333333333333,0,0,0,0,13.6666666666667,13.6666666666667,0.420289855072464,0.420289855072464,0,0
"exsu011","EX",3,3,6,31,33,50,15,12.8666666666667,27.8666666666667,TRUE,0.72463768115942,16.6666666666667,0.753623188405797,8.33333333333333,0.391304347826087,0.826086956521739,9.28888888888889,0.768115942028985,4.64444444444444,0.536231884057971,0.681159420289855,11,0.739130434782609,5.5,0.420289855072464,0.710144927536232,4.28888888888889,0.782608695652174,2.14444444444445,0.449275362318841,0.608695652173913,10.3333333333333,0.63768115942029,5.16666666666667,0.333333333333333,0.927536231884058,5,0.797101449275362,2.5,0.652173913043478,3.91202300542815,2.81341071676004,0.732297201901467,0.482035407801499,0.760351266639511,0.600902563944942,"sum",0.851882778498134,0.0167738909274931,6.14563492063492,-0.0289991962384736,-0.10004896000318,1.15195351573633,0.140139337002244,-0.317084321612307,-0.918791519213736,-2.59315334176473,0.0682420859767433,0.851882778498134,0.649286980352775,0.0167738909274931,0.0164450635898815,70.3333333333333,119.616666666667,0.811594202898551,0.826086956521739,0.405797101449275,0.811594202898551,0.826086956521739,0.956521739130435,0.72463768115942,0.753623188405797,0.956521739130435,0.449275362318841,0.463768115942029,0.869565217391304,0.565217391304348,0.376811594202899,0.347826086956522,0.0289855072463768,0.521739130434783,0.507246376811594,4,1.33333333333333,0.666666666666667,0.260869565217391,2,4,22.1666666666667,11,328.2,656.4,1969.2,7.58538264788405,0.391304347826087,6.48677035921594,0.376811594202899,-0.450977731935028,-0.474176995311511,0.277355416970441,NA,-0.197321845508348,-0.213117560260276,492.3,6.19908828676416,0.283582089552239,0.347826086956522,0.31123827695598,0.322888459819906,0.349613812112889,55,55,0.695652173913043,0,NA,NA,0,0.695652173913043,0,0,0,0,18.3333333333333,18.3333333333333,0.942028985507246,0.942028985507246,0,0
"exsu012","EX",3,3,4,31,14,36,15,4.46666666666667,19.4666666666667,TRUE,0.130434782608696,12,0.144927536231884,9,0.565217391304348,0.144927536231884,6.48888888888889,0.246376811594203,4.86666666666667,0.63768115942029,0,4.66666666666667,0,3.5,0.0579710144927536,0,1.48888888888889,0,1.11666666666667,0.0144927536231884,0.608695652173913,10.3333333333333,0.63768115942029,7.75,0.884057971014493,0.927536231884058,5,0.797101449275362,3.75,0.927536231884058,3.58351893845611,2.484906649788,-1.08915269115294,-0.942771407597291,-1.09564125685154,-1.04092497163875,"sum",0.605540871760738,0.0123374717901846,0.847222222222222,-0.0230537164489915,1.69962196350969,-1.05167685118029,0.211380871428339,0.438795015688905,0.119429106521394,-1.45041483026167,-2.99246972096214,0.605540871760739,0.249542350707505,0.0123374717901846,0.00720510831772993,12.1666666666667,28.7,0.159420289855072,0.144927536231884,0.0289855072463768,0.159420289855072,0.144927536231884,0.231884057971014,0,0,0.202898550724638,0.478260869565217,0.927536231884058,0.130434782608696,0.608695652173913,0.91304347826087,1,0.159420289855072,0.246376811594203,0.173913043478261,3,1,0.231884057971014,0.260869565217391,1,1,32.5,12,421.65,562.2,1686.6,7.43046994714054,0.289855072463768,6.33185765847243,0.304347826086957,-0.64256128667131,-0.656282719195921,-0.297900262671956,NA,-0.447798910200906,-0.455185048472574,562.2,6.33185765847243,0.402985074626866,0.434782608695652,0.31123827695598,0.322888459819906,0.349613812112889,50,50,0.608695652173913,0,NA,NA,0,0.608695652173913,0,0,0,0,16.6666666666667,16.6666666666667,0.855072463768116,0.855072463768116,0,0
"exsu013","EX",3,3,7,24,32,44,10.3333333333333,12.0333333333333,22.3666666666667,TRUE,0.507246376811594,14.6666666666667,0.565217391304348,6.28571428571429,0.0869565217391304,0.478260869565217,7.45555555555556,0.565217391304348,3.1952380952381,0.072463768115942,0.63768115942029,10.6666666666667,0.710144927536232,4.57142857142857,0.217391304347826,0.594202898550725,4.01111111111111,0.623188405797101,1.71904761904762,0.231884057971014,0.246376811594203,8,0.202898550724638,3.42857142857143,0.0869565217391304,0.27536231884058,3.44444444444444,0.36231884057971,1.47619047619048,0.0579710144927536,3.78418963391826,2.68557734525015,-0.0483241808361378,-0.128596084512268,0.0381142972104613,-0.0379946991726399,"sum",0.688181071417293,0.0138718755147193,7.76388888888889,-0.160804845897162,-0.856421341467176,-0.175399247661754,-2.77829233146338,-0.28338144995693,-0.781857852244945,1.23824314600505,-0.623862540005081,0.688181071417293,0.59022981478768,0.0138718755147193,0.0143103759676696,14.5,52.8166666666667,0.405797101449275,0.478260869565217,0.507246376811594,0.405797101449275,0.478260869565217,0.304347826086957,0.623188405797101,0.579710144927536,0.449275362318841,0.202898550724638,0.246376811594203,0.536231884057971,0.0289855072463768,0.405797101449275,0.420289855072464,0.782608695652174,0.449275362318841,0.768115942028985,5,1.66666666666667,0.840579710144927,0.260869565217391,2,3,20.4285714285714,11,598.285714285714,1396,4188,8.33997857199043,0.855072463768116,7.24136628332232,0.797101449275362,1.0532175661855,0.955604250812797,0.852611096612839,NA,1.02277806361457,0.966018424633002,837.6,6.73054065955633,0.567164179104478,0.652173913043478,0.31123827695598,0.322888459819906,0.349613812112889,44,44,0.449275362318841,0,NA,NA,0,0.449275362318841,0,0,0,0,14.6666666666667,14.6666666666667,0.536231884057971,0.536231884057971,0,0
"exsu014","EX",3,3,7,30,27,44,11.6666666666667,10.1166666666667,21.7833333333333,TRUE,0.507246376811594,14.6666666666667,0.565217391304348,6.28571428571429,0.0869565217391304,0.391304347826087,7.26111111111111,0.492753623188406,3.11190476190476,0.0579710144927536,0.420289855072464,9,0.376811594202899,3.85714285714286,0.115942028985507,0.391304347826087,3.37222222222222,0.289855072463768,1.4452380952381,0.115942028985507,0.550724637681159,10,0.565217391304348,4.28571428571429,0.188405797101449,0.565217391304348,3.88888888888889,0.536231884057971,1.66666666666667,0.217391304347826,3.78418963391826,2.68557734525015,-0.0483241808361378,-0.128596084512268,0.0381142972104613,-0.0379946991726399,"sum",0.690100942964224,0.0135076375191719,6.49920634920635,0.312904815966576,-1.60005402525887,0.962526621053372,-0.848492130129514,-0.08950819990742,-0.706871996764941,-0.377074592330123,-3.20359671043362,0.690100942964224,0.534609910952286,0.0135076375191719,0.0129762047469121,13.6666666666667,57.9833333333333,0.420289855072464,0.36231884057971,0.434782608695652,0.420289855072464,0.36231884057971,0.27536231884058,0.405797101449275,0.405797101449275,0.507246376811594,0.971014492753623,0.144927536231884,0.811594202898551,0.289855072463768,0.521739130434783,0.434782608695652,0.405797101449275,0.188405797101449,0.768115942028985,6,2,0.869565217391304,0.260869565217391,4,7,18.7142857142857,11,308.714285714286,720.333333333333,2161,7.67832635650689,0.478260869565217,6.57971406783878,0.449275362318841,-0.320950393653292,-0.350582240035397,1.42786677625524,NA,-0.0470419316874946,-0.0678831799707044,360.166666666667,5.88656688727883,0.17910447761194,0.304347826086957,0.31123827695598,0.322888459819906,0.349613812112889,43,43,0.391304347826087,0,NA,NA,0,0.391304347826087,0,0,0,0,14.3333333333333,14.3333333333333,0.478260869565217,0.478260869565217,0,0
"exsu015","EX",3,3,4,27,23,40,11.6666666666667,10.3333333333333,22,TRUE,0.260869565217391,13.3333333333333,0.289855072463768,10,0.695652173913043,0.420289855072464,7.33333333333333,0.521739130434783,5.5,0.739130434782609,0.217391304347826,7.66666666666667,0.130434782608696,5.75,0.492753623188406,0.434782608695652,3.44444444444444,0.347826086956522,2.58333333333333,0.681159420289855,0.376811594202899,9,0.376811594202899,6.75,0.681159420289855,0.536231884057971,3.88888888888889,0.507246376811594,2.91666666666667,0.739130434782609,3.68887945411394,2.59026716544583,-0.568738435994541,-0.535683746054779,-0.500372129334977,-0.514344593609391,"sum",0.695982560551796,0.0136393436379971,3.39325396825397,-0.433524300449112,0.278420866553184,-0.510228006004993,-0.0977315430477097,-0.0996464009904292,-0.480559683458289,1.64033834364404,-0.11904550061187,0.695982560551796,0.491478160761412,0.0136393436379971,0.0119513945055362,14.8333333333333,64.9595238095238,0.449275362318841,0.420289855072464,0.231884057971014,0.449275362318841,0.420289855072464,0.318840579710145,0.347826086956522,0.318840579710145,0.623188405797101,0.0144927536231884,0.565217391304348,0.36231884057971,0.550724637681159,0.507246376811594,0.666666666666667,0.869565217391304,0.507246376811594,0.173913043478261,2,0.666666666666667,0.0869565217391304,0.260869565217391,1,2,28.5,8,101.75,135.666666666667,407,6.0088131854426,0,4.91020089677449,0,-1.51004294498888,-1.48084918870226,-0.873155942314354,NA,-2.74646397098264,-2.67667418236905,203.5,5.31566600488265,0.0447761194029851,0.0144927536231884,0.31123827695598,0.322888459819906,0.349613812112889,46,46,0.521739130434783,0,NA,NA,0,0.521739130434783,0,0,0,0,15.3333333333333,15.3333333333333,0.681159420289855,0.681159420289855,0,0
"exsu016","EX",4,4,6,32,34,47,10.75,13.9833333333333,24.7333333333333,TRUE,0.652173913043478,11.75,0.0869565217391304,7.83333333333333,0.304347826086957,0.710144927536232,6.18333333333333,0.173913043478261,4.12222222222222,0.376811594202899,0.72463768115942,8.5,0.318840579710145,5.66666666666667,0.449275362318841,0.782608695652174,3.49583333333333,0.376811594202899,2.33055555555556,0.521739130434783,0.681159420289855,8,0.202898550724638,5.33333333333333,0.376811594202899,0.391304347826087,2.6875,0.144927536231884,1.79166666666667,0.289855072463768,3.85014760171006,2.46385324059017,0.341986510532665,-1.01910034413651,0.410765680843592,-1.14614761700056,"sum",0.773828973929442,0.0150861188452463,32.1666666666667,0.0810317772201003,1.69223793131429,1.25657045344934,1.1969788240675,-0.581849265151267,-1.40990845140344,-1.69015296565761,-0.370348677311137,0.773828973929442,0.742213264869759,0.0150861188452463,0.0177368798775302,14,67.9166666666667,0.72463768115942,0.710144927536232,0.739130434782609,0.72463768115942,0.710144927536232,0.289855072463768,0.826086956521739,0.826086956521739,0.63768115942029,0.695652173913043,0.91304347826087,0.898550724637681,0.826086956521739,0.188405797101449,0.159420289855072,0.130434782608696,0.463768115942029,0.507246376811594,4,1,0.231884057971014,0.753623188405797,3,3,21.8333333333333,12,267.833333333333,401.75,1607,7.38212436573751,0.260869565217391,5.99583000461762,0.202898550724638,-0.696524665853928,-0.966461736151904,-0.297900262671956,NA,-0.525968480949892,-0.980263817018386,401.75,5.99583000461762,0.208955223880597,0.202898550724638,0.31123827695598,0.322888459819906,0.349613812112889,58,58,0.739130434782609,0,NA,NA,0,0.739130434782609,0,0,0,0,14.5,14.5,0.521739130434783,0.521739130434783,0,0
"exsu017","EX",2,3,4,28,29,41,11.3333333333333,9.9,21.2333333333333,TRUE,0.333333333333333,20.5,0.927536231884058,10.25,0.72463768115942,0.304347826086957,10.6166666666667,0.855072463768116,5.30833333333333,0.695652173913043,0.449275362318841,14.5,0.927536231884058,7.25,0.797101449275362,0.36231884057971,4.95,0.884057971014493,2.475,0.63768115942029,0.478260869565217,14,0.927536231884058,7,0.72463768115942,0.463768115942029,5.66666666666667,0.869565217391304,2.83333333333333,0.710144927536232,3.71357206670431,3.02042488614436,-0.43863487220494,1.65241243473622,-0.360863036569035,1.63553682794054,"sum",0.652059537514902,0.0132820809015828,5.86746031746032,0.195217777326782,0.694648234454734,1.2435623727655,1.07872043876426,-0.0434230714847525,-0.677715731077864,2.4233336139574,-0.228304568325773,0.652059537514902,0.517421115139534,0.0132820809015828,0.0127554124887958,16.5,25.7857142857143,0.304347826086957,0.304347826086957,0.376811594202899,0.304347826086957,0.304347826086957,0.36231884057971,0.376811594202899,0.376811594202899,0.159420289855072,0.884057971014493,0.739130434782609,0.884057971014493,0.811594202898551,0.608695652173913,0.507246376811594,0.956521739130435,0.492753623188406,0.173913043478261,4,2,0.869565217391304,0,2,7,24.5,11,1092.05,2184.1,4368.2,8.38210630392231,0.869565217391304,7.68895912336237,1,1.1753808944356,2.47914481337441,1.42786677625524,NA,1.09089404497574,1.66542960273711,1092.05,6.99581194280242,0.746268656716418,0.956521739130435,0.31123827695598,0.322888459819906,0.349613812112889,42,42,0.347826086956522,0,NA,NA,0,0.347826086956522,0,0,0,0,14,14,0.434782608695652,0.434782608695652,0,0
"exsu018","EX",3,3,3,23,21,35,8.66666666666667,7.5,16.1666666666667,TRUE,0.101449275362319,11.6666666666667,0.072463768115942,11.6666666666667,0.884057971014493,0.0289855072463768,5.38888888888889,0.0289855072463768,5.38888888888889,0.710144927536232,0.0579710144927536,7,0.0869565217391304,7,0.753623188405797,0.115942028985507,2.5,0.0869565217391304,2.5,0.666666666666667,0.188405797101449,7.66666666666667,0.101449275362319,7.66666666666667,0.869565217391304,0.0579710144927536,2.88888888888889,0.217391304347826,2.88888888888889,0.72463768115942,3.55534806148941,2.4567357728213,-1.21925625494255,-1.04454332298292,-1.25480195617654,-1.1817199454477,"sum",0.505636953452862,0.0105971226952202,6.53333333333333,-0.160275020198086,2.79626879044325,2.03630030975664,-0.788832366041309,0.512800543733954,-0.109418115317632,0.729832458651392,-0.758304186508831,0.505636953452862,0.373248200019666,0.0105971226952202,0.0100600727285226,5.33333333333333,25.5,0.0289855072463768,0.0289855072463768,0.449275362318841,0.0289855072463768,0.0289855072463768,0.0869565217391304,0.0869565217391304,0.130434782608696,0.130434782608696,0.217391304347826,1,0.971014492753623,0.318840579710145,0.942028985507246,0.927536231884058,0.695652173913043,0.434782608695652,0,1,0.333333333333333,0.0289855072463768,0.260869565217391,3,8,38.3333333333333,10,1041,1041,3123,8.04654935728308,0.72463768115942,6.94793706861497,0.695652173913043,0.331220093453229,0.269324718127387,-1.44841162195675,NA,0.548334793035794,0.50750422514253,3123,8.04654935728308,1,0.927536231884058,0.31123827695598,0.322888459819906,0.349613812112889,32,32,0.072463768115942,0,NA,NA,0,0.072463768115942,0,0,0,0,10.6666666666667,10.6666666666667,0.0434782608695652,0.0434782608695652,0,0
"exsu019","EX",5,5,7,39,42,60,11.6,19.5,31.1,TRUE,1,12,0.144927536231884,8.57142857142857,0.492753623188406,0.971014492753623,6.22,0.188405797101449,4.44285714285714,0.492753623188406,0.942028985507246,8.4,0.289855072463768,6,0.536231884057971,0.985507246376812,3.9,0.594202898550725,2.78571428571429,0.768115942028985,0.855072463768116,7.8,0.173913043478261,5.57142857142857,0.434782608695652,0.507246376811594,2.32,0.0289855072463768,1.65714285714286,0.202898550724638,4.0943445622221,2.484906649788,2.03333283979748,-0.942771407597291,1.79043728475153,-1.04092497163875,"sum",0.948373254153729,0.0184825056843631,103.411507936508,-0.00332005370716891,-1.46593891603831,0.924563464674028,-0.303149004140325,-0.616030919884667,-2.05659922098395,-1.63142169363218,3.01799282170081,0.948373254153728,0.990543378086793,0.0184825056843631,0.0233897926117308,46,100.033333333333,0.971014492753623,0.985507246376812,0.956521739130435,0.971014492753623,0.985507246376812,0.855072463768116,0.985507246376812,1,0.898550724637681,0.507246376811594,0.188405797101449,0.797101449275362,0.492753623188406,0.159420289855072,0.0144927536231884,0.144927536231884,0.826086956521739,0.768115942028985,5,1,0.231884057971014,0.942028985507246,2,2,26.2857142857143,10,232.371428571429,325.32,1626.6,7.39424722573267,0.27536231884058,5.78480931329857,0.0869565217391304,-0.683237200628057,-1.1142148197664,-0.297900262671956,NA,-0.506367128880673,-1.31000597801138,325.32,5.78480931329857,0.149253731343284,0.159420289855072,0.31123827695598,0.322888459819906,0.349613812112889,74,74,0.927536231884058,0,NA,NA,0,0.927536231884058,0,0,0,0,14.8,14.8,0.579710144927536,0.579710144927536,0,0
"exsu020","EX",3,3,5,31,24,42,12.6666666666667,8,20.6666666666667,TRUE,0.391304347826087,14,0.434782608695652,8.4,0.420289855072464,0.246376811594203,6.88888888888889,0.318840579710145,4.13333333333333,0.391304347826087,0.246376811594203,8,0.173913043478261,4.8,0.27536231884058,0.202898550724638,2.66666666666667,0.130434782608696,1.6,0.202898550724638,0.608695652173913,10.3333333333333,0.63768115942029,6.2,0.536231884057971,0.739130434782609,4.22222222222222,0.623188405797101,2.53333333333333,0.666666666666667,3.73766961828337,2.63905732961526,-0.308531308415339,-0.332139915283524,-0.224715938064518,-0.270496668871702,"sum",0.642192295117162,0.013001255310982,0.291666666666667,-0.0448861495914588,1.62433078097287,-0.523967741771932,0.490774114600447,0.633916315251402,0.0431043667201976,-1.34651299673607,2.61967278972406,0.642192295117162,0.361653234876818,0.013001255310982,0.010424505541091,2.33333333333333,25.5416666666667,0.289855072463768,0.246376811594203,0.0144927536231884,0.289855072463768,0.246376811594203,0.0434782608695652,0.0434782608695652,0.173913043478261,0.144927536231884,0.420289855072464,0.898550724637681,0.347826086956522,0.695652173913043,1,0.985507246376812,0.202898550724638,0.768115942028985,0.318840579710145,2,0.666666666666667,0.0869565217391304,0.260869565217391,3,7,28,10,616.2,1027,3081,8.03300949859667,0.710144927536232,6.93439720992856,0.681159420289855,0.302746953683505,0.242260173176413,-0.873155942314354,NA,0.52644230750138,0.486346763118833,1540.5,7.33986231803672,0.850746268656716,0.666666666666667,0.31123827695598,0.322888459819906,0.349613812112889,42,42,0.347826086956522,0,NA,NA,0,0.347826086956522,0,0,0,0,14,14,0.434782608695652,0.434782608695652,0,0
"exsu021","EX",3,3,5,27,34,47,12,12.1333333333333,24.1333333333333,TRUE,0.652173913043478,15.6666666666667,0.666666666666667,9.4,0.652173913043478,0.666666666666667,8.04444444444444,0.652173913043478,4.82666666666667,0.608695652173913,0.72463768115942,11.3333333333333,0.826086956521739,6.8,0.72463768115942,0.623188405797101,4.04444444444444,0.652173913043478,2.42666666666667,0.608695652173913,0.376811594202899,9,0.376811594202899,5.4,0.391304347826087,0.652173913043478,4,0.594202898550725,2.4,0.594202898550725,3.85014760171006,2.75153531304195,0.341986510532665,0.176719661644615,0.410765680843592,0.291656037604794,"sum",0.748392348092603,0.0147884809851116,5.75396825396825,0.190026293635391,-2.67300993994561,-0.120396310753514,0.142976767033797,-0.87458159133835,-1.046092982747,0.586493711389408,3.23572338826685,0.748392348092603,0.62796817459269,0.0147884809851116,0.0150268571611299,33.5,52.3761904761905,0.681159420289855,0.666666666666667,0.36231884057971,0.681159420289855,0.666666666666667,0.782608695652174,0.695652173913043,0.652173913043478,0.434782608695652,0.869565217391304,0,0.550724637681159,0.579710144927536,0.0289855072463768,0.27536231884058,0.623188405797101,0.840579710144927,0.318840579710145,3,1,0.231884057971014,0.260869565217391,3,3,23,11,469.92,783.2,2349.6,7.76200037988441,0.507246376811594,6.6633880912163,0.492753623188406,-0.193092437449248,-0.229049545326976,-0.297900262671956,NA,0.0882499047211985,0.0628663361787238,783.2,6.6633880912163,0.552238805970149,0.507246376811594,0.31123827695598,0.322888459819906,0.349613812112889,49,49,0.594202898550725,0,NA,NA,0,0.594202898550725,0,0,0,0,16.3333333333333,16.3333333333333,0.826086956521739,0.826086956521739,0,0
"exsu022","EX",2,3,7,22,21,33,9.66666666666667,8.55,18.2166666666667,TRUE,0.0434782608695652,16.5,0.72463768115942,4.71428571428571,0,0.072463768115942,9.10833333333333,0.739130434782609,2.60238095238095,0.0289855072463768,0.0579710144927536,10.5,0.63768115942029,3,0,0.231884057971014,4.275,0.768115942028985,1.22142857142857,0.0579710144927536,0.159420289855072,11,0.739130434782609,3.14285714285714,0.0289855072463768,0.144927536231884,4.83333333333333,0.739130434782609,1.38095238095238,0.0144927536231884,3.49650756146648,2.80336038090653,-1.47946338252175,0.431149450108685,-1.58724084841813,0.550672080352337,"sum",0.558533111121229,0.0116999368579214,7.71190476190476,0.0545489110744638,0.755534379960992,-0.31637833524538,0.598230805523939,0.42077714542439,-0.463100284418354,0.660750910043665,-3.3389423907674,0.558533111121229,0.4504233011126,0.0116999368579214,0.0114671213814701,21.4166666666667,76.7095238095238,0.0869565217391304,0.0579710144927536,0.492753623188406,0.0869565217391304,0.0579710144927536,0.478260869565217,0.27536231884058,0.27536231884058,0.753623188405797,0.681159420289855,0.768115942028985,0.463768115942029,0.72463768115942,0.898550724637681,0.695652173913043,0.681159420289855,0.144927536231884,0.768115942028985,5,2.5,0.956521739130435,0,2,2,19.4285714285714,10,108.428571428571,379.5,759,6.63200177739563,0.0434782608695652,5.93885459683568,0.144927536231884,-1.27141091644263,-1.00947503080613,2.29075029571883,NA,-1.73883549047001,-1.06929392097662,151.8,5.02256386496153,0.0149253731343284,0.0289855072463768,0.31123827695598,0.322888459819906,0.349613812112889,38,38,0.202898550724638,0,NA,NA,0,0.202898550724638,0,0,0,0,12.6666666666667,12.6666666666667,0.188405797101449,0.188405797101449,0,0
"exsu023","EX",3,3,6,26,29,44,11.6666666666667,12.15,23.8166666666667,TRUE,0.507246376811594,14.6666666666667,0.565217391304348,7.33333333333333,0.246376811594203,0.652173913043478,7.93888888888889,0.63768115942029,3.96944444444444,0.304347826086957,0.449275362318841,9.66666666666667,0.478260869565217,4.83333333333333,0.318840579710145,0.63768115942029,4.05,0.666666666666667,2.025,0.391304347826087,0.36231884057971,8.66666666666667,0.333333333333333,4.33333333333333,0.217391304347826,0.565217391304348,3.88888888888889,0.536231884057971,1.94444444444444,0.376811594202899,3.78418963391826,2.68557734525015,-0.0483241808361378,-0.128596084512268,0.0381142972104613,-0.0379946991726399,"sum",0.749910616102272,0.0145870367942618,9.61587301587302,0.261220900988265,0.309085539228375,-0.186338267766423,-2.33376312987778,-0.337119890172864,-0.959720892997571,0.0646909684087674,-3.06840893299453,0.749910616102273,0.625096424039019,0.0145870367942618,0.0146608547184774,32.75,79.95,0.695652173913043,0.63768115942029,0.550724637681159,0.695652173913043,0.63768115942029,0.753623188405797,0.666666666666667,0.623188405797101,0.768115942028985,0.927536231884058,0.594202898550725,0.521739130434783,0.0434782608695652,0.36231884057971,0.304347826086957,0.521739130434783,0.217391304347826,0.507246376811594,2,0.666666666666667,0.0869565217391304,0.260869565217391,1,2,21,9,186.333333333333,372.666666666667,1118,7.01929665371504,0.159420289855072,5.92068436504693,0.130434782608696,-1.02803336460142,-1.02268510631792,-0.873155942314354,NA,-1.11262160790672,-1.09768683097191,559,6.3261494731551,0.388059701492537,0.101449275362319,0.31123827695598,0.322888459819906,0.349613812112889,37,37,0.159420289855072,0,NA,NA,0,0.159420289855072,0,0,0,0,12.3333333333333,12.3333333333333,0.115942028985507,0.115942028985507,0,0
"exsu024","EX",4,4,6,36,36,54,11.25,18.3333333333333,29.5833333333333,TRUE,0.855072463768116,13.5,0.36231884057971,9,0.565217391304348,0.942028985507246,7.39583333333333,0.536231884057971,4.93055555555555,0.652173913043478,0.811594202898551,9,0.376811594202899,6,0.536231884057971,0.927536231884058,4.58333333333333,0.840579710144927,3.05555555555556,0.840579710144927,0.782608695652174,9,0.376811594202899,6,0.507246376811594,0.449275362318841,2.8125,0.188405797101449,1.875,0.304347826086957,3.98898404656427,2.60268968544438,1.25271145705987,-0.484797788361966,1.19516815723497,-0.452258192113771,"sum",0.868574097369413,0.0178111987942659,29.7416666666667,0.110304940808738,0.560783014427433,-0.839507332326739,-0.779983777214058,-0.0857188268162492,-1.2912173613272,-0.629729404159076,5.6592718915967,0.868574097369413,0.835131421399236,0.0178111987942659,0.0205089073798769,71.8333333333333,115.969047619048,0.869565217391304,0.942028985507246,0.710144927536232,0.869565217391304,0.942028985507246,0.971014492753623,0.884057971014493,0.91304347826087,0.942028985507246,0.768115942028985,0.695652173913043,0.260869565217391,0.333333333333333,0.536231884057971,0.173913043478261,0.318840579710145,0.942028985507246,0.507246376811594,4,1,0.231884057971014,0.753623188405797,1,1,24.1666666666667,11,253.666666666667,380.5,1522,7.32778053842163,0.231884057971014,5.94148617730174,0.159420289855072,-0.754148877292654,-1.00754184902392,-0.297900262671956,NA,-0.613836565909427,-1.06518179801711,380.5,5.94148617730174,0.194029850746269,0.188405797101449,0.31123827695598,0.322888459819906,0.349613812112889,51,51,0.63768115942029,0,NA,NA,0,0.63768115942029,0,0,0,0,12.75,12.75,0.260869565217391,0.260869565217391,0,0
"exsu025","EX",4,4,6,31,32,47,10.25,12.6666666666667,22.9166666666667,TRUE,0.652173913043478,11.75,0.0869565217391304,7.83333333333333,0.304347826086957,0.565217391304348,5.72916666666667,0.0869565217391304,3.81944444444444,0.246376811594203,0.63768115942029,8,0.173913043478261,5.33333333333333,0.405797101449275,0.695652173913043,3.16666666666667,0.217391304347826,2.11111111111111,0.434782608695652,0.608695652173913,7.75,0.144927536231884,5.16666666666667,0.333333333333333,0.260869565217391,2.5625,0.130434782608696,1.70833333333333,0.260869565217391,3.85014760171006,2.46385324059017,0.341986510532665,-1.01910034413651,0.410765680843592,-1.14614761700056,"sum",0.707517930936507,0.0141677442487054,35.8944444444444,-0.413220322094538,-1.55614954486133,1.89948633071794,0.580492659059951,-0.35932893633208,-0.848360134531847,1.97123853025396,2.41713172624201,0.707517930936507,0.619318675449616,0.0141677442487054,0.0156913657993069,11,22.5833333333333,0.521739130434783,0.594202898550725,0.768115942028985,0.521739130434783,0.594202898550725,0.188405797101449,0.652173913043478,0.72463768115942,0.0869565217391304,0.0289855072463768,0.159420289855072,0.956521739130435,0.710144927536232,0.333333333333333,0.376811594202899,0.91304347826087,0.753623188405797,0.507246376811594,4,1,0.231884057971014,0.753623188405797,6,9,24.8333333333333,12,775.766666666667,1163.65,4654.6,8.44561125691057,0.884057971014493,7.05931689579067,0.739130434782609,1.36954059038914,0.50642946371574,-0.297900262671956,NA,1.19357467827174,0.681546991633213,1163.65,7.05931689579067,0.761194029850746,0.768115942028985,0.31123827695598,0.322888459819906,0.349613812112889,51,51,0.63768115942029,0,NA,NA,0,0.63768115942029,0,0,0,0,12.75,12.75,0.260869565217391,0.260869565217391,0,0
"exsu026","EX",5,5,6,44,34,54,12.6,15.8166666666667,28.4166666666667,TRUE,0.855072463768116,10.8,0.0144927536231884,9,0.565217391304348,0.869565217391304,5.68333333333333,0.0579710144927536,4.73611111111111,0.594202898550725,0.72463768115942,6.8,0.072463768115942,5.66666666666667,0.449275362318841,0.826086956521739,3.16333333333333,0.202898550724638,2.63611111111111,0.695652173913043,0.956521739130435,8.8,0.36231884057971,7.33333333333333,0.797101449275362,0.72463768115942,2.52,0.115942028985507,2.1,0.521739130434783,3.98898404656427,2.37954613413017,1.25271145705987,-1.30915030298555,1.19516815723497,-1.5675053496681,"sum",0.877365670211672,0.0170400108339885,50.3190476190476,0.154839046941586,-2.13143134436763,-1.11681661959443,1.01963734841048,-0.0414619916044352,-1.04666925069405,0.13967649022838,1.23790486472867,0.877365670211672,0.739565563395306,0.0170400108339885,0.0170669667762055,29.5,23.1666666666667,0.898550724637681,0.884057971014493,0.811594202898551,0.898550724637681,0.884057971014493,0.652173913043478,0.811594202898551,0.797101449275362,0.101449275362319,0.840579710144927,0.0434782608695652,0.101449275362319,0.797101449275362,0.623188405797101,0.260869565217391,0.536231884057971,0.652173913043478,0.507246376811594,6,1.2,0.608695652173913,0.942028985507246,1,2,27.6666666666667,11,236.933333333333,284.32,1421.6,7.25953827684044,0.188405797101449,5.65010036440634,0.0579710144927536,-0.822213239980278,-1.19347527283711,0.0472531451134825,NA,-0.724176914291449,-1.52050296593785,236.933333333333,5.46777880761239,0.119402985074627,0.173913043478261,0.31123827695598,0.322888459819906,0.349613812112889,67,67,0.91304347826087,0,NA,NA,0,0.91304347826087,0,0,0,0,13.4,13.4,0.405797101449275,0.405797101449275,0,0
"exsu027","EX",4,6,7,45,41,57,11.5,16.9333333333333,28.4333333333333,TRUE,0.942028985507246,14.25,0.536231884057971,8.14285714285714,0.347826086956522,0.884057971014493,7.10833333333334,0.420289855072464,4.06190476190476,0.347826086956522,0.898550724637681,10.25,0.594202898550725,5.85714285714286,0.507246376811594,0.884057971014493,4.23333333333333,0.753623188405797,2.41904761904762,0.579710144927536,0.985507246376812,11.25,0.768115942028985,6.42857142857143,0.608695652173913,0.478260869565217,2.875,0.202898550724638,1.64285714285714,0.188405797101449,4.04305126783455,2.65675690671466,1.64302214842867,-0.255810978744303,1.5006388303031,-0.182036110931466,"sum",0.90016450173023,0.0169805056206127,180.325,-0.100109878243079,-0.75372285095785,2.60397464258465,-0.991460925470726,-0.530974061218418,-1.94829408846669,0.813364602478421,0.735264227117594,0.90016450173023,0.898104664913161,0.0169805056206127,0.0201714012994174,25,62,0.927536231884058,0.869565217391304,0.985507246376812,0.927536231884058,0.869565217391304,0.550724637681159,0.927536231884058,0.898550724637681,0.565217391304348,0.304347826086957,0.289855072463768,1,0.217391304347826,0.217391304347826,0.0579710144927536,0.739130434782609,0.623188405797101,0.768115942028985,6,1.5,0.782608695652174,0.753623188405797,2,5,26.4285714285714,11,460.8,806.4,3225.6,8.078874258437,0.739130434782609,6.6925798973171,0.507246376811594,0.400775906319267,-0.184199727979648,0.56498325679164,NA,0.600600658382214,0.108481622370798,537.6,6.28711478920894,0.358208955223881,0.478260869565217,0.31123827695598,0.322888459819906,0.349613812112889,79,79,0.971014492753623,0,NA,NA,0,0.971014492753623,0,0,0,0,13.1666666666667,13.1666666666667,0.36231884057971,0.36231884057971,0,0
"exsu028","EX",2,3,3,20,26,39,9.33333333333333,9.55,18.8833333333333,TRUE,0.188405797101449,19.5,0.869565217391304,13,0.91304347826087,0.115942028985507,9.44166666666666,0.782608695652174,6.29444444444444,0.884057971014493,0.36231884057971,13,0.884057971014493,8.66666666666667,0.942028985507246,0.318840579710145,4.775,0.869565217391304,3.18333333333333,0.869565217391304,0.101449275362319,10,0.565217391304348,6.66666666666667,0.652173913043478,0.101449275362319,4.66666666666667,0.710144927536232,3.11111111111111,0.826086956521739,3.66356164612965,2.9704144655697,-0.698841999784142,1.34709668857933,-0.643413470537076,1.38559019463876,"sum",0.591624426153331,0.0120221450130077,5.75119047619048,-0.0796015340451781,0.855933675604232,0.111260931306456,0.384088151247571,0.498229331983968,-0.493839665058669,-0.537769041790363,-2.07568665829583,0.591624426153331,0.489256135976395,0.0120221450130077,0.0122526101399329,8,41.3333333333333,0.144927536231884,0.101449275362319,0.347826086956522,0.144927536231884,0.101449275362319,0.144927536231884,0.333333333333333,0.333333333333333,0.333333333333333,0.318840579710145,0.782608695652174,0.63768115942029,0.681159420289855,0.927536231884058,0.652173913043478,0.347826086956522,0.318840579710145,0,0,0,0,0,4,8,31,10,499.333333333333,749,1498,7.31188616407716,0.217391304347826,6.61873898351722,0.478260869565217,-0.770419242875353,-0.295164362278641,-2.02366730159915,NA,-0.639536048339331,-0.00690261949607544,NA,NA,NA,0.565217391304348,0.31123827695598,0.322888459819906,0.349613812112889,40,40,0.304347826086957,0,NA,NA,0,0.304347826086957,0,0,0,0,13.3333333333333,13.3333333333333,0.376811594202899,0.376811594202899,0,0
"exsu029","EX",3,3,5,19,34,46,7,12.1,19.1,TRUE,0.623188405797101,15.3333333333333,0.63768115942029,9.2,0.623188405797101,0.130434782608696,6.36666666666667,0.231884057971014,3.82,0.260869565217391,0.72463768115942,11.3333333333333,0.826086956521739,6.8,0.72463768115942,0.608695652173913,4.03333333333333,0.63768115942029,2.42,0.594202898550725,0.0289855072463768,6.33333333333333,0.0144927536231884,3.8,0.130434782608696,0.0144927536231884,2.33333333333333,0.0434782608695652,1.4,0.0289855072463768,3.8286413964891,2.73002910782099,0.211882946743064,0.0749477462589876,0.289259251816124,0.184170367052359,"sum",0.591046774139344,0.0121606771711382,11.6873015873016,0.040202643475431,1.48596296382934,-0.996658265081903,-0.302496350400324,-0.41544229546492,-0.684979498545498,-2.09129310929746,1.75793416619865,0.591046774139344,0.58675689983255,0.0121606771711382,0.0145026921365675,0,9.4,0.130434782608696,0.130434782608696,0.608695652173913,0.130434782608696,0.130434782608696,0,0.608695652173913,0.594202898550725,0.0144927536231884,0.63768115942029,0.855072463768116,0.173913043478261,0.507246376811594,0.318840579710145,0.492753623188406,0.072463768115942,0.681159420289855,0.318840579710145,3,1,0.231884057971014,0.260869565217391,1,2,21,11,365.36,608.933333333333,1826.8,7.51032108131084,0.333333333333333,6.41170879264273,0.347826086956522,-0.547515234392376,-0.565938690573861,-0.297900262671956,NA,-0.318688271735792,-0.330409201258388,608.933333333333,6.41170879264273,0.462686567164179,0.36231884057971,0.31123827695598,0.322888459819906,0.349613812112889,37,37,0.159420289855072,0,NA,NA,0,0.159420289855072,0,0,0,0,12.3333333333333,12.3333333333333,0.115942028985507,0.115942028985507,0,0
"exsu030","EX",2,3,6,28,29,45,11.6666666666667,11.35,23.0166666666667,TRUE,0.579710144927536,22.5,0.985507246376812,7.5,0.27536231884058,0.594202898550725,11.5083333333333,0.956521739130435,3.83611111111111,0.27536231884058,0.449275362318841,14.5,0.927536231884058,4.83333333333333,0.318840579710145,0.507246376811594,5.675,0.927536231884058,1.89166666666667,0.304347826086957,0.478260869565217,14,0.927536231884058,4.66666666666667,0.260869565217391,0.565217391304348,5.83333333333333,0.91304347826087,1.94444444444444,0.376811594202899,3.80666248977032,3.11351530921037,0.0817793829534631,2.26304392704999,0.165082139122944,2.10079262004592,"sum",0.743603161819616,0.014128326054908,3.50952380952381,-0.277368313750318,-0.687382355702694,0.0396046182237169,-0.188400086505959,-0.0804974523445152,-0.665411690968856,3.5796651149192,5.03147485955044,0.743603161819616,0.558243695305641,0.014128326054908,0.0130553960804868,22,27.6166666666667,0.652173913043478,0.565217391304348,0.246376811594203,0.652173913043478,0.565217391304348,0.492753623188406,0.521739130434783,0.420289855072464,0.173913043478261,0.115942028985507,0.333333333333333,0.608695652173913,0.521739130434783,0.550724637681159,0.521739130434783,1,0.898550724637681,0.507246376811594,6,3,1,0,1,4,20.6666666666667,10,549.5,1648.5,3297,8.10076824307173,0.753623188405797,7.40762106251179,0.927536231884058,0.449180243927797,1.44373265082143,3.15363381518243,NA,0.636000861073228,1.22580911066797,549.5,6.30900877384368,0.373134328358209,0.623188405797101,0.31123827695598,0.322888459819906,0.349613812112889,47,47,0.565217391304348,0,NA,NA,0,0.565217391304348,0,0,0,0,15.6666666666667,15.6666666666667,0.753623188405797,0.753623188405797,0,0
"exsu031","EX",3,3,7,20,24,37,7.33333333333333,7.86666666666667,15.2,TRUE,0.144927536231884,12.3333333333333,0.173913043478261,5.28571428571429,0.0289855072463768,0.0144927536231884,5.06666666666667,0,2.17142857142857,0,0.246376811594203,8,0.173913043478261,3.42857142857143,0.0289855072463768,0.173913043478261,2.62222222222222,0.115942028985507,1.12380952380952,0.0289855072463768,0.101449275362319,6.66666666666667,0.072463768115942,2.85714285714286,0.0144927536231884,0.0434782608695652,2.44444444444444,0.072463768115942,1.04761904761905,0,3.61091791264422,2.51230562397611,-0.959049127363344,-0.840999492211663,-0.940841677920323,-0.903987883816871,"sum",0.467339116003454,0.0101173736257316,12.8289682539683,0.133663023920198,-2.28175955178263,-1.71430091517214,-0.434583395951335,-0.734889419420308,-0.554377667174378,0.149299569291696,8.4527448527814,0.467339116003453,0.436602885095508,0.0101173736257316,0.0111375850979184,0,15.6666666666667,0.0144927536231884,0.0144927536231884,0.63768115942029,0.0144927536231884,0.0144927536231884,0,0.246376811594203,0.260869565217391,0.0289855072463768,0.782608695652174,0.0144927536231884,0.0289855072463768,0.449275362318841,0.072463768115942,0.608695652173913,0.550724637681159,1,0.768115942028985,4,1.33333333333333,0.666666666666667,0.260869565217391,5,9,20.1428571428571,11,135.028571428571,315.066666666667,945.2,6.85139654531275,0.101449275362319,5.75278425664464,0.072463768115942,-1.14517999679685,-1.13403637697335,0.277355416970441,NA,-1.38409790463595,-1.36004851801531,236.3,5.46510218419286,0.104477611940299,0.0434782608695652,0.31123827695598,0.322888459819906,0.349613812112889,27,27,0.0144927536231884,0,NA,NA,0,0.0144927536231884,0,0,0,0,9,9,0,0,0,0
"exsu032","EX",2,2,3,11,18,25,6,6.01666666666667,12.0166666666667,TRUE,0,12.5,0.188405797101449,8.33333333333333,0.391304347826087,0,6.00833333333333,0.144927536231884,4.00555555555556,0.333333333333333,0.0144927536231884,9,0.376811594202899,6,0.536231884057971,0.0144927536231884,3.00833333333333,0.159420289855072,2.00555555555556,0.376811594202899,0,5.5,0,3.66666666666667,0.115942028985507,0,3,0.231884057971014,2,0.449275362318841,3.2188758248682,2.52572864430826,-2.52029189283855,-0.790113534518849,-3.15581329307559,-0.836901090660413,"sum",0.376698422315994,0.00842814320946907,3.30119047619048,0.027354498340206,1.95929699191758,-0.201551938500522,0.985973370182119,0.216370027921169,0.0179106857168817,-1.41643626789214,2.89874621848863,0.376698422315994,0.311913015222464,0.00842814320946907,0.00871633563449324,4,9.33333333333333,0,0,0.217391304347826,0,0,0.0579710144927536,0.0144927536231884,0.0144927536231884,0,0.594202898550725,0.942028985507246,0.507246376811594,0.782608695652174,0.840579710144927,0.971014492753623,0.188405797101449,0.811594202898551,0,2,1,0.231884057971014,0,1,1,34.6666666666667,11,487,730.5,1461,7.2868764117507,0.202898550724638,6.59372923119075,0.463768115942029,-0.79550272314868,-0.330928225249571,-0.297900262671956,NA,-0.679974110043472,-0.0459830041089742,730.5,6.59372923119075,0.537313432835821,0.550724637681159,0.31123827695598,0.322888459819906,0.349613812112889,19,19,0,0,NA,NA,0,0,0,0,0,0,9.5,9.5,0.0289855072463768,0.0289855072463768,0,0
"exsu033","EX",3,3,6,19,28,39,10,12.3666666666667,22.3666666666667,TRUE,0.188405797101449,13,0.217391304347826,6.5,0.130434782608696,0.463768115942029,7.45555555555555,0.550724637681159,3.72777777777778,0.202898550724638,0.434782608695652,9.33333333333333,0.463768115942029,4.66666666666667,0.246376811594203,0.666666666666667,4.12222222222222,0.710144927536232,2.06111111111111,0.420289855072464,0.0289855072463768,6.33333333333333,0.0144927536231884,3.16666666666667,0.0434782608695652,0.202898550724638,3.33333333333333,0.333333333333333,1.66666666666667,0.217391304347826,3.66356164612965,2.56494935746154,-0.698841999784142,-0.637455661440407,-0.643413470537076,-0.640880239491566,"sum",0.670870458655961,0.0139233329405803,4.03333333333333,-0.26017779988114,2.14564889768027,-0.8406814230581,-1.17859095151195,0.575639153095564,-0.461099789149901,0.318148401794589,0.433044723547674,0.670870458655961,0.55260882725126,0.0139233329405803,0.0138365295290117,29.8333333333333,112.385714285714,0.347826086956522,0.492753623188406,0.27536231884058,0.347826086956522,0.492753623188406,0.666666666666667,0.507246376811594,0.507246376811594,0.927536231884058,0.144927536231884,0.956521739130435,0.246376811594203,0.159420289855072,0.971014492753623,0.710144927536232,0.579710144927536,0.579710144927536,0.507246376811594,5,1.66666666666667,0.840579710144927,0.260869565217391,2,2,24.1666666666667,9,296.866666666667,593.733333333333,1781.2,7.48504257344755,0.318840579710145,6.38643028477944,0.333333333333333,-0.578428928999504,-0.59532305366349,0.852611096612839,NA,-0.359560882044807,-0.369909544838057,356.24,5.87560466101345,0.164179104477612,0.289855072463768,0.31123827695598,0.322888459819906,0.349613812112889,38,38,0.202898550724638,0,NA,NA,0,0.202898550724638,0,0,0,0,12.6666666666667,12.6666666666667,0.188405797101449,0.188405797101449,0,0
"exsu034","EX",2,2,4,25,22,38,15,7.35,22.35,TRUE,0.173913043478261,19,0.855072463768116,9.5,0.666666666666667,0.449275362318841,11.175,0.91304347826087,5.5875,0.768115942028985,0.144927536231884,11,0.739130434782609,5.5,0.420289855072464,0.0869565217391304,3.675,0.449275362318841,1.8375,0.289855072463768,0.289855072463768,12.5,0.869565217391304,6.25,0.550724637681159,0.898550724637681,7.5,0.956521739130435,3.75,0.91304347826087,3.63758615972639,2.94443897916644,-0.828945563573743,1.19443881550089,-0.790170583783406,1.25576754367389,"sum",0.698019125848993,0.0138327923308724,1.91666666666667,0.0167523308731762,-0.657026815083243,-1.09627908980648,-1.54376432775444,0.135082176606047,-0.137735104018592,-0.472614593885664,-1.60056372847088,0.698019125848993,0.363683887833667,0.0138327923308724,0.00962666938433307,23.8333333333333,53,0.478260869565217,0.463768115942029,0.101449275362319,0.478260869565217,0.463768115942029,0.521739130434783,0.0579710144927536,0.0434782608695652,0.463768115942029,0.565217391304348,0.347826086956522,0.115942028985507,0.130434782608696,0.739130434782609,0.91304347826087,0.36231884057971,0.376811594202899,0.173913043478261,4,2,0.869565217391304,0,3,7,30.5,8,724.65,1449.3,2898.6,7.97198314078842,0.623188405797101,7.27883596022847,0.840579710144927,0.179092175254993,1.05864283980472,1.42786677625524,NA,0.427769294253759,1.02456875994616,724.65,6.58568877966853,0.522388059701492,0.739130434782609,0.31123827695598,0.322888459819906,0.349613812112889,36,36,0.144927536231884,0,NA,NA,0,0.144927536231884,0,0,0,0,18,18,0.927536231884058,0.927536231884058,0,0
"exsu035","EX",4,5,7,41,35,51,12.4,13.9,26.3,TRUE,0.753623188405797,12.75,0.202898550724638,7.28571428571429,0.231884057971014,0.768115942028985,6.575,0.260869565217391,3.75714285714285,0.217391304347826,0.797101449275362,8.75,0.36231884057971,5,0.347826086956522,0.768115942028985,3.475,0.36231884057971,1.98571428571429,0.36231884057971,0.898550724637681,10.25,0.623188405797101,5.85714285714286,0.478260869565217,0.710144927536232,3.1,0.27536231884058,1.77142857142857,0.27536231884058,3.93182563272433,2.54553127160443,0.862400765691068,-0.713784597979628,0.872232767973612,-0.737929716967995,"sum",0.796460422459987,0.0159795371894497,68.9876984126984,0.00996863283934188,-0.810448093438424,-0.888007243199324,-1.07379910532273,-0.715293194786339,-1.19509177780582,-3.34958983163167,-4.20347498948206,0.796460422459987,0.69884817749295,0.0159795371894497,0.0175489948009654,25,48.45,0.768115942028985,0.782608695652174,0.91304347826087,0.768115942028985,0.782608695652174,0.550724637681159,0.768115942028985,0.811594202898551,0.391304347826087,0.550724637681159,0.260869565217391,0.202898550724638,0.188405797101449,0.0869565217391304,0.217391304347826,0,0.072463768115942,0.768115942028985,5,1.25,0.623188405797101,0.753623188405797,2,4,23.8571428571429,12,200.371428571429,350.65,1402.6,7.24608293610281,0.173913043478261,5.85978857498292,0.115942028985507,-0.835093946066582,-1.06524732522296,0.133541497059842,NA,-0.745932743453452,-1.19284294711185,280.52,5.63664502366871,0.134328358208955,0.144927536231884,0.31123827695598,0.322888459819906,0.349613812112889,77,77,0.956521739130435,0,NA,NA,0,0.956521739130435,0,0,0,0,15.4,15.4,0.72463768115942,0.72463768115942,0,0
"exsu036","EX",5,5,6,39,39,52,9.6,16.6,26.2,TRUE,0.768115942028985,10.4,0,8.66666666666667,0.507246376811594,0.753623188405797,5.24,0.0144927536231884,4.36666666666667,0.463768115942029,0.884057971014493,7.8,0.159420289855072,6.5,0.681159420289855,0.840579710144927,3.32,0.27536231884058,2.76666666666667,0.753623188405797,0.855072463768116,7.8,0.173913043478261,6.5,0.623188405797101,0.115942028985507,1.92,0,1.6,0.130434782608696,3.95124371858143,2.34180580614733,0.992504329480669,-1.4312766014483,0.981941675091515,-1.7561273970459,"sum",0.782170643923938,0.0159530784183464,50.6666666666667,-0.0245194792150479,-1.30211176898366,0.0413668259875414,0.972362516558075,-0.884708599013722,-1.43413115996559,0.657763836462112,7.44655953614897,0.782170643923938,0.811983384085178,0.0159530784183464,0.0197432876541947,23.5,24.3333333333333,0.739130434782609,0.768115942028985,0.826086956521739,0.739130434782609,0.768115942028985,0.507246376811594,0.855072463768116,0.869565217391304,0.115942028985507,0.463768115942029,0.217391304347826,0.623188405797101,0.768115942028985,0.0144927536231884,0.130434782608696,0.666666666666667,0.985507246376812,0.507246376811594,5,1,0.231884057971014,0.942028985507246,3,4,28.5,12,823,987.6,4938,8.50471566990512,0.927536231884058,6.89527775747102,0.623188405797101,1.56166649064484,0.166092810957243,-0.297900262671956,NA,1.28914011484473,0.425218478922725,987.6,6.89527775747102,0.686567164179104,0.797101449275362,0.31123827695598,0.322888459819906,0.349613812112889,62,62,0.811594202898551,0,NA,NA,0,0.811594202898551,0,0,0,0,12.4,12.4,0.159420289855072,0.159420289855072,0,0
"exsu037","EX",3,3,5,35,21,45,16.3333333333333,7.08333333333333,23.4166666666667,TRUE,0.579710144927536,15,0.608695652173913,9,0.565217391304348,0.623188405797101,7.80555555555555,0.623188405797101,4.68333333333333,0.565217391304348,0.0579710144927536,7,0.0869565217391304,4.2,0.173913043478261,0.0579710144927536,2.36111111111111,0.0579710144927536,1.41666666666667,0.101449275362319,0.739130434782609,11.6666666666667,0.811594202898551,7,0.72463768115942,1,5.44444444444445,0.855072463768116,3.26666666666667,0.840579710144927,3.80666248977032,2.70805020110221,0.0817793829534631,-0.0268241691266404,0.165082139122944,0.0743221859155855,"sum",0.731683818296421,0.0144062548801257,7.325,0.149699604533538,1.28679271268415,-1.20972958498539,-0.952915007389199,0.0464579954942533,-0.259058678816676,-0.335023398862441,0.189189191196912,0.731683818296421,0.381558428494096,0.0144062548801257,0.010065624642057,19.3333333333333,42.625,0.623188405797101,0.623188405797101,0.478260869565217,0.623188405797101,0.623188405797101,0.463768115942029,0.130434782608696,0.144927536231884,0.347826086956522,0.826086956521739,0.840579710144927,0.072463768115942,0.231884057971014,0.681159420289855,0.811594202898551,0.420289855072464,0.550724637681159,0.318840579710145,4,1.33333333333333,0.666666666666667,0.260869565217391,1,2,27.4,11,417.8,696.333333333333,2089,7.64444076155657,0.449275362318841,6.54582847288846,0.405797101449275,-0.369761490401389,-0.396978602808495,0.277355416970441,NA,-0.101831269926264,-0.120833007950173,522.25,6.25814640043667,0.313432835820896,0.420289855072464,0.31123827695598,0.322888459819906,0.349613812112889,53,53,0.681159420289855,0,NA,NA,0,0.681159420289855,0,0,0,0,17.6666666666667,17.6666666666667,0.91304347826087,0.91304347826087,0,0
"exsu038","EX",4,5,6,45,30,56,12.2,11.4666666666667,23.6666666666667,TRUE,0.91304347826087,14,0.434782608695652,9.33333333333333,0.63768115942029,0.63768115942029,5.91666666666666,0.130434782608696,3.94444444444444,0.289855072463768,0.550724637681159,7.5,0.115942028985507,5,0.347826086956522,0.536231884057971,2.86666666666667,0.144927536231884,1.91111111111111,0.318840579710145,0.985507246376812,11.25,0.768115942028985,7.5,0.826086956521739,0.681159420289855,3.05,0.260869565217391,2.03333333333333,0.478260869565217,4.02535169073515,2.63905732961526,1.51291858463907,-0.332139915283524,1.40063920756407,-0.270496668871702,"sum",0.722881280111047,0.0145933579065812,196.341666666667,-0.399601838681768,0.195907484337897,-1.66222992450081,1.49182081038599,-0.35851114555863,-0.68715666631122,0.0471251739578215,-1.85567824170803,0.722881280111047,0.56587310957241,0.0145933579065812,0.0146559789826391,9,18.3333333333333,0.579710144927536,0.652173913043478,1,0.579710144927536,0.652173913043478,0.173913043478261,0.565217391304348,0.608695652173913,0.0579710144927536,0.0434782608695652,0.536231884057971,0.0434782608695652,0.91304347826087,0.347826086956522,0.478260869565217,0.507246376811594,0.347826086956522,0.507246376811594,4,1,0.231884057971014,0.753623188405797,4,5,25.6666666666667,12,450.1,675.15,2700.6,7.90122924952694,0.550724637681159,6.51493488840705,0.391304347826087,0.0448616591977254,-0.437929836895028,-0.297900262671956,NA,0.31336791261305,-0.169107502948941,675.15,6.51493488840705,0.507462686567164,0.463768115942029,0.31123827695598,0.322888459819906,0.349613812112889,76,76,0.942028985507246,0,NA,NA,0,0.942028985507246,0,0,0,0,15.2,15.2,0.652173913043478,0.652173913043478,0,0
"exsu039","EX",3,3,5,27,24,41,12,9.7,21.7,TRUE,0.333333333333333,13.6666666666667,0.391304347826087,8.2,0.376811594202899,0.347826086956522,7.23333333333333,0.463768115942029,4.34,0.449275362318841,0.246376811594203,8,0.173913043478261,4.8,0.27536231884058,0.347826086956522,3.23333333333333,0.246376811594203,1.94,0.347826086956522,0.376811594202899,9,0.376811594202899,5.4,0.391304347826087,0.666666666666667,4,0.594202898550725,2.4,0.608695652173913,3.71357206670431,2.6149597780362,-0.43863487220494,-0.433911830669152,-0.360863036569035,-0.390933606189795,"sum",0.666307069381317,0.0135374611548386,2.74285714285714,-0.0420218127179402,-0.630989460035892,2.41610177046074,-1.89063276054001,-0.172368457680622,-0.412804820885215,-0.644704866987872,2.75537122530883,0.666307069381317,0.465763471453725,0.0135374611548386,0.0116352814725603,25.1666666666667,64.25,0.333333333333333,0.376811594202899,0.159420289855072,0.333333333333333,0.376811594202899,0.579710144927536,0.304347826086957,0.289855072463768,0.608695652173913,0.434782608695652,0.36231884057971,0.985507246376812,0.115942028985507,0.434782608695652,0.739130434782609,0.304347826086957,0.782608695652174,0.318840579710145,4,1.33333333333333,0.666666666666667,0.260869565217391,2,7,25.8,5,165.96,276.6,829.8,6.72118470789877,0.0579710144927536,5.62257241923066,0.0434782608695652,-1.22341333797367,-1.20839943619579,0.277355416970441,NA,-1.59463634768899,-1.56351829335995,207.45,5.33489034677888,0.0746268656716418,0.072463768115942,0.31123827695598,0.322888459819906,0.349613812112889,38,38,0.202898550724638,0,NA,NA,0,0.202898550724638,0,0,0,0,12.6666666666667,12.6666666666667,0.188405797101449,0.188405797101449,0,0
"exsu040","EX",3,3,7,37,29,50,14.6666666666667,11.1666666666667,25.8333333333333,TRUE,0.72463768115942,16.6666666666667,0.753623188405797,7.14285714285714,0.217391304347826,0.739130434782609,8.61111111111111,0.681159420289855,3.69047619047619,0.188405797101449,0.449275362318841,9.66666666666667,0.478260869565217,4.14285714285714,0.144927536231884,0.478260869565217,3.72222222222222,0.463768115942029,1.5952380952381,0.188405797101449,0.811594202898551,12.3333333333333,0.855072463768116,5.28571428571429,0.36231884057971,0.869565217391304,4.88888888888889,0.753623188405797,2.0952380952381,0.507246376811594,3.91202300542815,2.81341071676004,0.732297201901467,0.482035407801499,0.760351266639511,0.600902563944942,"sum",0.788116850635141,0.015714039687508,5.08888888888889,0.418721691197164,1.00085010408826,-0.549519237829409,-0.891307921297759,0.625198024224966,-0.534200471771242,-0.671673028250336,-6.75169150815838,0.788116850635141,0.537822066030834,0.015714039687508,0.0133507456897587,32.25,46.4357142857143,0.753623188405797,0.739130434782609,0.318840579710145,0.753623188405797,0.739130434782609,0.739130434782609,0.449275362318841,0.463768115942029,0.36231884057971,1,0.811594202898551,0.333333333333333,0.27536231884058,0.985507246376812,0.63768115942029,0.289855072463768,0,0.768115942028985,3,1,0.231884057971014,0.260869565217391,1,1,22.4285714285714,12,700.571428571429,1634.66666666667,4904,8.49780647761605,0.91304347826087,7.39919418894794,0.91304347826087,1.53861680606935,1.41699030283416,-0.297900262671956,NA,1.27796869897206,1.21264122896884,1634.66666666667,7.39919418894794,0.895522388059702,0.72463768115942,0.31123827695598,0.322888459819906,0.349613812112889,57,57,0.72463768115942,0,NA,NA,0,0.72463768115942,0,0,0,0,19,19,0.971014492753623,0.971014492753623,0,0
"exsu041","EX",3,5,5,35,41,53,10.4,18.9,29.3,TRUE,0.811594202898551,17.6666666666667,0.811594202898551,10.6,0.782608695652174,0.91304347826087,9.76666666666667,0.797101449275362,5.86,0.840579710144927,0.898550724637681,13.6666666666667,0.91304347826087,8.2,0.884057971014493,0.942028985507246,6.3,0.942028985507246,3.78,0.971014492753623,0.739130434782609,11.6666666666667,0.811594202898551,7,0.72463768115942,0.318840579710145,3.46666666666667,0.405797101449275,2.08,0.492753623188406,3.97029191355212,2.87167962488401,1.12260789327027,0.787351153958382,1.08956076114264,0.89212421824027,"sum",0.893743526906486,0.0175614041886636,46.4214285714286,0.0311156477932085,1.59103520767169,0.0197889336396331,-1.00079424963843,-0.129095283225443,-2.06187080265196,-0.241698603648497,0.519844433677372,0.893743526906485,0.966323436211422,0.0175614041886636,0.0228902169255634,54,123.95,0.91304347826087,0.91304347826087,0.797101449275362,0.91304347826087,0.91304347826087,0.91304347826087,0.956521739130435,0.985507246376812,0.985507246376812,0.608695652173913,0.884057971014493,0.594202898550725,0.202898550724638,0.492753623188406,0,0.434782608695652,0.608695652173913,0.318840579710145,4,1.33333333333333,0.666666666666667,0.260869565217391,2,8,25.8,8,1297.56,2162.6,6487.8,8.77767876917955,0.985507246376812,7.67906648051144,0.985507246376812,2.61232534814764,2.43758140505684,0.277355416970441,NA,1.73049189263631,1.64997130141506,1621.95,7.39138440805966,0.880597014925373,0.971014492753623,0.31123827695598,0.322888459819906,0.349613812112889,64,64,0.840579710144927,0,NA,NA,0,0.840579710144927,0,0,0,0,12.8,12.8,0.289855072463768,0.289855072463768,0,0
"exsu042","EX",3,3,6,25,26,40,10,11.5666666666667,21.5666666666667,TRUE,0.260869565217391,13.3333333333333,0.289855072463768,6.66666666666667,0.159420289855072,0.333333333333333,7.18888888888889,0.449275362318841,3.59444444444444,0.159420289855072,0.36231884057971,8.66666666666667,0.333333333333333,4.33333333333333,0.188405797101449,0.565217391304348,3.85555555555556,0.565217391304348,1.92777777777778,0.333333333333333,0.289855072463768,8.33333333333333,0.260869565217391,4.16666666666667,0.173913043478261,0.246376811594203,3.33333333333333,0.347826086956522,1.66666666666667,0.246376811594203,3.68887945411394,2.59026716544583,-0.568738435994541,-0.535683746054779,-0.500372129334977,-0.514344593609391,"sum",0.674337441246146,0.0134309138699151,8.94563492063492,0.304665651563813,0.751960533478498,-0.496239134642194,1.22909406873058,-0.146454935251056,-1.00773466542293,2.18004568584301,2.3469378965181,0.674337441246146,0.617864658745433,0.0134309138699151,0.0146912677350111,34.5,71.45,0.36231884057971,0.333333333333333,0.521739130434783,0.36231884057971,0.333333333333333,0.797101449275362,0.63768115942029,0.63768115942029,0.681159420289855,0.956521739130435,0.753623188405797,0.376811594202899,0.869565217391304,0.449275362318841,0.289855072463768,0.942028985507246,0.739130434782609,0.507246376811594,4,1.33333333333333,0.666666666666667,0.260869565217391,2,4,22,12,636.433333333333,1272.86666666667,3818.6,8.24763914227936,0.811594202898551,7.14902685361125,0.768115942028985,0.80278952259179,0.717565134029707,0.277355416970441,NA,0.873475203368738,0.821728294089588,954.65,6.86134478115947,0.641791044776119,0.681159420289855,0.31123827695598,0.322888459819906,0.349613812112889,38,38,0.202898550724638,0,NA,NA,0,0.202898550724638,0,0,0,0,12.6666666666667,12.6666666666667,0.188405797101449,0.188405797101449,0,0
"exsu043","EX",3,3,3,27,25,41,11.6666666666667,9.03333333333333,20.7,TRUE,0.333333333333333,13.6666666666667,0.391304347826087,13.6666666666667,0.971014492753623,0.260869565217391,6.9,0.333333333333333,6.9,0.956521739130435,0.333333333333333,8.33333333333333,0.27536231884058,8.33333333333333,0.91304347826087,0.304347826086957,3.01111111111111,0.173913043478261,3.01111111111111,0.826086956521739,0.376811594202899,9,0.376811594202899,9,0.971014492753623,0.550724637681159,3.88888888888889,0.521739130434783,3.88888888888889,0.956521739130435,3.71357206670431,2.6149597780362,-0.43863487220494,-0.433911830669152,-0.360863036569035,-0.390933606189795,"sum",0.642013084594881,0.0130080374825524,3.99563492063492,0.0994039838466381,-1.64706836195813,0.116703308789413,-0.538748424189776,0.000485188772920618,-0.434741917737362,-1.14422107247234,1.97508377639312,0.642013084594881,0.456476762826436,0.0130080374825524,0.0119057800038361,31.8333333333333,58.0666666666667,0.27536231884058,0.260869565217391,0.260869565217391,0.27536231884058,0.260869565217391,0.72463768115942,0.289855072463768,0.304347826086957,0.521739130434783,0.739130434782609,0.115942028985507,0.652173913043478,0.420289855072464,0.652173913043478,0.72463768115942,0.246376811594203,0.695652173913043,0,2,0.666666666666667,0.0869565217391304,0.260869565217391,2,2,36.6666666666667,7,873.666666666667,873.666666666667,2621,7.87131120332341,0.521739130434783,6.7726989146553,0.521739130434783,-0.00910171998489307,-0.0541610334294921,-0.873155942314354,NA,0.264993671131031,0.233676065382965,1310.5,7.17816402276346,0.805970149253731,0.855072463768116,0.31123827695598,0.322888459819906,0.349613812112889,38,38,0.202898550724638,0,NA,NA,0,0.202898550724638,0,0,0,0,12.6666666666667,12.6666666666667,0.188405797101449,0.188405797101449,0,0
"exsu044","EX",2,3,6,23,34,44,9.66666666666666,12.9666666666667,22.6333333333333,TRUE,0.507246376811594,22,0.971014492753623,7.33333333333333,0.246376811594203,0.536231884057971,11.3166666666667,0.927536231884058,3.77222222222222,0.231884057971014,0.72463768115942,17,0.985507246376812,5.66666666666667,0.449275362318841,0.739130434782609,6.48333333333333,0.985507246376812,2.16111111111111,0.478260869565217,0.188405797101449,11.5,0.797101449275362,3.83333333333333,0.144927536231884,0.130434782608696,4.83333333333333,0.72463768115942,1.61111111111111,0.159420289855072,3.78418963391826,3.09104245335832,-0.0483241808361378,2.11038605397154,0.0381142972104613,1.98847573495769,"sum",0.70945551655661,0.0139885714312393,17.9690476190476,0.160576983103055,-2.03964482681892,0.512884404824331,-0.452663503494796,-0.508314209967919,-0.940264142633462,2.58426288756277,2.27274138675917,0.70945551655661,0.649085490467255,0.0139885714312393,0.0163647700354819,16.3333333333333,56.7833333333333,0.536231884057971,0.536231884057971,0.681159420289855,0.536231884057971,0.536231884057971,0.347826086956522,0.710144927536232,0.739130434782609,0.478260869565217,0.855072463768116,0.0869565217391304,0.739130434782609,0.434782608695652,0.246376811594203,0.318840579710145,0.971014492753623,0.72463768115942,0.507246376811594,5,2.5,0.956521739130435,0,4,5,22.5,8,172,516,1032,6.93925394604151,0.130434782608696,6.24610676548156,0.27536231884058,-1.08633550793943,-0.745595717534135,2.29075029571883,NA,-1.24204199998489,-0.589179893173075,206.4,5.32981603360741,0.0597014925373134,0.0869565217391304,0.31123827695598,0.322888459819906,0.349613812112889,33,33,0.0869565217391304,0,NA,NA,0,0.0869565217391304,0,0,0,0,11,11,0.0579710144927536,0.0579710144927536,0,0
"exsu045","EX",2,2,6,21,22,37,11.5,8.11666666666667,19.6166666666667,TRUE,0.144927536231884,18.5,0.840579710144927,6.16666666666667,0.072463768115942,0.173913043478261,9.80833333333333,0.826086956521739,3.26944444444444,0.115942028985507,0.144927536231884,11,0.739130434782609,3.66666666666667,0.072463768115942,0.217391304347826,4.05833333333333,0.681159420289855,1.35277777777778,0.072463768115942,0.144927536231884,10.5,0.681159420289855,3.5,0.101449275362319,0.478260869565217,5.75,0.884057971014493,1.91666666666667,0.318840579710145,3.61091791264422,2.91777073208428,-0.959049127363344,1.04178094242245,-0.940841677920323,1.12248255031346,"sum",0.587242178701243,0.0124915670358537,3.12063492063492,-0.072880833380528,0.936191736887677,0.14367311252862,1.22403761670169,0.23571647436544,-0.280906220154156,1.29230250586905,-0.339110526515906,0.587242178701243,0.408253157244464,0.0124915670358537,0.0105196976490076,18.5,59.2095238095238,0.115942028985507,0.173913043478261,0.188405797101449,0.115942028985507,0.173913043478261,0.405797101449275,0.202898550724638,0.188405797101449,0.550724637681159,0.347826086956522,0.797101449275362,0.666666666666667,0.855072463768116,0.869565217391304,0.782608695652174,0.797101449275362,0.478260869565217,0.507246376811594,4,2,0.869565217391304,0,1,2,23.1666666666667,11,322.166666666667,966.5,1933,7.56682847920833,0.376811594202899,6.87368129864839,0.608695652173913,-0.475518866688933,0.125302675352561,1.42786677625524,NA,-0.227321927395749,0.391471726613936,483.25,6.18053411808844,0.26865671641791,0.333333333333333,0.31123827695598,0.322888459819906,0.349613812112889,30,30,0.0434782608695652,0,NA,NA,0,0.0434782608695652,0,0,0,0,15,15,0.594202898550725,0.594202898550725,0,0
"exsu046","EX",3,3,7,30,29,46,13.6666666666667,10.6166666666667,24.2833333333333,TRUE,0.623188405797101,15.3333333333333,0.63768115942029,6.57142857142857,0.144927536231884,0.695652173913043,8.09444444444444,0.666666666666667,3.46904761904762,0.144927536231884,0.449275362318841,9.66666666666667,0.478260869565217,4.14285714285714,0.144927536231884,0.449275362318841,3.53888888888889,0.405797101449275,1.51666666666667,0.144927536231884,0.550724637681159,10,0.565217391304348,4.28571428571429,0.188405797101449,0.811594202898551,4.55555555555556,0.681159420289855,1.95238095238095,0.405797101449275,3.8286413964891,2.73002910782099,0.211882946743064,0.0749477462589876,0.289259251816124,0.184170367052359,"sum",0.75091736835155,0.0148876028918209,10.5460317460317,0.340005566072474,0.306760815373475,0.762942000467351,-0.394699672971681,-0.418443743341359,-0.906389668925819,-0.0661883398311325,0.131205703983885,0.75091736835155,0.569408294325005,0.0148876028918209,0.0140330536520391,25.5,128.071428571429,0.710144927536232,0.695652173913043,0.594202898550725,0.710144927536232,0.695652173913043,0.594202898550725,0.579710144927536,0.550724637681159,1,0.985507246376812,0.579710144927536,0.753623188405797,0.463768115942029,0.304347826086957,0.36231884057971,0.478260869565217,0.536231884057971,0.768115942028985,4,1.33333333333333,0.666666666666667,0.260869565217391,2,3,17.2857142857143,11,70.5714285714286,164.666666666667,494,6.20253551718792,0.0144927536231884,5.10392322851981,0.0144927536231884,-1.4510628697516,-1.4247869170181,0.277355416970441,NA,-2.43323593488178,-2.37396253877137,123.5,4.81624115606803,0,0,0.31123827695598,0.322888459819906,0.349613812112889,44,44,0.449275362318841,0,NA,NA,0,0.449275362318841,0,0,0,0,14.6666666666667,14.6666666666667,0.536231884057971,0.536231884057971,0,0
"exsu047","EX",2,3,3,25,26,39,9.33333333333333,10.2166666666667,19.55,TRUE,0.188405797101449,19.5,0.869565217391304,13,0.91304347826087,0.159420289855072,9.775,0.811594202898551,6.51666666666667,0.91304347826087,0.36231884057971,13,0.884057971014493,8.66666666666667,0.942028985507246,0.405797101449275,5.10833333333333,0.898550724637681,3.40555555555556,0.927536231884058,0.289855072463768,12.5,0.869565217391304,8.33333333333333,0.927536231884058,0.072463768115942,4.66666666666667,0.695652173913043,3.11111111111111,0.797101449275362,3.66356164612965,2.9704144655697,-0.698841999784142,1.34709668857933,-0.643413470537076,1.38559019463876,"sum",0.619659117620125,0.0123464609843713,2.52857142857143,0.102343817227074,-0.706335224381802,-2.3232509684829,-1.33567373840707,0.0862327011033937,-0.697966067965145,-2.70699934193753,-5.61277132095491,0.619659117620125,0.534785698513005,0.0123464609843713,0.0128447796951023,5.5,21.5333333333333,0.173913043478261,0.159420289855072,0.130434782608696,0.173913043478261,0.159420289855072,0.101449275362319,0.420289855072464,0.391304347826087,0.072463768115942,0.753623188405797,0.304347826086957,0,0.144927536231884,0.710144927536232,0.449275362318841,0.0144927536231884,0.0144927536231884,0,2,1,0.231884057971014,0,3,5,39,11,314.4,471.6,943.2,6.84927834922316,0.0869565217391304,6.15613116866322,0.246376811594203,-1.14653586059541,-0.831428988664367,-0.297900262671956,NA,-1.38752279837556,-0.729776284674131,471.6,6.15613116866322,0.253731343283582,0.318840579710145,0.31123827695598,0.322888459819906,0.349613812112889,39,39,0.27536231884058,0,NA,NA,0,0.27536231884058,0,0,0,0,13,13,0.318840579710145,0.318840579710145,0,0
"exsu048","EX",2,3,6,28,24,41,11.6666666666667,8.83333333333333,20.5,TRUE,0.333333333333333,20.5,0.927536231884058,6.83333333333333,0.188405797101449,0.231884057971014,10.25,0.840579710144927,3.41666666666667,0.130434782608696,0.246376811594203,12,0.855072463768116,4,0.130434782608696,0.27536231884058,4.41666666666667,0.826086956521739,1.47222222222222,0.130434782608696,0.478260869565217,14,0.927536231884058,4.66666666666667,0.260869565217391,0.521739130434783,5.83333333333333,0.898550724637681,1.94444444444444,0.36231884057971,3.71357206670431,3.02042488614436,-0.43863487220494,1.65241243473622,-0.360863036569035,1.63553682794054,"sum",0.637667922815604,0.0128754192274548,3.25,0.205657614601141,0.0640302232312005,-0.850299420951089,1.23843531625899,0.415472625036765,-0.329591990820247,-0.392448485224994,-3.61254031198878,0.637667922815604,0.440396036831294,0.0128754192274548,0.0109952007261051,11,46.75,0.246376811594203,0.217391304347826,0.202898550724638,0.246376811594203,0.217391304347826,0.188405797101449,0.260869565217391,0.246376811594203,0.376811594202899,0.898550724637681,0.492753623188406,0.217391304347826,0.884057971014493,0.884057971014493,0.753623188405797,0.391304347826087,0.101449275362319,0.507246376811594,5,2.5,0.956521739130435,0,1,3,19.1666666666667,12,475,1425,2850,7.9550742732627,0.579710144927536,7.26192709270275,0.811594202898551,0.146144684950027,1.01166652249696,2.29075029571883,NA,0.400429486189019,0.998146865092988,570,6.3456363608286,0.417910447761194,0.521739130434783,0.31123827695598,0.322888459819906,0.349613812112889,42,42,0.347826086956522,0,NA,NA,0,0.347826086956522,0,0,0,0,14,14,0.434782608695652,0.434782608695652,0,0
"exsu049","EX",2,2,4,27,21,39,15.5,7.26666666666667,22.7666666666667,TRUE,0.188405797101449,19.5,0.869565217391304,9.75,0.681159420289855,0.550724637681159,11.3833333333333,0.942028985507246,5.69166666666667,0.782608695652174,0.0579710144927536,10.5,0.63768115942029,5.25,0.391304347826087,0.072463768115942,3.63333333333333,0.434782608695652,1.81666666666667,0.27536231884058,0.376811594202899,13.5,0.91304347826087,6.75,0.681159420289855,0.956521739130435,7.75,0.985507246376812,3.875,0.942028985507246,3.66356164612965,2.9704144655697,-0.698841999784142,1.34709668857933,-0.643413470537076,1.38559019463876,"sum",0.716172016231534,0.0140572175257853,0.142857142857143,-0.121193712294802,0.356824298082486,-0.575948029700226,-0.933001169875125,-0.130538273747244,-0.24828149076557,-0.136261393106072,-1.32677242302852,0.716172016231534,0.379277250413166,0.0140572175257853,0.00966881086381752,19,70.0666666666667,0.565217391304348,0.550724637681159,0,0.565217391304348,0.550724637681159,0.434782608695652,0.101449275362319,0.0579710144927536,0.666666666666667,0.260869565217391,0.63768115942029,0.318840579710145,0.246376811594203,0.478260869565217,0.826086956521739,0.449275362318841,0.405797101449275,0.173913043478261,2,1,0.231884057971014,0,2,2,20.25,6,268,536,1072,6.97728134163075,0.144927536231884,6.2841341610708,0.289855072463768,-1.05921823196826,-0.706932081889887,-0.297900262671956,NA,-1.18055581854605,-0.529758063398227,536,6.2841341610708,0.343283582089552,0.217391304347826,0.31123827695598,0.322888459819906,0.349613812112889,43,43,0.391304347826087,0,NA,NA,0,0.391304347826087,0,0,0,0,21.5,21.5,0.985507246376812,0.985507246376812,0,0
"exsu050","EX",3,3,4,27,30,42,10,11.1666666666667,21.1666666666667,TRUE,0.391304347826087,14,0.434782608695652,10.5,0.753623188405797,0.289855072463768,7.05555555555555,0.376811594202899,5.29166666666667,0.681159420289855,0.550724637681159,10,0.550724637681159,7.5,0.840579710144927,0.478260869565217,3.72222222222222,0.463768115942029,2.79166666666667,0.782608695652174,0.376811594202899,9,0.376811594202899,6.75,0.681159420289855,0.188405797101449,3.33333333333333,0.318840579710145,2.5,0.623188405797101,3.73766961828337,2.63905732961526,-0.308531308415339,-0.332139915283524,-0.224715938064518,-0.270496668871702,"sum",0.634190533966335,0.0132970819528042,4.43055555555556,-0.11380272308333,0.61206668713842,0.328031011858473,1.29556375302499,0.137657409287325,-0.619546464818304,0.822490983696942,5.84170976815129,0.634190533966335,0.545253260326851,0.0132970819528042,0.013933939331463,12.6666666666667,30.2333333333333,0.231884057971014,0.318840579710145,0.304347826086957,0.231884057971014,0.318840579710145,0.260869565217391,0.478260869565217,0.536231884057971,0.246376811594203,0.27536231884058,0.710144927536232,0.710144927536232,0.898550724637681,0.753623188405797,0.550724637681159,0.753623188405797,0.956521739130435,0.173913043478261,3,1,0.231884057971014,0.260869565217391,2,4,34.5,9,143,190.666666666667,572,6.3491389913798,0.0289855072463768,5.25052670271169,0.0289855072463768,-1.39818418160782,-1.37452419068058,-0.297900262671956,NA,-2.19619398988263,-2.14487909635187,190.666666666667,5.25052670271169,0.0298507462686567,0.0579710144927536,0.31123827695598,0.322888459819906,0.349613812112889,40,40,0.304347826086957,0,NA,NA,0,0.304347826086957,0,0,0,0,13.3333333333333,13.3333333333333,0.376811594202899,0.376811594202899,0,0
"exsu051","EX",3,3,7,23,24,42,10.6666666666667,9.56666666666667,20.2333333333333,TRUE,0.391304347826087,14,0.434782608695652,6,0.0579710144927536,0.202898550724638,6.74444444444445,0.289855072463768,2.89047619047619,0.0434782608695652,0.246376811594203,8,0.173913043478261,3.42857142857143,0.0289855072463768,0.333333333333333,3.18888888888889,0.231884057971014,1.36666666666667,0.0869565217391304,0.188405797101449,7.66666666666667,0.101449275362319,3.28571428571429,0.072463768115942,0.376811594202899,3.55555555555556,0.434782608695652,1.52380952380952,0.101449275362319,3.73766961828337,2.63905732961526,-0.308531308415339,-0.332139915283524,-0.224715938064518,-0.270496668871702,"sum",0.629348006661955,0.0127548021251392,14.9178571428571,0.0457285235171446,0.335898168970004,1.58858380270353,0.286821510535855,0.145521815311534,-0.663417357448154,2.69699610297717,5.18887876072883,0.629348006661955,0.498699628317084,0.0127548021251392,0.012545523572955,12.1666666666667,72.275,0.202898550724638,0.202898550724638,0.652173913043478,0.202898550724638,0.202898550724638,0.246376811594203,0.36231884057971,0.347826086956522,0.695652173913043,0.652173913043478,0.608695652173913,0.927536231884058,0.63768115942029,0.782608695652174,0.536231884057971,0.985507246376812,0.91304347826087,0.768115942028985,3,1,0.231884057971014,0.260869565217391,1,2,19.5714285714286,11,411.085714285714,959.2,2877.6,7.96471189238141,0.608695652173913,6.8660996037133,0.565217391304348,0.164855605370131,0.11119044834241,-0.297900262671956,NA,0.416012472838245,0.379624525961449,959.2,6.8660996037133,0.656716417910448,0.405797101449275,0.31123827695598,0.322888459819906,0.349613812112889,44,44,0.449275362318841,0,NA,NA,0,0.449275362318841,0,0,0,0,14.6666666666667,14.6666666666667,0.536231884057971,0.536231884057971,0,0
"exsu052","EX",5,5,7,33,41,57,10.4,19.05,29.45,TRUE,0.942028985507246,11.4,0.0579710144927536,8.14285714285714,0.347826086956522,0.927536231884058,5.89,0.115942028985507,4.20714285714286,0.420289855072464,0.898550724637681,8.2,0.246376811594203,5.85714285714286,0.507246376811594,0.956521739130435,3.81,0.507246376811594,2.72142857142857,0.72463768115942,0.710144927536232,6.6,0.0579710144927536,4.71428571428571,0.289855072463768,0.318840579710145,2.08,0.0144927536231884,1.48571428571429,0.072463768115942,4.04305126783455,2.43361335540045,1.64302214842867,-1.12596085529142,1.5006388303031,-1.2972832684858,"sum",0.902515593955256,0.0175923905348023,73.4623015873016,-0.318816914896984,-1.46256445429996,-0.893404786832329,-0.384473601379401,-0.289926654886298,-1.89001321648307,1.91582711525187,0.40614100286551,0.902515593955256,0.957057194862091,0.0175923905348023,0.0219601378965111,44.3333333333333,96.7833333333333,0.942028985507246,0.927536231884058,0.942028985507246,0.942028985507246,0.927536231884058,0.826086956521739,0.942028985507246,0.942028985507246,0.869565217391304,0.0869565217391304,0.202898550724638,0.188405797101449,0.478260869565217,0.391304347826087,0.072463768115942,0.898550724637681,0.565217391304348,0.768115942028985,5,1,0.231884057971014,0.942028985507246,1,2,25.7142857142857,7,287.428571428571,402.4,2012,7.60688453121963,0.434782608695652,5.99744661878553,0.217391304347826,-0.421962246645882,-0.965205167993466,-0.297900262671956,NA,-0.162555628165223,-0.977737686306342,402.4,5.99744661878553,0.223880597014925,0.260869565217391,0.31123827695598,0.322888459819906,0.349613812112889,65,65,0.884057971014493,0,NA,NA,0,0.884057971014493,0,0,0,0,13,13,0.318840579710145,0.318840579710145,0,0
"exsu053","EX",4,4,6,42,36,53,14.25,14.0333333333333,28.2833333333333,TRUE,0.811594202898551,13.25,0.27536231884058,8.83333333333333,0.536231884057971,0.855072463768116,7.07083333333333,0.391304347826087,4.71388888888889,0.579710144927536,0.811594202898551,9,0.376811594202899,6,0.536231884057971,0.797101449275362,3.50833333333333,0.391304347826087,2.33888888888889,0.536231884057971,0.927536231884058,10.5,0.681159420289855,7,0.72463768115942,0.855072463768116,3.5625,0.449275362318841,2.375,0.565217391304348,3.97029191355212,2.58399755243223,1.12260789327027,-0.561126724901186,1.08956076114264,-0.545679436365086,"sum",0.873282382556632,0.0169700908144668,31.7333333333333,0.148373693123715,-0.0759167680794356,-0.105237533264289,1.9171920433419,-0.735455656228936,-1.22395609769292,-1.91701129247319,-2.4977974568265,0.873282382556632,0.717881043143081,0.0169700908144668,0.0169844442075939,31.5,62.7333333333333,0.884057971014493,0.855072463768116,0.72463768115942,0.884057971014493,0.855072463768116,0.710144927536232,0.782608695652174,0.782608695652174,0.594202898550725,0.797101449275362,0.478260869565217,0.565217391304348,0.942028985507246,0.0579710144927536,0.188405797101449,0.101449275362319,0.27536231884058,0.507246376811594,5,1.25,0.623188405797101,0.753623188405797,1,4,26.1666666666667,12,1088.1,1632.15,6528.6,8.78394780418502,1,7.39765344306513,0.898550724637681,2.63998496963822,1.41212512868226,0.133541497059842,NA,1.74062824349128,1.21023365048086,1305.72,7.17450989175092,0.791044776119403,0.942028985507246,0.31123827695598,0.322888459819906,0.349613812112889,61,61,0.768115942028985,0,NA,NA,0,0.768115942028985,0,0,0,0,15.25,15.25,0.666666666666667,0.666666666666667,0,0
"exsu054","EX",3,5,6,39,36,53,12,14.3,26.3,TRUE,0.811594202898551,17.6666666666667,0.811594202898551,8.83333333333333,0.536231884057971,0.782608695652174,8.76666666666666,0.695652173913043,4.38333333333333,0.478260869565217,0.811594202898551,12,0.855072463768116,6,0.536231884057971,0.811594202898551,4.76666666666667,0.855072463768116,2.38333333333333,0.565217391304348,0.855072463768116,13,0.898550724637681,6.5,0.623188405797101,0.608695652173913,4,0.565217391304348,2,0.420289855072464,3.97029191355212,2.87167962488401,1.12260789327027,0.787351153958382,1.08956076114264,0.89212421824027,"sum",0.81506306427535,0.0159245857727112,64.927380952381,-0.074473279288248,-0.194520237942402,-0.375005320490422,-0.174376855642886,-0.427147228204492,-1.17022854265809,-0.457225179995448,-1.39176273573296,0.815063064275349,0.718482112413409,0.0159245857727112,0.016647314123409,30,50.3666666666667,0.782608695652174,0.753623188405797,0.898550724637681,0.782608695652174,0.753623188405797,0.681159420289855,0.797101449275362,0.768115942028985,0.405797101449275,0.333333333333333,0.449275362318841,0.449275362318841,0.536231884057971,0.289855072463768,0.231884057971014,0.376811594202899,0.391304347826087,0.507246376811594,3,1,0.231884057971014,0.260869565217391,2,3,25,11,289.966666666667,579.933333333333,1739.8,7.46152544307344,0.304347826086957,6.36291315440533,0.318840579710145,-0.60649530962966,-0.622000962258021,-0.297900262671956,NA,-0.397585535658275,-0.406657549696916,579.933333333333,6.36291315440533,0.447761194029851,0.27536231884058,0.31123827695598,0.322888459819906,0.349613812112889,64,64,0.840579710144927,0,NA,NA,0,0.840579710144927,0,0,0,0,12.8,12.8,0.289855072463768,0.289855072463768,0,0
"exsu055","EX",3,3,3,20,32,40,9.33333333333333,13.1166666666667,22.45,TRUE,0.260869565217391,13.3333333333333,0.289855072463768,13.3333333333333,0.956521739130435,0.492753623188406,7.48333333333333,0.579710144927536,7.48333333333333,1,0.63768115942029,10.6666666666667,0.710144927536232,10.6666666666667,1,0.753623188405797,4.37222222222222,0.797101449275362,4.37222222222222,1,0.101449275362319,6.66666666666667,0.072463768115942,6.66666666666667,0.652173913043478,0.072463768115942,3.11111111111111,0.289855072463768,3.11111111111111,0.797101449275362,3.68887945411394,2.59026716544583,-0.568738435994541,-0.535683746054779,-0.500372129334977,-0.514344593609391,"sum",0.726229587822361,0.0138302464409439,2.61944444444444,0.149170653766742,-2.20718740476619,-0.70395983040008,-2.14155921849574,-0.607059328932901,-1.15193723276001,0.480148241975413,-3.50956124194113,0.726229587822361,0.670682935332665,0.0138302464409439,0.0156335576059235,16.9166666666667,62.4916666666667,0.594202898550725,0.449275362318841,0.144927536231884,0.594202898550725,0.449275362318841,0.391304347826087,0.753623188405797,0.710144927536232,0.579710144927536,0.811594202898551,0.0289855072463768,0.27536231884058,0.0579710144927536,0.173913043478261,0.246376811594203,0.608695652173913,0.115942028985507,0,3,1,0.231884057971014,0.260869565217391,0,0,31.3333333333333,7,1006.53333333333,1006.53333333333,3019.6,8.01287965126547,0.63768115942029,6.91426736259736,0.63768115942029,0.261121935067767,0.202694386033798,-0.297900262671956,NA,0.493894523826908,0.454891746466401,1006.53333333333,6.91426736259736,0.716417910447761,0.869565217391304,0.31123827695598,0.322888459819906,0.349613812112889,39,39,0.27536231884058,0,NA,NA,0,0.27536231884058,0,0,0,0,13,13,0.318840579710145,0.318840579710145,0,0
"exsu056","EX",2,5,5,36,43,56,10,17.6666666666667,27.6666666666667,TRUE,0.91304347826087,28,1,11.2,0.840579710144927,0.811594202898551,13.8333333333333,1,5.53333333333333,0.753623188405797,0.985507246376812,21.5,1,8.6,0.927536231884058,0.91304347826087,8.83333333333333,1,3.53333333333333,0.956521739130435,0.782608695652174,18,1,7.2,0.782608695652174,0.202898550724638,5,0.782608695652174,2,0.449275362318841,4.02535169073515,3.3322045101752,1.51291858463907,3.94228053091284,1.40063920756407,3.19377741986398,"sum",0.857510181764762,0.0166405836595829,53.4873015873016,-0.29537631233527,-0.688383056586824,0.871061530569565,-0.575541774996668,-0.685087292256567,-1.65786936838506,1.44560573457608,-4.8013727368016,0.857510181764762,0.879103969581537,0.0166405836595829,0.0209146092672501,19,28.3666666666667,0.855072463768116,0.811594202898551,0.869565217391304,0.855072463768116,0.811594202898551,0.434782608695652,0.91304347826087,0.927536231884058,0.188405797101449,0.101449275362319,0.318840579710145,0.782608695652174,0.405797101449275,0.101449275362319,0.0869565217391304,0.811594202898551,0.0289855072463768,0.318840579710145,3,1.5,0.782608695652174,0,3,6,23.6,11,529.8,1324.5,2649,7.88193748927207,0.536231884057971,7.18879030871212,0.782608695652174,0.0098803731949225,0.817381753384609,0.56498325679164,NA,0.282175225001246,0.883862900566091,883,6.78332520060396,0.597014925373134,0.594202898550725,0.31123827695598,0.322888459819906,0.349613812112889,60,60,0.753623188405797,0,NA,NA,0,0.753623188405797,0,0,0,0,12,12,0.072463768115942,0.072463768115942,0,0
"exsu057","EX",4,5,7,38,36,54,11.2,16.6666666666667,27.8666666666667,TRUE,0.855072463768116,13.5,0.36231884057971,7.71428571428571,0.289855072463768,0.826086956521739,6.96666666666667,0.36231884057971,3.98095238095238,0.318840579710145,0.811594202898551,9,0.376811594202899,5.14285714285714,0.376811594202899,0.869565217391304,4.16666666666667,0.739130434782609,2.38095238095238,0.550724637681159,0.826086956521739,9.5,0.507246376811594,5.42857142857143,0.420289855072464,0.434782608695652,2.8,0.159420289855072,1.6,0.130434782608696,3.98898404656427,2.60268968544438,1.25271145705987,-0.484797788361966,1.19516815723497,-0.452258192113771,"sum",0.853475810387287,0.0167863346391519,62.452380952381,0.00390417760780811,0.488892530712893,0.365800749756024,0.736931016896838,-0.063190341000935,-1.59124333901825,0.185705265489539,5.02952632119832,0.853475810387287,0.852732125600059,0.0167863346391519,0.0197523587508226,24.5,59.1666666666667,0.826086956521739,0.840579710144927,0.884057971014493,0.826086956521739,0.840579710144927,0.536231884057971,0.898550724637681,0.884057971014493,0.536231884057971,0.536231884057971,0.681159420289855,0.72463768115942,0.739130434782609,0.565217391304348,0.101449275362319,0.565217391304348,0.884057971014493,0.768115942028985,4,1,0.231884057971014,0.753623188405797,6,8,21.7142857142857,12,552.085714285714,966.15,3864.6,8.2596134627809,0.826086956521739,6.87331910166101,0.594202898550725,0.833974389958629,0.124626061728787,-0.297900262671956,NA,0.892836383159145,0.390905755492451,966.15,6.87331910166101,0.671641791044776,0.63768115942029,0.31123827695598,0.322888459819906,0.349613812112889,61,61,0.768115942028985,0,NA,NA,0,0.768115942028985,0,0,0,0,12.2,12.2,0.0869565217391304,0.0869565217391304,0,0
"exsu058","EX",2,2,5,24,22,35,15.5,7.7,23.2,TRUE,0.101449275362319,17.5,0.797101449275362,7,0.202898550724638,0.608695652173913,11.6,0.971014492753623,4.64,0.521739130434783,0.144927536231884,11,0.739130434782609,4.4,0.202898550724638,0.144927536231884,3.85,0.550724637681159,1.54,0.159420289855072,0.246376811594203,12,0.840579710144927,4.8,0.304347826086957,0.956521739130435,7.75,0.985507246376812,3.1,0.768115942028985,3.55534806148941,2.86220088092947,-1.21925625494255,0.736465196265568,-1.25480195617654,0.844750488682632,"sum",0.703592053670054,0.0143513000479285,2.075,-0.0127731062179063,0.661630062397238,-0.286268581251848,3.38504485286885,0.0367348495101026,-0.0497100908996461,0.775728666070339,-1.66848845137448,0.703592053670054,0.363953974679762,0.0143513000479285,0.00969398346777003,62.3333333333333,88.2833333333333,0.492753623188406,0.608695652173913,0.115942028985507,0.492753623188406,0.608695652173913,0.927536231884058,0.072463768115942,0.072463768115942,0.811594202898551,0.492753623188406,0.72463768115942,0.492753623188406,1,0.666666666666667,0.956521739130435,0.72463768115942,0.36231884057971,0.318840579710145,4,2,0.869565217391304,0,1,1,22.4,12,187.6,469,938,6.84374994900622,0.072463768115942,6.15060276844628,0.231884057971014,-1.15006110647166,-0.836455261298119,1.42786677625524,NA,-1.39646162296605,-0.738414995044057,234.5,5.45745558788633,0.0895522388059701,0.115942028985507,0.31123827695598,0.322888459819906,0.349613812112889,48,48,0.579710144927536,0,NA,NA,0,0.579710144927536,0,0,0,0,24,24,1,1,0,0
"exsu059","EX",3,3,3,19,29,39,7,11.6833333333333,18.6833333333333,TRUE,0.188405797101449,13,0.217391304347826,13,0.91304347826087,0.101449275362319,6.22777777777778,0.217391304347826,6.22777777777778,0.869565217391304,0.449275362318841,9.66666666666667,0.478260869565217,9.66666666666667,0.971014492753623,0.579710144927536,3.89444444444444,0.579710144927536,3.89444444444444,0.985507246376812,0.0289855072463768,6.33333333333333,0.0144927536231884,6.33333333333333,0.594202898550725,0.0289855072463768,2.33333333333333,0.0434782608695652,2.33333333333333,0.550724637681159,3.66356164612965,2.56494935746154,-0.698841999784142,-0.637455661440407,-0.643413470537076,-0.640880239491566,"sum",0.539743443450261,0.0120442878969064,5.98174603174603,-0.154682645890023,2.17269225325072,-0.841021025657492,1.8685275055545,0.0549317518305162,-0.46517939139877,0.605903858626047,-2.11109907309818,0.539743443450261,0.536860884235944,0.0120442878969064,0.0136299769043631,18.5,38.6,0.0579710144927536,0.115942028985507,0.391304347826087,0.0579710144927536,0.115942028985507,0.405797101449275,0.434782608695652,0.492753623188406,0.27536231884058,0.246376811594203,0.971014492753623,0.231884057971014,0.927536231884058,0.695652173913043,0.681159420289855,0.63768115942029,0.304347826086957,0,3,1,0.231884057971014,0.260869565217391,2,2,36.6666666666667,12,1574.53333333333,1574.53333333333,4723.6,8.46032649972713,0.898550724637681,7.36171421105902,0.884057971014493,1.4163178914394,1.30074163833046,-0.297900262671956,NA,1.21736763268568,1.15407479728003,1574.53333333333,7.36171421105902,0.865671641791045,0.985507246376812,0.31123827695598,0.322888459819906,0.349613812112889,28,28,0.0289855072463768,0,NA,NA,0,0.0289855072463768,0,0,0,0,9.33333333333333,9.33333333333333,0.0144927536231884,0.0144927536231884,0,0
"exsu060","EX",4,4,5,42,24,52,15.5,8.66666666666667,24.1666666666667,TRUE,0.768115942028985,13,0.217391304347826,10.4,0.739130434782609,0.681159420289855,6.04166666666667,0.159420289855072,4.83333333333333,0.623188405797101,0.246376811594203,6,0.0144927536231884,4.8,0.27536231884058,0.246376811594203,2.16666666666667,0.0144927536231884,1.73333333333333,0.246376811594203,0.927536231884058,10.5,0.681159420289855,8.4,0.942028985507246,0.956521739130435,3.875,0.492753623188406,3.1,0.768115942028985,3.95124371858143,2.56494935746154,0.992504329480669,-0.637455661440407,0.981941675091515,-0.640880239491566,"sum",0.738950378957476,0.0148168842575597,114.378571428571,0.276786385555773,1.07698990201745,1.2947386661556,1.21703023297371,0.14334998299541,-0.191538514991492,1.63631315149856,-2.47069372828027,0.738950378957476,0.415385915977404,0.0148168842575597,0.0105849847233143,7.5,35.25,0.63768115942029,0.681159420289855,0.971014492753623,0.63768115942029,0.681159420289855,0.130434782608696,0.217391304347826,0.202898550724638,0.260869565217391,0.942028985507246,0.826086956521739,0.91304347826087,0.840579710144927,0.768115942028985,0.855072463768116,0.855072463768116,0.289855072463768,0.318840579710145,4,1,0.231884057971014,0.753623188405797,2,2,32,10,731.64,914.55,3658.2,8.20472650214183,0.797101449275362,6.81843214102194,0.550724637681159,0.694049245947417,0.0248738817666258,-0.297900262671956,NA,0.804090110421093,0.30513907120033,914.55,6.81843214102194,0.626865671641791,0.753623188405797,0.31123827695598,0.322888459819906,0.349613812112889,65,65,0.884057971014493,0,NA,NA,0,0.884057971014493,0,0,0,0,16.25,16.25,0.811594202898551,0.811594202898551,0,0
"exsu061","EX",2,2,7,19,21,33,10.5,7.68333333333334,18.1833333333333,TRUE,0.0434782608695652,16.5,0.72463768115942,4.71428571428571,0,0.0579710144927536,9.09166666666667,0.72463768115942,2.59761904761905,0.0144927536231884,0.0579710144927536,10.5,0.63768115942029,3,0,0.130434782608696,3.84166666666667,0.536231884057971,1.09761904761905,0,0.0289855072463768,9.5,0.507246376811594,2.71428571428571,0,0.347826086956522,5.25,0.826086956521739,1.5,0.0869565217391304,3.49650756146648,2.80336038090653,-1.47946338252175,0.431149450108685,-1.58724084841813,0.550672080352337,"sum",0.54788776567278,0.0117205928599549,0.946031746031746,-0.111695901695606,-1.50949108168702,-0.429633547721177,0.872403352753161,-0.139063340270424,-0.261880396492741,-0.939099086367456,0.486908343661834,0.54788776567278,0.399033964895044,0.0117205928599549,0.0109724182923521,16.5,75.2833333333333,0.072463768115942,0.072463768115942,0.0434782608695652,0.072463768115942,0.072463768115942,0.36231884057971,0.188405797101449,0.217391304347826,0.739130434782609,0.289855072463768,0.173913043478261,0.405797101449275,0.753623188405797,0.463768115942029,0.797101449275362,0.27536231884058,0.594202898550725,0.768115942028985,3,1.5,0.782608695652174,0,1,1,20.7142857142857,12,275.942857142857,965.8,1931.6,7.56610395399939,0.36231884057971,6.87295677343944,0.579710144927536,-0.476467971347923,0.123949448105012,0.56498325679164,NA,-0.228493406214213,0.390339579303653,643.866666666667,6.46749166533128,0.477611940298507,0.231884057971014,0.31123827695598,0.322888459819906,0.349613812112889,34,34,0.115942028985507,0,NA,NA,0,0.115942028985507,0,0,0,0,17,17,0.869565217391304,0.869565217391304,0,0
"exsu062","EX",4,4,7,31,33,47,10,12.6,22.6,TRUE,0.652173913043478,11.75,0.0869565217391304,6.71428571428571,0.173913043478261,0.521739130434783,5.65,0.0434782608695652,3.22857142857143,0.101449275362319,0.681159420289855,8.25,0.260869565217391,4.71428571428571,0.260869565217391,0.681159420289855,3.15,0.188405797101449,1.8,0.260869565217391,0.608695652173913,7.75,0.144927536231884,4.42857142857143,0.231884057971014,0.202898550724638,2.5,0.101449275362319,1.42857142857143,0.0434782608695652,3.85014760171006,2.46385324059017,0.341986510532665,-1.01910034413651,0.410765680843592,-1.14614761700056,"sum",0.707107639357089,0.0139778809279697,19.5095238095238,0.252310900990568,-0.771375451909653,1.70422477393583,-0.738876115405428,-0.57733551017104,-1.20982577315213,0.654945639612443,2.04436855783411,0.70710763935709,0.661616218845318,0.0139778809279697,0.0153758407754653,5,29.3190476190476,0.507246376811594,0.507246376811594,0.695652173913043,0.507246376811594,0.507246376811594,0.072463768115942,0.739130434782609,0.681159420289855,0.231884057971014,0.91304347826087,0.27536231884058,0.942028985507246,0.36231884057971,0.202898550724638,0.202898550724638,0.652173913043478,0.710144927536232,0.768115942028985,4,1,0.231884057971014,0.753623188405797,2,3,21.7142857142857,12,826.285714285714,1446,5784,8.6628507638386,0.956521739130435,7.27655640271871,0.826086956521739,2.13519687743499,1.05226333992342,-0.297900262671956,NA,1.54482744043672,1.02100671010793,1446,7.27655640271871,0.82089552238806,0.826086956521739,0.31123827695598,0.322888459819906,0.349613812112889,50,50,0.608695652173913,0,NA,NA,0,0.608695652173913,0,0,0,0,12.5,12.5,0.173913043478261,0.173913043478261,0,0
"exsu063","EX",2,3,4,30,33,42,12.3333333333333,12.9166666666667,25.25,TRUE,0.391304347826087,21,0.956521739130435,10.5,0.753623188405797,0.72463768115942,12.625,0.985507246376812,6.3125,0.898550724637681,0.681159420289855,16.5,0.971014492753623,8.25,0.898550724637681,0.72463768115942,6.45833333333333,0.971014492753623,3.22916666666667,0.884057971014493,0.550724637681159,15,0.985507246376812,7.5,0.826086956521739,0.695652173913043,6.16666666666667,0.927536231884058,3.08333333333333,0.753623188405797,3.73766961828337,3.04452243772342,-0.308531308415339,1.80507030781466,-0.224715938064518,1.75597376525863,"sum",0.74694296497921,0.0154703084968537,1.75952380952381,0.03826276322086,1.58430902365656,0.271303437388792,-0.93061905557447,0.131951456741546,-0.541916900869139,0.73768203294936,-3.23946845337328,0.74694296497921,0.583464562361916,0.0154703084968537,0.0151980239322002,53.6666666666667,72.9333333333333,0.666666666666667,0.72463768115942,0.0869565217391304,0.666666666666667,0.72463768115942,0.884057971014493,0.594202898550725,0.666666666666667,0.72463768115942,0.623188405797101,0.869565217391304,0.695652173913043,0.260869565217391,0.72463768115942,0.623188405797101,0.710144927536232,0.173913043478261,0.173913043478261,2,1,0.231884057971014,0,1,2,27,12,1021.4,2042.8,4085.6,8.31522387533343,0.840579710144927,7.62207669477349,0.971014492753623,0.983797339699316,2.20598622754779,-0.297900262671956,NA,0.982752399313069,1.56091873037904,2042.8,7.62207669477349,0.940298507462687,0.884057971014493,0.31123827695598,0.322888459819906,0.349613812112889,45,45,0.492753623188406,0,NA,NA,0,0.492753623188406,0,0,0,0,15,15,0.594202898550725,0.594202898550725,0,0
"exsu064","EX",4,5,6,34,42,52,9.8,20.6333333333333,30.4333333333333,TRUE,0.768115942028985,13,0.217391304347826,8.66666666666667,0.507246376811594,0.956521739130435,7.60833333333333,0.608695652173913,5.07222222222222,0.666666666666667,0.942028985507246,10.5,0.63768115942029,7,0.753623188405797,1,5.15833333333333,0.91304347826087,3.43888888888889,0.942028985507246,0.72463768115942,8.5,0.304347826086957,5.66666666666667,0.449275362318841,0.173913043478261,2.45,0.0869565217391304,1.63333333333333,0.173913043478261,3.95124371858143,2.56494935746154,0.992504329480669,-0.637455661440407,0.981941675091515,-0.640880239491566,"sum",0.94260900862103,0.0180986422444203,36.9880952380952,-0.159108834564128,0.115695215584772,-0.441383961047915,-4.05495444073863,-0.452928395602574,-2.03679017946794,1.51672942678942,-4.71242631582174,0.94260900862103,1,0.0180986422444203,0.0221812163882213,89.5,72.8666666666667,0.956521739130435,0.956521739130435,0.782608695652174,0.956521739130435,0.956521739130435,0.985507246376812,1,0.956521739130435,0.710144927536232,0.231884057971014,0.521739130434783,0.391304347826087,0.0144927536231884,0.260869565217391,0.0434782608695652,0.826086956521739,0.0434782608695652,0.507246376811594,5,1.25,0.623188405797101,0.753623188405797,2,3,26.8333333333333,12,477.933333333333,716.9,2867.6,7.96123072197872,0.594202898550725,6.57493636085883,0.434782608695652,0.15807628637734,-0.35721949748766,0.133541497059842,NA,0.410383797203663,-0.0753488527173552,573.52,6.35179280954462,0.432835820895522,0.536231884057971,0.31123827695598,0.322888459819906,0.349613812112889,61,61,0.768115942028985,0,NA,NA,0,0.768115942028985,0,0,0,0,12.2,12.2,0.0869565217391304,0.0869565217391304,0,0
"exsu065","EX",3,3,5,23,30,42,9.66666666666667,10.7833333333333,20.45,TRUE,0.391304347826087,14,0.434782608695652,8.4,0.420289855072464,0.217391304347826,6.81666666666667,0.304347826086957,4.09,0.36231884057971,0.550724637681159,10,0.550724637681159,6,0.536231884057971,0.463768115942029,3.59444444444444,0.420289855072464,2.15666666666667,0.463768115942029,0.188405797101449,7.66666666666667,0.101449275362319,4.6,0.246376811594203,0.144927536231884,3.22222222222222,0.304347826086957,1.93333333333333,0.333333333333333,3.73766961828337,2.63905732961526,-0.308531308415339,-0.332139915283524,-0.224715938064518,-0.270496668871702,"sum",0.630904950723653,0.0128843001836396,6.55992063492064,-0.329114013083136,2.37398164659857,0.999285522006117,0.299895905057102,-0.0440806650593289,-0.563320073167779,1.97316362738336,1.22190965911748,0.630904950723653,0.527845268955606,0.0128843001836396,0.0132924619217659,8.25,39.5916666666667,0.217391304347826,0.231884057971014,0.463768115942029,0.217391304347826,0.231884057971014,0.159420289855072,0.391304347826087,0.449275362318841,0.304347826086957,0.072463768115942,0.985507246376812,0.826086956521739,0.652173913043478,0.594202898550725,0.594202898550725,0.927536231884058,0.63768115942029,0.318840579710145,3,1,0.231884057971014,0.260869565217391,3,5,26,8,543.12,905.2,2715.6,7.90676820242749,0.565217391304348,6.80815591375938,0.536231884057971,0.0550306376869123,0.00679863210293959,-0.297900262671956,NA,0.322323799750395,0.289081378643128,905.2,6.80815591375938,0.611940298507463,0.608695652173913,0.31123827695598,0.322888459819906,0.349613812112889,43,43,0.391304347826087,0,NA,NA,0,0.391304347826087,0,0,0,0,14.3333333333333,14.3333333333333,0.478260869565217,0.478260869565217,0,0
"exsu066","EX",2,2,6,19,22,32,15,6.75,21.75,TRUE,0.0144927536231884,16,0.695652173913043,5.33333333333333,0.0434782608695652,0.376811594202899,10.875,0.869565217391304,3.625,0.173913043478261,0.144927536231884,11,0.739130434782609,3.66666666666667,0.072463768115942,0.0289855072463768,3.375,0.304347826086957,1.125,0.0434782608695652,0.0289855072463768,9.5,0.507246376811594,3.16666666666667,0.0434782608695652,0.898550724637681,7.5,0.956521739130435,2.5,0.63768115942029,3.46573590279973,2.77258872223978,-1.60956694631135,0.278491577030243,-1.76109552530946,0.396878682966607,"sum",0.710923344970086,0.0134514438659014,4.42261904761905,-0.0575746517935399,-0.929932311621481,-0.0973856743099498,-4.99588670340718,-0.267931942270582,-0.319959100348452,1.0764533546288,-2.84598917999151,0.710923344970086,0.381420233234714,0.0134514438659014,0.00996569734575135,116.833333333333,51.0595238095238,0.550724637681159,0.347826086956522,0.289855072463768,0.550724637681159,0.347826086956522,1,0.115942028985507,0.0869565217391304,0.420289855072464,0.391304347826087,0.231884057971014,0.579710144927536,0,0.420289855072464,0.768115942028985,0.768115942028985,0.260869565217391,0.507246376811594,2,1,0.231884057971014,0,3,5,18.6666666666667,12,507.766666666667,1523.3,3046.6,8.0217814937026,0.666666666666667,7.32863431314266,0.855072463768116,0.279426096348303,1.20169829168844,-0.297900262671956,NA,0.508287839244604,1.10238395617726,1523.3,7.32863431314266,0.835820895522388,0.579710144927536,0.31123827695598,0.322888459819906,0.349613812112889,34,34,0.115942028985507,0,NA,NA,0,0.115942028985507,0,0,0,0,17,17,0.869565217391304,0.869565217391304,0,0
"exsu067","EX",4,4,4,35,25,44,14,8.98333333333333,22.9833333333333,TRUE,0.507246376811594,11,0.0289855072463768,11,0.811594202898551,0.579710144927536,5.74583333333333,0.101449275362319,5.74583333333333,0.826086956521739,0.333333333333333,6.25,0.0289855072463768,6.25,0.652173913043478,0.289855072463768,2.24583333333333,0.0289855072463768,2.24583333333333,0.492753623188406,0.739130434782609,8.75,0.347826086956522,8.75,0.956521739130435,0.840579710144927,3.5,0.420289855072464,3.5,0.869565217391304,3.78418963391826,2.39789527279837,-0.0483241808361378,-1.24808715375417,0.0381142972104613,-1.47579835377799,"sum",0.730693283588428,0.0141587959388578,35.8333333333333,-0.0539591660646753,-0.250760301927581,-0.289791732657324,-1.11135959030817,-0.436569898263021,-0.573444144426728,1.55447774289519,4.65422047127448,0.730693283588428,0.483928522769705,0.0141587959388578,0.0127226300719488,31,89.4833333333333,0.608695652173913,0.579710144927536,0.753623188405797,0.608695652173913,0.579710144927536,0.695652173913043,0.318840579710145,0.36231884057971,0.826086956521739,0.405797101449275,0.434782608695652,0.478260869565217,0.173913043478261,0.27536231884058,0.579710144927536,0.840579710144927,0.869565217391304,0.173913043478261,3,0.75,0.188405797101449,0.753623188405797,3,7,27.5,9,394.5,394.5,1578,7.36391350140582,0.246376811594203,5.97761914028593,0.173913043478261,-0.716184690933023,-0.980477304072945,-0.729342022403754,NA,-0.555413476882598,-1.00872021966188,526,6.26530121273771,0.328358208955224,0.376811594202899,0.31123827695598,0.322888459819906,0.349613812112889,64,64,0.840579710144927,0,NA,NA,0,0.840579710144927,0,0,0,0,16,16,0.797101449275362,0.797101449275362,0,0
"exsu068","EX",2,2,3,17,21,32,10.5,7.93333333333333,18.4333333333333,TRUE,0.0144927536231884,16,0.695652173913043,10.6666666666667,0.797101449275362,0.0869565217391304,9.21666666666666,0.753623188405797,6.14444444444444,0.855072463768116,0.0579710144927536,10.5,0.63768115942029,7,0.753623188405797,0.188405797101449,3.96666666666667,0.608695652173913,2.64444444444444,0.710144927536232,0.0144927536231884,8.5,0.304347826086957,5.66666666666667,0.449275362318841,0.347826086956522,5.25,0.826086956521739,3.5,0.869565217391304,3.46573590279973,2.77258872223978,-1.60956694631135,0.278491577030243,-1.76109552530946,0.396878682966607,"sum",0.564553412690935,0.0118145566326199,10.5039682539683,-0.237747280370154,-0.554830698920941,-1.58383639199802,2.52049477986953,-0.634553408536059,-0.246993559950571,-1.44952440163248,-3.16735023550738,0.564553412690935,0.395522780652958,0.0118145566326199,0.00999983966803302,28,92.875,0.101449275362319,0.0869565217391304,0.579710144927536,0.101449275362319,0.0869565217391304,0.623188405797101,0.173913043478261,0.115942028985507,0.840579710144927,0.159420289855072,0.376811594202899,0.0579710144927536,0.971014492753623,0.144927536231884,0.840579710144927,0.173913043478261,0.202898550724638,0,3,1.5,0.782608695652174,0,3,7,33.6666666666667,9,1025,1537.5,3075,8.03106018024062,0.695652173913043,7.33791299968067,0.869565217391304,0.298679362287831,1.22914947299585,0.56498325679164,NA,0.523290470772493,1.11688288578979,1025,6.93244789157251,0.73134328358209,0.91304347826087,0.31123827695598,0.322888459819906,0.349613812112889,30,30,0.0434782608695652,0,NA,NA,0,0.0434782608695652,0,0,0,0,15,15,0.594202898550725,0.594202898550725,0,0
"exsu069","EX",3,3,4,32,31,47,14.6666666666667,12.2833333333333,26.95,TRUE,0.652173913043478,15.6666666666667,0.666666666666667,11.75,0.898550724637681,0.797101449275362,8.98333333333333,0.710144927536232,6.7375,0.942028985507246,0.608695652173913,10.3333333333333,0.608695652173913,7.75,0.869565217391304,0.652173913043478,4.09444444444444,0.695652173913043,3.07083333333333,0.855072463768116,0.681159420289855,10.6666666666667,0.72463768115942,8,0.898550724637681,0.884057971014493,4.88888888888889,0.753623188405797,3.66666666666667,0.898550724637681,3.85014760171006,2.75153531304195,0.341986510532665,0.176719661644615,0.410765680843592,0.291656037604794,"sum",0.83520048476002,0.0162637113744557,5.33452380952381,-0.0673969710278735,0.258560215796894,-0.377549797531852,-1.90247589929165,0.219599278383082,-0.926547169470814,-1.33900891752079,1.38343571358887,0.83520048476002,0.627169610400837,0.0162637113744557,0.0155439080643591,53.6666666666667,109.433333333333,0.797101449275362,0.797101449275362,0.333333333333333,0.797101449275362,0.797101449275362,0.898550724637681,0.681159420289855,0.695652173913043,0.91304347826087,0.36231884057971,0.550724637681159,0.434782608695652,0.101449275362319,0.855072463768116,0.333333333333333,0.217391304347826,0.666666666666667,0.173913043478261,2,0.666666666666667,0.0869565217391304,0.260869565217391,2,5,31,5,826.25,1101.66666666667,3305,8.10319175228579,0.768115942028985,7.00457946361768,0.710144927536232,0.45460369912203,0.38660441291494,-0.873155942314354,NA,0.639919413078833,0.596013961392863,1652.5,7.41004457172584,0.91044776119403,0.811594202898551,0.31123827695598,0.322888459819906,0.349613812112889,55,55,0.695652173913043,0,NA,NA,0,0.695652173913043,0,0,0,0,18.3333333333333,18.3333333333333,0.942028985507246,0.942028985507246,0,0
"exsu070","EX",2,2,3,22,22,34,13.5,8.76666666666667,22.2666666666667,TRUE,0.072463768115942,17,0.782608695652174,11.3333333333333,0.855072463768116,0.434782608695652,11.1333333333333,0.898550724637681,7.42222222222222,0.985507246376812,0.144927536231884,11,0.739130434782609,7.33333333333333,0.811594202898551,0.260869565217391,4.38333333333333,0.811594202898551,2.92222222222222,0.811594202898551,0.159420289855072,11,0.739130434782609,7.33333333333333,0.797101449275362,0.782608695652174,6.75,0.942028985507246,4.5,1,3.52636052461616,2.83321334405622,-1.34935981873215,0.583807323187126,-1.4185766461129,0.699873937637361,"sum",0.696083346626844,0.0137880460080267,3.08333333333333,0.0871978395370051,-2.10589744828711,0.853491883082164,-0.605525660348527,0.208299219224934,-0.178683929057177,-2.3167947360052,-3.04100766387332,0.696083346626845,0.415916442741815,0.0137880460080267,0.0109869557916629,45.5,83.5333333333333,0.463768115942029,0.434782608695652,0.173913043478261,0.463768115942029,0.434782608695652,0.840579710144927,0.231884057971014,0.231884057971014,0.797101449275362,0.710144927536232,0.072463768115942,0.768115942028985,0.391304347826087,0.826086956521739,0.884057971014493,0.0579710144927536,0.231884057971014,0,2,1,0.231884057971014,0,3,3,28.3333333333333,8,778.6,1167.9,2335.8,7.75610972384446,0.492753623188406,7.06296254328452,0.753623188405797,-0.2024478976593,0.514645486290143,-0.297900262671956,NA,0.0787253516863758,0.687243701635086,1167.9,7.06296254328452,0.776119402985075,0.782608695652174,0.31123827695598,0.322888459819906,0.349613812112889,33,33,0.0869565217391304,0,NA,NA,0,0.0869565217391304,0,0,0,0,16.5,16.5,0.840579710144927,0.840579710144927,0,0
"sisu001","SI",2,4,7,28,27,34,13.5,15.4666666666667,28.9666666666667,TRUE,0.538461538461538,17,0.974358974358974,4.85714285714286,0.0769230769230769,0.974358974358974,14.4833333333333,1,4.13809523809524,0.230769230769231,0.666666666666667,13.5,0.974358974358974,3.85714285714286,0.128205128205128,0.846153846153846,7.73333333333333,1,2.20952380952381,0.307692307692308,0.743589743589744,14,0.974358974358974,4,0.153846153846154,0.897435897435897,6.75,0.974358974358974,1.92857142857143,0.256410256410256,3.52636052461616,2.83321334405622,0.521831795747025,2.2985669215731,0.54364572285297,2.03332624278531,"sum",0.953290554974976,0.0305962026380883,8.7,-0.031802294481072,-0.283071464931318,-0.321922690400148,-0.435113425106913,-0.347917962794872,-1.19507857624996,0.781825092062188,-0.781138738865726,0.953290554974976,0.806892895443408,0.0305962026380883,0.0310906296502129,47.3333333333333,72.6666666666667,0.923076923076923,0.974358974358974,0.41025641025641,0.923076923076923,0.974358974358974,1,0.82051282051282,0.82051282051282,0.974358974358974,0.461538461538462,0.153846153846154,0.307692307692308,0.307692307692308,0.230769230769231,0.17948717948718,0.948717948717949,0.358974358974359,0.846153846153846,5,2.5,0.974358974358974,0,1,3,18.5714285714286,11,960.742857142857,3362.6,6725.2,8.81361694380477,1,8.12046976324483,1,2.67219895805106,3.65394825627723,2.78511224366295,2.00053738727162,1.6349980934385,1.92115104305027,1345.04,7.20417903137067,0.846153846153846,0.82051282051282,0.271022543221358,0.299873659273052,0.252806733649824,54,54,0.666666666666667,0,NA,NA,0,0.666666666666667,0,0,0,0,13.5,13.5,0.512820512820513,0.512820512820513,0,0
"sisu002","SI",4,5,6,29,28,36,12,16.6,28.6,TRUE,0.794871794871795,9,0.102564102564103,6,0.256410256410256,0.897435897435897,7.15,0.307692307692308,4.76666666666667,0.41025641025641,0.743589743589744,7,0.17948717948718,4.66666666666667,0.333333333333333,0.974358974358974,4.15,0.564102564102564,2.76666666666667,0.666666666666667,0.897435897435897,7.25,0.256410256410256,4.83333333333333,0.41025641025641,0.615384615384615,3,0.17948717948718,2,0.307692307692308,3.58351893845611,2.19722457733622,1.01881445836324,-1.18328593004059,0.975041146698223,-1.28101086731117,"sum",0.963285987137214,0.0301393731146068,33,-0.172097835536981,-0.248853948236796,0.124873688328528,-0.916437537505756,-0.397160905990551,-1.54723849174335,-0.276351740343103,-0.325345243027264,0.963285987137214,0.906939669224623,0.0301393731146068,0.033719678554496,23,46.4166666666667,0.948717948717949,0.871794871794872,0.871794871794872,0.948717948717949,0.871794871794872,0.897435897435897,0.974358974358974,0.948717948717949,0.846153846153846,0.128205128205128,0.333333333333333,0.641025641025641,0.0256410256410256,0.17948717948718,0.0512820512820513,0.333333333333333,0.512820512820513,0.717948717948718,4,1,0.205128205128205,0.794871794871795,2,2,25.1666666666667,9,669.266666666667,1003.9,4015.6,8.29794205481737,0.794871794871795,6.91164769369748,0.461538461538462,0.752379285285976,-0.17855113738291,-0.377791250717687,-0.204946230781595,0.757935892984062,0.10605492997225,1003.9,6.91164769369748,0.58974358974359,0.615384615384615,0.271022543221358,0.299873659273052,0.252806733649824,63,63,0.948717948717949,0,NA,NA,0,0.948717948717949,0,0,0,0,12.6,12.6,0.358974358974359,0.358974358974359,0,0
"sisu003","SI",3,3,3,23,26,32,10.6666666666667,11.8666666666667,22.5333333333333,TRUE,0.41025641025641,10.6666666666667,0.307692307692308,10.6666666666667,0.948717948717949,0.435897435897436,7.51111111111111,0.384615384615385,7.51111111111111,0.897435897435897,0.538461538461538,8.66666666666667,0.538461538461538,8.66666666666667,0.974358974358974,0.487179487179487,3.95555555555556,0.512820512820513,3.95555555555556,0.948717948717949,0.384615384615385,7.66666666666667,0.358974358974359,7.66666666666667,0.897435897435897,0.307692307692308,3.55555555555556,0.333333333333333,3.55555555555556,0.769230769230769,3.46573590279973,2.36712361413162,0.0248491331308111,-0.457899919287739,0.0860895615292537,-0.39561365263277,"sum",0.731998524289727,0.0246793359970852,14.9,0.045904349044568,-0.178516761085462,0.71829958799448,0.058963166706024,-0.39232347518758,-0.663187669477752,0.527129868535119,-1.3293995367796,0.731998524289727,0.614237509880313,0.0246793359970852,0.025251791068922,4,25,0.41025641025641,0.435897435897436,0.717948717948718,0.41025641025641,0.435897435897436,0.333333333333333,0.487179487179487,0.487179487179487,0.461538461538462,0.666666666666667,0.564102564102564,0.948717948717949,0.769230769230769,0.205128205128205,0.564102564102564,0.897435897435897,0.17948717948718,0,1,0.333333333333333,0,0.384615384615385,4,6,36.6666666666667,6,1152.4,1152.4,3457.2,8.14821429187848,0.692307692307692,7.04960200321037,0.564102564102564,0.356738856709056,0.0627369280592954,-1.78352613710908,-2.84927223012199,0.503278231661505,0.313199006248899,3457.2,8.14821429187848,1,0.948717948717949,0.271022543221358,0.299873659273052,0.252806733649824,38,38,0.333333333333333,0,NA,NA,0,0.333333333333333,0,0,0,0,12.6666666666667,12.6666666666667,0.41025641025641,0.41025641025641,0,0
"sisu004","SI",2,2,3,19,16,24,12,7.23333333333333,19.2333333333333,TRUE,0.0256410256410256,12,0.564102564102564,8,0.58974358974359,0.230769230769231,9.61666666666667,0.82051282051282,6.41111111111111,0.769230769230769,0.0769230769230769,8,0.384615384615385,5.33333333333333,0.538461538461538,0.17948717948718,3.61666666666667,0.41025641025641,2.41111111111111,0.41025641025641,0.153846153846154,9.5,0.717948717948718,6.33333333333333,0.717948717948718,0.512820512820513,6,0.846153846153846,4,0.794871794871795,3.17805383034795,2.484906649788,-1.96308151733405,0.122408889314544,-2.08515210248066,0.218190720090743,"sum",0.634551581708489,0.0215826989594233,1.5,-0.0760930075352408,0.117433897691138,-0.0696647409173262,0.291547984481294,0.223479683408277,-0.044570494286139,-0.847047327742888,1.47569608628082,0.634551581708489,0.382815739872453,0.0215826989594233,0.0171476387603592,16.5,25.7595238095238,0.230769230769231,0.256410256410256,0.0256410256410256,0.230769230769231,0.256410256410256,0.717948717948718,0.153846153846154,0.153846153846154,0.487179487179487,0.41025641025641,0.974358974358974,0.538461538461538,0.897435897435897,0.974358974358974,0.871794871794872,0.0256410256410256,0.846153846153846,0,3,1.5,0.743589743589744,0,6,10,33,12,1005.26666666667,1507.9,3015.8,8.0116204139317,0.512820512820513,7.31847323337175,0.743589743589744,0.0439958675008667,0.640365933208819,0.676509914075859,0.770995817432366,0.270958741767666,0.716920229643808,1005.26666666667,6.91300812526359,0.615384615384615,0.846153846153846,0.271022543221358,0.299873659273052,0.252806733649824,29,29,0.128205128205128,0,NA,NA,0,0.128205128205128,0,0,0,0,14.5,14.5,0.717948717948718,0.717948717948718,0,0
"sisu005","SI",2,2,3,19,13,27,13,4.33333333333333,17.3333333333333,TRUE,0.128205128205128,13.5,0.769230769230769,9,0.769230769230769,0.153846153846154,8.66666666666667,0.615384615384615,5.77777777777778,0.717948717948718,0,6.5,0.0256410256410256,4.33333333333333,0.230769230769231,0,2.16666666666667,0,1.44444444444444,0.128205128205128,0.153846153846154,9.5,0.717948717948718,6.33333333333333,0.717948717948718,0.82051282051282,6.5,0.948717948717949,4.33333333333333,0.974358974358974,3.29583686600433,2.60268968544438,-1.21760752340972,0.775256298992112,-1.19620051731169,0.831995092814256,"sum",0.599673074940653,0.0196618031051677,14.0333333333333,0.279969404002334,-0.0651949297150122,-0.180962981612677,-0.0545660134928489,-0.0142388804893214,0.0334279343230991,0.12546160001829,0.515973964479134,0.599673074940653,0.278563467867091,0.0196618031051677,0.0128691505946429,2.5,6.83333333333333,0.153846153846154,0.102564102564103,0.692307692307692,0.153846153846154,0.102564102564103,0.282051282051282,0,0,0.0512820512820513,1,0.794871794871795,0.461538461538462,0.666666666666667,0.846153846153846,0.897435897435897,0.666666666666667,0.692307692307692,0,2,1,0.205128205128205,0,2,4,34,12,319.2,478.8,957.6,6.86443015424376,0.0512820512820513,6.17128297368382,0.128205128205128,-1.414290540266,-1.03175223612838,-0.377791250717687,-0.204946230781595,-1.68018767817441,-1.00563318311796,478.8,6.17128297368382,0.128205128205128,0.102564102564103,0.271022543221358,0.299873659273052,0.252806733649824,32,32,0.205128205128205,0,NA,NA,0,0.205128205128205,0,0,0,0,16,16,0.923076923076923,0.923076923076923,0,0
"sisu006","SI",3,3,3,23,23,29,12,12.7666666666667,24.7666666666667,TRUE,0.230769230769231,9.66666666666667,0.230769230769231,9.66666666666667,0.846153846153846,0.564102564102564,8.25555555555556,0.512820512820513,8.25555555555556,0.974358974358974,0.41025641025641,7.66666666666667,0.358974358974359,7.66666666666667,0.897435897435897,0.538461538461538,4.25555555555556,0.615384615384615,4.25555555555556,0.974358974358974,0.384615384615385,7.66666666666667,0.358974358974359,7.66666666666667,0.897435897435897,0.512820512820513,4,0.461538461538462,4,0.794871794871795,3.36729582998647,2.26868354131836,-0.72062486079351,-0.89313152573945,-0.656873618896694,-0.908615773925276,"sum",0.840550721445581,0.0265657124581464,7.73333333333333,0.0776098274254737,-0.0536595565796505,-0.541930955454035,-0.800181599593555,-0.335848659065254,-1.13390084168574,0.681763214596632,-0.176207878615592,0.840550721445581,0.716652022909833,0.0265657124581464,0.0276382378589073,22.5,55.5166666666667,0.58974358974359,0.538461538461538,0.333333333333333,0.58974358974359,0.538461538461538,0.846153846153846,0.564102564102564,0.564102564102564,0.948717948717949,0.769230769230769,0.82051282051282,0.128205128205128,0.0512820512820513,0.358974358974359,0.230769230769231,0.923076923076923,0.564102564102564,0,3,1,0.205128205128205,0.384615384615385,2,4,41.3333333333333,12,556,556,1668,7.41938058291869,0.153846153846154,6.32076829425058,0.17948717948718,-0.910954293022009,-0.906314938807584,-0.377791250717687,-0.204946230781595,-0.736325460891498,-0.781174818931612,556,6.32076829425058,0.205128205128205,0.435897435897436,0.271022543221358,0.299873659273052,0.252806733649824,44,44,0.435897435897436,0,NA,NA,0,0.435897435897436,0,0,0,0,14.6666666666667,14.6666666666667,0.769230769230769,0.769230769230769,0,0
"sisu007","SI",4,4,4,28,27,34,13.75,14.8,28.55,TRUE,0.538461538461538,8.5,0,8.5,0.692307692307692,0.871794871794872,7.1375,0.282051282051282,7.1375,0.871794871794872,0.666666666666667,6.75,0.153846153846154,6.75,0.794871794871795,0.769230769230769,3.7,0.435897435897436,3.7,0.897435897435897,0.743589743589744,7,0.17948717948718,7,0.82051282051282,0.948717948717949,3.4375,0.307692307692308,3.4375,0.743589743589744,3.52636052461616,2.14006616349627,0.521831795747025,-1.40090173326645,0.54364572285297,-1.57888130474202,"sum",0.946638381801627,0.0301791686383801,6.88571428571429,0.0789809946854016,-0.15769196267435,0.26082493489223,-0.496593000052579,-0.186018725731949,-0.903223412324117,-0.468779214822499,0.372619755915577,0.946638381801627,0.74795957246822,0.0301791686383801,0.0295105687459414,22.3333333333333,40.7,0.871794871794872,0.897435897435897,0.282051282051282,0.871794871794872,0.897435897435897,0.82051282051282,0.717948717948718,0.717948717948718,0.717948717948718,0.794871794871795,0.641025641025641,0.769230769230769,0.230769230769231,0.58974358974359,0.435897435897436,0.205128205128205,0.666666666666667,0.307692307692308,4,1,0.205128205128205,0.794871794871795,5,10,38.5,12,408.5,408.5,1634,7.39878627541995,0.128205128205128,6.01249191430006,0.0769230769230769,-0.935044147197538,-1.14597816879227,-0.377791250717687,-0.204946230781595,-0.77135235290703,-1.24406449732033,408.5,6.01249191430006,0.102564102564103,0.153846153846154,0.271022543221358,0.299873659273052,0.252806733649824,56,56,0.794871794871795,0,NA,NA,0,0.794871794871795,0,0,0,0,14,14,0.615384615384615,0.615384615384615,0,0
"sisu008","SI",2,2,4,17,18,26,9.5,5.4,14.9,TRUE,0.0769230769230769,13,0.717948717948718,6.5,0.333333333333333,0.0256410256410256,7.45,0.358974358974359,3.725,0.128205128205128,0.128205128205128,9,0.641025641025641,4.5,0.307692307692308,0.102564102564103,2.7,0.102564102564103,1.35,0.102564102564103,0.0769230769230769,8.5,0.564102564102564,4.25,0.17948717948718,0.128205128205128,4.75,0.641025641025641,2.375,0.435897435897436,3.25809653802148,2.56494935746154,-1.46609885471783,0.557640495766256,-1.48104055559211,0.63531839642249,"sum",0.524437946885859,0.0173941658167332,9.34285714285714,-0.172051902497424,-0.115150973858199,-0.528265504170023,0.0489846254799097,0.0582308942170419,0.11787553512193,-0.484825973842855,1.8064362374312,0.524437946885859,0.305252001468487,0.0173941658167332,0.0137297209178135,0,0.25,0.0256410256410256,0.0256410256410256,0.487179487179487,0.0256410256410256,0.0256410256410256,0,0.0769230769230769,0.0256410256410256,0,0.153846153846154,0.717948717948718,0.17948717948718,0.743589743589744,0.923076923076923,0.974358974358974,0.17948717948718,0.897435897435897,0.307692307692308,2,1,0.205128205128205,0,3,7,23,12,443.3,886.6,1773.2,7.4805411028709,0.17948717948718,6.78739392231095,0.384615384615385,-0.836417450102431,-0.36914433655039,-0.377791250717687,-0.204946230781595,-0.632303369927263,-0.0805172241607592,886.6,6.78739392231095,0.461538461538462,0.17948717948718,0.271022543221358,0.299873659273052,0.252806733649824,25,25,0.0512820512820513,0,NA,NA,0,0.0512820512820513,0,0,0,0,12.5,12.5,0.282051282051282,0.282051282051282,0,0
"sisu009","SI",2,3,4,19,21,28,10.6666666666667,9.4,20.0666666666667,TRUE,0.205128205128205,14,0.846153846153846,7,0.384615384615385,0.307692307692308,10.0333333333333,0.897435897435897,5.01666666666667,0.487179487179487,0.256410256410256,10.5,0.871794871794872,5.25,0.512820512820513,0.307692307692308,4.7,0.82051282051282,2.35,0.384615384615385,0.153846153846154,9.5,0.717948717948718,4.75,0.384615384615385,0.282051282051282,5.33333333333333,0.794871794871795,2.66666666666667,0.58974358974359,3.3322045101752,2.63905732961526,-0.969116192101617,0.992872102217967,-0.921720625072574,1.02151830295514,"sum",0.683804358395218,0.02224799621014,2.03333333333333,0.0449281600280594,-0.162841888615107,-0.114989545728598,-0.226485813897745,-0.285757789750479,-0.60134799192997,1.0427340218269,-2.68224596172875,0.683804358395218,0.527683526703291,0.02224799621014,0.0207773251713934,2,23.3333333333333,0.307692307692308,0.307692307692308,0.0512820512820513,0.307692307692308,0.307692307692308,0.256410256410256,0.333333333333333,0.256410256410256,0.435897435897436,0.641025641025641,0.615384615384615,0.487179487179487,0.461538461538462,0.512820512820513,0.615384615384615,1,0,0.307692307692308,2,1,0.205128205128205,0,4,7,32.75,12,539.25,1078.5,2157,7.67647364638916,0.358974358974359,6.98332646582921,0.538461538461538,-0.564485507968079,-0.0573384122516743,-0.377791250717687,-0.204946230781595,-0.299060407299784,0.21368355784403,1078.5,6.98332646582921,0.717948717948718,0.384615384615385,0.271022543221358,0.299873659273052,0.252806733649824,38,38,0.333333333333333,0,NA,NA,0,0.333333333333333,0,0,0,0,12.6666666666667,12.6666666666667,0.41025641025641,0.41025641025641,0,0
"sisu010","SI",3,3,4,22,24,33,9.33333333333333,10.4166666666667,19.75,TRUE,0.461538461538462,11,0.358974358974359,8.25,0.641025641025641,0.282051282051282,6.58333333333333,0.153846153846154,4.9375,0.435897435897436,0.461538461538462,8,0.384615384615385,6,0.666666666666667,0.41025641025641,3.47222222222222,0.307692307692308,2.60416666666667,0.538461538461538,0.307692307692308,7.33333333333333,0.282051282051282,5.5,0.564102564102564,0.102564102564103,3.11111111111111,0.230769230769231,2.33333333333333,0.41025641025641,3.49650756146648,2.39789527279837,0.273340464438918,-0.312822717137168,0.318334507481338,-0.235252879620335,"sum",0.635596584766102,0.0221304191020438,29.6666666666667,0.105052765423638,-0.227377532665905,-0.553322992637232,0.244012328292093,-0.327184747319478,-0.719248035027893,0.153962595909689,-0.520173790094601,0.635596584766102,0.579407765883908,0.0221304191020438,0.0234714675203026,5,27.6666666666667,0.256410256410256,0.282051282051282,0.82051282051282,0.256410256410256,0.282051282051282,0.384615384615385,0.435897435897436,0.41025641025641,0.538461538461538,0.923076923076923,0.435897435897436,0.102564102564103,0.871794871794872,0.41025641025641,0.512820512820513,0.692307692307692,0.461538461538462,0.307692307692308,4,1.33333333333333,0.641025641025641,0.384615384615385,0,0,34.25,9,642.25,856.333333333333,2569,7.85127199710988,0.41025641025641,6.75265970844177,0.333333333333333,-0.272573157370495,-0.418322689731428,0.32507619247801,0.487495672130876,-0.00176257606357538,-0.132672076535664,642.25,6.46497763598999,0.230769230769231,0.512820512820513,0.271022543221358,0.299873659273052,0.252806733649824,33,33,0.230769230769231,0,NA,NA,0,0.230769230769231,0,0,0,0,11,11,0.0512820512820513,0.0512820512820513,0,0
"sisu011","SI",3,3,3,22,24,34,12.3333333333333,10.4833333333333,22.8166666666667,TRUE,0.538461538461538,11.3333333333333,0.435897435897436,11.3333333333333,1,0.461538461538462,7.60555555555555,0.435897435897436,7.60555555555555,0.923076923076923,0.461538461538462,8,0.384615384615385,8,0.948717948717949,0.435897435897436,3.49444444444444,0.358974358974359,3.49444444444444,0.846153846153846,0.307692307692308,7.33333333333333,0.282051282051282,7.33333333333333,0.871794871794872,0.692307692307692,4.11111111111111,0.512820512820513,4.11111111111111,0.923076923076923,3.52636052461616,2.42774823594805,0.521831795747025,-0.167745514986597,0.54364572285297,-0.0796797173401103,"sum",0.740813728327114,0.0249759303471679,16.2190476190476,0.0104434519386785,-0.21356588628002,0.506679871771816,-0.065079743145935,-0.21685379040122,-0.615483077113383,-0.648034411762656,-0.89047878184077,0.740813728327114,0.573546105840943,0.0249759303471679,0.0236567209060315,13,41.75,0.461538461538462,0.461538461538462,0.743589743589744,0.461538461538462,0.461538461538462,0.615384615384615,0.41025641025641,0.461538461538462,0.794871794871795,0.564102564102564,0.487179487179487,0.846153846153846,0.641025641025641,0.564102564102564,0.58974358974359,0.102564102564103,0.333333333333333,0,2,0.666666666666667,0.0769230769230769,0.384615384615385,1,1,38,12,1164.2,1164.2,3492.6,8.15840172350575,0.717948717948718,7.05978943483764,0.58974358974359,0.381820646056518,0.0819099864580703,-1.08065869391339,-1.18088827899556,0.520605061784125,0.32849585432499,1746.3,7.4652545429458,0.897435897435897,0.974358974358974,0.271022543221358,0.299873659273052,0.252806733649824,44,44,0.435897435897436,0,NA,NA,0,0.435897435897436,0,0,0,0,14.6666666666667,14.6666666666667,0.769230769230769,0.769230769230769,0,0
"sisu012","SI",2,2,3,20,19,30,12,6.93333333333333,18.9333333333333,TRUE,0.282051282051282,15,0.897435897435897,10,0.871794871794872,0.205128205128205,9.46666666666667,0.794871794871795,6.31111111111111,0.743589743589744,0.17948717948718,9.5,0.769230769230769,6.33333333333333,0.692307692307692,0.128205128205128,3.46666666666667,0.282051282051282,2.31111111111111,0.358974358974359,0.230769230769231,10,0.794871794871795,6.66666666666667,0.769230769230769,0.512820512820513,6,0.846153846153846,4,0.794871794871795,3.40119738166216,2.70805020110221,-0.472133529485403,1.42810370866968,-0.401006227350556,1.38106181420397,"sum",0.609428926772701,0.0213577262479792,13.7428571428571,0.0251487942363676,-0.084440336665996,-0.226221453998572,0.40864682634597,-0.145532536361485,-0.0448456206928339,-0.676799485154717,-0.37089307861233,0.609428926772701,0.374253451768927,0.0213577262479792,0.0167950675647407,0,12.1261904761905,0.17948717948718,0.205128205128205,0.666666666666667,0.17948717948718,0.205128205128205,0,0.128205128205128,0.128205128205128,0.153846153846154,0.58974358974359,0.769230769230769,0.41025641025641,0.974358974358974,0.666666666666667,0.846153846153846,0.0769230769230769,0.487179487179487,0,1,0.5,0.0256410256410256,0,4,4,38,4,1030.06666666667,1545.1,3090.2,8.03599109271632,0.538461538461538,7.34284391215637,0.769230769230769,0.096710136637906,0.700809812228685,-1.43209241551123,-1.87333018190803,0.31240850327027,0.753513807350081,3090.2,8.03599109271632,0.974358974358974,0.871794871794872,0.271022543221358,0.299873659273052,0.252806733649824,31,31,0.153846153846154,0,NA,NA,0,0.153846153846154,0,0,0,0,15.5,15.5,0.871794871794872,0.871794871794872,0,0
"sisu013","SI",2,3,3,20,23,30,12.6666666666667,11.0666666666667,23.7333333333333,TRUE,0.282051282051282,15,0.897435897435897,10,0.871794871794872,0.487179487179487,11.8666666666667,0.948717948717949,7.91111111111111,0.948717948717949,0.41025641025641,11.5,0.948717948717949,7.66666666666667,0.897435897435897,0.461538461538462,5.53333333333333,0.948717948717949,3.68888888888889,0.871794871794872,0.230769230769231,10,0.794871794871795,6.66666666666667,0.769230769230769,0.769230769230769,6.33333333333333,0.923076923076923,4.22222222222222,0.948717948717949,3.40119738166216,2.70805020110221,-0.472133529485403,1.42810370866968,-0.401006227350556,1.38106181420397,"sum",0.793584369804757,0.0256786607363852,0.833333333333333,-0.108371582259905,-0.0991888003368742,-0.852844682876138,-0.0783234416826731,-0.0486234608837944,-0.320807100149436,0.259631464159647,1.30129668736653,0.793584369804757,0.546187547929899,0.0256786607363852,0.0234142074904364,11.5,29.5,0.487179487179487,0.487179487179487,0,0.487179487179487,0.487179487179487,0.538461538461538,0.384615384615385,0.384615384615385,0.564102564102564,0.384615384615385,0.743589743589744,0,0.58974358974359,0.794871794871795,0.769230769230769,0.794871794871795,0.794871794871795,0,3,1.5,0.743589743589744,0,2,7,38.3333333333333,10,903.733333333333,1355.6,2711.2,7.90514662029284,0.461538461538462,7.2119994397329,0.692307692307692,-0.17182088490696,0.392903493028024,0.676509914075859,0.770995817432366,0.0898676284830983,0.557045444224872,903.733333333333,6.80653433162473,0.487179487179487,0.794871794871795,0.271022543221358,0.299873659273052,0.252806733649824,48,48,0.538461538461538,0,NA,NA,0,0.538461538461538,0,0,0,0,16,16,0.923076923076923,0.923076923076923,0,0
"sisu014","SI",3,3,5,28,26,35,15.6666666666667,13.2,28.8666666666667,TRUE,0.641025641025641,11.6666666666667,0.512820512820513,7,0.384615384615385,0.948717948717949,9.62222222222222,0.871794871794872,5.77333333333333,0.692307692307692,0.538461538461538,8.66666666666667,0.538461538461538,5.2,0.461538461538462,0.58974358974359,4.4,0.666666666666667,2.64,0.564102564102564,0.743589743589744,9.33333333333333,0.641025641025641,5.6,0.58974358974359,1,5.22222222222222,0.769230769230769,3.13333333333333,0.692307692307692,3.55534806148941,2.4567357728213,0.770323127055132,-0.0226683128360269,0.762425250057529,0.0713834369429411,"sum",0.980078474728347,0.0303852887912849,2.83333333333333,-0.122292923101831,-0.289245033779283,-0.19907460787763,-0.531680320795649,-0.181276870251187,-0.914294241160434,0.316027848932933,-0.99768483458604,0.980078474728347,0.721447763200313,0.0303852887912849,0.0279308850813089,15,47.7,0.974358974358974,0.923076923076923,0.102564102564103,0.974358974358974,0.923076923076923,0.641025641025641,0.615384615384615,0.615384615384615,0.871794871794872,0.256410256410256,0.102564102564103,0.435897435897436,0.17948717948718,0.615384615384615,0.41025641025641,0.846153846153846,0.230769230769231,0.538461538461538,4,1.33333333333333,0.641025641025641,0.384615384615385,0,0,22.4,12,791.04,1318.4,3955.2,8.28278644782332,0.769230769230769,7.18417415915521,0.666666666666667,0.709584367868272,0.332459614008159,0.32507619247801,0.487495672130876,0.732159167564043,0.515264639676209,988.8,6.89649208670343,0.564102564102564,0.692307692307692,0.271022543221358,0.299873659273052,0.252806733649824,55,55,0.769230769230769,0,NA,NA,0,0.769230769230769,0,0,0,0,18.3333333333333,18.3333333333333,1,1,0,0
"sisu015","SI",4,6,7,32,33,38,11.6666666666667,18.8333333333333,30.5,TRUE,1,9.5,0.205128205128205,5.42857142857143,0.17948717948718,1,7.625,0.461538461538462,4.35714285714286,0.358974358974359,1,8.25,0.512820512820513,4.71428571428571,0.384615384615385,1,4.70833333333333,0.846153846153846,2.69047619047619,0.615384615384615,0.974358974358974,8,0.435897435897436,4.57142857142857,0.307692307692308,0.487179487179487,2.91666666666667,0.153846153846154,1.66666666666667,0.0769230769230769,3.63758615972639,2.2512917986065,1.51579712097945,-0.965670126814735,1.38310621129811,-0.999249604734075,"sum",1,0.032032685462775,12.0952380952381,-0.113726855857378,-0.33357004091781,-0.282207652594291,-0.578537271341116,-0.635699265981882,-1.75124248286566,0.249499537003465,-2.19472566848252,1,1,0.032032685462775,0.0385567201332568,19.5,19.0095238095238,1,1,0.615384615384615,1,1,0.743589743589744,1,1,0.307692307692308,0.333333333333333,0,0.384615384615385,0.153846153846154,0.0256410256410256,0,0.769230769230769,0.0512820512820513,0.846153846153846,4,1,0.205128205128205,0.794871794871795,3,5,27.2857142857143,12,725.657142857143,1269.9,5079.6,8.53298779731488,0.897435897435897,7.14669343619499,0.641025641025641,1.50625001595547,0.25365509431828,-0.377791250717687,-0.204946230781595,1.15770276262379,0.458985790808134,1269.9,7.14669343619499,0.794871794871795,0.641025641025641,0.271022543221358,0.299873659273052,0.252806733649824,72,72,1,0,NA,NA,0,1,0,0,0,0,12,12,0.17948717948718,0.17948717948718,0,0
"sisu016","SI",2,2,6,18,18,27,11.5,6.98333333333333,18.4833333333333,TRUE,0.128205128205128,13.5,0.769230769230769,4.5,0.0512820512820513,0.17948717948718,9.24166666666667,0.743589743589744,3.08055555555556,0.0256410256410256,0.128205128205128,9,0.641025641025641,3,0.0256410256410256,0.153846153846154,3.49166666666667,0.333333333333333,1.16388888888889,0,0.102564102564103,9,0.58974358974359,3,0,0.435897435897436,5.75,0.82051282051282,1.91666666666667,0.230769230769231,3.29583686600433,2.60268968544438,-1.21760752340972,0.775256298992112,-1.19620051731169,0.831995092814256,"sum",0.631547184025581,0.0207512944197053,10.05,-0.164628751280106,-0.00314763510469835,-0.31917434465981,-0.295102046272863,-0.0433787806028448,-0.236543660738089,-0.0922830508849365,-0.987361415494666,0.631547184025581,0.40671783458913,0.0207512944197053,0.0176179929282411,1.5,19.8428571428571,0.205128205128205,0.17948717948718,0.538461538461538,0.205128205128205,0.17948717948718,0.205128205128205,0.17948717948718,0.17948717948718,0.358974358974359,0.205128205128205,0.923076923076923,0.333333333333333,0.41025641025641,0.82051282051282,0.794871794871795,0.435897435897436,0.256410256410256,0.717948717948718,3,1.5,0.743589743589744,0,3,6,20.3333333333333,8,543.1,1629.3,3258.6,8.08905293426885,0.641025641025641,7.39590575370891,0.846153846153846,0.216025767319055,0.837620957752144,0.676509914075859,0.770995817432366,0.402656325117127,0.833188347368065,1086.2,6.99044064560074,0.743589743589744,0.41025641025641,0.271022543221358,0.299873659273052,0.252806733649824,26,26,0.0769230769230769,0,NA,NA,0,0.0769230769230769,0,0,0,0,13,13,0.461538461538462,0.461538461538462,0,0
"sisu017","SI",3,5,7,31,29,34,13,14.9666666666667,27.9666666666667,TRUE,0.538461538461538,11.3333333333333,0.435897435897436,4.85714285714286,0.0769230769230769,0.846153846153846,9.32222222222222,0.769230769230769,3.99523809523809,0.17948717948718,0.846153846153846,9.66666666666667,0.794871794871795,4.14285714285714,0.17948717948718,0.794871794871795,4.98888888888889,0.871794871794872,2.13809523809524,0.256410256410256,0.948717948717949,10.3333333333333,0.846153846153846,4.42857142857143,0.230769230769231,0.794871794871795,4.33333333333333,0.564102564102564,1.85714285714286,0.17948717948718,3.52636052461616,2.42774823594805,0.521831795747025,-0.167745514986597,0.54364572285297,-0.0796797173401103,"sum",0.949527805803876,0.0295307257429659,33.6666666666667,0.00401806043796518,-0.304339039228182,-0.328840846621769,-1.02780157409624,-0.661230617026387,-1.66253307067794,-0.023748261268483,-1.99314506587109,0.949527805803876,0.871424521739747,0.0295307257429659,0.0329251128711232,26,38.7833333333333,0.897435897435897,0.846153846153846,0.897435897435897,0.897435897435897,0.846153846153846,0.948717948717949,0.897435897435897,0.871794871794872,0.692307692307692,0.538461538461538,0.0769230769230769,0.282051282051282,0,0,0.0256410256410256,0.564102564102564,0.102564102564103,0.846153846153846,5,1.66666666666667,0.871794871794872,0.384615384615385,1,4,26.1428571428571,10,756.228571428572,1764.53333333333,5293.6,8.57425382269785,0.948717948717949,7.47564153402974,0.923076923076923,1.65787439223674,1.05735287279121,1.02794363567371,1.02459533905766,1.22788820659115,0.952914904799116,1058.72,6.96481591026375,0.692307692307692,0.666666666666667,0.271022543221358,0.299873659273052,0.252806733649824,58,58,0.871794871794872,0,NA,NA,0,0.871794871794872,0,0,0,0,11.6,11.6,0.153846153846154,0.153846153846154,0,0
"sisu018","SI",3,3,3,25,21,30,12,9.11666666666667,21.1166666666667,TRUE,0.282051282051282,10,0.256410256410256,10,0.871794871794872,0.333333333333333,7.03888888888889,0.205128205128205,7.03888888888889,0.846153846153846,0.256410256410256,7,0.17948717948718,7,0.846153846153846,0.282051282051282,3.03888888888889,0.128205128205128,3.03888888888889,0.743589743589744,0.512820512820513,8.33333333333333,0.487179487179487,8.33333333333333,1,0.615384615384615,4,0.487179487179487,4,0.897435897435897,3.40119738166216,2.30258509299405,-0.472133529485403,-0.74805432358888,-0.401006227350556,-0.731944145921453,"sum",0.735805636426783,0.0231312444888166,13.0357142857143,-0.0391772748889838,-0.218547965739011,0.444433075451708,-0.767529683778819,-0.308363612578407,-0.674993718480408,0.0869060404323399,-1.42276778114068,0.735805636426783,0.528084511979085,0.0231312444888166,0.0214818693168401,2.5,16.5833333333333,0.435897435897436,0.333333333333333,0.641025641025641,0.435897435897436,0.333333333333333,0.282051282051282,0.358974358974359,0.333333333333333,0.282051282051282,0.435897435897436,0.461538461538462,0.82051282051282,0.0769230769230769,0.461538461538462,0.538461538461538,0.615384615384615,0.153846153846154,0,2,0.666666666666667,0.0769230769230769,0.384615384615385,2,6,35.6666666666667,10,326.666666666667,326.666666666667,980,6.88755257166462,0.0769230769230769,5.78894028299651,0.0512820512820513,-1.39841957751506,-1.27894387039959,-1.08065869391339,-1.18088827899556,-1.64086096528601,-1.5797364769056,490,6.19440539110467,0.153846153846154,0.128205128205128,0.271022543221358,0.299873659273052,0.252806733649824,37,37,0.307692307692308,0,NA,NA,0,0.307692307692308,0,0,0,0,12.3333333333333,12.3333333333333,0.256410256410256,0.256410256410256,0,0
"sisu019","SI",2,2,3,13,16,25,7.5,5.38333333333333,12.8833333333333,TRUE,0.0512820512820513,12.5,0.692307692307692,8.33333333333333,0.666666666666667,0,6.44166666666667,0.102564102564103,4.29444444444445,0.282051282051282,0.0769230769230769,8,0.384615384615385,5.33333333333333,0.538461538461538,0.0769230769230769,2.69166666666667,0.0769230769230769,1.79444444444444,0.17948717948718,0,6.5,0.0512820512820513,4.33333333333333,0.205128205128205,0,3.75,0.358974358974359,2.5,0.487179487179487,3.2188758248682,2.52572864430826,-1.71459018602594,0.3400246925404,-1.77705360139934,0.430926948191772,"sum",0.440944635394061,0.015597854268283,40.6333333333333,0.0975885236563988,-0.135910515975179,-0.0811803210348256,0.330085757569876,0.0248082052236346,0.0384236754063905,-0.0466537915072439,-0.256775626747463,0.440944635394061,0.311127274733033,0.015597854268283,0.0144233650240846,0,4,0,0,0.974358974358974,0,0,0,0.102564102564103,0.102564102564103,0.0256410256410256,0.846153846153846,0.692307692307692,0.512820512820513,0.923076923076923,0.897435897435897,0.923076923076923,0.512820512820513,0.538461538461538,0,2,1,0.205128205128205,0,4,7,32.6666666666667,10,657.666666666667,986.5,1973,7.58731050602262,0.256410256410256,6.89416332546267,0.435897435897436,-0.694854130565059,-0.206823274343815,-0.377791250717687,-0.204946230781595,-0.450709482636506,0.079801431114048,986.5,6.89416332546267,0.538461538461538,0.58974358974359,0.271022543221358,0.299873659273052,0.252806733649824,22,22,0,0,NA,NA,0,0,0,0,0,0,11,11,0.0512820512820513,0.0512820512820513,0,0
"sisu020","SI",2,2,4,15,13,23,10,5.13333333333333,15.1333333333333,TRUE,0,11.5,0.487179487179487,5.75,0.205128205128205,0.0512820512820513,7.56666666666667,0.41025641025641,3.78333333333333,0.153846153846154,0,6.5,0.0256410256410256,3.25,0.0769230769230769,0.0256410256410256,2.56666666666667,0.0256410256410256,1.28333333333333,0.0769230769230769,0.0512820512820513,7.5,0.333333333333333,3.75,0.102564102564103,0.153846153846154,5,0.666666666666667,2.5,0.487179487179487,3.13549421592915,2.4423470353692,-2.21157284864215,-0.095206913911312,-2.40636505552547,-0.00360079076736503,"sum",0.527105276392457,0.0176266936836785,5.25952380952381,0.063989494857759,0.186741761459243,1.00801131505711,0.149499227958083,0.364008429870434,0.113856950025593,-0.0763556944784965,1.61290426368405,0.527105276392457,0.301991242581306,0.0176266936836785,0.0138019872076523,1.5,13.75,0.0512820512820513,0.0512820512820513,0.205128205128205,0.0512820512820513,0.0512820512820513,0.205128205128205,0.0512820512820513,0.0512820512820513,0.230769230769231,0.717948717948718,1,1,0.846153846153846,1,0.948717948717949,0.461538461538462,0.871794871794872,0.307692307692308,1,0.5,0.0256410256410256,0,3,6,24.25,6,530.55,1061.1,2122.2,7.66020856543949,0.333333333333333,6.96706138487954,0.512820512820513,-0.589142182241856,-0.0856105492125794,-1.43209241551123,-1.87333018190803,-0.32672413107795,0.189260869051052,2122.2,7.66020856543949,0.948717948717949,0.358974358974359,0.271022543221358,0.299873659273052,0.252806733649824,31,31,0.153846153846154,0,NA,NA,0,0.153846153846154,0,0,0,0,15.5,15.5,0.871794871794872,0.871794871794872,0,0
"sisu021","SI",4,5,7,27,29,35,10.2,15.05,25.25,TRUE,0.641025641025641,8.75,0.0256410256410256,5,0.128205128205128,0.641025641025641,6.3125,0.0769230769230769,3.60714285714286,0.102564102564103,0.846153846153846,7.25,0.256410256410256,4.14285714285714,0.17948717948718,0.82051282051282,3.7625,0.461538461538462,2.15,0.282051282051282,0.666666666666667,6.75,0.128205128205128,3.85714285714286,0.128205128205128,0.205128205128205,2.55,0.0256410256410256,1.45714285714286,0,3.55534806148941,2.16905370036952,0.770323127055132,-1.29209383165352,0.762425250057529,-1.42781815045897,"sum",0.846846691681782,0.0270679662576633,34.3761904761905,-0.0171761058043911,-0.231903189986979,0.709265111723884,-0.449695036862026,-0.515746086339009,-1.53270807087553,-0.3692400536478,0.329302405649308,0.846846691681782,0.85655350916793,0.0270679662576633,0.0332303894628422,5,37.3666666666667,0.641025641025641,0.641025641025641,0.923076923076923,0.641025641025641,0.641025641025641,0.384615384615385,0.871794871794872,0.897435897435897,0.666666666666667,0.512820512820513,0.41025641025641,0.923076923076923,0.256410256410256,0.0512820512820513,0.0769230769230769,0.282051282051282,0.641025641025641,0.846153846153846,6,1.5,0.743589743589744,0.794871794871795,1,1,22.7142857142857,10,287.142857142857,502.5,2010,7.60589000105312,0.282051282051282,6.21959563993323,0.153846153846154,-0.668638701021101,-0.99324363578508,0.676509914075859,0.770995817432366,-0.419109392845851,-0.933089725374357,335,5.81413053182507,0.0512820512820513,0.0769230769230769,0.271022543221358,0.299873659273052,0.252806733649824,63,63,0.948717948717949,0,NA,NA,0,0.948717948717949,0,0,0,0,12.6,12.6,0.358974358974359,0.358974358974359,0,0
"sisu022","SI",3,3,4,24,22,32,11.3333333333333,9.93333333333333,21.2666666666667,TRUE,0.41025641025641,10.6666666666667,0.307692307692308,8,0.58974358974359,0.384615384615385,7.08888888888889,0.256410256410256,5.31666666666667,0.58974358974359,0.333333333333333,7.33333333333333,0.307692307692308,5.5,0.58974358974359,0.384615384615385,3.31111111111111,0.230769230769231,2.48333333333333,0.487179487179487,0.487179487179487,8,0.435897435897436,6,0.666666666666667,0.41025641025641,3.77777777777778,0.435897435897436,2.83333333333333,0.641025641025641,3.46573590279973,2.36712361413162,0.0248491331308111,-0.457899919287739,0.0860895615292537,-0.39561365263277,"sum",0.727035099561589,0.0233316805490637,5.03333333333333,-0.189431196219639,-0.284845330605213,-0.532824401783254,-0.176961322569441,-0.341328221419016,-0.86244702663922,-0.37402624648614,1.0450380972385,0.727035099561589,0.60113925762836,0.0233316805490637,0.0236135840797703,0,21.8333333333333,0.384615384615385,0.358974358974359,0.153846153846154,0.384615384615385,0.358974358974359,0,0.461538461538462,0.435897435897436,0.41025641025641,0.102564102564103,0.128205128205128,0.153846153846154,0.487179487179487,0.307692307692308,0.461538461538462,0.256410256410256,0.743589743589744,0.307692307692308,4,1.33333333333333,0.641025641025641,0.384615384615385,2,2,33.5,8,650.05,866.733333333333,2600.2,7.86334364412807,0.435897435897436,6.76473135545996,0.358974358974359,-0.250467173538833,-0.401424400973186,0.32507619247801,0.487495672130876,0.0187689361798637,-0.114546001463787,650.05,6.47704928300818,0.256410256410256,0.564102564102564,0.271022543221358,0.299873659273052,0.252806733649824,36,36,0.256410256410256,0,NA,NA,0,0.256410256410256,0,0,0,0,12,12,0.17948717948718,0.17948717948718,0,0
"sisu023","SI",4,4,5,27,32,36,12.25,16.5333333333333,28.7833333333333,TRUE,0.794871794871795,9,0.102564102564103,7.2,0.461538461538462,0.923076923076923,7.19583333333333,0.333333333333333,5.75666666666667,0.641025641025641,0.974358974358974,8,0.384615384615385,6.4,0.717948717948718,0.948717948717949,4.13333333333333,0.538461538461538,3.30666666666667,0.794871794871795,0.666666666666667,6.75,0.128205128205128,5.4,0.538461538461538,0.666666666666667,3.0625,0.205128205128205,2.45,0.461538461538462,3.58351893845611,2.19722457733622,1.01881445836324,-1.18328593004059,0.975041146698223,-1.28101086731117,"sum",0.930136544918426,0.0305293496269433,5.16666666666667,-0.0251353028463606,-0.27129720281171,-0.305281266105717,-0.125237433194543,-0.433398616241746,-1.43612406622713,0.0908252317374801,1.38291599549865,0.930136544918427,0.891619425579513,0.0305293496269433,0.0350543262233186,20,74.6666666666667,0.846153846153846,0.948717948717949,0.17948717948718,0.846153846153846,0.948717948717949,0.769230769230769,0.948717948717949,0.974358974358974,1,0.487179487179487,0.230769230769231,0.358974358974359,0.512820512820513,0.153846153846154,0.128205128205128,0.641025641025641,0.82051282051282,0.538461538461538,3,0.75,0.153846153846154,0.794871794871795,2,5,25.4,10,624.44,780.55,3122.2,8.04629316052257,0.58974358974359,6.65999879940268,0.307692307692308,0.119382940567816,-0.541458136820734,-0.904941833114461,-0.897388133694066,0.329930307128359,-0.271806246955073,1040.73333333333,6.94768087185446,0.666666666666667,0.461538461538462,0.271022543221358,0.299873659273052,0.252806733649824,56,56,0.794871794871795,0,NA,NA,0,0.794871794871795,0,0,0,0,14,14,0.615384615384615,0.615384615384615,0,0
"sisu024","SI",2,2,3,14,22,27,7.5,8.81666666666667,16.3166666666667,TRUE,0.128205128205128,13.5,0.769230769230769,9,0.769230769230769,0.0769230769230769,8.15833333333333,0.487179487179487,5.43888888888889,0.615384615384615,0.333333333333333,11,0.923076923076923,7.33333333333333,0.871794871794872,0.230769230769231,4.40833333333333,0.692307692307692,2.93888888888889,0.717948717948718,0.0256410256410256,7,0.17948717948718,4.66666666666667,0.333333333333333,0,3.75,0.358974358974359,2.5,0.487179487179487,3.29583686600433,2.60268968544438,-1.21760752340972,0.775256298992112,-1.19620051731169,0.831995092814256,"sum",0.528457065988737,0.0188838335218117,9.40238095238095,0.0570155589658037,-0.00973692529493992,0.586132883188369,0.552843689085523,-0.338144671140933,-0.454820790261384,-0.61831311925877,-0.658260921063514,0.528457065988737,0.496060325622437,0.0188838335218117,0.0213780525532075,0.333333333333333,9.72619047619048,0.0769230769230769,0.0769230769230769,0.512820512820513,0.0769230769230769,0.0769230769230769,0.128205128205128,0.230769230769231,0.307692307692308,0.128205128205128,0.692307692307692,0.897435897435897,0.871794871794872,1,0.333333333333333,0.666666666666667,0.128205128205128,0.41025641025641,0,2,1,0.205128205128205,0,3,5,35.6666666666667,12,474.533333333333,711.8,1423.6,7.26094415363604,0.102564102564103,6.56779697307609,0.282051282051282,-1.08411783303669,-0.653165574525459,-0.377791250717687,-0.204946230781595,-1.00579486160568,-0.410251085777997,711.8,6.56779697307609,0.307692307692308,0.230769230769231,0.271022543221358,0.299873659273052,0.252806733649824,23,23,0.0256410256410256,0,NA,NA,0,0.0256410256410256,0,0,0,0,11.5,11.5,0.102564102564103,0.102564102564103,0,0
"sisu025","SI",3,3,3,23,28,33,13,13.8333333333333,26.8333333333333,TRUE,0.461538461538462,11,0.358974358974359,11,0.974358974358974,0.794871794871795,8.94444444444444,0.692307692307692,8.94444444444444,1,0.743589743589744,9.33333333333333,0.717948717948718,9.33333333333333,1,0.692307692307692,4.61111111111111,0.794871794871795,4.61111111111111,1,0.384615384615385,7.66666666666667,0.358974358974359,7.66666666666667,0.897435897435897,0.846153846153846,4.33333333333333,0.58974358974359,4.33333333333333,1,3.49650756146648,2.39789527279837,0.273340464438918,-0.312822717137168,0.318334507481338,-0.235252879620335,"sum",0.873619781296312,0.0286820131600883,5.77619047619048,-0.11767466965989,-0.163495899790234,0.0626037103063621,-0.439108420719139,-0.125644025611969,-0.583895425751485,1.02965408300041,-2.08747828149978,0.873619781296311,0.662969018076715,0.0286820131600883,0.027169899173131,26.5,41.0166666666667,0.769230769230769,0.794871794871795,0.230769230769231,0.769230769230769,0.794871794871795,0.974358974358974,0.512820512820513,0.538461538461538,0.743589743589744,0.307692307692308,0.58974358974359,0.615384615384615,0.282051282051282,0.692307692307692,0.641025641025641,0.974358974358974,0.0769230769230769,0,2,0.666666666666667,0.0769230769230769,0.384615384615385,4,7,36,7,648.4,648.4,1945.2,7.57312007852963,0.230769230769231,6.47450778986152,0.230769230769231,-0.714551128979168,-0.756180142532434,-1.08065869391339,-1.18088827899556,-0.47484462636403,-0.550328635742317,972.6,6.87997289796969,0.512820512820513,0.538461538461538,0.271022543221358,0.299873659273052,0.252806733649824,42,42,0.384615384615385,0,NA,NA,0,0.384615384615385,0,0,0,0,14,14,0.615384615384615,0.615384615384615,0,0
"sisu026","SI",2,2,3,21,13,26,12,5.28333333333333,17.2833333333333,TRUE,0.0769230769230769,13,0.717948717948718,8.66666666666667,0.717948717948718,0.102564102564103,8.64166666666667,0.564102564102564,5.76111111111111,0.666666666666667,0,6.5,0.0256410256410256,4.33333333333333,0.230769230769231,0.0512820512820513,2.64166666666667,0.0512820512820513,1.76111111111111,0.153846153846154,0.282051282051282,10.5,0.871794871794872,7,0.82051282051282,0.512820512820513,6,0.846153846153846,4,0.794871794871795,3.25809653802148,2.56494935746154,-1.46609885471783,0.557640495766256,-1.48104055559211,0.63531839642249,"sum",0.576540440366,0.0197515947990692,2.56666666666667,0.104046911438238,-0.0289313473474595,0.233539719815706,0.349668096233643,0.172020752744752,0.169723797554647,0.513893721944084,-0.897576974332315,0.576540440366,0.289272315915456,0.0197515947990692,0.0144169040040643,5,13.0333333333333,0.102564102564103,0.153846153846154,0.0769230769230769,0.102564102564103,0.153846153846154,0.384615384615385,0.0256410256410256,0.0769230769230769,0.17948717948718,0.897435897435897,0.871794871794872,0.743589743589744,0.948717948717949,0.948717948717949,1,0.871794871794872,0.307692307692308,0,2,1,0.205128205128205,0,5,12,36,10,1074,1611,3222,8.07775756373692,0.615384615384615,7.38461038317697,0.82051282051282,0.190093747824221,0.807886468879468,-0.377791250717687,-0.204946230781595,0.383445107457993,0.81622788340502,1611,7.38461038317697,0.871794871794872,0.923076923076923,0.271022543221358,0.299873659273052,0.252806733649824,27,27,0.102564102564103,0,NA,NA,0,0.102564102564103,0,0,0,0,13.5,13.5,0.512820512820513,0.512820512820513,0,0
"sisu027","SI",3,4,4,32,26,36,13.25,13.8,27.05,TRUE,0.794871794871795,12,0.564102564102564,9,0.769230769230769,0.82051282051282,9.01666666666667,0.717948717948718,6.7625,0.82051282051282,0.538461538461538,8.66666666666667,0.538461538461538,6.5,0.743589743589744,0.666666666666667,4.6,0.769230769230769,3.45,0.82051282051282,0.974358974358974,10.6666666666667,0.897435897435897,8,0.974358974358974,0.871794871794872,4.41666666666667,0.615384615384615,3.3125,0.717948717948718,3.58351893845611,2.484906649788,1.01881445836324,0.122408889314544,0.975041146698223,0.218190720090743,"sum",0.898040954186174,0.0288122381484253,30.927380952381,-0.201733237746069,-0.28140011515638,0.155153730139449,-0.706128581246254,-0.23491354303651,-1.08506035907742,0.18191894666209,-0.918476724884328,0.898040954186174,0.745991285813592,0.0288122381484253,0.0281867563582963,23,50.8166666666667,0.82051282051282,0.82051282051282,0.846153846153846,0.82051282051282,0.82051282051282,0.897435897435897,0.692307692307692,0.641025641025641,0.897435897435897,0.0512820512820513,0.17948717948718,0.666666666666667,0.102564102564103,0.538461538461538,0.307692307692308,0.743589743589744,0.282051282051282,0.307692307692308,4,1.33333333333333,0.641025641025641,0.384615384615385,4,8,33,12,1327.3,1769.73333333333,5309.2,8.57719644375205,0.974358974358974,7.47858415508394,0.948717948717949,1.66892738415257,1.06580201717033,0.32507619247801,0.487495672130876,1.23289302988586,0.957333371480267,1327.3,7.19090208263216,0.82051282051282,1,0.271022543221358,0.299873659273052,0.252806733649824,54,54,0.666666666666667,0,NA,NA,0,0.666666666666667,0,0,0,0,13.5,13.5,0.512820512820513,0.512820512820513,0,0
"sisu028","SI",2,5,6,29,30,35,10.2,14.5,24.7,TRUE,0.641025641025641,17.5,1,5.83333333333333,0.230769230769231,0.538461538461538,12.35,0.974358974358974,4.11666666666667,0.205128205128205,0.923076923076923,15,1,5,0.41025641025641,0.743589743589744,7.25,0.974358974358974,2.41666666666667,0.435897435897436,0.897435897435897,14.5,1,4.83333333333333,0.41025641025641,0.17948717948718,5.1,0.692307692307692,1.7,0.128205128205128,3.55534806148941,2.86220088092947,0.770323127055132,2.51618272479896,0.762425250057529,2.18438939706837,"sum",0.800724370793535,0.0267412289856523,38.45,0.0774051708009674,-0.258197324175704,-0.633868559833843,-0.00310366407593274,-0.514224981540398,-0.997585801174335,-0.066688845314888,-2.20014118393511,0.800724370793535,0.757296816504208,0.0267412289856523,0.0300516570600301,22,14.6666666666667,0.512820512820513,0.58974358974359,0.948717948717949,0.512820512820513,0.58974358974359,0.794871794871795,0.743589743589744,0.743589743589744,0.256410256410256,0.743589743589744,0.282051282051282,0.0256410256410256,0.692307692307692,0.0769230769230769,0.384615384615385,0.487179487179487,0.0256410256410256,0.717948717948718,3,1.5,0.743589743589744,0,3,4,23.1666666666667,10,520.166666666667,1560.5,3121,8.04590874227078,0.564102564102564,7.35276156171083,0.794871794871795,0.118532710420444,0.725832278274543,0.676509914075859,0.770995817432366,0.329276486814422,0.76840556653505,1040.33333333333,6.94729645360267,0.641025641025641,0.307692307692308,0.271022543221358,0.299873659273052,0.252806733649824,54,54,0.666666666666667,0,NA,NA,0,0.666666666666667,0,0,0,0,10.8,10.8,0.0256410256410256,0.0256410256410256,0,0
"sisu029","SI",3,4,5,25,22,36,8.5,12.6833333333333,21.1833333333333,TRUE,0.794871794871795,12,0.564102564102564,7.2,0.461538461538462,0.358974358974359,7.06111111111111,0.230769230769231,4.23666666666667,0.256410256410256,0.333333333333333,7.33333333333333,0.307692307692308,4.4,0.282051282051282,0.512820512820513,4.22777777777778,0.58974358974359,2.53666666666667,0.512820512820513,0.512820512820513,8.33333333333333,0.487179487179487,5,0.461538461538462,0.0769230769230769,2.83333333333333,0.102564102564103,1.7,0.102564102564103,3.58351893845611,2.484906649788,1.01881445836324,0.122408889314544,0.975041146698223,0.218190720090743,"sum",0.698707917727504,0.023370711503946,57.1857142857143,-0.121123570238606,-0.18389418219709,-0.586850767848316,0.149033020546846,-0.0852188497659361,-0.794551376936776,-0.112055493490224,2.59412473933084,0.698707917727504,0.677906648282275,0.023370711503946,0.026239683014843,1,8.9,0.333333333333333,0.384615384615385,1,0.333333333333333,0.384615384615385,0.153846153846154,0.538461538461538,0.512820512820513,0.102564102564103,0.282051282051282,0.512820512820513,0.0512820512820513,0.82051282051282,0.769230769230769,0.487179487179487,0.41025641025641,0.974358974358974,0.538461538461538,3,1,0.205128205128205,0.384615384615385,2,3,28.8,8,1056.64,1761.06666666667,5283.2,8.57228725372581,0.923076923076923,7.4736749650577,0.897435897435897,1.65050573095952,1.05172010987179,-0.377791250717687,-0.204946230781595,1.22454345712439,0.949962020510209,1761.06666666667,7.4736749650577,0.923076923076923,0.897435897435897,0.271022543221358,0.299873659273052,0.252806733649824,46,46,0.512820512820513,0,NA,NA,0,0.512820512820513,0,0,0,0,11.5,11.5,0.102564102564103,0.102564102564103,0,0
"sisu030","SI",2,3,7,22,20,30,10.3333333333333,8.9,19.2333333333333,TRUE,0.282051282051282,15,0.897435897435897,4.28571428571429,0.0256410256410256,0.230769230769231,9.61666666666667,0.82051282051282,2.74761904761905,0,0.205128205128205,10,0.82051282051282,2.85714285714286,0,0.256410256410256,4.45,0.717948717948718,1.27142857142857,0.0512820512820513,0.307692307692308,11,0.923076923076923,3.14285714285714,0.0256410256410256,0.256410256410256,5.16666666666667,0.743589743589744,1.47619047619048,0.0256410256410256,3.40119738166216,2.70805020110221,-0.472133529485403,1.42810370866968,-0.401006227350556,1.38106181420397,"sum",0.653571642020073,0.0214961914542262,3.5,0.102854160264482,-0.180028780854779,0.700838197221711,0.102662039402547,-0.0954300487924089,-0.386120816368899,-0.517461680860067,2.0116295226291,0.653571642020073,0.497357873597045,0.0214961914542262,0.0205803852533923,1,13.5833333333333,0.282051282051282,0.230769230769231,0.128205128205128,0.282051282051282,0.230769230769231,0.153846153846154,0.256410256410256,0.230769230769231,0.205128205128205,0.871794871794872,0.538461538461538,0.897435897435897,0.794871794871795,0.743589743589744,0.743589743589744,0.153846153846154,0.923076923076923,0.846153846153846,4,2,0.948717948717949,0,4,5,20.4285714285714,10,481.428571428571,1685,3370,8.12266802334641,0.666666666666667,7.42952084278646,0.871794871794872,0.294955466000052,0.928124292736191,1.7308110788694,1.46343772034484,0.459829021760787,0.883662787786153,842.5,6.73637366222652,0.384615384615385,0.256410256410256,0.271022543221358,0.299873659273052,0.252806733649824,36,36,0.256410256410256,0,NA,NA,0,0.256410256410256,0,0,0,0,12,12,0.17948717948718,0.17948717948718,0,0
"sisu031","SI",4,4,5,28,29,36,10.75,15.5833333333333,26.3333333333333,TRUE,0.794871794871795,9,0.102564102564103,7.2,0.461538461538462,0.717948717948718,6.58333333333333,0.17948717948718,5.26666666666667,0.564102564102564,0.846153846153846,7.25,0.256410256410256,5.8,0.641025641025641,0.897435897435897,3.89583333333333,0.487179487179487,3.11666666666667,0.769230769230769,0.743589743589744,7,0.17948717948718,5.6,0.58974358974359,0.333333333333333,2.6875,0.0512820512820513,2.15,0.358974358974359,3.58351893845611,2.19722457733622,1.01881445836324,-1.18328593004059,0.975041146698223,-1.28101086731117,"sum",0.867128760558116,0.0281550454646162,25.4309523809524,-0.156279024342929,-0.242635969898157,-0.585216703642667,-0.0835202629297695,-0.435585035345589,-1.49586120762789,-0.344260806224327,-0.0110451821727257,0.867128760558116,0.882728978765083,0.0281550454646162,0.0336213974298785,16,45.5833333333333,0.743589743589744,0.717948717948718,0.794871794871795,0.743589743589744,0.717948717948718,0.692307692307692,0.923076923076923,0.923076923076923,0.82051282051282,0.230769230769231,0.384615384615385,0.0769230769230769,0.564102564102564,0.128205128205128,0.102564102564103,0.307692307692308,0.615384615384615,0.538461538461538,3,0.75,0.153846153846154,0.794871794871795,2,5,27.6,11,494.8,618.5,2474,7.81359155295243,0.384615384615385,6.42729719183254,0.205128205128205,-0.339883044037413,-0.80476272271238,-0.904941833114461,-0.897388133694066,-0.0658496471477004,-0.621217292673088,824.666666666667,6.71497926428432,0.358974358974359,0.282051282051282,0.271022543221358,0.299873659273052,0.252806733649824,50,50,0.564102564102564,0,NA,NA,0,0.564102564102564,0,0,0,0,12.5,12.5,0.282051282051282,0.282051282051282,0,0
"sisu032","SI",4,4,5,26,28,36,12.5,13.4166666666667,25.9166666666667,TRUE,0.794871794871795,9,0.102564102564103,7.2,0.461538461538462,0.666666666666667,6.47916666666667,0.128205128205128,5.18333333333333,0.538461538461538,0.743589743589744,7,0.17948717948718,5.6,0.615384615384615,0.615384615384615,3.35416666666667,0.256410256410256,2.68333333333333,0.58974358974359,0.615384615384615,6.5,0.0512820512820513,5.2,0.487179487179487,0.717948717948718,3.125,0.256410256410256,2.5,0.487179487179487,3.58351893845611,2.19722457733622,1.01881445836324,-1.18328593004059,0.975041146698223,-1.28101086731117,"sum",0.856652036860616,0.0277711110264076,25.2928571428571,0.0805493367685562,-0.278605727854603,0.230445203021376,-0.433048164778042,-0.343678596277975,-1.00038077665703,-0.203118385958407,-0.73805392614497,0.856652036860616,0.720758021467386,0.0277711110264076,0.0288372730340237,6.5,33.8333333333333,0.692307692307692,0.692307692307692,0.769230769230769,0.692307692307692,0.692307692307692,0.461538461538462,0.58974358974359,0.692307692307692,0.58974358974359,0.82051282051282,0.205128205128205,0.717948717948718,0.333333333333333,0.282051282051282,0.358974358974359,0.358974358974359,0.384615384615385,0.538461538461538,4,1,0.205128205128205,0.794871794871795,1,2,30.8,7,71.8,89.75,359,5.88332238848828,0,4.49702802736839,0,-1.83841367877987,-1.66389447087781,-0.377791250717687,-0.204946230781595,-3.34886023581268,-3.51959592578755,89.75,4.49702802736839,0,0,0.271022543221358,0.299873659273052,0.252806733649824,60,60,0.923076923076923,0,NA,NA,0,0.923076923076923,0,0,0,0,15,15,0.846153846153846,0.846153846153846,0,0
"sisu033","SI",3,3,5,28,20,33,15.3333333333333,9.45,24.7833333333333,TRUE,0.461538461538462,11,0.358974358974359,6.6,0.358974358974359,0.58974358974359,8.26111111111111,0.538461538461538,4.95666666666667,0.461538461538462,0.205128205128205,6.66666666666667,0.128205128205128,4,0.153846153846154,0.333333333333333,3.15,0.153846153846154,1.89,0.230769230769231,0.743589743589744,9.33333333333333,0.641025641025641,5.6,0.58974358974359,0.974358974358974,5.11111111111111,0.717948717948718,3.06666666666667,0.666666666666667,3.49650756146648,2.39789527279837,0.273340464438918,-0.312822717137168,0.318334507481338,-0.235252879620335,"sum",0.820696765453861,0.0267007236355913,9.17619047619048,0.151912627384257,-0.142118846547741,-0.443277015273758,-0.505775833711907,-0.12318793103105,-0.447076535274455,-0.0371507076850622,-0.578467079197145,0.820696765453861,0.512112665507964,0.0267007236355913,0.0216626551704619,12.5,34.0166666666667,0.564102564102564,0.564102564102564,0.435897435897436,0.564102564102564,0.564102564102564,0.58974358974359,0.282051282051282,0.358974358974359,0.615384615384615,0.974358974358974,0.666666666666667,0.230769230769231,0.205128205128205,0.717948717948718,0.692307692307692,0.538461538461538,0.435897435897436,0.538461538461538,5,1.66666666666667,0.871794871794872,0.384615384615385,3,7,24.4,11,879.2,1465.33333333333,4396,8.38845031552351,0.846153846153846,7.2898380268554,0.717948717948718,1.02190224200278,0.571202103900245,1.02794363567371,1.02459533905766,0.911872755122352,0.673923287947936,879.2,6.77901240308941,0.41025641025641,0.743589743589744,0.271022543221358,0.299873659273052,0.252806733649824,51,51,0.615384615384615,0,NA,NA,0,0.615384615384615,0,0,0,0,17,17,0.974358974358974,0.974358974358974,0,0
"sisu034","SI",3,4,6,28,30,36,12.5,13.4333333333333,25.9333333333333,TRUE,0.794871794871795,12,0.564102564102564,6,0.256410256410256,0.692307692307692,8.64444444444444,0.58974358974359,4.32222222222222,0.307692307692308,0.923076923076923,10,0.82051282051282,5,0.41025641025641,0.641025641025641,4.47777777777778,0.743589743589744,2.23888888888889,0.333333333333333,0.743589743589744,9.33333333333333,0.641025641025641,4.66666666666667,0.333333333333333,0.717948717948718,4.16666666666667,0.538461538461538,2.08333333333333,0.333333333333333,3.58351893845611,2.484906649788,1.01881445836324,0.122408889314544,0.975041146698223,0.218190720090743,"sum",0.860259920365284,0.027754121773484,11.977380952381,0.0306585603076587,-0.244132463021787,0.193187723846442,-0.411045887350793,-0.477989782785982,-1.0569427123848,-0.718250389863508,1.12803332815426,0.860259920365284,0.736362693169566,0.027754121773484,0.0283335108555634,7,20.5,0.717948717948718,0.666666666666667,0.58974358974359,0.717948717948718,0.666666666666667,0.512820512820513,0.666666666666667,0.666666666666667,0.384615384615385,0.615384615384615,0.358974358974359,0.692307692307692,0.384615384615385,0.102564102564103,0.333333333333333,0.0512820512820513,0.769230769230769,0.717948717948718,5,1.66666666666667,0.871794871794872,0.384615384615385,1,2,20.1666666666667,7,463.166666666667,926.333333333333,2779,7.9298464297425,0.487179487179487,6.83123414107439,0.41025641025641,-0.123782881580464,-0.304584207704799,1.02794363567371,1.02459533905766,0.131877176920224,-0.0146893304792614,555.8,6.3204085173084,0.17948717948718,0.205128205128205,0.271022543221358,0.299873659273052,0.252806733649824,58,58,0.871794871794872,0,NA,NA,0,0.871794871794872,0,0,0,0,14.5,14.5,0.717948717948718,0.717948717948718,0,0
"sisu035","SI",2,3,7,23,21,29,13.6666666666667,8.56666666666667,22.2333333333333,TRUE,0.230769230769231,14.5,0.871794871794872,4.14285714285714,0,0.41025641025641,11.1166666666667,0.923076923076923,3.17619047619048,0.0512820512820513,0.256410256410256,10.5,0.871794871794872,3,0.0256410256410256,0.205128205128205,4.28333333333333,0.641025641025641,1.22380952380952,0.0256410256410256,0.384615384615385,11.5,0.948717948717949,3.28571428571429,0.0512820512820513,0.923076923076923,6.83333333333333,1,1.95238095238095,0.282051282051282,3.36729582998647,2.67414864942653,-0.72062486079351,1.21048790544382,-0.656873618896694,1.20439018620015,"sum",0.726360327941875,0.0243586074340976,9.33333333333333,-0.332521375797563,0.0493831302176903,-0.343893068612648,-0.114644929597688,0.00569517882473756,-0.168542192376856,-0.402924821117161,3.68915986752613,0.726360327941875,0.442698116109589,0.0243586074340976,0.0193960940543557,4.5,19.5333333333333,0.358974358974359,0.41025641025641,0.461538461538462,0.358974358974359,0.41025641025641,0.358974358974359,0.205128205128205,0.205128205128205,0.333333333333333,0,0.948717948717949,0.256410256410256,0.538461538461538,0.871794871794872,0.82051282051282,0.230769230769231,1,0.846153846153846,5,2.5,0.974358974358974,0,2,5,16.7142857142857,12,632.142857142857,2212.5,4425,8.39502555744203,0.871794871794872,7.70187837688208,0.974358974358974,1.04244947056426,1.78522499657972,2.78511224366295,2.00053738727162,0.923055956532257,1.29261884009383,885,6.78558764500793,0.435897435897436,0.487179487179487,0.271022543221358,0.299873659273052,0.252806733649824,44,44,0.435897435897436,0,NA,NA,0,0.435897435897436,0,0,0,0,14.6666666666667,14.6666666666667,0.769230769230769,0.769230769230769,0,0
"sisu036","SI",3,4,4,25,27,35,11.25,15.5666666666667,26.8166666666667,TRUE,0.641025641025641,11.6666666666667,0.512820512820513,8.75,0.743589743589744,0.769230769230769,8.93888888888889,0.666666666666667,6.70416666666666,0.794871794871795,0.666666666666667,9,0.641025641025641,6.75,0.794871794871795,0.871794871794872,5.18888888888889,0.897435897435897,3.89166666666667,0.923076923076923,0.512820512820513,8.33333333333333,0.487179487179487,6.25,0.692307692307692,0.384615384615385,3.75,0.358974358974359,2.8125,0.615384615384615,3.55534806148941,2.4567357728213,0.770323127055132,-0.0226683128360269,0.762425250057529,0.0713834369429411,"sum",0.880049883139164,0.0286469648163469,11.8166666666667,0.113110072521452,-0.318489229847344,0.0514334136806386,-0.430526904459183,-0.335476212213138,-1.09774673167954,0.00252660281922589,-0.0674820922985091,0.880049883139164,0.799161646917307,0.0286469648163469,0.0308670343880755,22.5,55.5,0.794871794871795,0.769230769230769,0.564102564102564,0.794871794871795,0.769230769230769,0.846153846153846,0.794871794871795,0.794871794871795,0.923076923076923,0.948717948717949,0.0256410256410256,0.58974358974359,0.358974358974359,0.384615384615385,0.282051282051282,0.58974358974359,0.58974358974359,0.307692307692308,3,1,0.205128205128205,0.384615384615385,3,4,31.5,12,528.4,704.533333333333,2113.6,7.65614793376806,0.307692307692308,6.55753564509995,0.256410256410256,-0.595235498298019,-0.664972712183461,-0.377791250717687,-0.204946230781595,-0.333630471923772,-0.425658892264759,704.533333333333,6.55753564509995,0.282051282051282,0.333333333333333,0.271022543221358,0.299873659273052,0.252806733649824,50,50,0.564102564102564,0,NA,NA,0,0.564102564102564,0,0,0,0,12.5,12.5,0.282051282051282,0.282051282051282,0,0
"sisu037","SI",3,4,6,27,28,36,10.25,16.35,26.6,TRUE,0.794871794871795,12,0.564102564102564,6,0.256410256410256,0.743589743589744,8.86666666666667,0.641025641025641,4.43333333333333,0.384615384615385,0.743589743589744,9.33333333333333,0.717948717948718,4.66666666666667,0.333333333333333,0.923076923076923,5.45,0.923076923076923,2.725,0.641025641025641,0.666666666666667,9,0.58974358974359,4.5,0.256410256410256,0.230769230769231,3.41666666666667,0.282051282051282,1.70833333333333,0.153846153846154,3.58351893845611,2.484906649788,1.01881445836324,0.122408889314544,0.975041146698223,0.218190720090743,"sum",0.854401529080552,0.0285208105638427,8.61904761904762,-0.197055045446401,-0.255388016327119,-0.49656082905351,-0.0780111037652764,-0.320581052428768,-1.14805751066541,-1.03830172056884,0.660398846622496,0.854401529080552,0.826985671724696,0.0285208105638427,0.0321603414442452,11.5,41.1428571428571,0.666666666666667,0.743589743589744,0.384615384615385,0.666666666666667,0.743589743589744,0.538461538461538,0.846153846153846,0.846153846153846,0.769230769230769,0.0769230769230769,0.307692307692308,0.205128205128205,0.615384615384615,0.435897435897436,0.205128205128205,0,0.717948717948718,0.717948717948718,3,1,0.205128205128205,0.384615384615385,2,6,19.5,10,118.766666666667,237.533333333333,712.6,6.56892025317174,0.0256410256410256,5.47030796450363,0.0256410256410256,-1.58787919535437,-1.42377087084683,-0.377791250717687,-0.204946230781595,-2.18279226417479,-2.05817602344204,237.533333333333,5.47030796450363,0.0256410256410256,0.0256410256410256,0.271022543221358,0.299873659273052,0.252806733649824,57,57,0.846153846153846,0,NA,NA,0,0.846153846153846,0,0,0,0,14.25,14.25,0.692307692307692,0.692307692307692,0,0
"sisu038","SI",4,4,5,26,26,35,10.75,14.45,25.2,TRUE,0.641025641025641,8.75,0.0256410256410256,7,0.384615384615385,0.615384615384615,6.3,0.0512820512820513,5.04,0.512820512820513,0.538461538461538,6.5,0.0256410256410256,5.2,0.461538461538462,0.717948717948718,3.6125,0.384615384615385,2.89,0.692307692307692,0.615384615384615,6.5,0.0512820512820513,5.2,0.487179487179487,0.333333333333333,2.6875,0.0512820512820513,2.15,0.358974358974359,3.55534806148941,2.16905370036952,0.770323127055132,-1.29209383165352,0.762425250057529,-1.42781815045897,"sum",0.842074776825131,0.0270524433802503,5.86904761904762,-0.201932191739677,-0.313051939366411,0.00209148095805271,-0.592421704835447,-0.345569131936605,-1.24007813141032,0.179281424050272,2.49802195556374,0.842074776825131,0.793726072621621,0.0270524433802503,0.0302859688831095,15,34.1666666666667,0.615384615384615,0.615384615384615,0.256410256410256,0.615384615384615,0.615384615384615,0.641025641025641,0.769230769230769,0.769230769230769,0.641025641025641,0.0256410256410256,0.0512820512820513,0.564102564102564,0.128205128205128,0.256410256410256,0.153846153846154,0.717948717948718,0.948717948717949,0.538461538461538,5,1.25,0.58974358974359,0.794871794871795,0,0,28.2,12,820.8,1026,4104,8.3197173868506,0.82051282051282,6.93342302573071,0.487179487179487,0.815012906142351,-0.142642273771646,0.149359331679086,0.332153436145188,0.794971476908261,0.138751487662751,820.8,6.7102794744165,0.333333333333333,0.717948717948718,0.271022543221358,0.299873659273052,0.252806733649824,52,52,0.641025641025641,0,NA,NA,0,0.641025641025641,0,0,0,0,13,13,0.461538461538462,0.461538461538462,0,0
"sisu039","SI",3,4,4,18,26,30,7.5,9.8,17.3,TRUE,0.282051282051282,10,0.256410256410256,7.5,0.564102564102564,0.128205128205128,5.76666666666667,0,4.325,0.333333333333333,0.538461538461538,8.66666666666667,0.538461538461538,6.5,0.743589743589744,0.358974358974359,3.26666666666667,0.205128205128205,2.45,0.461538461538462,0.102564102564103,6,0,4.5,0.256410256410256,0,2.5,0,1.875,0.205128205128205,3.40119738166216,2.30258509299405,-0.472133529485403,-0.74805432358888,-0.401006227350556,-0.731944145921453,"sum",0.584005230828047,0.0197060588261833,8.23333333333333,-0.11032099315854,-0.0416287855249204,0.409252267203133,0.0393105326121423,-0.288203914478712,-0.415739822414898,0.272725247785924,-1.3093111253787,0.584005230828048,0.521266641040303,0.0197060588261833,0.0211863864208437,0,8,0.128205128205128,0.128205128205128,0.358974358974359,0.128205128205128,0.128205128205128,0,0.307692307692308,0.282051282051282,0.0769230769230769,0.358974358974359,0.846153846153846,0.794871794871795,0.717948717948718,0.487179487179487,0.717948717948718,0.82051282051282,0.205128205128205,0.307692307692308,3,1,0.205128205128205,0.384615384615385,3,4,30.75,5,895.65,1194.2,3582.6,8.183844072781,0.743589743589744,7.08523178411289,0.615384615384615,0.445587907109388,0.130655050183768,-0.377791250717687,-0.204946230781595,0.563877525339416,0.366698589401116,1194.2,7.08523178411289,0.769230769230769,0.769230769230769,0.271022543221358,0.299873659273052,0.252806733649824,43,43,0.41025641025641,0,NA,NA,0,0.41025641025641,0,0,0,0,10.75,10.75,0,0,0,0
"sisu040","SI",4,4,7,25,25,35,11.5,12.9833333333333,24.4833333333333,TRUE,0.641025641025641,8.75,0.0256410256410256,5,0.128205128205128,0.512820512820513,6.12083333333333,0.0256410256410256,3.49761904761905,0.0769230769230769,0.512820512820513,6.25,0,3.57142857142857,0.102564102564103,0.564102564102564,3.24583333333333,0.17948717948718,1.8547619047619,0.205128205128205,0.512820512820513,6.25,0.0256410256410256,3.57142857142857,0.0769230769230769,0.435897435897436,2.875,0.128205128205128,1.64285714285714,0.0512820512820513,3.55534806148941,2.16905370036952,0.770323127055132,-1.29209383165352,0.762425250057529,-1.42781815045897,"sum",0.807982537448316,0.0264223248434342,7.1,-0.167772729034666,-0.264141724418262,0.780039359600094,-0.290396205056392,-0.173660868226704,-1.09983038491793,-0.165449905513382,-1.50897181999372,0.807982537448316,0.725944416357538,0.0264223248434342,0.0279175637698407,6.5,26.4166666666667,0.538461538461538,0.512820512820513,0.307692307692308,0.538461538461538,0.512820512820513,0.461538461538462,0.641025641025641,0.58974358974359,0.512820512820513,0.17948717948718,0.256410256410256,0.974358974358974,0.435897435897436,0.641025641025641,0.256410256410256,0.384615384615385,0.128205128205128,0.846153846153846,5,1.25,0.58974358974359,0.794871794871795,3,4,20.8571428571429,5,266.714285714286,466.75,1867,7.53208814354172,0.205128205128205,6.14579378242183,0.102564102564103,-0.769957793582884,-1.05133150339154,0.149359331679086,0.332153436145188,-0.544631928321015,-1.04390625336597,373.4,5.92265023110762,0.0769230769230769,0.0512820512820513,0.271022543221358,0.299873659273052,0.252806733649824,54,54,0.666666666666667,0,NA,NA,0,0.666666666666667,0,0,0,0,13.5,13.5,0.512820512820513,0.512820512820513,0,0
"smsu001","SM",3,3,5,29,43,57,12,16.4166666666667,28.4166666666667,TRUE,0.656565656565657,19,0.646464646464647,11.4,0.666666666666667,0.868686868686869,9.47222222222222,0.727272727272727,5.68333333333333,0.717171717171717,0.909090909090909,14.3333333333333,0.919191919191919,8.6,0.868686868686869,0.888888888888889,5.47222222222222,0.919191919191919,3.28333333333333,0.868686868686869,0.434343434343434,9.66666666666667,0.303030303030303,5.8,0.383838383838384,0.595959595959596,4,0.515151515151515,2.4,0.494949494949495,4.04305126783455,2.94443897916644,0.528133252643087,0.279678013120038,0.585607021565941,0.373113393155415,"sum",0.787309033583312,0.0117281883936694,1.46785714285714,-3.50050055614884,-0.753788487036606,0.664304816945511,-0.510260023138687,-0.609910055935633,-1.47660822812278,0.342279573760436,-0.145002244362305,0.787309033583312,0.649404762661873,0.0117281883936694,0.0138859889628842,84.4166666666667,209.719047619048,0.868686868686869,0.868686868686869,0.272727272727273,0.868686868686869,0.868686868686869,0.919191919191919,0.878787878787879,0.898989898989899,0.98989898989899,0.343434343434343,0.212121212121212,0.898989898989899,0.323232323232323,0.191919191919192,0.121212121212121,0.797979797979798,0.434343434343434,0.373737373737374,4,1.33333333333333,0.424242424242424,0.353535353535354,3,4,24,12,1080,1800,5400,8.59415423255237,0.94949494949495,7.49554194388426,0.929292929292929,2.08174949180225,1.52058034415835,0.104433829235606,0.282347789583801,1.44969395875335,1.18511144529801,1350,7.20785987143248,0.878787878787879,0.929292929292929,0.340335777144293,0.369823333875643,0.366249336797327,46,46,0.494949494949495,0,NA,NA,0,0.494949494949495,0,0,0,0,15.3333333333333,15.3333333333333,0.646464646464647,0.646464646464647,0,0
"smsu002","SM",3,3,6,34,22,44,12,6.91666666666667,18.9166666666667,TRUE,0.282828282828283,14.6666666666667,0.141414141414141,7.33333333333333,0.0606060606060606,0.151515151515152,6.30555555555556,0.111111111111111,3.15277777777778,0.0202020202020202,0.181818181818182,7.33333333333333,0.0404040404040404,3.66666666666667,0.0202020202020202,0.141414141414141,2.30555555555555,0.0101010101010101,1.15277777777778,0.0101010101010101,0.646464646464647,11.3333333333333,0.646464646464647,5.66666666666667,0.333333333333333,0.585858585858586,4,0.505050505050505,2,0.292929292929293,3.78418963391826,2.68557734525015,-0.623835251444184,-0.977301821127325,-0.527777004441897,-1.01744330131873,"sum",0.530834840060089,0.00829553478264504,5.35119047619048,-2.52377965004923,-1.17302851629078,-0.501431192254398,0.981504949100664,-0.195421195076521,-0.282935257560931,-0.672141321229152,1.85167667827866,0.530834840060089,0.300015495973391,0.00829553478264504,0.00668090236642706,13,21.1595238095238,0.171717171717172,0.151515151515152,0.525252525252525,0.171717171717172,0.151515151515152,0.141414141414141,0.181818181818182,0.171717171717172,0,0.363636363636364,0.0707070707070707,0.232323232323232,0.919191919191919,0.393939393939394,0.737373737373737,0.131313131313131,0.808080808080808,0.656565656565657,4,1.33333333333333,0.424242424242424,0.353535353535354,2,3,22.6666666666667,12,547.6,1095.2,3285.6,8.09730456264235,0.777777777777778,6.99869227397424,0.626262626262626,0.623276481832464,0.334601163346483,0.104433829235606,0.282347789583801,0.754900422204383,0.578069502390323,821.4,6.71101020152246,0.626262626262626,0.606060606060606,0.340335777144293,0.369823333875643,0.366249336797327,45,45,0.444444444444444,0,NA,NA,0,0.444444444444444,0,0,0,0,15,15,0.515151515151515,0.515151515151515,0,0
"smsu003","SM",2,2,4,24,20,40,13.5,5.81666666666667,19.3166666666667,TRUE,0.171717171717172,20,0.747474747474748,10,0.434343434343434,0.171717171717172,9.65833333333333,0.757575757575758,4.82916666666667,0.515151515151515,0.111111111111111,10,0.404040404040404,5,0.212121212121212,0.0505050505050505,2.90833333333333,0.0909090909090909,1.45416666666667,0.0606060606060606,0.222222222222222,12,0.717171717171717,6,0.444444444444444,0.838383838383838,6.75,0.929292929292929,3.375,0.858585858585859,3.68887945411394,2.99573227355399,-0.978287098855653,0.569750282561738,-0.937713502580459,0.648651458851574,"sum",0.533271390400923,0.00846918351051709,0.891666666666667,-6.29750523642281,0.606780167309286,0.351356479335793,0.33168460100223,0.0201341363729616,-0.00674574201323602,-0.26041346171599,-1.95614263000731,0.533271390400924,0.246636677619007,0.00846918351051709,0.00608712533810927,20.8333333333333,54.052380952381,0.191919191919192,0.171717171717172,0.191919191919192,0.191919191919192,0.171717171717172,0.292929292929293,0.0505050505050505,0.0606060606060606,0.252525252525253,0.232323232323232,0.747474747474748,0.747474747474748,0.747474747474748,0.555555555555556,0.919191919191919,0.272727272727273,0.242424242424242,0.151515151515152,1,0.5,0.0303030303030303,0,2,2,31.75,12,289.25,578.5,1157,7.05358572719368,0.252525252525253,6.36043854663373,0.343434343434343,-0.84499141876425,-0.53485888592351,-1.58543395774831,-2.00347293193549,-0.704633808693839,-0.201737361088169,1157,7.05358572719368,0.797979797979798,0.303030303030303,0.340335777144293,0.369823333875643,0.366249336797327,35,35,0.202020202020202,0,NA,NA,0,0.202020202020202,0,0,0,0,17.5,17.5,0.898989898989899,0.898989898989899,0,0
"smsu004","SM",3,3,4,30,27,47,13.6666666666667,10,23.6666666666667,TRUE,0.333333333333333,15.6666666666667,0.232323232323232,11.75,0.727272727272727,0.525252525252525,7.88888888888889,0.404040404040404,5.91666666666667,0.797979797979798,0.313131313131313,9,0.202020202020202,6.75,0.626262626262626,0.353535353535354,3.33333333333333,0.232323232323232,2.5,0.585858585858586,0.515151515151515,10,0.393939393939394,7.5,0.777777777777778,0.858585858585859,4.55555555555556,0.606060606060606,3.41666666666667,0.868686868686869,3.85014760171006,2.75153531304195,-0.357996365885583,-0.687229551685626,-0.244086653669118,-0.66312932949062,"sum",0.665745225928768,0.00999223671021452,2.05281385281385,10.0149214492222,1.08133486402727,-0.770630711491031,1.15568942713402,0.0237454901845566,-0.693931726256904,0.442115833329581,0.892060933681951,0.665745225928768,0.421212936243168,0.00999223671021452,0.00892577783512934,68.6666666666667,137.777380952381,0.545454545454545,0.525252525252525,0.353535353535354,0.545454545454545,0.525252525252525,0.848484848484849,0.414141414141414,0.353535353535354,0.838383838383838,0.858585858585859,0.919191919191919,0.0909090909090909,0.94949494949495,0.585858585858586,0.494949494949495,0.838383838383838,0.686868686868687,0.151515151515152,3,1,0.181818181818182,0.353535353535354,2,6,26.5,10,846.5,1128.66666666667,3386,8.12740456269308,0.818181818181818,7.02879227402497,0.676767676767677,0.692530497251007,0.390916103638534,-0.57151328555796,-0.388094736881131,0.796992199158083,0.614845138199092,1128.66666666667,7.02879227402497,0.787878787878788,0.838383838383838,0.340335777144293,0.369823333875643,0.366249336797327,46,46,0.494949494949495,0,NA,NA,0,0.494949494949495,0,0,0,0,15.3333333333333,15.3333333333333,0.646464646464647,0.646464646464647,0,0
"smsu005","SM",3,3,4,30,37,59,11,13.65,24.65,TRUE,0.717171717171717,19.6666666666667,0.717171717171717,14.75,0.929292929292929,0.606060606060606,8.21666666666666,0.494949494949495,6.1625,0.838383838383838,0.737373737373737,12.3333333333333,0.727272727272727,9.25,0.93939393939394,0.737373737373737,4.55,0.747474747474748,3.4125,0.909090909090909,0.515151515151515,10,0.393939393939394,7.5,0.777777777777778,0.353535353535354,3.66666666666667,0.383838383838384,2.75,0.676767676767677,4.07753744390572,2.97892515523761,0.705359176348821,0.473059526081172,0.733934747752474,0.558366735943503,"sum",0.671097562070832,0.0104048070141918,3.17665945165945,-3.65617758254176,0.930484883741741,0.334296004900835,0.228380669468211,0.671631186172476,-1.00088014901235,0.743114069258603,-2.00562452776448,0.671097562070832,0.545785434041288,0.0104048070141918,0.0114691595162293,9.33333333333333,94.2440476190476,0.616161616161616,0.616161616161616,0.444444444444444,0.616161616161616,0.616161616161616,0.111111111111111,0.777777777777778,0.757575757575758,0.585858585858586,0.333333333333333,0.858585858585859,0.727272727272727,0.707070707070707,0.93939393939394,0.262626262626263,0.919191919191919,0.212121212121212,0.151515151515152,2,0.666666666666667,0.0808080808080808,0.353535353535354,3,6,28,10,835.55,1114.06666666667,3342.2,8.11438455176928,0.808080808080808,7.01577226310117,0.666666666666667,0.662318088134152,0.366348430483237,-1.24746040035153,-1.33303040547055,0.778785043184144,0.59893752427375,1671.1,7.42123737120934,0.94949494949495,0.828282828282828,0.340335777144293,0.369823333875643,0.366249336797327,42,42,0.343434343434343,0,NA,NA,0,0.343434343434343,0,0,0,0,14,14,0.292929292929293,0.292929292929293,0,0
"smsu006","SM",3,3,5,32,29,51,12.3333333333333,11.1333333333333,23.4666666666667,TRUE,0.505050505050505,17,0.434343434343434,10.2,0.505050505050505,0.505050505050505,7.82222222222222,0.383838383838384,4.69333333333333,0.474747474747475,0.393939393939394,9.66666666666667,0.353535353535354,5.8,0.363636363636364,0.464646464646465,3.71111111111111,0.424242424242424,2.22666666666667,0.474747474747475,0.575757575757576,10.6666666666667,0.525252525252525,6.4,0.545454545454545,0.626262626262626,4.11111111111111,0.535353535353535,2.46666666666667,0.525252525252525,3.93182563272433,2.83321334405622,-0.00354451847411524,-0.30046652576336,0.107216911989692,-0.22437009313702,"sum",0.664298050535731,0.0099128326929325,5.12656232656233,-9.04807101281802,1.41969358729959,0.209893808772147,0.247760729032427,-0.110472339544648,-0.84958794050017,-0.598246582625561,-0.958135241531987,0.66429805053573,0.455941706561298,0.0099128326929325,0.00943530073123202,36.3666666666667,76.9261904761905,0.525252525252525,0.484848484848485,0.515151515151515,0.525252525252525,0.484848484848485,0.555555555555556,0.494949494949495,0.454545454545455,0.474747474747475,0.121212121212121,0.96969696969697,0.666666666666667,0.717171717171717,0.444444444444444,0.404040404040404,0.151515151515152,0.333333333333333,0.373737373737374,5,1.66666666666667,0.828282828282828,0.353535353535354,1,2,26.2,8,665.6,1109.33333333333,3328,8.1101268019411,0.797979797979798,7.01151451327299,0.656565656565657,0.652523197507227,0.358383568410058,0.780380944029171,0.802383414440236,0.772831014752568,0.593735482520189,665.6,6.500688889507,0.505050505050505,0.757575757575758,0.340335777144293,0.369823333875643,0.366249336797327,46,46,0.494949494949495,0,NA,NA,0,0.494949494949495,0,0,0,0,15.3333333333333,15.3333333333333,0.646464646464647,0.646464646464647,0,0
"smsu007","SM",4,6,7,56,47,78,13,22.4,35.4,TRUE,1,19.5,0.696969696969697,11.1428571428571,0.626262626262626,0.98989898989899,8.85,0.616161616161616,5.05714285714286,0.565656565656566,0.93939393939394,11.75,0.676767676767677,6.71428571428571,0.616161616161616,0.97979797979798,5.6,0.929292929292929,3.2,0.848484848484849,1,14,0.868686868686869,8,0.818181818181818,0.737373737373737,3.25,0.202020202020202,1.85714285714286,0.181818181818182,4.35670882668959,2.9704144655697,2.38900545155329,0.424714147840888,1.93467258366754,0.512648889257386,"sum",0.977594223493848,0.0142557446482358,410.272677322677,10.8459554570718,-0.432255817855697,-1.18001720934351,-1.65789352102282,-0.599045393271054,-2.06296682745589,-0.0507547113524782,0.292759912535648,0.977594223493849,0.863120751824941,0.0142557446482358,0.0171732916890914,154.5,132,0.97979797979798,0.98989898989899,0.98989898989899,0.97979797979798,0.98989898989899,0.98989898989899,0.97979797979798,0.97979797979798,0.818181818181818,0.909090909090909,0.343434343434343,0.0202020202020202,0.0909090909090909,0.202020202020202,0.0505050505050505,0.414141414141414,0.555555555555556,0.858585858585859,5,1.25,0.404040404040404,0.797979797979798,6,11,23.8571428571429,12,92.7142857142857,162.25,649,6.47543271670409,0.101010101010101,5.0891383555842,0.0606060606060606,-1.19540018203736,-1.23528997845038,-0.0645529494627856,0.131940887975304,-1.51312176622281,-1.75498894749536,129.8,4.86599480426999,0.0202020202020202,0.0505050505050505,0.340335777144293,0.369823333875643,0.366249336797327,88,88,0.97979797979798,0,NA,NA,0,0.97979797979798,0,0,0,0,14.6666666666667,14.6666666666667,0.464646464646465,0.464646464646465,0,0
"smsu008","SM",3,3,4,37,28,53,14.3333333333333,11.2166666666667,25.55,TRUE,0.575757575757576,17.6666666666667,0.525252525252525,13.25,0.848484848484849,0.686868686868687,8.51666666666666,0.565656565656566,6.3875,0.878787878787879,0.363636363636364,9.33333333333333,0.282828282828283,7,0.656565656565657,0.484848484848485,3.73888888888889,0.464646464646465,2.80416666666667,0.737373737373737,0.747474747474748,12.3333333333333,0.777777777777778,9.25,0.93939393939394,0.93939393939394,4.77777777777778,0.676767676767677,3.58333333333333,0.909090909090909,3.97029191355212,2.87167962488401,0.173681405231619,-0.107085012802227,0.27266337837277,-0.0177363656611595,"sum",0.715192212962993,0.0106912201552546,0.539285714285714,-5.22956443398102,-0.303479564900764,-0.114200381536446,0.781764813280712,0.138917064680663,-0.444889693492717,1.08495716624539,3.91673996613538,0.715192212962993,0.40766058559896,0.0106912201552546,0.00920138741409722,38.3333333333333,111.142857142857,0.717171717171717,0.686868686868687,0.151515151515152,0.717171717171717,0.686868686868687,0.575757575757576,0.373737373737374,0.414141414141414,0.717171717171717,0.313131313131313,0.424242424242424,0.454545454545455,0.868686868686869,0.646464646464647,0.656565656565657,0.98989898989899,0.94949494949495,0.151515151515152,2,0.666666666666667,0.0808080808080808,0.353535353535354,3,4,33.75,12,96,128,384,5.95064255258773,0.0101010101010101,4.85203026391962,0.0404040404040404,-1.37819215500462,-1.29292304732496,-1.24746040035153,-1.33303040547055,-2.246987231281,-2.04468332662067,192,5.25749537202778,0.141414141414141,0.0707070707070707,0.340335777144293,0.369823333875643,0.366249336797327,55,55,0.686868686868687,0,NA,NA,0,0.686868686868687,0,0,0,0,18.3333333333333,18.3333333333333,0.93939393939394,0.93939393939394,0,0
"smsu009","SM",2,3,6,28,35,47,10.6666666666667,12.15,22.8166666666667,TRUE,0.333333333333333,23.5,0.909090909090909,7.83333333333333,0.121212121212121,0.434343434343434,11.4083333333333,0.93939393939394,3.80277777777778,0.171717171717172,0.636363636363636,17.5,0.97979797979798,5.83333333333333,0.393939393939394,0.565656565656566,6.075,0.93939393939394,2.025,0.353535353535354,0.353535353535354,14,0.868686868686869,4.66666666666667,0.111111111111111,0.272727272727273,5.33333333333333,0.737373737373737,1.77777777777778,0.151515151515152,3.85014760171006,3.15700042115011,-0.357996365885583,1.58500322560768,-0.244086653669118,1.51495404240767,"sum",0.63382848069003,0.00972234356299157,1.28174603174603,-12.0944644860826,-0.634565396240315,0.880223941950568,0.0282033800140314,0.377245636008475,-0.713718193593318,-0.194937036555389,-6.93159711140821,0.63382848069003,0.472887426082185,0.00972234356299157,0.0103803421591467,41.8666666666667,43.152380952381,0.424242424242424,0.444444444444444,0.252525252525253,0.424242424242424,0.444444444444444,0.626262626262626,0.575757575757576,0.606060606060606,0.171717171717172,0.0707070707070707,0.252525252525253,0.95959595959596,0.646464646464647,0.838383838383838,0.474747474747475,0.323232323232323,0.0101010101010101,0.656565656565657,5,2.5,0.97979797979798,0,3,5,23.3333333333333,11,445.466666666667,1336.4,2672.8,7.89088189104255,0.626262626262626,7.1977347104826,0.797979797979798,0.20057866660853,0.740472585610703,2.47024873101308,1.74731908302966,0.466239391090713,0.821255952329997,534.56,6.28144397860845,0.424242424242424,0.464646464646465,0.340335777144293,0.369823333875643,0.366249336797327,42,42,0.343434343434343,0,NA,NA,0,0.343434343434343,0,0,0,0,14,14,0.292929292929293,0.292929292929293,0,0
"smsu010","SM",4,4,5,34,29,51,10.25,11.85,22.1,TRUE,0.505050505050505,12.75,0.0303030303030303,10.2,0.505050505050505,0.373737373737374,5.525,0,4.42,0.404040404040404,0.393939393939394,7.25,0.0303030303030303,5.8,0.363636363636364,0.525252525252525,2.9625,0.111111111111111,2.37,0.545454545454545,0.646464646464647,8.5,0.0909090909090909,6.8,0.606060606060606,0.181818181818182,2.5625,0.0808080808080808,2.05,0.313131313131313,3.93182563272433,2.54553127160443,-0.00354451847411524,-1.53327367089058,0.107216911989692,-1.76974483900371,"sum",0.606048849096074,0.00947182629152212,53.0226551226551,-2.13604088049116,0.99884274372389,-0.263715258363271,-0.922252016510761,-0.840397908744397,-0.931069342104302,-0.0839763862086286,3.59389655984501,0.606048849096074,0.485775408550716,0.00947182629152212,0.0104634481637586,21,75.3666666666667,0.343434343434343,0.383838383838384,0.787878787878788,0.343434343434343,0.383838383838384,0.303030303030303,0.606060606060606,0.616161616161616,0.454545454545455,0.393939393939394,0.898989898989899,0.363636363636364,0.161616161616162,0.131313131313131,0.343434343434343,0.393939393939394,0.909090909090909,0.373737373737374,3,0.75,0.151515151515152,0.797979797979798,5,7,27.4,12,605.04,756.3,3025.2,8.01473248398187,0.696969696969697,6.62843812286198,0.505050505050505,0.443657501603494,-0.235671742977497,-1.07847362165313,-1.05853726334606,0.639431800552484,0.125699675312597,1008.4,6.91612019531376,0.727272727272727,0.666666666666667,0.340335777144293,0.369823333875643,0.366249336797327,53,53,0.666666666666667,0,NA,NA,0,0.666666666666667,0,0,0,0,13.25,13.25,0.181818181818182,0.181818181818182,0,0
"smsu011","SM",4,5,7,44,48,66,12.4,20.1666666666667,32.5666666666666,TRUE,0.898989898989899,16.5,0.333333333333333,9.42857142857143,0.353535353535354,0.94949494949495,8.14166666666666,0.484848484848485,4.65238095238095,0.444444444444444,0.94949494949495,12,0.686868686868687,6.85714285714286,0.646464646464647,0.93939393939394,5.04166666666667,0.828282828282828,2.88095238095238,0.747474747474748,0.909090909090909,11,0.565656565656566,6.28571428571429,0.525252525252525,0.636363636363636,3.1,0.151515151515152,1.77142857142857,0.141414141414141,4.18965474202643,2.80336038090653,1.32564990931889,-0.445502660484209,1.21615996930508,-0.384734675287126,"sum",0.924375994665544,0.0131984681375238,122.488888888889,-8.95658008312906,-0.631719704341048,0.45286466355791,-1.76180735487589,-1.59339255217541,-2.34274965142248,-0.295300069539858,-0.0741293682099234,0.924375994665544,0.831052413128904,0.0131984681375238,0.01637916424964,127.333333333333,160.916666666667,0.95959595959596,0.94949494949495,0.898989898989899,0.95959595959596,0.94949494949495,0.95959595959596,0.95959595959596,0.95959595959596,0.919191919191919,0.131313131313131,0.262626262626263,0.808080808080808,0.0606060606060606,0,0.0202020202020202,0.252525252525253,0.454545454545455,0.858585858585859,4,1,0.181818181818182,0.797979797979798,2,3,23.7142857142857,10,291.714285714286,510.5,2042,7.62168499872461,0.454545454545455,6.23539063760472,0.313131313131313,-0.234535207156578,-0.649283665002975,-0.57151328555796,-0.388094736881131,0.0897950213572199,-0.35451863528578,510.5,6.23539063760472,0.404040404040404,0.313131313131313,0.340335777144293,0.369823333875643,0.366249336797327,74,74,0.919191919191919,0,NA,NA,0,0.919191919191919,0,0,0,0,14.8,14.8,0.494949494949495,0.494949494949495,0,0
"smsu012","SM",4,4,4,38,35,61,11.5,14.4666666666667,25.9666666666667,TRUE,0.777777777777778,15.25,0.191919191919192,15.25,0.93939393939394,0.747474747474748,6.49166666666667,0.141414141414141,6.49166666666667,0.888888888888889,0.636363636363636,8.75,0.161616161616162,8.75,0.898989898989899,0.787878787878788,3.61666666666667,0.353535353535354,3.61666666666667,0.929292929292929,0.787878787878788,9.5,0.272727272727273,9.5,0.95959595959596,0.434343434343434,2.875,0.101010101010101,2.875,0.707070707070707,4.11087386417331,2.72457950305342,0.882585100054555,-0.808092997286333,0.87731728478082,-0.807930942102872,"sum",0.720737418095006,0.0108423307605432,94.3532106782107,-2.18089979082774,-0.494955901997441,0.267371180687132,0.819044413124098,-0.00788078451049063,-1.07794162733644,0.578026176580748,-2.45525906066751,0.720737418095006,0.565289323627412,0.0108423307605432,0.0116784535734744,35.6666666666667,54.6678571428572,0.737373737373737,0.737373737373737,0.878787878787879,0.737373737373737,0.737373737373737,0.535353535353535,0.787878787878788,0.787878787878788,0.262626262626263,0.383838383838384,0.333333333333333,0.696969696969697,0.898989898989899,0.515151515151515,0.242424242424242,0.888888888888889,0.151515151515152,0.151515151515152,2,0.5,0.0303030303030303,0.797979797979798,1,2,35,12,594.5,594.5,2378,7.77401507725073,0.535353535353535,6.38772071613084,0.363636363636364,-0.00276878105468167,-0.507935408493047,-1.58543395774831,-2.00347293193549,0.302813083744401,-0.168404499699213,1189,7.08086789669078,0.818181818181818,0.636363636363636,0.340335777144293,0.369823333875643,0.366249336797327,64,64,0.848484848484849,0,NA,NA,0,0.848484848484849,0,0,0,0,16,16,0.787878787878788,0.787878787878788,0,0
"smsu013","SM",3,3,5,29,29,50,10.6666666666667,9.13333333333333,19.8,TRUE,0.434343434343434,16.6666666666667,0.373737373737374,10,0.434343434343434,0.232323232323232,6.6,0.161616161616162,3.96,0.212121212121212,0.393939393939394,9.66666666666667,0.353535353535354,5.8,0.363636363636364,0.292929292929293,3.04444444444444,0.131313131313131,1.82666666666667,0.282828282828283,0.434343434343434,9.66666666666667,0.303030303030303,5.8,0.383838383838384,0.272727272727273,3.55555555555556,0.333333333333333,2.13333333333333,0.363636363636364,3.91202300542815,2.81341071676004,-0.0921574803269823,-0.397157282243926,0.022044271413363,-0.33074613480175,"sum",0.57665429916622,0.0085813703630741,10.1428571428571,8.37951133733663,-0.359313987964543,0.386782519780993,-0.591727792045708,-0.751044532632091,-0.93208053808425,0.271492822858267,-2.131198360572,0.57665429916622,0.424742431566812,0.0085813703630741,0.00920643757379388,2,31.0583333333333,0.282828282828283,0.212121212121212,0.626262626262626,0.282828282828283,0.212121212121212,0,0.424242424242424,0.424242424242424,0.0606060606060606,0.848484848484849,0.373737373737374,0.777777777777778,0.272727272727273,0.171717171717172,0.333333333333333,0.767676767676768,0.191919191919192,0.373737373737374,5,1.66666666666667,0.828282828282828,0.353535353535354,2,5,25,12,134.6,224.333333333333,673,6.51174532964473,0.121212121212121,5.41313304097662,0.121212121212121,-1.17884543731579,-1.13082127696239,0.780380944029171,0.802383414440236,-1.46234228443121,-1.3591380991935,134.6,4.90230741721063,0.0404040404040404,0.121212121212121,0.340335777144293,0.369823333875643,0.366249336797327,43,43,0.373737373737374,0,NA,NA,0,0.373737373737374,0,0,0,0,14.3333333333333,14.3333333333333,0.393939393939394,0.393939393939394,0,0
"smsu014","SM",2,2,4,24,26,40,14,8.8,22.8,TRUE,0.171717171717172,20,0.747474747474748,10,0.434343434343434,0.424242424242424,11.4,0.929292929292929,5.7,0.727272727272727,0.262626262626263,13,0.808080808080808,6.5,0.575757575757576,0.262626262626263,4.4,0.696969696969697,2.2,0.424242424242424,0.222222222222222,12,0.717171717171717,6,0.444444444444444,0.898989898989899,7,0.94949494949495,3.5,0.878787878787879,3.68887945411394,2.99573227355399,-0.978287098855653,0.569750282561738,-0.937713502580459,0.648651458851574,"sum",0.64161983530792,0.00969179974959662,0.593686868686869,13.1835598735143,0.396773042800967,-0.701193785481257,0.0766894895450865,0.728540808721715,-0.103517787243673,0.174631173460457,-1.26625472620333,0.64161983530792,0.324984461319049,0.00969179974959662,0.00751649946522722,76.6666666666667,59.6190476190476,0.444444444444444,0.424242424242424,0.161616161616162,0.444444444444444,0.424242424242424,0.898989898989899,0.212121212121212,0.222222222222222,0.313131313131313,0.96969696969697,0.707070707070707,0.121212121212121,0.666666666666667,0.96969696969697,0.808080808080808,0.686868686868687,0.292929292929293,0.151515151515152,3,1.5,0.606060606060606,0,1,2,26.25,11,101,202,404,6.00141487796115,0.0303030303030303,5.3082676974012,0.0909090909090909,-1.36439653440332,-1.16840196420908,0.442407386632388,0.556840931708293,-2.17598731794422,-1.487260679851,134.666666666667,4.90280258929304,0.0505050505050505,0.0808080808080808,0.340335777144293,0.369823333875643,0.366249336797327,36,36,0.212121212121212,0,NA,NA,0,0.212121212121212,0,0,0,0,18,18,0.919191919191919,0.919191919191919,0,0
"smsu015","SM",3,3,5,29,20,43,11.3333333333333,6.83333333333333,18.1666666666667,TRUE,0.242424242424242,14.3333333333333,0.101010101010101,8.6,0.222222222222222,0.0909090909090909,6.05555555555555,0.0909090909090909,3.63333333333333,0.111111111111111,0.111111111111111,6.66666666666667,0,4,0.0404040404040404,0.121212121212121,2.27777777777778,0,1.36666666666667,0.0404040404040404,0.434343434343434,9.66666666666667,0.303030303030303,5.8,0.383838383838384,0.414141414141414,3.77777777777778,0.434343434343434,2.26666666666667,0.424242424242424,3.76120011569356,2.66258782702545,-0.712448213297051,-1.07399257760789,-0.626656710830805,-1.14093873007905,"sum",0.512335679725068,0.00801652905028592,6.03333333333333,-6.03317312528334,0.780965756797072,-0.324145460190979,0.0863525092929294,0.563624765755534,-0.094908912692286,0.859204536639487,-0.500390234323368,0.512335679725068,0.287481780485524,0.00801652905028592,0.00646691414369423,4.16666666666667,42.5666666666667,0.111111111111111,0.0909090909090909,0.565656565656566,0.111111111111111,0.0909090909090909,0.0404040404040404,0.151515151515152,0.131313131313131,0.151515151515152,0.252525252525253,0.808080808080808,0.333333333333333,0.676767676767677,0.919191919191919,0.838383838383838,0.929292929292929,0.404040404040404,0.373737373737374,1,0.333333333333333,0,0.353535353535354,3,4,26.2,5,367,611.666666666667,1835,7.51479976048867,0.393939393939394,6.41618747182056,0.393939393939394,-0.377319880380067,-0.47904876083328,-1.92340751514509,-2.94840860052491,-0.0596730716622996,-0.133624332319211,1835,7.51479976048867,0.95959595959596,0.383838383838384,0.340335777144293,0.369823333875643,0.366249336797327,43,43,0.373737373737374,0,NA,NA,0,0.373737373737374,0,0,0,0,14.3333333333333,14.3333333333333,0.393939393939394,0.393939393939394,0,0
"smsu016","SM",2,2,3,21,17,34,12,5.36666666666667,17.3666666666667,TRUE,0.0606060606060606,17,0.434343434343434,11.3333333333333,0.646464646464647,0.0505050505050505,8.68333333333333,0.595959595959596,5.78888888888889,0.757575757575758,0.0303030303030303,8.5,0.111111111111111,5.66666666666667,0.333333333333333,0.0404040404040404,2.68333333333333,0.0606060606060606,1.78888888888889,0.242424242424242,0.0909090909090909,10.5,0.484848484848485,7,0.626262626262626,0.555555555555556,6,0.828282828282828,4,0.93939393939394,3.52636052461616,2.83321334405622,-1.50996486997285,-0.30046652576336,-1.63672006175729,-0.22437009313702,"sum",0.493648839929441,0.00772232261380272,0.166666666666667,-6.7947196497742,-0.237947496875973,-0.0399278193615424,-0.125967904321517,0.15753101963814,0.0301163095055958,0.242059951053371,0.556257746892502,0.493648839929441,0.231915612005244,0.00772232261380272,0.00570557892123569,25.8333333333333,58.1666666666667,0.0404040404040404,0.0505050505050505,0.0606060606060606,0.0404040404040404,0.0505050505050505,0.404040404040404,0.0404040404040404,0.0404040404040404,0.303030303030303,0.191919191919192,0.444444444444444,0.494949494949495,0.505050505050505,0.676767676767677,0.929292929292929,0.747474747474748,0.626262626262626,0,1,0.5,0.0303030303030303,0,1,2,32,10,205,307.5,615,6.42162226780652,0.0707070707070707,5.72847508724657,0.181818181818182,-1.21885273705957,-0.990875284901965,-1.58543395774831,-2.00347293193549,-1.58837018512506,-0.973858888918754,615,6.42162226780652,0.464646464646465,0.212121212121212,0.340335777144293,0.369823333875643,0.366249336797327,34,34,0.171717171717172,0,NA,NA,0,0.171717171717172,0,0,0,0,17,17,0.848484848484849,0.848484848484849,0,0
"smsu017","SM",4,5,7,50,34,67,13.2,14.1833333333333,27.3833333333333,TRUE,0.929292929292929,16.75,0.424242424242424,9.57142857142857,0.383838383838384,0.828282828282828,6.84583333333333,0.222222222222222,3.91190476190476,0.191919191919192,0.595959595959596,8.5,0.111111111111111,4.85714285714286,0.202020202020202,0.757575757575758,3.54583333333333,0.313131313131313,2.02619047619048,0.363636363636364,0.96969696969697,12.5,0.797979797979798,7.14285714285714,0.666666666666667,0.797979797979798,3.3,0.222222222222222,1.88571428571428,0.191919191919192,4.20469261939097,2.81839825827108,1.41426287117176,-0.372984593123785,1.28083904974447,-0.303953986686878,"sum",0.756748935832653,0.0113561475517666,240.547258297258,1.90807987635225,-0.631318030359278,-0.292014659090954,0.273244588552378,0.197579199720114,-0.974186103402126,0.13799443838178,2.94998318386105,0.756748935832653,0.545712076312472,0.0113561475517666,0.0115066842870146,34.2,98.7833333333333,0.818181818181818,0.838383838383838,0.96969696969697,0.818181818181818,0.838383838383838,0.525252525252525,0.767676767676768,0.777777777777778,0.656565656565657,0.575757575757576,0.272727272727273,0.343434343434343,0.727272727272727,0.717171717171717,0.292929292929293,0.626262626262626,0.878787878787879,0.858585858585859,6,1.5,0.606060606060606,0.797979797979798,0,0,23.1428571428571,11,412.142857142857,721.25,2885,7.9672801789422,0.646464646464647,6.58098581782231,0.464646464646465,0.346950201188358,-0.294650985723603,0.442407386632388,0.556840931708293,0.573074596688615,0.0677233070240784,480.833333333333,6.17552070971414,0.363636363636364,0.424242424242424,0.340335777144293,0.369823333875643,0.366249336797327,80,80,0.96969696969697,0,NA,NA,0,0.96969696969697,0,0,0,0,16,16,0.787878787878788,0.787878787878788,0,0
"smsu018","SM",4,6,7,47,41,71,9.5,17.8166666666667,27.3166666666667,TRUE,0.96969696969697,17.75,0.555555555555556,10.1428571428571,0.484848484848485,0.818181818181818,6.82916666666666,0.212121212121212,3.90238095238095,0.181818181818182,0.848484848484849,10.25,0.464646464646465,5.85714285714286,0.424242424242424,0.909090909090909,4.45416666666667,0.717171717171717,2.5452380952381,0.595959595959596,0.929292929292929,11.75,0.707070707070707,6.71428571428571,0.585858585858586,0.101010101010101,2.375,0.0505050505050505,1.35714285714286,0.0202020202020202,4.26267987704132,2.87638551592142,1.76871471858323,-0.0829123236820855,1.53024675610539,0.00754280833824291,"sum",0.753200207014808,0.011343427047635,410.508863358863,3.68578677478205,-0.889091012719939,0.290877790218918,0.664707932107307,-0.277990054085088,-1.53929327449449,-0.641841107588013,-0.827141980313857,0.753200207014807,0.69835329297614,0.011343427047635,0.0141420966995894,30.8333333333333,26.0333333333333,0.797979797979798,0.818181818181818,1,0.797979797979798,0.818181818181818,0.474747474747475,0.909090909090909,0.909090909090909,0.0202020202020202,0.696969696969697,0.151515151515152,0.717171717171717,0.838383838383838,0.292929292929293,0.101010101010101,0.141414141414141,0.353535353535354,0.858585858585859,6,1.5,0.606060606060606,0.797979797979798,1,3,22.4285714285714,12,229.685714285714,401.95,1607.8,7.38262206389386,0.323232323232323,5.99632770277397,0.242424242424242,-0.534038130410873,-0.831942632195267,0.442407386632388,0.556840931708293,-0.244510085414641,-0.646601406445022,267.966666666667,5.5908625946658,0.191919191919192,0.232323232323232,0.340335777144293,0.369823333875643,0.366249336797327,72,72,0.909090909090909,0,NA,NA,0,0.909090909090909,0,0,0,0,12,12,0.0303030303030303,0.0303030303030303,0,0
"smsu019","SM",4,4,7,28,42,57,8.25,15.4333333333333,23.6833333333333,TRUE,0.656565656565657,14.25,0.0909090909090909,8.14285714285714,0.141414141414141,0.535353535353535,5.92083333333333,0.0707070707070707,3.38333333333333,0.0505050505050505,0.888888888888889,10.5,0.525252525252525,6,0.444444444444444,0.828282828282828,3.85833333333333,0.484848484848485,2.2047619047619,0.434343434343434,0.353535353535354,7,0,4,0.0404040404040404,0,2.0625,0.0303030303030303,1.17857142857143,0,4.04305126783455,2.65675690671466,0.528133252643087,-1.09816526672803,0.585607021565941,-1.17226135271127,"sum",0.668892088812734,0.010007757962557,23.5440476190476,7.28612336148546,-1.29123409584403,0.659222963033262,-0.617479291481065,-0.762629124034997,-1.49132821933285,-0.500060165609115,-3.07667429483888,0.668892088812734,0.624254646696034,0.010007757962557,0.0124845866979718,6.45,47.902380952381,0.585858585858586,0.535353535353535,0.696969696969697,0.585858585858586,0.535353535353535,0.0808080808080808,0.848484848484849,0.828282828282828,0.191919191919192,0.787878787878788,0.0404040404040404,0.888888888888889,0.262626262626263,0.161616161616162,0.111111111111111,0.191919191919192,0.121212121212121,0.858585858585859,7,1.75,0.898989898989899,0.797979797979798,3,6,23.5714285714286,9,933.428571428571,1633.5,6534,8.78477459216102,1,7.39848023104113,0.919191919191919,2.86396117989615,1.2404079071476,0.949367722727563,0.916088799880532,1.71625706991475,1.06652319956784,933.428571428571,6.8388644431057,0.696969696969697,0.878787878787879,0.340335777144293,0.369823333875643,0.366249336797327,44,44,0.424242424242424,0,NA,NA,0,0.424242424242424,0,0,0,0,11,11,0.0101010101010101,0.0101010101010101,0,0
"smsu020","SM",3,3,5,36,33,58,14.3333333333333,12.4333333333333,26.7666666666667,TRUE,0.686868686868687,19.3333333333333,0.666666666666667,11.6,0.696969696969697,0.808080808080808,8.92222222222222,0.646464646464647,5.35333333333333,0.686868686868687,0.575757575757576,11,0.595959595959596,6.6,0.595959595959596,0.606060606060606,4.14444444444444,0.606060606060606,2.48666666666667,0.575757575757576,0.717171717171717,12,0.717171717171717,7.2,0.686868686868687,0.93939393939394,4.77777777777778,0.676767676767677,2.86666666666667,0.696969696969697,4.06044301054642,2.96183072187831,0.616746214495954,0.376368769600605,0.660410259986722,0.466538609904153,"sum",0.759637508196362,0.011103330910952,4.55126262626263,2.15786372581364,-0.729411519059186,0.383181447227423,0.901081699412473,0.475312426423639,-1.0819568309122,-0.294040527361043,-1.33062389988094,0.759637508196362,0.529866417235869,0.011103330910952,0.0109529145953403,23.6666666666667,160.542857142857,0.838383838383838,0.808080808080808,0.494949494949495,0.838383838383838,0.808080808080808,0.353535353535354,0.717171717171717,0.717171717171717,0.909090909090909,0.585858585858586,0.222222222222222,0.767676767676768,0.909090909090909,0.898989898989899,0.232323232323232,0.262626262626263,0.282828282828283,0.373737373737374,5,1.66666666666667,0.828282828282828,0.353535353535354,4,9,22.6,10,149.8,249.666666666667,749,6.61873898351722,0.141414141414141,5.52012669484911,0.141414141414141,-1.12642207903084,-1.08819243769749,0.780380944029171,0.802383414440236,-1.31272258321287,-1.22841518749807,149.8,5.00930107108312,0.0707070707070707,0.161616161616162,0.340335777144293,0.369823333875643,0.366249336797327,47,47,0.585858585858586,0,NA,NA,0,0.585858585858586,0,0,0,0,15.6666666666667,15.6666666666667,0.767676767676768,0.767676767676768,0,0
"smsu021","SM",3,5,7,41,39,62,10,14.2666666666667,24.2666666666667,TRUE,0.818181818181818,20.6666666666667,0.838383838383838,8.85714285714286,0.262626262626263,0.585858585858586,8.08888888888889,0.464646464646465,3.46666666666667,0.0808080808080808,0.818181818181818,13,0.808080808080808,5.57142857142857,0.323232323232323,0.767676767676768,4.75555555555556,0.797979797979798,2.03809523809524,0.373737373737374,0.848484848484849,13.6666666666667,0.858585858585859,5.85714285714286,0.434343434343434,0.121212121212121,3.33333333333333,0.232323232323232,1.42857142857143,0.0303030303030303,4.12713438504509,3.02852209637698,0.971198061907422,0.763131795522871,0.947255050062259,0.824792306559723,"sum",0.685639069895434,0.0102160207260818,140.494480519481,-8.94031891176397,-0.121449735815797,0.0852908393294959,-0.484364855277151,-0.988835892281368,-1.33296928219055,-0.36236606695182,-1.58431792010285,0.685639069895434,0.591516815706344,0.0102160207260818,0.0121480146303419,18,32.5333333333333,0.636363636363636,0.585858585858586,0.929292929292929,0.636363636363636,0.585858585858586,0.252525252525253,0.808080808080808,0.808080808080808,0.0808080808080808,0.141414141414141,0.515151515151515,0.545454545454545,0.343434343434343,0.0808080808080808,0.151515151515152,0.222222222222222,0.252525252525253,0.858585858585859,4,1.33333333333333,0.424242424242424,0.353535353535354,1,2,26,9,142,331.333333333333,994,6.90173720665657,0.222222222222222,5.80312491798846,0.212121212121212,-0.957425726664873,-0.950770521646172,0.104433829235606,0.282347789583801,-0.916978461398971,-0.882653075499385,248.5,5.51544284553668,0.181818181818182,0.151515151515152,0.340335777144293,0.369823333875643,0.366249336797327,71,71,0.878787878787879,0,NA,NA,0,0.878787878787879,0,0,0,0,14.2,14.2,0.363636363636364,0.363636363636364,0,0
"smsu022","SM",2,2,4,22,28,45,12.5,9.38333333333333,21.8833333333333,TRUE,0.292929292929293,22.5,0.878787878787879,11.25,0.636363636363636,0.353535353535354,10.9416666666667,0.909090909090909,5.47083333333333,0.707070707070707,0.363636363636364,14,0.909090909090909,7,0.656565656565657,0.313131313131313,4.69166666666667,0.787878787878788,2.34583333333333,0.525252525252525,0.121212121212121,11,0.565656565656566,5.5,0.303030303030303,0.646464646464647,6.25,0.858585858585859,3.125,0.757575757575758,3.80666248977032,3.11351530921037,-0.535222289591317,1.29493095616599,-0.431119503112248,1.28136008488318,"sum",0.624836758131888,0.00934141425941663,2.77652625152625,0.341674095715405,1.38565148324578,0.0967389129892142,-0.131390481302914,0.271673301231041,-0.425373823712506,0.110219552530325,-4.1271455300025,0.624836758131888,0.374629773540177,0.00934141425941663,0.00845224240392263,30.5,70.0261904761905,0.404040404040404,0.353535353535354,0.393939393939394,0.404040404040404,0.353535353535354,0.454545454545455,0.313131313131313,0.313131313131313,0.393939393939394,0.525252525252525,0.95959595959596,0.565656565656566,0.484848484848485,0.777777777777778,0.686868686868687,0.585858585858586,0.0909090909090909,0.151515151515152,3,1.5,0.606060606060606,0,7,11,27.5,7,664.15,1328.3,2656.6,7.8848023886984,0.606060606060606,7.19165520813846,0.777777777777778,0.189404213921474,0.726842575161531,0.442407386632388,0.556840931708293,0.457737827760882,0.813828126292457,885.533333333333,6.78619010003029,0.656565656565657,0.747474747474748,0.340335777144293,0.369823333875643,0.366249336797327,30,30,0.121212121212121,0,NA,NA,0,0.121212121212121,0,0,0,0,15,15,0.515151515151515,0.515151515151515,0,0
"smsu023","SM",3,4,4,34,52,67,10.25,20.4333333333333,30.6833333333333,TRUE,0.929292929292929,22.3333333333333,0.868686868686869,16.75,0.97979797979798,0.929292929292929,10.2277777777778,0.838383838383838,7.67083333333333,0.95959595959596,0.97979797979798,17.3333333333333,0.96969696969697,13,1,0.94949494949495,6.81111111111111,0.98989898989899,5.10833333333333,1,0.646464646464647,11.3333333333333,0.646464646464647,8.5,0.888888888888889,0.181818181818182,3.41666666666667,0.262626262626263,2.5625,0.575757575757576,4.20469261939097,3.10608033072286,1.41426287117176,1.2465855779257,1.28083904974447,1.2414207591798,"sum",0.839896747920881,0.0125743165921288,44.0389360639361,5.31233336696112,-2.01738391809407,-0.394094362653673,-0.543203577242034,-1.33345162923656,-2.12836259663376,-0.439342339101323,1.64357558436123,0.839896747920882,0.80740954067397,0.0125743165921288,0.0162853035474699,60.0833333333333,87.502380952381,0.929292929292929,0.929292929292929,0.747474747474748,0.929292929292929,0.929292929292929,0.757575757575758,0.93939393939394,0.94949494949495,0.545454545454545,0.727272727272727,0,0.282828282828283,0.303030303030303,0.0202020202020202,0.0303030303030303,0.212121212121212,0.767676767676768,0.151515151515152,4,1.33333333333333,0.424242424242424,0.353535353535354,1,2,29.75,7,1210.5,1614,4842,8.485083137498,0.93939393939394,7.3864708488299,0.888888888888889,1.69685167702589,1.20759491902922,0.104433829235606,0.282347789583801,1.29716916814251,1.05185035352983,1210.5,7.09878877637811,0.838383838383838,0.94949494949495,0.340335777144293,0.369823333875643,0.366249336797327,55,55,0.686868686868687,0,NA,NA,0,0.686868686868687,0,0,0,0,13.75,13.75,0.262626262626263,0.262626262626263,0,0
"smsu024","SM",3,3,3,27,27,48,9,11.0166666666667,20.0166666666667,TRUE,0.383838383838384,16,0.272727272727273,16,0.95959595959596,0.242424242424242,6.67222222222222,0.181818181818182,6.67222222222222,0.929292929292929,0.313131313131313,9,0.202020202020202,9,0.909090909090909,0.424242424242424,3.67222222222222,0.383838383838384,3.67222222222222,0.95959595959596,0.292929292929293,9,0.121212121212121,9,0.909090909090909,0.0303030303030303,3,0.121212121212121,3,0.747474747474748,3.87120101090789,2.77258872223978,-0.269383404032716,-0.590538795205059,-0.153534302827303,-0.550034319393386,"sum",0.572433425891377,0.00866633923555289,1.03416305916306,3.5620640290396,-0.215468596931143,0.610647437202876,-0.838028650250079,-0.263264070467163,-0.693450656739276,0.129578344309801,0.170155484636309,0.572433425891377,0.452467525657593,0.00866633923555289,0.00928548592987732,14.5,52.6511904761905,0.242424242424242,0.242424242424242,0.202020202020202,0.242424242424242,0.242424242424242,0.181818181818182,0.484848484848485,0.434343434343434,0.222222222222222,0.686868686868687,0.454545454545455,0.878787878787879,0.171717171717172,0.323232323232323,0.505050505050505,0.616161616161616,0.525252525252525,0,2,0.666666666666667,0.0808080808080808,0.353535353535354,1,1,37.3333333333333,11,1109.2,1109.2,3327.6,8.11000660240973,0.787878787878788,7.01139431374162,0.646464646464647,0.652247285095201,0.358159206098138,-1.24746040035153,-1.33303040547055,0.772662927979953,0.593588624906153,1663.8,7.41685942184979,0.93939393939394,0.93939393939394,0.340335777144293,0.369823333875643,0.366249336797327,39,39,0.282828282828283,0,NA,NA,0,0.282828282828283,0,0,0,0,13,13,0.131313131313131,0.131313131313131,0,0
"smsu025","SM",3,4,4,33,36,58,11.75,13.0833333333333,24.8333333333333,TRUE,0.686868686868687,19.3333333333333,0.666666666666667,14.5,0.919191919191919,0.636363636363636,8.27777777777778,0.525252525252525,6.20833333333333,0.848484848484849,0.717171717171717,12,0.686868686868687,9,0.909090909090909,0.666666666666667,4.36111111111111,0.676767676767677,3.27083333333333,0.858585858585859,0.626262626262626,11,0.565656565656566,8.25,0.858585858585859,0.505050505050505,3.91666666666667,0.464646464646465,2.9375,0.737373737373737,4.06044301054642,2.96183072187831,0.616746214495954,0.376368769600605,0.660410259986722,0.466538609904153,"sum",0.711395268667912,0.0103940364769834,38.181746031746,15.1567769197802,-1.32086055370165,0.0634737870020735,0.0320561001505202,-0.195940209058842,-1.0746842673971,0.12599791515175,-1.12777255929954,0.711395268667912,0.538377800337192,0.0103940364769834,0.0110292026219369,28,100.92619047619,0.686868686868687,0.606060606060606,0.737373737373737,0.686868686868687,0.606060606060606,0.424242424242424,0.737373737373737,0.727272727272727,0.676767676767677,0.98989898989899,0.0303030303030303,0.525252525252525,0.656565656565657,0.383838383838384,0.252525252525253,0.606060606060606,0.313131313131313,0.151515151515152,4,1.33333333333333,0.424242424242424,0.353535353535354,1,1,37.25,11,494.25,659,1977,7.58933582317062,0.424242424242424,6.49072353450251,0.414141414141414,-0.279370974110814,-0.399400140101496,0.104433829235606,0.282347789583801,0.0445580020960958,-0.0425575186583866,494.25,6.20304146205073,0.383838383838384,0.535353535353535,0.340335777144293,0.369823333875643,0.366249336797327,56,56,0.727272727272727,0,NA,NA,0,0.727272727272727,0,0,0,0,14,14,0.292929292929293,0.292929292929293,0,0
"smsu026","SM",3,3,5,42,31,61,16.3333333333333,12.7666666666667,29.1,TRUE,0.777777777777778,20.3333333333333,0.767676767676768,12.2,0.757575757575758,0.919191919191919,9.7,0.777777777777778,5.82,0.777777777777778,0.484848484848485,10.3333333333333,0.484848484848485,6.2,0.515151515151515,0.646464646464647,4.25555555555556,0.656565656565657,2.55333333333333,0.616161616161616,0.878787878787879,14,0.868686868686869,8.4,0.878787878787879,0.97979797979798,5.44444444444445,0.747474747474748,3.26666666666667,0.808080808080808,4.11087386417331,3.0122615755052,0.882585100054555,0.666441039042304,0.87731728478082,0.737443803763811,"sum",0.807065496333017,0.0119875695286756,13.9611111111111,6.07159348420174,1.05639817182025,-0.269520715838956,-0.124366101496899,0.250448450537402,-0.669874544015401,-0.00719224379540905,-2.38503117086627,0.807065496333017,0.478791500849117,0.0119875695286756,0.0100827130847113,68.8333333333333,149.088095238095,0.909090909090909,0.919191919191919,0.656565656565657,0.909090909090909,0.919191919191919,0.858585858585859,0.585858585858586,0.535353535353535,0.888888888888889,0.747474747474748,0.909090909090909,0.353535353535354,0.515151515151515,0.757575757575758,0.515151515151515,0.484848484848485,0.161616161616162,0.373737373737374,3,1,0.181818181818182,0.353535353535354,2,2,25,10,178.84,298.066666666667,894.2,6.79592946379988,0.171717171717172,5.69731717513177,0.161616161616162,-1.02626587346538,-1.00674891847034,-0.57151328555796,-0.388094736881131,-1.06493978713957,-1.01192706255876,298.066666666667,5.69731717513177,0.212121212121212,0.181818181818182,0.340335777144293,0.369823333875643,0.366249336797327,59,59,0.777777777777778,0,NA,NA,0,0.777777777777778,0,0,0,0,19.6666666666667,19.6666666666667,0.98989898989899,0.98989898989899,0,0
"smsu027","SM",3,3,6,30,27,47,14,9.76666666666667,23.7666666666667,TRUE,0.333333333333333,15.6666666666667,0.232323232323232,7.83333333333333,0.121212121212121,0.545454545454545,7.92222222222222,0.414141414141414,3.96111111111111,0.222222222222222,0.313131313131313,9,0.202020202020202,4.5,0.111111111111111,0.333333333333333,3.25555555555556,0.181818181818182,1.62777777777778,0.101010101010101,0.515151515151515,10,0.393939393939394,5,0.191919191919192,0.929292929292929,4.66666666666667,0.636363636363636,2.33333333333333,0.464646464646465,3.85014760171006,2.75153531304195,-0.357996365885583,-0.687229551685626,-0.244086653669118,-0.66312932949062,"sum",0.65546504029196,0.0100817704633328,1.93019480519481,-1.11865607126053,-0.116479783835366,-0.540843507427934,-0.0606722690778721,-0.331774930000705,-0.170717106816576,0.0344199622653596,3.84229269771904,0.65546504029196,0.349951206504151,0.0100817704633328,0.00832206710513857,52.6666666666667,94.9333333333333,0.484848484848485,0.545454545454545,0.343434343434343,0.484848484848485,0.545454545454545,0.717171717171717,0.262626262626263,0.292929292929293,0.606060606060606,0.444444444444444,0.525252525252525,0.191919191919192,0.575757575757576,0.262626262626263,0.777777777777778,0.535353535353535,0.93939393939394,0.656565656565657,4,1.33333333333333,0.424242424242424,0.353535353535354,1,2,21.1666666666667,12,91.6666666666667,183.333333333333,550,6.30991827822652,0.0505050505050505,5.21130598955841,0.0808080808080808,-1.26368850401381,-1.19981268787795,0.104433829235606,0.282347789583801,-1.74457680991958,-1.60572674128,137.5,4.92362391710663,0.0606060606060606,0.0404040404040404,0.340335777144293,0.369823333875643,0.366249336797327,51,51,0.626262626262626,0,NA,NA,0,0.626262626262626,0,0,0,0,17,17,0.848484848484849,0.848484848484849,0,0
"smsu028","SM",3,4,5,36,39,58,11.25,15.3333333333333,26.5833333333333,TRUE,0.686868686868687,19.3333333333333,0.666666666666667,11.6,0.696969696969697,0.797979797979798,8.86111111111111,0.626262626262626,5.31666666666666,0.666666666666667,0.818181818181818,13,0.808080808080808,7.8,0.797979797979798,0.818181818181818,5.11111111111111,0.848484848484849,3.06666666666667,0.787878787878788,0.717171717171717,12,0.717171717171717,7.2,0.686868686868687,0.363636363636364,3.75,0.393939393939394,2.25,0.404040404040404,4.06044301054642,2.96183072187831,0.616746214495954,0.376368769600605,0.660410259986722,0.466538609904153,"sum",0.753784235361258,0.0110409034481481,36.2845238095238,12.6273086080818,-0.608168447338824,0.425223298758036,-1.38194088833053,-0.960373171146048,-1.4300847502518,0.537267829201296,4.00851807815985,0.753784235361258,0.63261383377333,0.0110409034481481,0.0128282275784605,63.5,98.2928571428571,0.808080808080808,0.787878787878788,0.707070707070707,0.808080808080808,0.787878787878788,0.808080808080808,0.858585858585859,0.848484848484849,0.636363636363636,0.94949494949495,0.303030303030303,0.797979797979798,0.101010101010101,0.0909090909090909,0.131313131313131,0.858585858585859,0.95959595959596,0.373737373737374,3,1,0.181818181818182,0.353535353535354,3,5,26,11,741.12,1235.2,3705.6,8.21760046793862,0.848484848484849,7.11898817927051,0.717171717171717,0.912984514459834,0.570181590863029,-0.57151328555796,-0.388094736881131,0.923121963919999,0.72504486435064,1235.2,7.11898817927051,0.848484848484849,0.808080808080808,0.340335777144293,0.369823333875643,0.366249336797327,60,60,0.797979797979798,0,NA,NA,0,0.797979797979798,0,0,0,0,15,15,0.515151515151515,0.515151515151515,0,0
"smsu029","SM",2,2,4,19,19,33,11,7.2,18.2,TRUE,0.0404040404040404,16.5,0.333333333333333,8.25,0.181818181818182,0.101010101010101,9.1,0.676767676767677,4.55,0.424242424242424,0.0707070707070707,9.5,0.303030303030303,4.75,0.151515151515152,0.171717171717172,3.6,0.333333333333333,1.8,0.252525252525253,0.0606060606060606,9.5,0.272727272727273,4.75,0.141414141414141,0.313131313131313,5.5,0.757575757575758,2.75,0.656565656565657,3.49650756146648,2.80336038090653,-1.59857783182572,-0.445502660484209,-1.76511997872066,-0.384734675287126,"sum",0.51823004674248,0.00803646966932801,0,1.04933456881117,0.297856410456476,0.236083694591964,0.387559212778946,0.207522639865012,-0.0452777195782541,0.140684720289987,0.629798893617788,0.51823004674248,0.278145461783863,0.00803646966932801,0.00654759913449621,21,90.8666666666667,0.141414141414141,0.101010101010101,0,0.141414141414141,0.101010101010101,0.303030303030303,0.131313131313131,0.141414141414141,0.565656565656566,0.555555555555556,0.666666666666667,0.686868686868687,0.767676767676768,0.737373737373737,0.878787878787879,0.656565656565657,0.636363636363636,0.151515151515152,3,1.5,0.606060606060606,0,2,5,29,7,545.15,1090.3,2180.6,7.68735534727228,0.484848484848485,6.99420816671234,0.616161616161616,-0.138931556389546,0.326355848383404,0.442407386632388,0.556840931708293,0.181628299060922,0.572590901217125,726.866666666667,6.58874305860417,0.545454545454545,0.595959595959596,0.340335777144293,0.369823333875643,0.366249336797327,33,33,0.161616161616162,0,NA,NA,0,0.161616161616162,0,0,0,0,16.5,16.5,0.838383838383838,0.838383838383838,0,0
"smsu030","SM",3,3,5,29,32,52,11,11.1,22.1,TRUE,0.545454545454545,17.3333333333333,0.484848484848485,10.4,0.535353535353535,0.363636363636364,7.36666666666666,0.282828282828283,4.42,0.393939393939394,0.525252525252525,10.6666666666667,0.555555555555556,6.4,0.545454545454545,0.454545454545455,3.7,0.414141414141414,2.22,0.464646464646465,0.434343434343434,9.66666666666667,0.303030303030303,5.8,0.383838383838384,0.313131313131313,3.66666666666667,0.363636363636364,2.2,0.383838383838384,3.95124371858143,2.85263142991332,0.0850684433787518,-0.203775769282794,0.190735609920561,-0.120059736774216,"sum",0.626350011555509,0.00943265623528543,3.72781385281385,-9.33177134854789,-0.652990057552485,0.508856486567645,-0.707498363884713,-0.0663383779778245,-0.934969096843468,-0.164319140317924,-1.3993483544146,0.626350011555509,0.467621912514761,0.00943265623528543,0.00976281503123016,11.7,55.75,0.414141414141414,0.363636363636364,0.464646464646465,0.414141414141414,0.363636363636364,0.131313131313131,0.535353535353535,0.494949494949495,0.282828282828283,0.111111111111111,0.232323232323232,0.818181818181818,0.242424242424242,0.464646464646465,0.323232323232323,0.343434343434343,0.272727272727273,0.373737373737374,4,1.33333333333333,0.424242424242424,0.353535353535354,2,3,27.8,12,281.04,468.4,1405.2,7.24793492039167,0.303030303030303,6.14932263172356,0.272727272727273,-0.673787767102076,-0.720126064991878,0.104433829235606,0.282347789583801,-0.432856304460156,-0.459674968632546,351.3,5.86164055927178,0.252525252525253,0.272727272727273,0.340335777144293,0.369823333875643,0.366249336797327,46,46,0.494949494949495,0,NA,NA,0,0.494949494949495,0,0,0,0,15.3333333333333,15.3333333333333,0.646464646464647,0.646464646464647,0,0
"smsu031","SM",6,6,7,49,55,72,11.3333333333333,23.7833333333333,35.1166666666667,TRUE,0.97979797979798,12,0,10.2857142857143,0.525252525252525,0.97979797979798,5.85277777777778,0.0606060606060606,5.01666666666667,0.555555555555556,1,9.16666666666667,0.252525252525253,7.85714285714286,0.808080808080808,1,3.96388888888889,0.545454545454545,3.39761904761905,0.898989898989899,0.95959595959596,8.16666666666667,0.0808080808080808,7,0.626262626262626,0.383838383838384,1.88888888888889,0,1.61904761904762,0.0808080808080808,4.27666611901606,2.484906649788,1.85732768043609,-1.75082787297186,1.59040267091967,-2.09540906526007,"sum",1,0.0140856698139888,190.093192918193,-14.6313036461228,-0.808412868073648,0.158454414214478,-0.645584115526388,-1.55817252923358,-3.06833199453956,-1.0916388270352,1.24121672885171,1,1,0.0140856698139888,0.0191834779966166,91.25,80.0666666666666,1,0.96969696969697,0.94949494949495,1,0.96969696969697,0.93939393939394,1,1,0.505050505050505,0.0404040404040404,0.181818181818182,0.626262626262626,0.252525252525253,0.0101010101010101,0,0.0101010101010101,0.717171717171717,0.858585858585859,4,0.666666666666667,0.0808080808080808,0.98989898989899,2,4,25.2857142857143,11,88.3142857142857,103.033333333333,618.2,6.42681202969802,0.0808080808080808,4.63505256046996,0.0101010101010101,-1.21664543776336,-1.33493489023208,-1.24746040035153,-1.33303040547055,-1.58111283297849,-2.30978276141265,154.55,5.04051766857813,0.0909090909090909,0.0303030303030303,0.340335777144293,0.369823333875643,0.366249336797327,91,91,0.98989898989899,0,NA,NA,0,0.98989898989899,0,0,0,0,15.1666666666667,15.1666666666667,0.616161616161616,0.616161616161616,0,0
"smsu032","SM",2,2,4,20,17,30,10.5,6.71666666666667,17.2166666666667,TRUE,0.0101010101010101,15,0.171717171717172,7.5,0.0909090909090909,0.0404040404040404,8.60833333333333,0.585858585858586,4.30416666666667,0.353535353535354,0.0303030303030303,8.5,0.111111111111111,4.25,0.0808080808080808,0.101010101010101,3.35833333333333,0.252525252525253,1.67916666666667,0.151515151515152,0.0808080808080808,10,0.393939393939394,5,0.191919191919192,0.242424242424242,5.25,0.717171717171717,2.625,0.606060606060606,3.40119738166216,2.70805020110221,-1.86441671738432,-0.880611064646758,-2.17505647685923,-0.896723287015109,"sum",0.501273896721245,0.0076666791606225,0.416666666666667,-15.9935830825486,-1.02900579576452,0.676246729275416,-0.337309980334662,0.183375362843459,-0.184169045554588,0.163021713853973,4.30719808601967,0.501273896721245,0.283526000398288,0.0076666791606225,0.00639625239118969,28.1666666666667,94.8190476190476,0.0707070707070707,0.0404040404040404,0.131313131313131,0.0707070707070707,0.0404040404040404,0.434343434343434,0.141414141414141,0.111111111111111,0.595959595959596,0.0303030303030303,0.111111111111111,0.919191919191919,0.393939393939394,0.696969696969697,0.767676767676768,0.666666666666667,0.97979797979798,0.151515151515152,3,1.5,0.606060606060606,0,1,1,28.5,6,241.75,483.5,967,6.87419849545329,0.202020202020202,6.18105131489335,0.282828282828283,-0.976049814476632,-0.69471703316688,0.442407386632388,0.556840931708293,-0.955488537399209,-0.420909437237953,322.333333333333,5.77558620678518,0.232323232323232,0.242424242424242,0.340335777144293,0.369823333875643,0.366249336797327,28,28,0.0808080808080808,0,NA,NA,0,0.0808080808080808,0,0,0,0,14,14,0.292929292929293,0.292929292929293,0,0
"smsu033","SM",3,4,6,32,37,55,11,14.6333333333333,25.6333333333333,TRUE,0.636363636363636,18.3333333333333,0.575757575757576,9.16666666666667,0.292929292929293,0.707070707070707,8.54444444444444,0.575757575757576,4.27222222222222,0.333333333333333,0.737373737373737,12.3333333333333,0.727272727272727,6.16666666666667,0.484848484848485,0.797979797979798,4.87777777777778,0.818181818181818,2.43888888888889,0.555555555555556,0.575757575757576,10.6666666666667,0.525252525252525,5.33333333333333,0.252525252525253,0.313131313131313,3.66666666666667,0.363636363636364,1.83333333333333,0.171717171717172,4.00733318523247,2.90872089656436,0.350907328937353,0.0862965001589053,0.431980769551927,0.181242476926233,"sum",0.712096011620592,0.0107264818082053,5.36904761904762,0.0575963721038668,-0.0600684807610406,0.133885191444668,-0.823942197620157,-0.913281364653513,-1.24082684637783,-0.77140372127109,-0.121425337279885,0.712096011620592,0.573348426233116,0.0107264818082053,0.0120527068858109,61.6,129.783333333333,0.696969696969697,0.696969696969697,0.535353535353535,0.696969696969697,0.696969696969697,0.767676767676768,0.797979797979798,0.797979797979798,0.797979797979798,0.505050505050505,0.545454545454545,0.575757575757576,0.191919191919192,0.101010101010101,0.191919191919192,0.0909090909090909,0.444444444444444,0.656565656565657,6,2,0.909090909090909,0.353535353535354,2,4,26.3333333333333,11,172.5,345,1035,6.94215670569947,0.232323232323232,5.84354441703136,0.222222222222222,-0.929144704432201,-0.927773384674319,1.45632805882274,1.22728345817323,-0.860455918693777,-0.833269262414033,172.5,5.15039723647141,0.111111111111111,0.171717171717172,0.340335777144293,0.369823333875643,0.366249336797327,51,51,0.626262626262626,0,NA,NA,0,0.626262626262626,0,0,0,0,12.75,12.75,0.111111111111111,0.111111111111111,0,0
"smsu034","SM",3,3,6,23,36,49,8.66666666666666,15.6333333333333,24.3,TRUE,0.414141414141414,16.3333333333333,0.313131313131313,8.16666666666667,0.151515151515152,0.595959595959596,8.1,0.474747474747475,4.05,0.242424242424242,0.717171717171717,12,0.686868686868687,6,0.444444444444444,0.838383838383838,5.21111111111111,0.858585858585859,2.60555555555556,0.646464646464647,0.181818181818182,7.66666666666667,0.0303030303030303,3.83333333333333,0.0202020202020202,0.0202020202020202,2.88888888888889,0.111111111111111,1.44444444444444,0.0404040404040404,3.89182029811063,2.79320800944252,-0.180770442179849,-0.493848038724493,-0.0648491444595809,-0.439271332150861,"sum",0.65943015182934,0.0102653294417753,3.17216117216117,-1.13593090589161,0.952876137218391,0.228779974175142,0.491843889845784,0.0211722698316228,-1.26843295474221,0.121174529484547,-3.24358010415453,0.65943015182934,0.607320329275093,0.0102653294417753,0.0124790541812363,58.5833333333333,146.013095238095,0.515151515151515,0.595959595959596,0.434343434343434,0.515151515151515,0.595959595959596,0.737373737373737,0.818181818181818,0.818181818181818,0.868686868686869,0.434343434343434,0.868686868686869,0.676767676767677,0.808080808080808,0.575757575757576,0.171717171717172,0.595959595959596,0.111111111111111,0.656565656565657,5,1.66666666666667,0.828282828282828,0.353535353535354,3,6,25.1666666666667,10,660.366666666667,1320.73333333333,3962.2,8.28455470554023,0.868686868686869,7.18594241687212,0.757575757575758,1.08998232677456,0.714110013960042,0.780380944029171,0.802383414440236,1.01675062938451,0.806848341219089,792.44,6.67511679310613,0.595959595959596,0.727272727272727,0.340335777144293,0.369823333875643,0.366249336797327,40,40,0.313131313131313,0,NA,NA,0,0.313131313131313,0,0,0,0,13.3333333333333,13.3333333333333,0.202020202020202,0.202020202020202,0,0
"smsu035","SM",2,3,5,28,32,48,11.6666666666667,12.4333333333333,24.1,TRUE,0.383838383838384,24,0.93939393939394,9.6,0.393939393939394,0.575757575757576,12.05,0.95959595959596,4.82,0.505050505050505,0.525252525252525,16,0.93939393939394,6.4,0.545454545454545,0.595959595959596,6.21666666666667,0.94949494949495,2.48666666666667,0.565656565656566,0.353535353535354,14,0.868686868686869,5.6,0.323232323232323,0.494949494949495,5.83333333333334,0.818181818181818,2.33333333333333,0.464646464646465,3.87120101090789,3.17805383034795,-0.269383404032716,1.73003936032853,-0.153534302827303,1.6280490525049,"sum",0.666454938268184,0.0101896917005503,1.74636752136752,6.05142196106543,0.30724039926235,0.182264165838247,0.749222230383429,0.45247273241199,-0.612958661694216,0.330220216686694,0.252563062207584,0.666454938268183,0.471317013084155,0.0101896917005503,0.0103469414452413,73.5333333333333,172.659523809524,0.555555555555556,0.575757575757576,0.323232323232323,0.555555555555556,0.575757575757576,0.878787878787879,0.555555555555556,0.595959595959596,0.929292929292929,0.737373737373737,0.676767676767677,0.636363636363636,0.858585858585859,0.868686868686869,0.565656565656566,0.787878787878788,0.535353535353535,0.373737373737374,3,1.5,0.606060606060606,0,1,3,24,12,211.8,529.5,1059,6.96508034560141,0.242424242424242,6.27193316504146,0.323232323232323,-0.912589959710637,-0.6173120355543,0.442407386632388,0.556840931708293,-0.828399548723909,-0.309871636007358,353,5.8664680569333,0.262626262626263,0.222222222222222,0.340335777144293,0.369823333875643,0.366249336797327,39,39,0.282828282828283,0,NA,NA,0,0.282828282828283,0,0,0,0,13,13,0.131313131313131,0.131313131313131,0,0
"smsu036","SM",4,5,6,42,50,69,13.8,21.7666666666667,35.5666666666667,TRUE,0.95959595959596,17.25,0.474747474747475,11.5,0.686868686868687,1,8.89166666666667,0.636363636363636,5.92777777777778,0.808080808080808,0.96969696969697,12.5,0.767676767676768,8.33333333333333,0.838383838383838,0.96969696969697,5.44166666666667,0.898989898989899,3.62777777777778,0.93939393939394,0.878787878787879,10.5,0.484848484848485,7,0.626262626262626,0.888888888888889,3.45,0.313131313131313,2.3,0.444444444444444,4.23410650459726,2.84781214347737,1.59148879487749,-0.227948458402935,1.40735045831461,-0.145948049826678,"sum",0.977982581853444,0.0143525688809792,45.4548090798091,2.51606828832297,-0.617766162166811,0.525000615495283,-0.553745118054818,0.00404682403945929,-2.10543804168146,0.138762612143912,0.0609865967565287,0.977982581853444,0.833680224574476,0.0143525688809792,0.0170272593937324,162.033333333333,260.066666666667,0.98989898989899,1,0.767676767676768,0.98989898989899,1,1,0.96969696969697,0.96969696969697,1,0.616161616161616,0.292929292929293,0.838383838383838,0.282828282828283,0.535353535353535,0.0404040404040404,0.636363636363636,0.494949494949495,0.656565656565657,4,1,0.181818181818182,0.797979797979798,4,7,23.8333333333333,10,283.166666666667,424.75,1699,7.43779512167193,0.343434343434343,6.05150076055204,0.252525252525253,-0.47113010046893,-0.793576676856859,-0.57151328555796,-0.388094736881131,-0.167356197111184,-0.579191962063536,424.75,6.05150076055204,0.303030303030303,0.282828282828283,0.340335777144293,0.369823333875643,0.366249336797327,74,74,0.919191919191919,0,NA,NA,0,0.919191919191919,0,0,0,0,14.8,14.8,0.494949494949495,0.494949494949495,0,0
"smsu037","SM",2,3,5,32,26,50,12.3333333333333,9,21.3333333333333,TRUE,0.434343434343434,25,0.94949494949495,10,0.434343434343434,0.303030303030303,10.6666666666667,0.868686868686869,4.26666666666667,0.323232323232323,0.262626262626263,13,0.808080808080808,5.2,0.292929292929293,0.272727272727273,4.5,0.737373737373737,1.8,0.252525252525253,0.575757575757576,16,0.97979797979798,6.4,0.545454545454545,0.606060606060606,6.16666666666667,0.848484848484849,2.46666666666667,0.515151515151515,3.91202300542815,3.2188758248682,-0.0921574803269823,2.02011162977023,0.022044271413363,1.84733723709653,"sum",0.594746181844467,0.00916973373425915,1.54166666666667,-6.7074324064083,-0.863605154249252,-0.583546060987436,1.52190378581465,-0.274888337817268,-0.601730833790565,0.259777582527587,1.24384413836449,0.594746181844467,0.377948703373888,0.00916973373425915,0.00837929921876818,11.1666666666667,57.1,0.313131313131313,0.303030303030303,0.292929292929293,0.313131313131313,0.303030303030303,0.121212121212121,0.323232323232323,0.303030303030303,0.292929292929293,0.202020202020202,0.161616161616162,0.161616161616162,0.96969696969697,0.303030303030303,0.585858585858586,0.757575757575758,0.727272727272727,0.373737373737374,3,1.5,0.606060606060606,0,2,3,25.2,12,877.8,2194.5,4389,8.38685668968823,0.909090909090909,7.69370950912829,0.96969696969697,1.38438087040637,2.18441233455319,0.442407386632388,0.556840931708293,1.15980950949817,1.42722899334591,1463,7.28824440102012,0.898989898989899,0.858585858585859,0.340335777144293,0.369823333875643,0.366249336797327,46,46,0.494949494949495,0,NA,NA,0,0.494949494949495,0,0,0,0,15.3333333333333,15.3333333333333,0.646464646464647,0.646464646464647,0,0
"smsu038","SM",2,3,6,34,27,52,15,10.8833333333333,25.8833333333333,TRUE,0.545454545454545,26,0.97979797979798,8.66666666666667,0.232323232323232,0.727272727272727,12.9416666666667,0.98989898989899,4.31388888888889,0.363636363636364,0.313131313131313,13.5,0.878787878787879,4.5,0.111111111111111,0.404040404040404,5.44166666666667,0.909090909090909,1.81388888888889,0.272727272727273,0.646464646464647,17,0.98989898989899,5.66666666666667,0.333333333333333,0.96969696969697,7.5,0.97979797979798,2.5,0.535353535353535,3.95124371858143,3.25809653802148,0.0850684433787518,2.31018389921193,0.190735609920561,2.05802363512407,"sum",0.729691527386004,0.0107841570435167,0.342857142857143,6.67420064612369,0.619445973926688,0.522745501165643,0.101688413457998,0.631737396135656,-0.455748266711588,0.0183893033147531,-4.58763945337655,0.729691527386004,0.416727980333224,0.0107841570435167,0.00931197899887626,65.8666666666667,185.155952380952,0.747474747474748,0.727272727272727,0.101010101010101,0.747474747474748,0.727272727272727,0.818181818181818,0.404040404040404,0.444444444444444,0.97979797979798,0.767676767676768,0.757575757575758,0.828282828282828,0.686868686868687,0.929292929292929,0.646464646464647,0.525252525252525,0.0606060606060606,0.656565656565657,4,2,0.909090909090909,0,1,1,20.5,11,311.333333333333,934,1868,7.53262361878879,0.404040404040404,6.83947643822884,0.565656565656566,-0.354557106387917,0.0633471282345753,1.45632805882274,1.22728345817323,-0.0347482255905905,0.383542473138073,467,6.1463292576689,0.343434343434343,0.333333333333333,0.340335777144293,0.369823333875643,0.366249336797327,52,52,0.646464646464647,0,NA,NA,0,0.646464646464647,0,0,0,0,17.3333333333333,17.3333333333333,0.888888888888889,0.888888888888889,0,0
"smsu039","SM",5,5,6,37,46,64,10.2,18.6833333333333,28.8833333333333,TRUE,0.858585858585859,12.8,0.0404040404040404,10.6666666666667,0.565656565656566,0.898989898989899,5.77666666666667,0.0303030303030303,4.81388888888889,0.494949494949495,0.929292929292929,9.2,0.262626262626263,7.66666666666667,0.757575757575758,0.919191919191919,3.73666666666667,0.454545454545455,3.11388888888889,0.808080808080808,0.747474747474748,7.4,0.0202020202020202,6.16666666666667,0.484848484848485,0.171717171717172,2.04,0.0202020202020202,1.7,0.111111111111111,4.15888308335967,2.54944517092557,1.14842398561316,-1.5187700574185,1.08380867145146,-1.74872009763835,"sum",0.800700112662959,0.0118974302421176,90.0790043290043,-6.06863895607223,-0.170497062204046,-0.133576210881434,1.24631986407707,-0.287089083547156,-1.72819868619995,-1.3230208444915,-0.812416721026783,0.800700112662958,0.73803022837651,0.0118974302421176,0.0148131747279656,81.5,71.9333333333334,0.898989898989899,0.898989898989899,0.868686868686869,0.898989898989899,0.898989898989899,0.909090909090909,0.929292929292929,0.929292929292929,0.404040404040404,0.242424242424242,0.474747474747475,0.434343434343434,0.95959595959596,0.272727272727273,0.0909090909090909,0,0.363636363636364,0.656565656565657,2,0.4,0.0202020202020202,0.95959595959596,4,7,25.6666666666667,12,62.3333333333333,74.8,374,5.92425579741453,0,4.31481788498043,0,-1.38508996530528,-1.38244360978125,-1.78821809218638,-2.52350855679192,-2.28388641438432,-2.70103969760179,187,5.23110861685459,0.131313131313131,0,0.340335777144293,0.369823333875643,0.366249336797327,64,64,0.848484848484849,0,NA,NA,0,0.848484848484849,0,0,0,0,12.8,12.8,0.121212121212121,0.121212121212121,0,0
"smsu040","SM",2,3,6,28,29,51,11.6666666666667,10.5166666666667,22.1833333333333,TRUE,0.505050505050505,25.5,0.96969696969697,8.5,0.202020202020202,0.393939393939394,11.0916666666667,0.919191919191919,3.69722222222222,0.121212121212121,0.393939393939394,14.5,0.929292929292929,4.83333333333333,0.181818181818182,0.373737373737374,5.25833333333333,0.878787878787879,1.75277777777778,0.202020202020202,0.353535353535354,14,0.868686868686869,4.66666666666667,0.111111111111111,0.474747474747475,5.83333333333333,0.808080808080808,1.94444444444444,0.242424242424242,3.93182563272433,3.23867845216438,-0.00354451847411524,2.16514776449108,0.107216911989692,1.95371327876126,"sum",0.619470191791169,0.00947566017455838,5.39680042180042,2.94846165198077,0.165424747195449,-0.833811328463681,-0.201206340219382,0.500837360197716,-0.464366373366757,0.286274097499691,-0.214751506592756,0.619470191791169,0.405590643331996,0.00947566017455838,0.00900103986762026,20.75,74.5607142857143,0.373737373737374,0.393939393939394,0.545454545454545,0.373737373737374,0.393939393939394,0.272727272727273,0.363636363636364,0.373737373737374,0.434343434343434,0.646464646464647,0.636363636363636,0.0808080808080808,0.444444444444444,0.909090909090909,0.636363636363636,0.777777777777778,0.424242424242424,0.656565656565657,6,3,0.98989898989899,0,2,3,21.3333333333333,8,505.166666666667,1515.5,3031,8.0166478770578,0.707070707070707,7.32350069649786,0.858585858585859,0.447658231577872,1.04184726109794,3.48416940320343,2.17221912676265,0.642110282213441,0.974914560005491,505.166666666667,6.22488840782975,0.393939393939394,0.545454545454545,0.340335777144293,0.369823333875643,0.366249336797327,43,43,0.373737373737374,0,NA,NA,0,0.373737373737374,0,0,0,0,14.3333333333333,14.3333333333333,0.393939393939394,0.393939393939394,0,0
"smsu041","SM",2,2,3,18,27,39,10,9.11666666666667,19.1166666666667,TRUE,0.161616161616162,19.5,0.696969696969697,13,0.828282828282828,0.161616161616162,9.55833333333333,0.737373737373737,6.37222222222222,0.868686868686869,0.313131313131313,13.5,0.878787878787879,9,0.909090909090909,0.282828282828283,4.55833333333333,0.767676767676768,3.03888888888889,0.777777777777778,0.0202020202020202,9,0.121212121212121,6,0.444444444444444,0.121212121212121,5,0.696969696969697,3.33333333333333,0.828282828282828,3.66356164612965,2.9704144655697,-1.06690006070852,0.424714147840888,-1.04660736435821,0.512648889257386,"sum",0.535352932744224,0.00837742312222924,2.81038961038961,-5.90333506961995,-0.787985746443212,-0.161189107485404,-0.0507563437706629,-0.222601333185869,-0.529502965935711,-0.780039477302791,0.838920522263543,0.535352932744224,0.373870684335617,0.00837742312222924,0.00815525560328258,31.5,111.969047619048,0.202020202020202,0.161616161616162,0.404040404040404,0.202020202020202,0.161616161616162,0.505050505050505,0.303030303030303,0.282828282828283,0.727272727272727,0.292929292929293,0.191919191919192,0.404040404040404,0.595959595959596,0.363636363636364,0.606060606060606,0.0707070707070707,0.676767676767677,0,3,1.5,0.606060606060606,0,4,9,25.6666666666667,10,733.533333333333,1100.3,2200.6,7.69648532943581,0.494949494949495,7.00333814887587,0.636363636363636,-0.125135935788242,0.343183021777443,0.442407386632388,0.556840931708293,0.194395646973576,0.583745748340734,733.533333333333,6.5978730407677,0.555555555555556,0.797979797979798,0.340335777144293,0.369823333875643,0.366249336797327,28,28,0.0808080808080808,0,NA,NA,0,0.0808080808080808,0,0,0,0,14,14,0.292929292929293,0.292929292929293,0,0
"smsu042","SM",2,3,5,31,24,47,11.3333333333333,8.38333333333333,19.7166666666667,TRUE,0.333333333333333,23.5,0.909090909090909,9.4,0.333333333333333,0.212121212121212,9.85833333333333,0.808080808080808,3.94333333333333,0.202020202020202,0.222222222222222,12,0.686868686868687,4.8,0.171717171717172,0.212121212121212,4.19166666666667,0.636363636363636,1.67666666666667,0.141414141414141,0.555555555555556,15.5,0.93939393939394,6.2,0.505050505050505,0.424242424242424,5.66666666666667,0.777777777777778,2.26666666666667,0.434343434343434,3.85014760171006,3.15700042115011,-0.357996365885583,1.58500322560768,-0.244086653669118,1.51495404240767,"sum",0.563290162654212,0.00856509438080214,2.43208180708181,13.1872547912023,0.330360111823009,-1.11572796958796,0.783122733273099,-0.0461265991239293,-0.437416710780001,0.102931115236628,1.79380791792685,0.563290162654212,0.354337876762428,0.00856509438080214,0.00778929282151643,5.75,26.1261904761905,0.212121212121212,0.202020202020202,0.383838383838384,0.212121212121212,0.202020202020202,0.0606060606060606,0.272727272727273,0.242424242424242,0.0303030303030303,0.97979797979798,0.686868686868687,0.0404040404040404,0.878787878787879,0.484848484848485,0.666666666666667,0.575757575757576,0.787878787878788,0.373737373737374,2,1,0.181818181818182,0,3,5,27.2,6,469.6,1174,2348,7.76131918094799,0.525252525252525,7.06817200038804,0.686868686868687,-0.0234622119566367,0.46719928969151,-0.57151328555796,-0.388094736881131,0.285059168976907,0.662958575824885,1174,7.06817200038804,0.808080808080808,0.505050505050505,0.340335777144293,0.369823333875643,0.366249336797327,38,38,0.262626262626263,0,NA,NA,0,0.262626262626263,0,0,0,0,12.6666666666667,12.6666666666667,0.0909090909090909,0.0909090909090909,0,0
"smsu043","SM",4,4,5,40,33,60,12.75,13.3833333333333,26.1333333333333,TRUE,0.767676767676768,15,0.171717171717172,12,0.747474747474748,0.767676767676768,6.53333333333333,0.151515151515152,5.22666666666667,0.636363636363636,0.575757575757576,8.25,0.0808080808080808,6.6,0.595959595959596,0.707070707070707,3.34583333333333,0.242424242424242,2.67666666666667,0.696969696969697,0.828282828282828,10,0.393939393939394,8,0.818181818181818,0.686868686868687,3.1875,0.161616161616162,2.55,0.545454545454545,4.0943445622221,2.70805020110221,0.793972138201688,-0.880611064646758,0.806223471166518,-0.896723287015109,"sum",0.745919310262848,0.0108619434484717,81.6039682539683,-12.7739950228814,1.20608838532297,-0.125262215717774,-1.12733265488693,-0.446230122386358,-0.904713697127276,-0.838296076132714,-0.0506163706192842,0.745919310262848,0.522352888682567,0.0108619434484717,0.010880241997832,44.0333333333333,53.8119047619048,0.787878787878788,0.767676767676768,0.858585858585859,0.787878787878788,0.767676767676768,0.646464646464647,0.686868686868687,0.707070707070707,0.242424242424242,0.0505050505050505,0.929292929292929,0.444444444444444,0.141414141414141,0.242424242424242,0.363636363636364,0.0404040404040404,0.464646464646465,0.373737373737374,3,0.75,0.151515151515152,0.797979797979798,4,6,31.6,11,397.36,496.7,1986.8,7.5942805832332,0.444444444444444,6.2079862221133,0.292929292929293,-0.272611120016175,-0.672505164286748,-1.07847362165313,-1.05853726334606,0.051472744198847,-0.388000854620194,662.266666666667,6.49566829456509,0.494949494949495,0.414141414141414,0.340335777144293,0.369823333875643,0.366249336797327,74,74,0.919191919191919,0,NA,NA,0,0.919191919191919,0,0,0,0,18.5,18.5,0.95959595959596,0.95959595959596,0,0
"smsu044","SM",3,5,6,47,48,68,12,20.8,32.8,TRUE,0.94949494949495,22.6666666666667,0.888888888888889,11.3333333333333,0.646464646464647,0.95959595959596,10.9333333333333,0.898989898989899,5.46666666666667,0.696969696969697,0.94949494949495,16,0.93939393939394,8,0.818181818181818,0.95959595959596,6.93333333333333,1,3.46666666666667,0.919191919191919,0.929292929292929,15.6666666666667,0.95959595959596,7.83333333333333,0.808080808080808,0.545454545454545,4,0.494949494949495,2,0.272727272727273,4.21950770517611,3.120895416508,1.50287583302462,1.34327633440627,1.34455988626846,1.32100465272966,"sum",0.901144473624285,0.0133298796255335,125.101226551227,-11.8832323881287,0.444951722784121,0.529583052020867,-2.30907928452233,-0.844239255507322,-1.92630910297503,-1.03360385768418,0.0491884512814265,0.901144473624285,0.813354747074543,0.0133298796255335,0.0160612388664649,149.833333333333,147.752380952381,0.94949494949495,0.95959595959596,0.909090909090909,0.94949494949495,0.95959595959596,0.96969696969697,0.94949494949495,0.93939393939394,0.878787878787879,0.0909090909090909,0.727272727272727,0.848484848484849,0.0303030303030303,0.121212121212121,0.0606060606060606,0.0202020202020202,0.474747474747475,0.656565656565657,4,1.33333333333333,0.424242424242424,0.353535353535354,1,1,28.5,11,134,268,804,6.68959926917897,0.151515151515152,5.59098698051086,0.151515151515152,-1.08848412237725,-1.05734261980842,0.104433829235606,0.282347789583801,-1.21363170833172,-1.14183937173695,201,5.30330490805908,0.151515151515152,0.111111111111111,0.340335777144293,0.369823333875643,0.366249336797327,69,69,0.868686868686869,0,NA,NA,0,0.868686868686869,0,0,0,0,13.8,13.8,0.282828282828283,0.282828282828283,0,0
"smsu045","SM",4,4,4,39,41,66,12.75,19.15,31.9,TRUE,0.898989898989899,16.5,0.333333333333333,16.5,0.96969696969697,0.93939393939394,7.975,0.444444444444444,7.975,0.98989898989899,0.848484848484849,10.25,0.464646464646465,10.25,0.96969696969697,0.929292929292929,4.7875,0.808080808080808,4.7875,0.98989898989899,0.797979797979798,9.75,0.373737373737374,9.75,0.96969696969697,0.686868686868687,3.1875,0.161616161616162,3.1875,0.787878787878788,4.18965474202643,2.80336038090653,1.32564990931889,-0.445502660484209,1.21615996930508,-0.384734675287126,"sum",0.85697314546884,0.0130553378374683,59.1074786324786,10.0692101590094,0.435991194733235,-0.920365988611595,-2.40900618734022,0.294926437887122,-0.953002772126408,-0.0876489809498126,0.552676515973274,0.85697314546884,0.665411423758799,0.0130553378374683,0.0138086313135066,99.3333333333334,176.233333333333,0.93939393939394,0.93939393939394,0.808080808080808,0.93939393939394,0.93939393939394,0.94949494949495,0.888888888888889,0.888888888888889,0.95959595959596,0.868686868686869,0.717171717171717,0.0606060606060606,0.0101010101010101,0.797979797979798,0.313131313131313,0.383838383838384,0.616161616161616,0.151515151515152,2,0.5,0.0303030303030303,0.797979797979798,1,3,32.5,10,124.15,124.15,496.6,6.20778487307407,0.0404040404040404,4.82149051195418,0.0303030303030303,-1.30052281101929,-1.29940150908167,-1.58543395774831,-2.00347293193549,-1.88739994951935,-2.08199624336746,248.3,5.51463769251412,0.171717171717172,0.101010101010101,0.340335777144293,0.369823333875643,0.366249336797327,59,59,0.777777777777778,0,NA,NA,0,0.777777777777778,0,0,0,0,14.75,14.75,0.484848484848485,0.484848484848485,0,0
"smsu046","SM",2,2,5,18,16,31,9.5,4.85,14.35,TRUE,0.0202020202020202,15.5,0.222222222222222,6.2,0.0101010101010101,0,7.175,0.272727272727273,2.87,0,0.0202020202020202,8,0.0505050505050505,3.2,0,0,2.425,0.0202020202020202,0.97,0,0.0202020202020202,9,0.121212121212121,3.6,0.0101010101010101,0.0606060606060606,4.75,0.646464646464647,1.9,0.212121212121212,3.43398720448515,2.7408400239252,-1.77580375553146,-0.735574929925909,-2.03402489796349,-0.720582439306963,"sum",0.398286762910642,0.00666537923681941,0.43452380952381,-12.3646857924486,0.0891981535457521,0.907610166507306,0.372256507790064,-0.128866066790451,-0.0954232716168918,-0.712043219985621,3.77851379522377,0.398286762910642,0.22999394652442,0.00666537923681941,0.00559084411495157,2,54.8214285714286,0,0,0.141414141414141,0,0,0,0.0303030303030303,0.0303030303030303,0.272727272727273,0.0606060606060606,0.585858585858586,0.96969696969697,0.757575757575758,0.434343434343434,0.828282828282828,0.111111111111111,0.929292929292929,0.373737373737374,2,1,0.181818181818182,0,2,6,23.4,7,364.24,910.6,1821.2,7.50725090346063,0.373737373737374,6.81410372290068,0.545454545454545,-0.386838858594967,0.0239715424925242,-0.57151328555796,-0.388094736881131,-0.0702293775009781,0.352542548326933,910.6,6.81410372290068,0.676767676767677,0.373737373737374,0.340335777144293,0.369823333875643,0.366249336797327,23,23,0.0101010101010101,0,NA,NA,0,0.0101010101010101,0,0,0,0,11.5,11.5,0.0202020202020202,0.0202020202020202,0,0
"smsu047","SM",3,3,5,27,38,52,10.3333333333333,13.2166666666667,23.55,TRUE,0.545454545454545,17.3333333333333,0.484848484848485,10.4,0.535353535353535,0.515151515151515,7.85,0.393939393939394,4.71,0.484848484848485,0.787878787878788,12.6666666666667,0.787878787878788,7.6,0.737373737373737,0.696969696969697,4.40555555555556,0.707070707070707,2.64333333333333,0.686868686868687,0.292929292929293,9,0.121212121212121,5.4,0.272727272727273,0.202020202020202,3.44444444444444,0.282828282828283,2.06666666666667,0.323232323232323,3.95124371858143,2.85263142991332,0.0850684433787518,-0.203775769282794,0.190735609920561,-0.120059736774216,"sum",0.667788683112206,0.00994351136505454,6.40873015873016,-6.32363864794553,-0.334307488583522,0.977042524792081,-0.707882551711159,0.289354065674703,-0.9772003052632,1.0353383692758,-5.21513342144515,0.667788683112206,0.528058944269483,0.00994351136505454,0.0107976958012652,15.5833333333333,38.1833333333333,0.575757575757576,0.505050505050505,0.575757575757576,0.575757575757576,0.505050505050505,0.212121212121212,0.696969696969697,0.696969696969697,0.111111111111111,0.222222222222222,0.383838383838384,0.98989898989899,0.232323232323232,0.787878787878788,0.282828282828283,0.97979797979798,0.0303030303030303,0.373737373737374,4,1.33333333333333,0.424242424242424,0.353535353535354,2,2,28.8,11,856.04,1426.73333333333,4280.2,8.36175501645604,0.898989898989899,7.26314272778793,0.828282828282828,1.30933269433528,0.892478051936855,0.104433829235606,0.282347789583801,1.12470738228644,0.901170285198443,1070.05,6.97546065533615,0.747474747474748,0.848484848484849,0.340335777144293,0.369823333875643,0.366249336797327,40,40,0.313131313131313,0,NA,NA,0,0.313131313131313,0,0,0,0,13.3333333333333,13.3333333333333,0.202020202020202,0.202020202020202,0,0
"smsu048","SM",2,2,5,24,22,41,13,7.86666666666667,20.8666666666667,TRUE,0.191919191919192,20.5,0.797979797979798,8.2,0.171717171717172,0.282828282828283,10.4333333333333,0.848484848484849,4.17333333333333,0.292929292929293,0.181818181818182,11,0.595959595959596,4.4,0.101010101010101,0.191919191919192,3.93333333333333,0.515151515151515,1.57333333333333,0.0909090909090909,0.222222222222222,12,0.717171717171717,4.8,0.151515151515152,0.747474747474748,6.5,0.888888888888889,2.6,0.585858585858586,3.71357206670431,3.02042488614436,-0.889674137002786,0.714786417282587,-0.83150865482998,0.781295594724956,"sum",0.574765942792098,0.00901850397256713,1.11709956709957,10.6657387621904,-0.992402508587203,0.351550135735865,-0.526143731737008,0.260786676552827,-0.115363442866071,-0.221702126780595,0.520599434864695,0.574765942792098,0.31400190276077,0.00901850397256713,0.00694390513098555,21.25,123.909523809524,0.252525252525253,0.292929292929293,0.222222222222222,0.252525252525253,0.292929292929293,0.323232323232323,0.202020202020202,0.181818181818182,0.787878787878788,0.888888888888889,0.131313131313131,0.757575757575758,0.313131313131313,0.767676767676768,0.797979797979798,0.313131313131313,0.595959595959596,0.373737373737374,3,1.5,0.606060606060606,0,2,3,23.4,10,524.04,1310.1,2620.2,7.87100592971957,0.575757575757576,7.17785874915962,0.737373737373737,0.164296184427102,0.69621711958438,0.442407386632388,0.556840931708293,0.438444888454931,0.796971862172822,873.4,6.77239364105146,0.646464646464647,0.565656565656566,0.340335777144293,0.369823333875643,0.366249336797327,29,29,0.101010101010101,0,NA,NA,0,0.101010101010101,0,0,0,0,14.5,14.5,0.434343434343434,0.434343434343434,0,0
"smsu049","SM",3,3,3,32,31,53,12.3333333333333,10.9333333333333,23.2666666666667,TRUE,0.575757575757576,17.6666666666667,0.525252525252525,17.6666666666667,0.98989898989899,0.474747474747475,7.75555555555555,0.353535353535354,7.75555555555555,0.97979797979798,0.484848484848485,10.3333333333333,0.484848484848485,10.3333333333333,0.97979797979798,0.414141414141414,3.64444444444444,0.373737373737374,3.64444444444444,0.94949494949495,0.575757575757576,10.6666666666667,0.525252525252525,10.6666666666667,1,0.616161616161616,4.11111111111111,0.525252525252525,4.11111111111111,0.95959595959596,3.97029191355212,2.87167962488401,0.173681405231619,-0.107085012802227,0.27266337837277,-0.0177363656611595,"sum",0.62240077470481,0.00992016527040244,0.290909090909091,-6.53892728090266,-1.09562097228682,-0.0465262930681423,0.589216281533292,-0.00312919388703712,-0.273299660212873,-0.550580316794436,2.73841269587473,0.62240077470481,0.389658583234862,0.00992016527040244,0.00894751516113486,13.6666666666667,43.7833333333333,0.393939393939394,0.494949494949495,0.0909090909090909,0.393939393939394,0.494949494949495,0.151515151515152,0.343434343434343,0.363636363636364,0.181818181818182,0.212121212121212,0.101010101010101,0.474747474747475,0.818181818181818,0.525252525252525,0.747474747474748,0.171717171717172,0.868686868686869,0,3,1,0.181818181818182,0.353535353535354,2,5,40.3333333333333,7,396.533333333333,396.533333333333,1189.6,7.08137239514595,0.262626262626263,5.98276010647784,0.232323232323232,-0.822504557184126,-0.841057351117039,-0.57151328555796,-0.388094736881131,-0.665776990495761,-0.663178050277117,396.533333333333,5.98276010647784,0.272727272727273,0.404040404040404,0.340335777144293,0.369823333875643,0.366249336797327,43,43,0.373737373737374,0,NA,NA,0,0.373737373737374,0,0,0,0,14.3333333333333,14.3333333333333,0.393939393939394,0.393939393939394,0,0
"smsu050","SM",2,3,3,31,34,54,12.6666666666667,13.15,25.8166666666666,TRUE,0.616161616161616,27,0.98989898989899,18,1,0.717171717171717,12.9083333333333,0.97979797979798,8.60555555555555,1,0.595959595959596,17,0.95959595959596,11.3333333333333,0.98989898989899,0.676767676767677,6.575,0.97979797979798,4.38333333333333,0.97979797979798,0.555555555555556,15.5,0.93939393939394,10.3333333333333,0.98989898989899,0.676767676767677,6.33333333333334,0.878787878787879,4.22222222222222,0.96969696969697,3.98898404656427,3.29583686600433,0.262294367084486,2.60025616865363,0.353059696640908,2.2607576785365,"sum",0.735938308296545,0.0107607812521848,7.94241036741037,-16.4411635994623,-0.156339925915164,-0.382362049922928,-2.02808639509171,-0.0553630036601834,-0.870596765521222,0.902753719225095,5.1836102434505,0.735938308296545,0.513003837158792,0.0107607812521848,0.0105450703920949,50.5333333333333,114.22619047619,0.767676767676768,0.717171717171717,0.595959595959596,0.767676767676768,0.717171717171717,0.696969696969697,0.666666666666667,0.636363636363636,0.747474747474748,0.0202020202020202,0.484848484848485,0.303030303030303,0.0404040404040404,0.474747474747475,0.393939393939394,0.93939393939394,0.98989898989899,0,3,1.5,0.606060606060606,0,1,1,35,11,659.733333333333,989.6,1979.2,7.59044800163822,0.434343434343434,6.89730082107828,0.575757575757576,-0.27785345584467,0.156906212305432,0.442407386632388,0.556840931708293,0.0461132701330486,0.45419125855181,659.733333333333,6.49183571297011,0.484848484848485,0.717171717171717,0.340335777144293,0.369823333875643,0.366249336797327,46,46,0.494949494949495,0,NA,NA,0,0.494949494949495,0,0,0,0,15.3333333333333,15.3333333333333,0.646464646464647,0.646464646464647,0,0
"smsu051","SM",4,4,5,41,38,63,13.75,12.7833333333333,26.5333333333333,TRUE,0.828282828282828,15.75,0.252525252525253,12.6,0.808080808080808,0.787878787878788,6.63333333333333,0.171717171717172,5.30666666666667,0.656565656565657,0.787878787878788,9.5,0.303030303030303,7.6,0.737373737373737,0.656565656565657,3.19583333333333,0.171717171717172,2.55666666666667,0.626262626262626,0.848484848484849,10.25,0.464646464646465,8.2,0.848484848484849,0.868686868686869,3.4375,0.272727272727273,2.75,0.656565656565657,4.14313472639153,2.75684036527164,1.05981102376029,-0.663056862565484,1.01607376296415,-0.634631572673862,"sum",0.73455164985782,0.011060199544616,100.739357864358,11.6254737878157,-0.626323846462716,0.145611586239796,-1.19931042682445,-1.02703831028726,-0.811819120244626,-0.338068093511017,0.264085442808494,0.73455164985782,0.494035402955484,0.011060199544616,0.0106283645064563,38.8333333333333,77.6928571428572,0.757575757575758,0.797979797979798,0.888888888888889,0.757575757575758,0.797979797979798,0.595959595959596,0.646464646464647,0.656565656565657,0.484848484848485,0.919191919191919,0.282828282828283,0.606060606060606,0.121212121212121,0.0606060606060606,0.414141414141414,0.232323232323232,0.545454545454545,0.373737373737374,4,1,0.181818181818182,0.797979797979798,2,4,30.8,11,477,596.25,2385,7.77695440332244,0.545454545454545,6.39066004220255,0.373737373737374,0.0020596861557745,-0.50499065314909,-0.57151328555796,-0.388094736881131,0.30692343115956,-0.164813284252222,596.25,6.39066004220255,0.454545454545455,0.515151515151515,0.340335777144293,0.369823333875643,0.366249336797327,60,60,0.797979797979798,0,NA,NA,0,0.797979797979798,0,0,0,0,15,15,0.515151515151515,0.515151515151515,0,0
"smsu052","SM",3,4,5,36,41,61,13,15.9666666666667,28.9666666666667,TRUE,0.777777777777778,20.3333333333333,0.767676767676768,12.2,0.757575757575758,0.909090909090909,9.65555555555555,0.747474747474748,5.79333333333333,0.767676767676768,0.848484848484849,13.6666666666667,0.898989898989899,8.2,0.828282828282828,0.878787878787879,5.32222222222222,0.888888888888889,3.19333333333333,0.838383838383838,0.717171717171717,12,0.717171717171717,7.2,0.686868686868687,0.747474747474748,4.33333333333333,0.565656565656566,2.6,0.585858585858586,4.11087386417331,3.0122615755052,0.882585100054555,0.666441039042304,0.87731728478082,0.737443803763811,"sum",0.812915450352144,0.0119051509249456,21.9404761904762,-6.02471721603046,0.388846422696088,0.753914039196546,0.491229593164955,-0.0796697162504013,-1.26202718006634,0.139725870789029,1.79951559473995,0.812915450352144,0.619254411568224,0.0119051509249456,0.0125486849183989,43.1666666666667,183.019047619048,0.919191919191919,0.909090909090909,0.676767676767677,0.919191919191919,0.909090909090909,0.636363636363636,0.828282828282828,0.838383838383838,0.96969696969697,0.262626262626263,0.696969696969697,0.93939393939394,0.797979797979798,0.454545454545455,0.181818181818182,0.646464646464647,0.797979797979798,0.373737373737374,4,1.33333333333333,0.424242424242424,0.353535353535354,2,2,25,11,191.2,318.666666666667,956,6.8627579130514,0.191919191919192,5.76414562438329,0.191919191919192,-0.983637405807349,-0.972084941278622,0.104433829235606,0.282347789583801,-0.971487023840049,-0.930277271622003,239,5.47646355193151,0.161616161616162,0.202020202020202,0.340335777144293,0.369823333875643,0.366249336797327,61,61,0.828282828282828,0,NA,NA,0,0.828282828282828,0,0,0,0,15.25,15.25,0.636363636363636,0.636363636363636,0,0
"smsu053","SM",3,3,6,29,34,53,13,11.8,24.8,TRUE,0.575757575757576,17.6666666666667,0.525252525252525,8.83333333333333,0.252525252525253,0.626262626262626,8.26666666666666,0.515151515151515,4.13333333333333,0.272727272727273,0.595959595959596,11.3333333333333,0.636363636363636,5.66666666666667,0.333333333333333,0.505050505050505,3.93333333333333,0.525252525252525,1.96666666666667,0.323232323232323,0.434343434343434,9.66666666666667,0.303030303030303,4.83333333333333,0.161616161616162,0.787878787878788,4.33333333333333,0.575757575757576,2.16666666666667,0.373737373737374,3.97029191355212,2.87167962488401,0.173681405231619,-0.107085012802227,0.27266337837277,-0.0177363656611595,"sum",0.677454776372604,0.0104302980901215,1.26336996336996,3.19112065341127,-1.58217486281073,-0.907368679409083,0.708386297552043,-0.28477490553399,-0.99299486505511,0.93219393905912,-1.95668984938286,0.677454776372604,0.487809571901403,0.0104302980901215,0.0107177902647614,63.3333333333333,112.502380952381,0.626262626262626,0.646464646464647,0.242424242424242,0.626262626262626,0.646464646464647,0.797979797979798,0.616161616161616,0.666666666666667,0.737373737373737,0.656565656565657,0.0101010101010101,0.0707070707070707,0.848484848484849,0.282828282828283,0.272727272727273,0.94949494949495,0.232323232323232,0.656565656565657,3,1,0.181818181818182,0.353535353535354,6,7,22.8333333333333,12,660.833333333333,1321.66666666667,3965,8.28526113406895,0.878787878787879,7.18664884540084,0.767676767676768,1.09191371365874,0.715680550143486,-0.57151328555796,-0.388094736881131,1.01773849755775,0.807711442822193,1321.66666666667,7.18664884540084,0.858585858585859,0.737373737373737,0.340335777144293,0.369823333875643,0.366249336797327,47,47,0.585858585858586,0,NA,NA,0,0.585858585858586,0,0,0,0,15.6666666666667,15.6666666666667,0.767676767676768,0.767676767676768,0,0
"smsu054","SM",2,3,6,23,35,50,9,12.6666666666667,21.6666666666667,TRUE,0.434343434343434,25,0.94949494949495,8.33333333333333,0.191919191919192,0.333333333333333,10.8333333333333,0.878787878787879,3.61111111111111,0.0909090909090909,0.636363636363636,17.5,0.97979797979798,5.83333333333333,0.393939393939394,0.626262626262626,6.33333333333333,0.95959595959596,2.11111111111111,0.404040404040404,0.181818181818182,11.5,0.686868686868687,3.83333333333333,0.0202020202020202,0.0303030303030303,4.5,0.595959595959596,1.5,0.0505050505050505,3.91202300542815,3.2188758248682,-0.0921574803269823,2.02011162977023,0.022044271413363,1.84733723709653,"sum",0.602499237502431,0.00929178339809811,2.41029248529249,-9.98288146343114,-0.323634623681247,0.408873411067906,0.64264538758281,-0.547233890594593,-1.10371592583472,0.1709917241172,-0.862952766620235,0.602499237502431,0.518862808034563,0.00929178339809811,0.0107935483759095,23.25,67.1190476190476,0.333333333333333,0.333333333333333,0.373737373737374,0.333333333333333,0.333333333333333,0.333333333333333,0.676767676767677,0.686868686868687,0.373737373737374,0.101010101010101,0.404040404040404,0.787878787878788,0.828282828282828,0.222222222222222,0.222222222222222,0.676767676767677,0.343434343434343,0.656565656565657,6,3,0.98989898989899,0,2,4,18.3333333333333,7,437,1311,2622,7.87169266432365,0.585858585858586,7.1785454837637,0.747474747474748,0.165537790281219,0.697731565189844,3.48416940320343,2.17221912676265,0.439405216685243,0.797810902094888,437,6.07993319509559,0.313131313131313,0.434343434343434,0.340335777144293,0.369823333875643,0.366249336797327,37,37,0.232323232323232,0,NA,NA,0,0.232323232323232,0,0,0,0,12.3333333333333,12.3333333333333,0.0505050505050505,0.0505050505050505,0,0
"smsu055","SM",4,4,6,39,35,59,12,13.55,25.55,TRUE,0.717171717171717,14.75,0.151515151515152,9.83333333333333,0.404040404040404,0.696969696969697,6.3875,0.121212121212121,4.25833333333333,0.313131313131313,0.636363636363636,8.75,0.161616161616162,5.83333333333333,0.393939393939394,0.727272727272727,3.3875,0.262626262626263,2.25833333333333,0.494949494949495,0.797979797979798,9.75,0.373737373737374,6.5,0.565656565656566,0.555555555555556,3,0.131313131313131,2,0.282828282828283,4.07753744390572,2.69124308278583,0.705359176348821,-0.953129132007183,0.733934747752474,-0.98700800992318,"sum",0.713171011170131,0.0106840609676912,66.7234126984127,3.41599108629575,-0.588441781926889,-1.06459716292263,-0.120782868160811,-0.211627221849738,-0.637099453139246,-0.120871035041674,6.55755942624028,0.713171011170131,0.493890352998623,0.0106840609676912,0.0102234756375608,50.1666666666667,40.6857142857143,0.707070707070707,0.676767676767677,0.838383838383838,0.707070707070707,0.676767676767677,0.686868686868687,0.626262626262626,0.575757575757576,0.131313131313131,0.666666666666667,0.323232323232323,0.0505050505050505,0.525252525252525,0.373737373737374,0.535353535353535,0.373737373737374,1,0.656565656565657,6,1.5,0.606060606060606,0.797979797979798,0,0,25.1666666666667,12,492.033333333333,738.05,2952.2,7.9903059341029,0.676767676767677,6.60401157298301,0.484848484848485,0.393303486408737,-0.266381334421618,0.442407386632388,0.556840931708293,0.605273764422204,0.0958557583391758,492.033333333333,6.19854646487484,0.373737373737374,0.525252525252525,0.340335777144293,0.369823333875643,0.366249336797327,53,53,0.666666666666667,0,NA,NA,0,0.666666666666667,0,0,0,0,13.25,13.25,0.181818181818182,0.181818181818182,0,0
"smsu056","SM",3,3,7,28,30,50,10.6666666666667,10.85,21.5166666666667,TRUE,0.434343434343434,16.6666666666667,0.373737373737374,7.14285714285714,0.0303030303030303,0.323232323232323,7.17222222222222,0.262626262626263,3.07380952380952,0.0101010101010101,0.464646464646465,10,0.404040404040404,4.28571428571429,0.0909090909090909,0.393939393939394,3.61666666666667,0.353535353535354,1.55,0.0808080808080808,0.353535353535354,9.33333333333333,0.242424242424242,4,0.0404040404040404,0.292929292929293,3.55555555555556,0.343434343434343,1.52380952380952,0.0606060606060606,3.91202300542815,2.81341071676004,-0.0921574803269823,-0.397157282243926,0.022044271413363,-0.33074613480175,"sum",0.594654601066888,0.00925405987864957,4.25952380952381,0.582631982182346,0.728934498837204,-0.573108757817486,0.423342135465127,0.188266257752056,-0.501816140638876,-0.672153826071967,1.26210651715722,0.594654601066888,0.408739343474313,0.00925405987864957,0.00907556853420551,5.75,53.55,0.303030303030303,0.323232323232323,0.484848484848485,0.303030303030303,0.323232323232323,0.0606060606060606,0.383838383838384,0.383838383838384,0.232323232323232,0.535353535353535,0.797979797979798,0.181818181818182,0.787878787878788,0.707070707070707,0.616161616161616,0.121212121212121,0.737373737373737,0.858585858585859,6,2,0.909090909090909,0.353535353535354,3,6,22.1428571428571,11,138.314285714286,322.733333333333,968.2,6.87543867750559,0.212121212121212,5.77682638883748,0.202020202020202,-0.975222077240554,-0.965241890765046,1.45632805882274,1.22728345817323,-0.953754269417833,-0.91478414289914,161.366666666667,5.08367920827754,0.101010101010101,0.141414141414141,0.340335777144293,0.369823333875643,0.366249336797327,42,42,0.343434343434343,0,NA,NA,0,0.343434343434343,0,0,0,0,14,14,0.292929292929293,0.292929292929293,0,0
"smsu057","SM",2,3,5,29,35,57,13.3333333333333,12.7333333333333,26.0666666666667,TRUE,0.656565656565657,28.5,1,11.4,0.666666666666667,0.757575757575758,13.0333333333333,1,5.21333333333333,0.626262626262626,0.636363636363636,17.5,0.97979797979798,7,0.656565656565657,0.636363636363636,6.36666666666667,0.96969696969697,2.54666666666667,0.606060606060606,0.434343434343434,14.5,0.929292929292929,5.8,0.383838383838384,0.808080808080808,6.66666666666667,0.909090909090909,2.66666666666667,0.626262626262626,4.04305126783455,3.3499040872746,0.528133252643087,3.03536457281618,0.585607021565941,2.5511967650537,"sum",0.742156389081631,0.0108590069093049,13.8019591519592,-7.14745999392756,0.0234243053702238,0.136353754719006,-1.69598639394684,-0.267690789720336,-0.890939454861356,-0.307100166554371,-1.14394195242812,0.742156389081631,0.498776933968239,0.0108590069093049,0.0103331670095432,31.3333333333333,145.07619047619,0.777777777777778,0.747474747474748,0.646464646464647,0.777777777777778,0.747474747474748,0.494949494949495,0.656565656565657,0.585858585858586,0.858585858585859,0.171717171717172,0.565656565656566,0.585858585858586,0.0707070707070707,0.313131313131313,0.373737373737374,0.242424242424242,0.303030303030303,0.373737373737374,3,1.5,0.606060606060606,0,3,5,25,7,646.2,1615.5,3231,8.0805469658245,0.747474747474748,7.38739978526455,0.898989898989899,0.585614437590906,1.21011899503833,0.442407386632388,0.556840931708293,0.731466633953613,1.05298531126913,1077,6.98193467715639,0.757575757575758,0.707070707070707,0.340335777144293,0.369823333875643,0.366249336797327,46,46,0.494949494949495,0,NA,NA,0,0.494949494949495,0,0,0,0,15.3333333333333,15.3333333333333,0.646464646464647,0.646464646464647,0,0
"smsu058","SM",2,2,5,16,26,37,9.5,9.16666666666667,18.6666666666667,TRUE,0.101010101010101,18.5,0.585858585858586,7.4,0.0707070707070707,0.131313131313131,9.33333333333333,0.707070707070707,3.73333333333333,0.141414141414141,0.262626262626263,13,0.808080808080808,5.2,0.292929292929293,0.303030303030303,4.58333333333333,0.777777777777778,1.83333333333333,0.292929292929293,0,8,0.0505050505050505,3.2,0,0.0606060606060606,4.75,0.646464646464647,1.9,0.212121212121212,3.61091791264422,2.91777073208428,-1.24412598441425,0.134641878399189,-1.27303215757819,0.229856515150921,"sum",0.533154745711797,0.00818724807295652,2.37619047619048,6.81874835885806,0.121286224435001,-0.137153645473917,1.62979786534818,-0.253583231408875,-0.43691764613618,-0.00829774397488651,-0.501894407561742,0.533154745711797,0.362843646796021,0.00818724807295652,0.00811601046844363,15.0333333333333,117.55,0.181818181818182,0.121212121212121,0.363636363636364,0.181818181818182,0.121212121212121,0.191919191919192,0.282828282828283,0.272727272727273,0.767676767676768,0.777777777777778,0.606060606060606,0.424242424242424,0.98989898989899,0.343434343434343,0.676767676767677,0.464646464646465,0.393939393939394,0.373737373737374,4,2,0.909090909090909,0,2,2,26.6,12,600.32,1500.8,3001.6,8.00690075881191,0.686868686868687,7.31375357825196,0.848484848484849,0.427378669293956,1.0171113162087,1.45632805882274,1.22728345817323,0.628479932497289,0.963005707175194,750.4,6.62060639769201,0.575757575757576,0.656565656565657,0.340335777144293,0.369823333875643,0.366249336797327,27,27,0.0505050505050505,0,NA,NA,0,0.0505050505050505,0,0,0,0,13.5,13.5,0.232323232323232,0.232323232323232,0,0
"smsu059","SM",3,3,3,27,25,43,10,8.4,18.4,TRUE,0.242424242424242,14.3333333333333,0.101010101010101,14.3333333333333,0.898989898989899,0.111111111111111,6.13333333333333,0.101010101010101,6.13333333333333,0.828282828282828,0.242424242424242,8.33333333333333,0.0909090909090909,8.33333333333333,0.838383838383838,0.222222222222222,2.8,0.0707070707070707,2.8,0.727272727272727,0.292929292929293,9,0.121212121212121,9,0.909090909090909,0.121212121212121,3.33333333333333,0.232323232323232,3.33333333333333,0.828282828282828,3.76120011569356,2.66258782702545,-0.712448213297051,-1.07399257760789,-0.626656710830805,-1.14093873007905,"sum",0.51445815117679,0.00812702560744345,4.75436507936508,7.797840372755,-1.00506750729927,0.275822987748899,-0.441267808859851,0.200105875178898,-0.353822672394159,-0.0160920318158886,-2.18636847376223,0.51445815117679,0.346115507605624,0.00812702560744345,0.00795497466098988,6.58333333333333,26.4595238095238,0.121212121212121,0.111111111111111,0.505050505050505,0.121212121212121,0.111111111111111,0.0909090909090909,0.252525252525253,0.252525252525253,0.0404040404040404,0.808080808080808,0.121212121212121,0.707070707070707,0.363636363636364,0.727272727272727,0.727272727272727,0.454545454545455,0.181818181818182,0,3,1,0.181818181818182,0.353535353535354,2,4,31.6666666666667,7,627.666666666667,627.666666666667,1883,7.54062152865715,0.414141414141414,6.44200923998904,0.404040404040404,-0.344210390936939,-0.452125283402818,-0.57151328555796,-0.388094736881131,-0.0235639652016341,-0.102075762867317,627.666666666667,6.44200923998904,0.474747474747475,0.686868686868687,0.340335777144293,0.369823333875643,0.366249336797327,37,37,0.232323232323232,0,NA,NA,0,0.232323232323232,0,0,0,0,12.3333333333333,12.3333333333333,0.0505050505050505,0.0505050505050505,0,0
"smsu060","SM",3,4,7,47,35,64,13.75,12.4333333333333,26.1833333333333,TRUE,0.858585858585859,21.3333333333333,0.858585858585859,9.14285714285714,0.282828282828283,0.777777777777778,8.72777777777778,0.606060606060606,3.74047619047619,0.161616161616162,0.636363636363636,11.6666666666667,0.666666666666667,5,0.212121212121212,0.616161616161616,4.14444444444444,0.606060606060606,1.77619047619048,0.222222222222222,0.929292929292929,15.6666666666667,0.95959595959596,6.71428571428571,0.585858585858586,0.868686868686869,4.58333333333333,0.616161616161616,1.96428571428571,0.262626262626263,4.15888308335967,3.06027079469156,1.14842398561316,0.956513308484003,1.08380867145146,0.995340426473297,"sum",0.716051794877914,0.0109672623442781,57.14329004329,-8.37372417022284,0.633409560009959,-0.0233616088616876,-0.156913214706769,0.427885216340641,-0.497448511758809,0.405618129299493,-4.39139931755691,0.716051794877914,0.451643291887879,0.0109672623442781,0.0101758473211407,24.8333333333333,51.7857142857143,0.727272727272727,0.777777777777778,0.797979797979798,0.727272727272727,0.777777777777778,0.373737373737374,0.474747474747475,0.555555555555556,0.212121212121212,0.161616161616162,0.777777777777778,0.505050505050505,0.464646464646465,0.858585858585859,0.626262626262626,0.818181818181818,0.0808080808080808,0.858585858585859,5,1.66666666666667,0.828282828282828,0.353535353535354,4,7,23.8571428571429,11,524.714285714286,1224.33333333333,3673,8.20876404581967,0.838383838383838,7.11015175715156,0.707070707070707,0.89049765287971,0.551896062441506,0.780380944029171,0.802383414440236,0.910765129758107,0.714248683581487,734.6,6.59932613338557,0.565656565656566,0.575757575757576,0.340335777144293,0.369823333875643,0.366249336797327,71,71,0.878787878787879,0,NA,NA,0,0.878787878787879,0,0,0,0,17.75,17.75,0.909090909090909,0.909090909090909,0,0
"smsu061","SM",2,2,4,18,14,24,10.5,5.36666666666667,15.8666666666667,TRUE,0,12,0,6,0,0.0202020202020202,7.93333333333333,0.424242424242424,3.96666666666667,0.232323232323232,0,7,0.0101010101010101,3.5,0.0101010101010101,0.0303030303030303,2.68333333333333,0.0505050505050505,1.34166666666667,0.0303030303030303,0.0202020202020202,9,0.121212121212121,4.5,0.0808080808080808,0.242424242424242,5.25,0.717171717171717,2.625,0.606060606060606,3.17805383034795,2.484906649788,-2.39609448850153,-1.75082787297186,-3.13481425085305,-2.09540906526007,"sum",0.450573342174908,0.00720580145538318,0,3.87211640466275,0.99584066128988,0.059677312332063,-0.301874073525661,0.971100875852313,0.435706095316134,1.03358433442822,-0.339686792486612,0.450573342174908,0.19815578567833,0.00720580145538318,0.00505522324919019,71.75,83.6666666666667,0.0303030303030303,0.0202020202020202,0,0.0303030303030303,0.0202020202020202,0.868686868686869,0.0101010101010101,0,0.515151515151515,0.707070707070707,0.888888888888889,0.515151515151515,0.414141414141414,0.98989898989899,1,0.95959595959596,0.414141414141414,0.151515151515152,3,1.5,0.606060606060606,0,2,3,26.25,9,711.65,1423.3,2846.6,7.95388057863653,0.636363636363636,7.26073339807658,0.818181818181818,0.320462609633855,0.886700722404901,0.442407386632388,0.556840931708293,0.554336623719027,0.898226609721415,948.866666666667,6.85526828996842,0.707070707070707,0.767676767676768,0.340335777144293,0.369823333875643,0.366249336797327,20,20,0,0,NA,NA,0,0,0,0,0,0,10,10,0,0,0,0
"smsu062","SM",3,3,4,22,24,43,9,8.5,17.5,TRUE,0.242424242424242,14.3333333333333,0.101010101010101,10.75,0.595959595959596,0.0606060606060606,5.83333333333333,0.0404040404040404,4.375,0.383838383838384,0.222222222222222,8,0.0505050505050505,6,0.444444444444444,0.242424242424242,2.83333333333333,0.0808080808080808,2.125,0.414141414141414,0.121212121212121,7.33333333333333,0.0101010101010101,5.5,0.303030303030303,0.0505050505050505,3,0.131313131313131,2.25,0.404040404040404,3.76120011569356,2.66258782702545,-0.712448213297051,-1.07399257760789,-0.626656710830805,-1.14093873007905,"sum",0.493673913060256,0.00778873407321404,1.73614718614719,12.3320128809,-1.22169634090028,-1.65152850090355,-0.292805948967552,0.720557771279933,-0.0844573017705169,1.03428368173066,0.052600241867361,0.493673913060256,0.327975036006989,0.00778873407321404,0.00737257492451404,7,42.9833333333333,0.0505050505050505,0.0606060606060606,0.313131313131313,0.0505050505050505,0.0606060606060606,0.101010101010101,0.232323232323232,0.212121212121212,0.161616161616162,0.93939393939394,0.0505050505050505,0,0.424242424242424,0.95959595959596,0.848484848484849,0.96969696969697,0.484848484848485,0.151515151515152,4,1.33333333333333,0.424242424242424,0.353535353535354,2,5,28.5,9,437.15,582.866666666667,1748.6,7.46657074674679,0.353535353535354,6.36795845807868,0.353535353535354,-0.436916961377698,-0.527511020208113,0.104433829235606,0.282347789583801,-0.127116423346639,-0.192549669256025,437.15,6.0802763856269,0.323232323232323,0.444444444444444,0.340335777144293,0.369823333875643,0.366249336797327,37,37,0.232323232323232,0,NA,NA,0,0.232323232323232,0,0,0,0,12.3333333333333,12.3333333333333,0.0505050505050505,0.0505050505050505,0,0
"smsu063","SM",3,3,5,26,31,46,10.3333333333333,11.0833333333333,21.4166666666667,TRUE,0.303030303030303,15.3333333333333,0.202020202020202,9.2,0.303030303030303,0.313131313131313,7.13888888888889,0.252525252525253,4.28333333333333,0.343434343434343,0.484848484848485,10.3333333333333,0.484848484848485,6.2,0.515151515151515,0.444444444444444,3.69444444444444,0.404040404040404,2.21666666666667,0.454545454545455,0.272727272727273,8.66666666666667,0.101010101010101,5.2,0.222222222222222,0.212121212121212,3.44444444444444,0.292929292929293,2.06666666666667,0.333333333333333,3.8286413964891,2.73002910782099,-0.44660932773845,-0.783920308166192,-0.336586515432373,-0.77865667585828,"sum",0.591115676836406,0.00922135344444495,3.57063492063492,10.7492435243615,0.0601945177352085,-0.151133928776534,1.78499705023428,0.0492040892741001,-0.87386045418553,0.364603927573697,-1.04246657672815,0.591115676836406,0.458669892790285,0.00922135344444495,0.00991452095762902,20.5,85.8166666666667,0.292929292929293,0.313131313131313,0.454545454545455,0.292929292929293,0.313131313131313,0.262626262626263,0.515151515151515,0.515151515151515,0.535353535353535,0.898989898989899,0.575757575757576,0.414141414141414,1,0.595959595959596,0.383838383838384,0.808080808080808,0.323232323232323,0.373737373737374,4,1.33333333333333,0.424242424242424,0.353535353535354,1,3,26,6,334.32,557.2,1671.6,7.42153653057376,0.333333333333333,6.32292424190565,0.333333333333333,-0.490030100692716,-0.570700765252813,0.104433829235606,0.282347789583801,-0.190092176809929,-0.247571660289957,417.9,6.03524216945387,0.292929292929293,0.343434343434343,0.340335777144293,0.369823333875643,0.366249336797327,46,46,0.494949494949495,0,NA,NA,0,0.494949494949495,0,0,0,0,15.3333333333333,15.3333333333333,0.646464646464647,0.646464646464647,0,0
"smsu064","SM",2,2,3,18,23,37,9.5,10.15,19.65,TRUE,0.101010101010101,18.5,0.585858585858586,12.3333333333333,0.777777777777778,0.202020202020202,9.825,0.797979797979798,6.55,0.909090909090909,0.212121212121212,11.5,0.656565656565657,7.66666666666667,0.757575757575758,0.363636363636364,5.075,0.838383838383838,3.38333333333333,0.888888888888889,0.0202020202020202,9,0.121212121212121,6,0.444444444444444,0.0606060606060606,4.75,0.646464646464647,3.16666666666667,0.777777777777778,3.61091791264422,2.91777073208428,-1.24412598441425,0.134641878399189,-1.27303215757819,0.229856515150921,"sum",0.5094013619014,0.00865687041807957,0,0.329177547443066,-0.334288162500476,0.78376060271248,0.104247978168292,1.01311856912358,0.166266832115141,-0.154278191361179,-1.96951646790412,0.5094013619014,0.326419897041504,0.00865687041807957,0.00768064330547194,20.75,175.266666666667,0.0909090909090909,0.232323232323232,0,0.0909090909090909,0.232323232323232,0.272727272727273,0.222222222222222,0.232323232323232,0.93939393939394,0.515151515151515,0.393939393939394,0.94949494949495,0.696969696969697,1,0.97979797979798,0.353535353535354,0.222222222222222,0,1,0.5,0.0303030303030303,0,1,2,38.3333333333333,11,720,1080,2160,7.67786350067821,0.474747474747475,6.98471632011827,0.595959595959596,-0.153141045608888,0.309023859787544,-1.58543395774831,-2.00347293193549,0.168354920687401,0.560993934675334,2160,7.67786350067821,0.97979797979798,0.777777777777778,0.340335777144293,0.369823333875643,0.366249336797327,26,26,0.0404040404040404,0,NA,NA,0,0.0404040404040404,0,0,0,0,13,13,0.131313131313131,0.131313131313131,0,0
"smsu065","SM",5,5,5,46,42,65,12.8,15.95,28.75,TRUE,0.888888888888889,13,0.0505050505050505,13,0.828282828282828,0.888888888888889,5.75,0.0202020202020202,5.75,0.747474747474748,0.888888888888889,8.4,0.101010101010101,8.4,0.858585858585859,0.868686868686869,3.19,0.161616161616162,3.19,0.828282828282828,0.919191919191919,9.2,0.222222222222222,9.2,0.929292929292929,0.727272727272727,2.56,0.0707070707070707,2.56,0.565656565656566,4.17438726989564,2.56494935746154,1.23703694746602,-1.46075560353016,1.15049338391438,-1.6654344826409,"sum",0.787642204823386,0.0118714759555329,150.698412698413,0.770549572961013,-1.54805069359179,1.02510389693929,-0.365273256043733,-0.247527398311685,-1.41269115001568,0.521977807774767,3.36769132208476,0.787642204823387,0.639074302562457,0.0118714759555329,0.0131180862160664,66.8333333333333,135.87619047619,0.878787878787879,0.878787878787879,0.93939393939394,0.878787878787879,0.878787878787879,0.838383838383838,0.868686868686869,0.858585858585859,0.828282828282828,0.545454545454545,0.0202020202020202,1,0.383838383838384,0.353535353535354,0.141414141414141,0.848484848484849,0.888888888888889,0.373737373737374,5,1,0.181818181818182,0.95959595959596,3,4,26.6,12,182,182,910,6.8134445995109,0.181818181818182,5.2040066870768,0.0707070707070707,-1.01536733319035,-1.20205631099715,-0.57151328555796,-0.388094736881131,-1.0404466580891,-1.61464489706968,182,5.2040066870768,0.121212121212121,0.191919191919192,0.340335777144293,0.369823333875643,0.366249336797327,76,76,0.94949494949495,0,NA,NA,0,0.94949494949495,0,0,0,0,15.2,15.2,0.626262626262626,0.626262626262626,0,0
"smsu066","SM",2,2,3,25,19,37,13.5,6.01666666666667,19.5166666666667,TRUE,0.101010101010101,18.5,0.585858585858586,12.3333333333333,0.777777777777778,0.191919191919192,9.75833333333333,0.787878787878788,6.50555555555555,0.898989898989899,0.0707070707070707,9.5,0.303030303030303,6.33333333333333,0.535353535353535,0.0707070707070707,3.00833333333333,0.121212121212121,2.00555555555556,0.333333333333333,0.252525252525253,12.5,0.797979797979798,8.33333333333333,0.868686868686869,0.838383838383838,6.75,0.929292929292929,4.5,0.98989898989899,3.61091791264422,2.91777073208428,-1.24412598441425,0.134641878399189,-1.27303215757819,0.229856515150921,"sum",0.570124447746471,0.00848612682544217,0.342857142857143,-2.62579729855299,1.29943285205449,0.703469343352174,-0.0981485683128589,-0.0222347128583127,-0.101058685422061,-0.00388823843022123,2.49851080095915,0.570124447746471,0.258359757158774,0.00848612682544217,0.00617752818616652,17,66.2333333333333,0.232323232323232,0.191919191919192,0.101010101010101,0.232323232323232,0.191919191919192,0.242424242424242,0.0909090909090909,0.0909090909090909,0.363636363636364,0.353535353535354,0.93939393939394,0.929292929292929,0.545454545454545,0.505050505050505,0.818181818181818,0.494949494949495,0.838383838383838,0,3,1.5,0.606060606060606,0,3,7,36.3333333333333,12,969,1453.5,2907,7.97487690055888,0.666666666666667,7.28172971999893,0.838383838383838,0.362125383849792,0.937518786054899,0.442407386632388,0.556840931708293,0.583697836267668,0.923879536201104,969,6.87626461189077,0.717171717171717,0.898989898989899,0.340335777144293,0.369823333875643,0.366249336797327,34,34,0.171717171717172,0,NA,NA,0,0.171717171717172,0,0,0,0,17,17,0.848484848484849,0.848484848484849,0,0
"smsu067","SM",3,3,7,28,32,50,11.3333333333333,12.05,23.3833333333333,TRUE,0.434343434343434,16.6666666666667,0.373737373737374,7.14285714285714,0.0303030303030303,0.494949494949495,7.79444444444445,0.373737373737374,3.34047619047619,0.0404040404040404,0.525252525252525,10.6666666666667,0.555555555555556,4.57142857142857,0.131313131313131,0.555555555555556,4.01666666666667,0.575757575757576,1.72142857142857,0.191919191919192,0.353535353535354,9.33333333333333,0.242424242424242,4,0.0404040404040404,0.383838383838384,3.77777777777778,0.414141414141414,1.61904761904762,0.0808080808080808,3.91202300542815,2.81341071676004,-0.0921574803269823,-0.397157282243926,0.022044271413363,-0.33074613480175,"sum",0.642021123670809,0.00995626234563315,0.147619047619048,-0.924248736126088,0.572001478637473,-1.12888098440673,-1.20035830607737,-0.877546783221584,-0.61786919998446,-1.00635485585395,0.725199781663609,0.642021123670809,0.442699161647973,0.00995626234563315,0.00997884688119587,36,75.325,0.454545454545455,0.515151515151515,0.0505050505050505,0.454545454545455,0.515151515151515,0.545454545454545,0.454545454545455,0.525252525252525,0.444444444444444,0.454545454545455,0.737373737373737,0.0303030303030303,0.111111111111111,0.111111111111111,0.555555555555556,0.0303030303030303,0.656565656565657,0.858585858585859,2,0.666666666666667,0.0808080808080808,0.353535353535354,2,3,20.2857142857143,11,258.657142857143,603.533333333333,1810.6,7.50141356104134,0.363636363636364,6.40280127237323,0.383838383838384,-0.394150537513657,-0.492734861860432,-1.24746040035153,-1.33303040547055,-0.0783923048996788,-0.149979348761366,905.3,6.8082663804814,0.666666666666667,0.252525252525253,0.340335777144293,0.369823333875643,0.366249336797327,48,48,0.606060606060606,0,NA,NA,0,0.606060606060606,0,0,0,0,16,16,0.787878787878788,0.787878787878788,0,0
"smsu068","SM",2,2,3,22,17,33,11,4.95,15.95,TRUE,0.0404040404040404,16.5,0.333333333333333,11,0.616161616161616,0.0303030303030303,7.975,0.454545454545455,5.31666666666667,0.676767676767677,0.0303030303030303,8.5,0.111111111111111,5.66666666666667,0.333333333333333,0.0101010101010101,2.475,0.0303030303030303,1.65,0.111111111111111,0.121212121212121,11,0.565656565656566,7.33333333333333,0.737373737373737,0.313131313131313,5.5,0.757575757575758,3.66666666666667,0.929292929292929,3.49650756146648,2.80336038090653,-1.59857783182572,-0.445502660484209,-1.76511997872066,-0.384734675287126,"sum",0.434839074467405,0.00725744927388376,1.06700244200244,-5.92020256178955,0.889310991560227,-0.488922569830393,-0.0157505677251887,0.31866005700677,0.13037131126169,0.556264480292422,-3.42231427134258,0.434839074467405,0.210874666193427,0.00725744927388376,0.00552781185450854,3.25,24.5452380952381,0.0101010101010101,0.0303030303030303,0.212121212121212,0.0101010101010101,0.0303030303030303,0.0303030303030303,0.0202020202020202,0.0202020202020202,0.0101010101010101,0.282828282828283,0.848484848484849,0.242424242424242,0.626262626262626,0.808080808080808,0.95959595959596,0.878787878787879,0.101010101010101,0,3,1.5,0.606060606060606,0,4,5,27,2,1544.66666666667,2317,4634,8.44117570499232,0.929292929292929,7.74802852443238,0.98989898989899,1.55337722277233,2.39054520863016,0.442407386632388,0.556840931708293,1.23576910659687,1.49359498407505,1544.66666666667,7.34256341632421,0.929292929292929,1,0.340335777144293,0.369823333875643,0.366249336797327,29,29,0.101010101010101,0,NA,NA,0,0.101010101010101,0,0,0,0,14.5,14.5,0.434343434343434,0.434343434343434,0,0
"smsu069","SM",3,4,6,37,37,59,11.75,15.75,27.5,TRUE,0.717171717171717,19.6666666666667,0.717171717171717,9.83333333333333,0.404040404040404,0.838383838383838,9.16666666666667,0.686868686868687,4.58333333333333,0.434343434343434,0.737373737373737,12.3333333333333,0.727272727272727,6.16666666666667,0.484848484848485,0.848484848484849,5.25,0.868686868686869,2.625,0.656565656565657,0.747474747474748,12.3333333333333,0.777777777777778,6.16666666666667,0.484848484848485,0.505050505050505,3.91666666666667,0.464646464646465,1.95833333333333,0.252525252525253,4.07753744390572,2.97892515523761,0.705359176348821,0.473059526081172,0.733934747752474,0.558366735943503,"sum",0.788886364216128,0.0113514277064632,65.8722222222222,-5.95919667702717,-0.389355878729802,0.600384383671325,-0.103046509887541,-0.516822956504706,-1.85048734793271,0.078357493264982,3.61235450398474,0.788886364216128,0.69082784625674,0.0113514277064632,0.0136286871747103,63.25,176.078571428571,0.888888888888889,0.828282828282828,0.818181818181818,0.888888888888889,0.828282828282828,0.787878787878788,0.898989898989899,0.868686868686869,0.94949494949495,0.272727272727273,0.353535353535354,0.868686868686869,0.535353535353535,0.232323232323232,0.0808080808080808,0.565656565656566,0.919191919191919,0.656565656565657,5,1.66666666666667,0.828282828282828,0.353535353535354,1,1,25.8333333333333,12,65.9333333333333,131.866666666667,395.6,5.98040359974856,0.0202020202020202,4.88179131108045,0.0505050505050505,-1.37019069505587,-1.28641654027927,0.780380944029171,0.802383414440236,-2.20536944533778,-2.00832181732401,79.12,4.37096568731446,0,0.0101010101010101,0.340335777144293,0.369823333875643,0.366249336797327,56,56,0.727272727272727,0,NA,NA,0,0.727272727272727,0,0,0,0,14,14,0.292929292929293,0.292929292929293,0,0
"smsu070","SM",3,4,6,39,37,61,11.5,13.4166666666667,24.9166666666667,TRUE,0.777777777777778,20.3333333333333,0.767676767676768,10.1666666666667,0.494949494949495,0.646464646464647,8.30555555555556,0.535353535353535,4.15277777777778,0.282828282828283,0.737373737373737,12.3333333333333,0.727272727272727,6.16666666666667,0.484848484848485,0.717171717171717,4.47222222222222,0.727272727272727,2.23611111111111,0.484848484848485,0.797979797979798,13,0.828282828282828,6.5,0.565656565656566,0.434343434343434,3.83333333333333,0.444444444444444,1.91666666666667,0.232323232323232,4.11087386417331,3.0122615755052,0.882585100054555,0.666441039042304,0.87731728478082,0.737443803763811,"sum",0.707689347332983,0.0104299365543535,45.5357142857143,12.196735432244,-0.188636123432411,-0.413725825544113,0.408421759319151,-0.778656076269939,-1.19051397110521,-0.0342116302911242,-2.00861234019627,0.707689347332983,0.544167605326161,0.0104299365543535,0.011316694497796,23.5,28.15,0.666666666666667,0.636363636363636,0.777777777777778,0.666666666666667,0.636363636363636,0.343434343434343,0.757575757575758,0.747474747474748,0.0505050505050505,0.929292929292929,0.464646464646465,0.272727272727273,0.777777777777778,0.151515151515152,0.212121212121212,0.434343434343434,0.202020202020202,0.656565656565657,4,1.33333333333333,0.424242424242424,0.353535353535354,2,7,23.5,12,1026.76666666667,2053.53333333333,6160.6,8.72592945438164,0.98989898989899,7.62731716571353,0.95959595959596,2.60639694326982,1.94720528027522,0.104433829235606,0.282347789583801,1.63396815263753,1.34611202863506,1540.15,7.33963509326175,0.919191919191919,0.909090909090909,0.340335777144293,0.369823333875643,0.366249336797327,57,57,0.757575757575758,0,NA,NA,0,0.757575757575758,0,0,0,0,14.25,14.25,0.383838383838384,0.383838383838384,0,0
"smsu071","SM",2,3,5,34,21,47,13.3333333333333,8.35,21.6833333333333,TRUE,0.333333333333333,23.5,0.909090909090909,9.4,0.333333333333333,0.343434343434343,10.8416666666667,0.888888888888889,4.33666666666666,0.373737373737374,0.161616161616162,10.5,0.525252525252525,4.2,0.0707070707070707,0.202020202020202,4.175,0.626262626262626,1.67,0.131313131313131,0.646464646464647,17,0.98989898989899,6.8,0.606060606060606,0.828282828282828,6.66666666666667,0.919191919191919,2.66666666666667,0.636363636363636,3.85014760171006,3.15700042115011,-0.357996365885583,1.58500322560768,-0.244086653669118,1.51495404240767,"sum",0.601888197471132,0.0093156747789649,16.0611111111111,-0.616398740255378,-0.088925382616288,0.142438536708226,-0.0187737920477895,-0.39695714407393,-0.55085045699809,-0.0573279669905728,-0.757987237107344,0.601888197471132,0.36435353928055,0.0093156747789649,0.00847993418218096,25.6666666666667,131.9,0.323232323232323,0.343434343434343,0.666666666666667,0.323232323232323,0.343434343434343,0.393939393939394,0.292929292929293,0.323232323232323,0.808080808080808,0.464646464646465,0.535353535353535,0.595959595959596,0.616161616161616,0.252525252525253,0.595959595959596,0.404040404040404,0.383838383838384,0.373737373737374,4,2,0.909090909090909,0,4,8,21.4,11,275.2,688,1376,7.22693601849329,0.292929292929293,6.53378883793334,0.444444444444444,-0.693929373179979,-0.350601337258783,1.45632805882274,1.22728345817323,-0.462221124841872,0.0100588903880329,344,5.8406416573734,0.242424242424242,0.262626262626263,0.340335777144293,0.369823333875643,0.366249336797327,49,49,0.616161616161616,0,NA,NA,0,0.616161616161616,0,0,0,0,16.3333333333333,16.3333333333333,0.828282828282828,0.828282828282828,0,0
"smsu072","SM",2,2,4,21,19,37,12.5,6.81666666666667,19.3166666666667,TRUE,0.101010101010101,18.5,0.585858585858586,9.25,0.323232323232323,0.181818181818182,9.65833333333333,0.767676767676768,4.82916666666667,0.525252525252525,0.0707070707070707,9.5,0.303030303030303,4.75,0.151515151515152,0.111111111111111,3.40833333333333,0.272727272727273,1.70416666666667,0.181818181818182,0.0909090909090909,10.5,0.484848484848485,5.25,0.232323232323232,0.646464646464647,6.25,0.858585858585859,3.125,0.757575757575758,3.61091791264422,2.91777073208428,-1.24412598441425,0.134641878399189,-1.27303215757819,0.229856515150921,"sum",0.527624419245692,0.0084823088777851,0.233766233766234,-2.33179758061745,-0.643222002592486,-0.504871888115621,-0.820613216971572,-0.168362302777864,0.156711052344071,-0.589132952224674,2.01554322186128,0.527624419245692,0.246817045625661,0.0084823088777851,0.00607993735863307,44.1666666666667,99.3142857142857,0.161616161616162,0.181818181818182,0.0707070707070707,0.161616161616162,0.181818181818182,0.656565656565657,0.0606060606060606,0.0505050505050505,0.666666666666667,0.373737373737374,0.242424242424242,0.222222222222222,0.202020202020202,0.404040404040404,0.96969696969697,0.161616161616162,0.818181818181818,0.151515151515152,3,1.5,0.606060606060606,0,2,2,25,9,519.3,1038.6,2077.2,7.63877611197016,0.464646464646465,6.94562893141022,0.585858585858586,-0.210254914898284,0.239359361936223,0.442407386632388,0.556840931708293,0.113695198281132,0.513237669910545,692.4,6.54016382330205,0.525252525252525,0.555555555555556,0.340335777144293,0.369823333875643,0.366249336797327,30,30,0.121212121212121,0,NA,NA,0,0.121212121212121,0,0,0,0,15,15,0.515151515151515,0.515151515151515,0,0
"smsu073","SM",2,2,3,28,21,41,16.5,6.61666666666667,23.1166666666667,TRUE,0.191919191919192,20.5,0.797979797979798,13.6666666666667,0.858585858585859,0.454545454545455,11.5583333333333,0.94949494949495,7.70555555555556,0.96969696969697,0.161616161616162,10.5,0.525252525252525,7,0.656565656565657,0.0909090909090909,3.30833333333333,0.222222222222222,2.20555555555556,0.444444444444444,0.353535353535354,14,0.868686868686869,9.33333333333333,0.94949494949495,0.98989898989899,8.25,0.98989898989899,5.5,1,3.71357206670431,3.02042488614436,-0.889674137002786,0.714786417282587,-0.83150865482998,0.781295594724956,"sum",0.657455550941397,0.0097921305649262,1.76025641025641,7.78038624996263,0.148191709927645,-0.214875094719203,-0.0896572530973527,0.460103641565763,-0.0411587359653092,0.422642412035103,0.338661892843941,0.657455550941397,0.265842818277838,0.0097921305649262,0.00665862733128531,66.5,72.5333333333333,0.505050505050505,0.454545454545455,0.333333333333333,0.505050505050505,0.454545454545455,0.828282828282828,0.111111111111111,0.161616161616162,0.414141414141414,0.797979797979798,0.626262626262626,0.393939393939394,0.555555555555556,0.878787878787879,0.888888888888889,0.828282828282828,0.565656565656566,0,3,1.5,0.606060606060606,0,2,2,34.3333333333333,6,1468.6,2202.9,4405.8,8.39067713368562,0.919191919191919,7.69752995312567,0.97979797979798,1.39596919171146,2.19854716020418,0.442407386632388,0.556840931708293,1.16515201037296,1.43189674274255,1468.6,7.29206484501751,0.909090909090909,0.98989898989899,0.340335777144293,0.369823333875643,0.366249336797327,43,43,0.373737373737374,0,NA,NA,0,0.373737373737374,0,0,0,0,21.5,21.5,1,1,0,0
"smsu074","SM",3,3,4,23,29,42,9.66666666666666,10.5666666666667,20.2333333333333,TRUE,0.232323232323232,14,0.0808080808080808,10.5,0.555555555555556,0.262626262626263,6.74444444444444,0.202020202020202,5.05833333333333,0.575757575757576,0.393939393939394,9.66666666666667,0.353535353535354,7.25,0.707070707070707,0.383838383838384,3.52222222222222,0.303030303030303,2.64166666666667,0.676767676767677,0.181818181818182,7.66666666666667,0.0303030303030303,5.75,0.363636363636364,0.111111111111111,3.22222222222222,0.191919191919192,2.41666666666667,0.505050505050505,3.73766961828337,2.63905732961526,-0.801061175149918,-1.17068333408846,-0.727863210782825,-1.26734019870547,"sum",0.57634193147433,0.00875157176246278,0.247619047619048,-1.84095581458969,-1.14007716216885,-0.241800405267399,1.60698377124756,0.0901951169693516,-0.785990893520972,0.0121195640230301,0.734949039792524,0.57634193147433,0.443952221184611,0.00875157176246278,0.00952575905555472,31.2833333333333,106.766666666667,0.272727272727273,0.262626262626263,0.0808080808080808,0.272727272727273,0.262626262626263,0.484848484848485,0.464646464646465,0.474747474747475,0.686868686868687,0.414141414141414,0.0909090909090909,0.373737373737374,0.97979797979798,0.616161616161616,0.424242424242424,0.515151515151515,0.666666666666667,0.151515151515152,3,1,0.181818181818182,0.353535353535354,1,1,25,10,627.05,836.066666666667,2508.2,7.82732064338995,0.565656565656566,6.72870835472184,0.535353535353535,0.0870407090598029,-0.101446989871046,-0.57151328555796,-0.388094736881131,0.377355475656069,0.248208031562556,836.066666666667,6.72870835472184,0.636363636363636,0.676767676767677,0.340335777144293,0.369823333875643,0.366249336797327,44,44,0.424242424242424,0,NA,NA,0,0.424242424242424,0,0,0,0,14.6666666666667,14.6666666666667,0.464646464646465,0.464646464646465,0,0
"smsu075","SM",5,5,7,51,41,66,12.8,15.9,28.7,TRUE,0.898989898989899,13.2,0.0606060606060606,9.42857142857143,0.353535353535354,0.878787878787879,5.74,0.0101010101010101,4.1,0.252525252525253,0.848484848484849,8.2,0.0707070707070707,5.85714285714286,0.424242424242424,0.858585858585859,3.18,0.151515151515152,2.27142857142857,0.505050505050505,0.97979797979798,10.2,0.454545454545455,7.28571428571429,0.727272727272727,0.717171717171717,2.56,0.0606060606060606,1.82857142857143,0.161616161616162,4.18965474202643,2.58021682959233,1.32564990931889,-1.40274114964182,1.21615996930508,-1.58342045353209,"sum",0.779534670234207,0.0118788526937324,193.366666666667,-11.9454558714591,-1.21965731336192,-0.344276753451509,-0.721048232979395,-0.1409658467697,-1.28594587877663,0.00738341102468242,-10.3707419810851,0.779534670234207,0.622550408040189,0.0118788526937324,0.0137164836399961,76,49.9166666666667,0.848484848484849,0.888888888888889,0.95959595959596,0.848484848484849,0.888888888888889,0.888888888888889,0.838383838383838,0.878787878787879,0.202020202020202,0.0808080808080808,0.0606060606060606,0.323232323232323,0.212121212121212,0.414141414141414,0.161616161616162,0.505050505050505,0,0.858585858585859,6,1.2,0.393939393939394,0.95959595959596,3,5,24,11,356.685714285714,499.36,2496.8,7.82276519095657,0.555555555555556,6.21332727852247,0.303030303030303,0.0791772053170603,-0.668029136163934,-0.16594501668182,0.0368053068518579,0.370985140525643,-0.381475248473799,416.133333333333,6.03100572172851,0.282828282828283,0.353535353535354,0.340335777144293,0.369823333875643,0.366249336797327,71,71,0.878787878787879,0,NA,NA,0,0.878787878787879,0,0,0,0,14.2,14.2,0.363636363636364,0.363636363636364,0,0
"smsu076","SM",6,6,7,54,54,76,12,23.0666666666667,35.0666666666667,TRUE,0.98989898989899,12.6666666666667,0.0202020202020202,10.8571428571429,0.606060606060606,0.96969696969697,5.84444444444444,0.0505050505050505,5.00952380952381,0.545454545454545,0.98989898989899,9,0.202020202020202,7.71428571428571,0.777777777777778,0.98989898989899,3.84444444444444,0.474747474747475,3.29523809523809,0.878787878787879,0.98989898989899,9,0.121212121212121,7.71428571428571,0.797979797979798,0.535353535353535,2,0.0101010101010101,1.71428571428571,0.121212121212121,4.33073334028633,2.53897387105828,2.21177952784756,-1.55744636001072,1.82294999584471,-1.80496997874287,"sum",0.971211436580286,0.0141393203701512,403.755555555555,-0.0677942941415451,-0.140683622871396,-0.0401756539691334,-0.128880895779407,-0.670105277713638,-2.50186081110035,-0.537727710808658,-5.80493288693184,0.971211436580286,0.922375014863839,0.0141393203701512,0.0183057063859224,152.666666666667,38.0690476190476,0.96969696969697,0.97979797979798,0.97979797979798,0.96969696969697,0.97979797979798,0.97979797979798,0.98989898989899,0.98989898989899,0.101010101010101,0.494949494949495,0.494949494949495,0.484848484848485,0.494949494949495,0.181818181818182,0.0101010101010101,0.181818181818182,0.0202020202020202,0.858585858585859,5,0.833333333333333,0.171717171717172,0.98989898989899,3,8,23,12,95.7142857142857,111.666666666667,670,6.50727771238501,0.111111111111111,4.71551824315696,0.0202020202020202,-1.18091478040599,-1.32040743053523,-0.909486842954742,-0.81299478061412,-1.46858979103896,-2.2114712452461,134,4.89783979995091,0.0303030303030303,0.0606060606060606,0.340335777144293,0.369823333875643,0.366249336797327,92,92,1,0,NA,NA,0,1,0,0,0,0,15.3333333333333,15.3333333333333,0.646464646464647,0.646464646464647,0,0
"smsu077","SM",2,2,5,27,25,46,16.5,8.45,24.95,TRUE,0.303030303030303,23,0.898989898989899,9.2,0.303030303030303,0.656565656565657,12.475,0.96969696969697,4.99,0.535353535353535,0.242424242424242,12.5,0.767676767676768,5,0.212121212121212,0.232323232323232,4.225,0.646464646464647,1.69,0.161616161616162,0.292929292929293,13.5,0.848484848484849,5.4,0.272727272727273,0.98989898989899,8.25,0.98989898989899,3.3,0.818181818181818,3.8286413964891,3.13549421592915,-0.44660932773845,1.43996709088683,-0.336586515432373,1.39942669604,"sum",0.710640118666385,0.0104540524112263,1.45119047619048,8.0806293505895,1.80061993946027,-0.0929574602990535,-0.394561021255144,0.0191012883742234,-0.0512404866350591,0.181611389687286,1.78701353798806,0.710640118666385,0.313032459655558,0.0104540524112263,0.00728341814369399,58.3333333333333,118.316666666667,0.676767676767677,0.656565656565657,0.262626262626263,0.676767676767677,0.656565656565657,0.727272727272727,0.191919191919192,0.202020202020202,0.777777777777778,0.818181818181818,1,0.464646464646465,0.373737373737374,0.545454545454545,0.858585858585859,0.696969696969697,0.777777777777778,0.373737373737374,2,1,0.181818181818182,0,5,7,20.6,11,1218.4,3046,6092,8.71473171401505,0.97979797979798,8.02158453345511,1,2.55907796460735,3.6172461490556,-0.57151328555796,-0.388094736881131,1.61830925598964,1.82782076959546,3046,8.02158453345511,1,0.95959595959596,0.340335777144293,0.369823333875643,0.366249336797327,38,38,0.262626262626263,0,NA,NA,0,0.262626262626263,0,0,0,0,19,19,0.97979797979798,0.97979797979798,0,0
"smsu078","SM",2,2,4,21,20,34,11.5,7.13333333333333,18.6333333333333,TRUE,0.0606060606060606,17,0.434343434343434,8.5,0.202020202020202,0.121212121212121,9.31666666666667,0.696969696969697,4.65833333333333,0.454545454545455,0.111111111111111,10,0.404040404040404,5,0.212121212121212,0.161616161616162,3.56666666666667,0.323232323232323,1.78333333333333,0.232323232323232,0.0909090909090909,10.5,0.484848484848485,5.25,0.232323232323232,0.434343434343434,5.75,0.787878787878788,2.875,0.707070707070707,3.52636052461616,2.83321334405622,-1.50996486997285,-0.30046652576336,-1.63672006175729,-0.22437009313702,"sum",0.507261405238549,0.0082236612958443,0.125,-8.79556845947258,0.112945469578215,0.0810230506549055,-0.147690981158237,0.773382972688377,0.101385310011717,0.209382754204639,-0.784493551124142,0.507261405238549,0.265695749170585,0.0082236612958443,0.0064557554270493,32.8333333333333,98.3547619047619,0.0808080808080808,0.131313131313131,0.0404040404040404,0.0808080808080808,0.131313131313131,0.515151515151515,0.101010101010101,0.121212121212121,0.646464646464647,0.151515151515152,0.595959595959596,0.535353535353535,0.474747474747475,0.97979797979798,0.93939393939394,0.717171717171717,0.373737373737374,0.151515151515152,4,2,0.909090909090909,0,1,2,32.25,12,788.55,1577.1,3154.2,8.05649017705346,0.717171717171717,7.36334299649351,0.868686868686869,0.532639254481901,1.14550264920522,1.45632805882274,1.22728345817323,0.697825670981312,1.02359316173155,788.55,6.67019581593357,0.585858585858586,0.818181818181818,0.340335777144293,0.369823333875643,0.366249336797327,32,32,0.151515151515152,0,NA,NA,0,0.151515151515152,0,0,0,0,16,16,0.787878787878788,0.787878787878788,0,0
"smsu079","SM",3,3,7,33,28,48,14,9.86666666666667,23.8666666666667,TRUE,0.383838383838384,16,0.272727272727273,6.85714285714286,0.0202020202020202,0.555555555555556,7.95555555555556,0.434343434343434,3.40952380952381,0.0606060606060606,0.363636363636364,9.33333333333333,0.282828282828283,4,0.0404040404040404,0.343434343434343,3.28888888888889,0.191919191919192,1.40952380952381,0.0505050505050505,0.626262626262626,11,0.565656565656566,4.71428571428571,0.131313131313131,0.919191919191919,4.66666666666667,0.626262626262626,2,0.292929292929293,3.87120101090789,2.77258872223978,-0.269383404032716,-0.590538795205059,-0.153534302827303,-0.550034319393386,"sum",0.665566997196672,0.0100921441907763,8.17454212454212,-18.9127108367171,-0.78386411664764,0.575818850990278,1.02110905515366,-0.13212234474575,-0.382816981869316,-0.0390526581137728,3.41739243174958,0.665566997196672,0.383789225368913,0.0100921441907763,0.00871219045238674,51.3333333333333,115.283333333333,0.535353535353535,0.555555555555556,0.606060606060606,0.535353535353535,0.555555555555556,0.707070707070707,0.333333333333333,0.333333333333333,0.757575757575758,0.0101010101010101,0.202020202020202,0.858585858585859,0.929292929292929,0.424242424242424,0.717171717171717,0.424242424242424,0.898989898989899,0.858585858585859,4,1.33333333333333,0.424242424242424,0.353535353535354,3,9,23.4285714285714,12,594.857142857143,1388,4164,8.33423142973486,0.888888888888889,7.23561914106675,0.808080808080808,1.22918013864171,0.827300800323944,0.104433829235606,0.282347789583801,1.08621845633025,0.867542464610297,1041,6.94793706861497,0.737373737373737,0.646464646464647,0.340335777144293,0.369823333875643,0.366249336797327,56,56,0.727272727272727,0,NA,NA,0,0.727272727272727,0,0,0,0,18.6666666666667,18.6666666666667,0.96969696969697,0.96969696969697,0,0
"smsu080","SM",2,2,4,25,20,35,14,7.01666666666667,21.0166666666667,TRUE,0.0808080808080808,17.5,0.505050505050505,8.75,0.242424242424242,0.292929292929293,10.5083333333333,0.858585858585859,5.25416666666667,0.646464646464647,0.111111111111111,10,0.404040404040404,5,0.212121212121212,0.151515151515152,3.50833333333333,0.292929292929293,1.75416666666667,0.212121212121212,0.252525252525253,12.5,0.797979797979798,6.25,0.515151515151515,0.898989898989899,7,0.94949494949495,3.5,0.878787878787879,3.55534806148941,2.86220088092947,-1.42135190811999,-0.15543039104251,-1.51204241053598,-0.0686544204605033,"sum",0.617886551470066,0.00899235733376801,0,6.22587308273428,0.630870113912614,0.350714507791266,-1.69551903668373,0.15712506856182,-0.129442271009108,0.54978416357306,1.39643966346331,0.617886551470066,0.289433439705926,0.00899235733376801,0.00664315073902603,61.6666666666667,110.402380952381,0.363636363636364,0.282828282828283,0,0.363636363636364,0.282828282828283,0.777777777777778,0.161616161616162,0.151515151515152,0.707070707070707,0.757575757575758,0.767676767676768,0.737373737373737,0.0808080808080808,0.666666666666667,0.787878787878788,0.868686868686869,0.757575757575758,0.151515151515152,3,1.5,0.606060606060606,0,1,2,28.25,6,359.75,719.5,1439,7.27170370688737,0.313131313131313,6.57855652632742,0.454545454545455,-0.650473168285873,-0.29759574106756,0.442407386632388,0.556840931708293,-0.39961808326578,0.0647552426008647,479.666666666667,6.17309141821926,0.353535353535354,0.363636363636364,0.340335777144293,0.369823333875643,0.366249336797327,36,36,0.212121212121212,0,NA,NA,0,0.212121212121212,0,0,0,0,18,18,0.919191919191919,0.919191919191919,0,0
"smsu081","SM",3,3,6,30,29,46,12.6666666666667,12.0333333333333,24.7,TRUE,0.303030303030303,15.3333333333333,0.202020202020202,7.66666666666667,0.111111111111111,0.616161616161616,8.23333333333333,0.505050505050505,4.11666666666667,0.262626262626263,0.393939393939394,9.66666666666667,0.353535353535354,4.83333333333333,0.181818181818182,0.545454545454545,4.01111111111111,0.565656565656566,2.00555555555556,0.333333333333333,0.515151515151515,10,0.393939393939394,5,0.191919191919192,0.666666666666667,4.22222222222222,0.545454545454545,2.11111111111111,0.353535353535354,3.8286413964891,2.73002910782099,-0.44660932773845,-0.783920308166192,-0.336586515432373,-0.77865667585828,"sum",0.666958246099253,0.0104252138452713,7.54166666666667,-1.93542408658726,-0.125387091998435,-0.734992255073553,-0.0331401295541575,0.337428814818512,-0.200452583704097,-0.227016761383094,0.635072310666921,0.666958246099253,0.405411785751509,0.0104252138452713,0.00907557784265344,84.75,155.834523809524,0.565656565656566,0.626262626262626,0.585858585858586,0.565656565656566,0.626262626262626,0.929292929292929,0.353535353535354,0.393939393939394,0.898989898989899,0.404040404040404,0.505050505050505,0.111111111111111,0.606060606060606,0.818181818181818,0.757575757575758,0.303030303030303,0.646464646464647,0.656565656565657,4,1.33333333333333,0.424242424242424,0.353535353535354,2,6,26,8,375.6,751.2,2253.6,7.72028421656216,0.505050505050505,6.62167192789405,0.494949494949495,-0.0885775411947885,-0.244253601408457,0.104433829235606,0.282347789583801,0.227675960826742,0.117432860643748,563.4,6.33398985544227,0.434343434343434,0.393939393939394,0.340335777144293,0.369823333875643,0.366249336797327,45,45,0.444444444444444,0,NA,NA,0,0.444444444444444,0,0,0,0,15,15,0.515151515151515,0.515151515151515,0,0
"smsu082","SM",2,2,3,22,14,35,13,5,18,TRUE,0.0808080808080808,17.5,0.505050505050505,11.6666666666667,0.717171717171717,0.0707070707070707,9,0.656565656565657,6,0.818181818181818,0,7,0.0101010101010101,4.66666666666667,0.141414141414141,0.0202020202020202,2.5,0.0404040404040404,1.66666666666667,0.121212121212121,0.121212121212121,11,0.565656565656566,7.33333333333333,0.737373737373737,0.747474747474748,6.5,0.888888888888889,4.33333333333333,0.97979797979798,3.55534806148941,2.86220088092947,-1.42135190811999,-0.15543039104251,-1.51204241053598,-0.0686544204605033,"sum",0.510426990044482,0.00795290372777048,0.730891330891331,1.09067548992779,1.35027430353839,-0.481527296673739,-0.290009558555942,0.137639799341644,0.190400001354562,0.220209600209516,-1.49382679310715,0.510426990044482,0.197211107446782,0.00795290372777048,0.00535435729646052,24.2833333333333,66.0928571428571,0.101010101010101,0.0707070707070707,0.171717171717172,0.101010101010101,0.0707070707070707,0.363636363636364,0,0.0101010101010101,0.343434343434343,0.565656565656566,0.94949494949495,0.252525252525253,0.434343434343434,0.636363636363636,0.98989898989899,0.737373737373737,0.262626262626263,0,3,1.5,0.606060606060606,0,4,10,35.6666666666667,12,283.266666666667,424.9,849.8,6.74500102768071,0.161616161616162,6.05185384712077,0.262626262626263,-1.05689215120027,-0.793324269255948,0.442407386632388,0.556840931708293,-1.13615800541584,-0.578760567278204,283.266666666667,5.6463887390126,0.202020202020202,0.292929292929293,0.340335777144293,0.369823333875643,0.366249336797327,27,27,0.0505050505050505,0,NA,NA,0,0.0505050505050505,0,0,0,0,13.5,13.5,0.232323232323232,0.232323232323232,0,0
"smsu083","SM",3,3,3,26,26,43,10.6666666666667,9.48333333333333,20.15,TRUE,0.242424242424242,14.3333333333333,0.101010101010101,14.3333333333333,0.898989898989899,0.252525252525253,6.71666666666667,0.191919191919192,6.71666666666667,0.93939393939394,0.262626262626263,8.66666666666667,0.151515151515152,8.66666666666667,0.878787878787879,0.323232323232323,3.16111111111111,0.141414141414141,3.16111111111111,0.818181818181818,0.272727272727273,8.66666666666667,0.101010101010101,8.66666666666667,0.898989898989899,0.262626262626263,3.55555555555555,0.323232323232323,3.55555555555555,0.898989898989899,3.76120011569356,2.66258782702545,-0.712448213297051,-1.07399257760789,-0.626656710830805,-1.14093873007905,"sum",0.567832267719626,0.00872916531594435,8.84246031746032,3.54206236004448,0.880503873409211,0.156844300816726,-1.77387314102332,-1.06127321306321,-0.769707187803311,0.0424767428800543,0.166429112411229,0.567832267719626,0.412166998023755,0.00872916531594435,0.00883725176414599,38.8333333333333,76.5857142857143,0.222222222222222,0.252525252525253,0.616161616161616,0.222222222222222,0.252525252525253,0.585858585858586,0.393939393939394,0.343434343434343,0.464646464646465,0.676767676767677,0.838383838383838,0.616161616161616,0.0505050505050505,0.0505050505050505,0.444444444444444,0.545454545454545,0.515151515151515,0,2,0.666666666666667,0.0808080808080808,0.353535353535354,1,2,42.3333333333333,9,1256.66666666667,1256.66666666667,3770,8.23483028044206,0.858585858585859,7.13621799177395,0.727272727272727,0.957406412796031,0.606303923082232,-1.24746040035153,-1.33303040547055,0.94721609759529,0.746095937726444,1885,7.54168309988211,0.96969696969697,0.96969696969697,0.340335777144293,0.369823333875643,0.366249336797327,40,40,0.313131313131313,0,NA,NA,0,0.313131313131313,0,0,0,0,13.3333333333333,13.3333333333333,0.202020202020202,0.202020202020202,0,0
"smsu084","SM",3,3,4,28,38,56,11,12.3333333333333,23.3333333333333,TRUE,0.646464646464647,18.6666666666667,0.636363636363636,14,0.888888888888889,0.484848484848485,7.77777777777778,0.363636363636364,5.83333333333333,0.787878787878788,0.787878787878788,12.6666666666667,0.787878787878788,9.5,0.95959595959596,0.575757575757576,4.11111111111111,0.585858585858586,3.08333333333333,0.797979797979798,0.353535353535354,9.33333333333333,0.242424242424242,7,0.626262626262626,0.303030303030303,3.66666666666667,0.353535353535354,2.75,0.646464646464647,4.02535169073515,2.92673940206704,0.43952029079022,0.182987256639472,0.509479763495943,0.278034547161219,"sum",0.656971604190329,0.00987577901053962,11.5520202020202,8.26203980333836,0.711632845644352,0.206900549451384,-0.709109682338298,-0.780364331361848,-1.20309690084158,0.590491931086592,1.02492982842761,0.656971604190328,0.529482415531821,0.00987577901053962,0.0107812332724014,15.25,95.7166666666667,0.494949494949495,0.474747474747475,0.636363636363636,0.494949494949495,0.474747474747475,0.202020202020202,0.707070707070707,0.676767676767677,0.626262626262626,0.828282828282828,0.787878787878788,0.656565656565657,0.222222222222222,0.141414141414141,0.202020202020202,0.898989898989899,0.707070707070707,0.151515151515152,2,0.666666666666667,0.0808080808080808,0.353535353535354,4,4,28.5,9,1362.25,1816.33333333333,5449,8.6031873845831,0.95959595959596,7.50457509591499,0.93939393939394,2.11554876227545,1.54806472736861,-1.24746040035153,-1.33303040547055,1.46232589961134,1.1961479871162,2724.5,7.91004020402315,0.98989898989899,0.97979797979798,0.340335777144293,0.369823333875643,0.366249336797327,45,45,0.444444444444444,0,NA,NA,0,0.444444444444444,0,0,0,0,15,15,0.515151515151515,0.515151515151515,0,0
"smsu085","SM",4,4,5,37,35,59,12.75,13.1833333333333,25.9333333333333,TRUE,0.717171717171717,14.75,0.151515151515152,11.8,0.737373737373737,0.737373737373737,6.48333333333333,0.131313131313131,5.18666666666667,0.616161616161616,0.636363636363636,8.75,0.161616161616162,7,0.656565656565657,0.686868686868687,3.29583333333333,0.202020202020202,2.63666666666667,0.666666666666667,0.747474747474748,9.25,0.232323232323232,7.4,0.767676767676768,0.686868686868687,3.1875,0.161616161616162,2.55,0.545454545454545,4.07753744390572,2.69124308278583,0.705359176348821,-0.953129132007183,0.733934747752474,-0.98700800992318,"sum",0.70733837574834,0.0108595460393928,38.0182650682651,8.29028585256253,0.261125851734843,-0.509476833686369,-0.504791887922305,0.178857676681877,-0.60976035711208,1.27225804697367,-3.0036844255849,0.70733837574834,0.479834327306042,0.0108595460393928,0.0105848335151024,37.6666666666667,85.1428571428572,0.656565656565657,0.757575757575758,0.727272727272727,0.656565656565657,0.757575757575758,0.565656565656566,0.595959595959596,0.646464646464647,0.525252525252525,0.838383838383838,0.646464646464647,0.212121212121212,0.333333333333333,0.686868686868687,0.575757575757576,1,0.141414141414141,0.373737373737374,4,1,0.181818181818182,0.797979797979798,3,3,32.2,10,577.24,721.55,2886.2,7.96769603700198,0.656565656565657,6.58140167588209,0.474747474747475,0.347777938424436,-0.294146170521782,-0.57151328555796,-0.388094736881131,0.573656131727387,0.0682313948821759,721.55,6.58140167588209,0.535353535353535,0.626262626262626,0.340335777144293,0.369823333875643,0.366249336797327,58,58,0.767676767676768,0,NA,NA,0,0.767676767676768,0,0,0,0,14.5,14.5,0.434343434343434,0.434343434343434,0,0
"smsu086","SM",4,6,6,43,44,64,10.5,17.4666666666667,27.9666666666667,TRUE,0.858585858585859,16,0.272727272727273,10.6666666666667,0.565656565656566,0.858585858585859,6.99166666666667,0.242424242424242,4.66111111111111,0.464646464646465,0.919191919191919,11,0.595959595959596,7.33333333333333,0.717171717171717,0.898989898989899,4.36666666666667,0.686868686868687,2.91111111111111,0.767676767676768,0.898989898989899,10.75,0.555555555555556,7.16666666666667,0.676767676767677,0.232323232323232,2.625,0.0909090909090909,1.75,0.131313131313131,4.15888308335967,2.77258872223978,1.14842398561316,-0.590538795205059,1.08380867145146,-0.550034319393386,"sum",0.780171223250905,0.0115579686962892,130.542568542569,-5.58704828572336,-0.265417051262308,0.670521796245341,-1.06042574242002,-1.11607096975217,-1.891649311753,-0.456128521791971,-4.61735547940361,0.780171223250904,0.718888276712138,0.0115579686962892,0.0147155607325412,13.8333333333333,69.302380952381,0.858585858585859,0.848484848484849,0.919191919191919,0.858585858585859,0.848484848484849,0.161616161616162,0.919191919191919,0.919191919191919,0.383838383838384,0.303030303030303,0.434343434343434,0.909090909090909,0.151515151515152,0.0404040404040404,0.0707070707070707,0.202020202020202,0.0505050505050505,0.656565656565657,5,1.25,0.404040404040404,0.797979797979798,2,4,26.3333333333333,10,441.766666666667,662.65,2650.6,7.88254130844658,0.595959595959596,6.49624694732669,0.424242424242424,0.185265527741083,-0.393258221812672,-0.0645529494627856,0.131940887975304,0.454575937878031,-0.0358091127414039,530.12,6.27310339601248,0.414141414141414,0.454545454545455,0.340335777144293,0.369823333875643,0.366249336797327,76,76,0.94949494949495,0,NA,NA,0,0.94949494949495,0,0,0,0,12.6666666666667,12.6666666666667,0.0909090909090909,0.0909090909090909,0,0
"smsu087","SM",2,2,3,22,22,41,12,7.73333333333333,19.7333333333333,TRUE,0.191919191919192,20.5,0.797979797979798,13.6666666666667,0.858585858585859,0.222222222222222,9.86666666666667,0.818181818181818,6.57777777777778,0.919191919191919,0.181818181818182,11,0.595959595959596,7.33333333333333,0.717171717171717,0.181818181818182,3.86666666666667,0.494949494949495,2.57777777777778,0.636363636363636,0.121212121212121,11,0.565656565656566,7.33333333333333,0.737373737373737,0.555555555555556,6,0.828282828282828,4,0.93939393939394,3.71357206670431,3.02042488614436,-0.889674137002786,0.714786417282587,-0.83150865482998,0.781295594724956,"sum",0.526406409918751,0.00864500654202852,1.48009768009768,10.4702120307615,-1.14201782248433,-0.518495624493353,0.300520102084715,0.22162451328411,-0.0407786818862262,-0.7888936558433,0.429323496103581,0.526406409918751,0.295701808602338,0.00864500654202852,0.00696888825379268,30.1666666666667,95.3857142857143,0.151515151515152,0.222222222222222,0.282828282828283,0.151515151515152,0.222222222222222,0.444444444444444,0.171717171717172,0.191919191919192,0.616161616161616,0.878787878787879,0.0808080808080808,0.202020202020202,0.737373737373737,0.747474747474748,0.898989898989899,0.0606060606060606,0.575757575757576,0,3,1.5,0.606060606060606,0,1,2,28.6666666666667,4,1077.33333333333,1616,3232,8.08085641964099,0.757575757575758,7.38770923908104,0.909090909090909,0.586304218620971,1.21096035370803,0.442407386632388,0.556840931708293,0.731899373521691,1.05336339634672,1077.33333333333,6.98224413097288,0.767676767676768,0.919191919191919,0.340335777144293,0.369823333875643,0.366249336797327,34,34,0.171717171717172,0,NA,NA,0,0.171717171717172,0,0,0,0,17,17,0.848484848484849,0.848484848484849,0,0
"smsu088","SM",2,2,3,16,18,32,8.5,6.85,15.35,TRUE,0.0303030303030303,16,0.272727272727273,10.6666666666667,0.565656565656566,0.0101010101010101,7.675,0.333333333333333,5.11666666666667,0.606060606060606,0.0606060606060606,9,0.202020202020202,6,0.444444444444444,0.131313131313131,3.425,0.282828282828283,2.28333333333333,0.515151515151515,0,8,0.0505050505050505,5.33333333333333,0.252525252525253,0.0101010101010101,4.25,0.555555555555556,2.83333333333333,0.686868686868687,3.46573590279973,2.77258872223978,-1.68719079367859,-0.590538795205059,-1.89747127657428,-0.550034319393386,"sum",0.435613141043227,0.00701651281524006,0.766666666666667,-6.85662574858698,1.51872106080381,-0.476151633300706,-0.062933593888171,0.469027565941336,0.112252211278486,-0.00782192653993916,-4.88323431690077,0.435613141043227,0.250530519499383,0.00701651281524006,0.00612580796360754,13.8333333333333,66.147619047619,0.0202020202020202,0.0101010101010101,0.181818181818182,0.0202020202020202,0.0101010101010101,0.161616161616162,0.0707070707070707,0.0707070707070707,0.353535353535354,0.181818181818182,0.97979797979798,0.262626262626263,0.565656565656566,0.888888888888889,0.94949494949495,0.474747474747475,0.0404040404040404,0,3,1.5,0.606060606060606,0,4,6,31,12,448.2,672.3,1344.6,7.20385185003494,0.282828282828283,6.51070466947499,0.434343434343434,-0.715588497524025,-0.377019999487424,0.442407386632388,0.556840931708293,-0.494501977608416,-0.0181449292379412,448.2,6.10523956136683,0.333333333333333,0.474747474747475,0.340335777144293,0.369823333875643,0.366249336797327,24,24,0.0202020202020202,0,NA,NA,0,0.0202020202020202,0,0,0,0,12,12,0.0303030303030303,0.0303030303030303,0,0
"smsu089","SM",4,4,7,32,35,53,9.5,14.45,23.95,TRUE,0.575757575757576,13.25,0.0707070707070707,7.57142857142857,0.101010101010101,0.565656565656566,5.9875,0.0808080808080808,3.42142857142857,0.0707070707070707,0.636363636363636,8.75,0.161616161616162,5,0.212121212121212,0.777777777777778,3.6125,0.343434343434343,2.06428571428571,0.383838383838384,0.575757575757576,8,0.0505050505050505,4.57142857142857,0.101010101010101,0.0606060606060606,2.375,0.0404040404040404,1.35714285714286,0.0101010101010101,3.97029191355212,2.58399755243223,0.173681405231619,-1.38823753616973,0.27266337837277,-1.56311111152784,"sum",0.669111445938691,0.0101129465785145,23.3484487734488,2.32116512122385,0.98638448052003,-1.29144765069381,1.09371909867523,0.0793578434038472,-0.963427981697394,-0.0334142434945427,-4.44901092314964,0.669111445938691,0.537897165182726,0.0101129465785145,0.0112458826858985,27.5,31.6833333333333,0.595959595959596,0.565656565656566,0.686868686868687,0.595959595959596,0.565656565656566,0.414141414141414,0.727272727272727,0.737373737373737,0.0707070707070707,0.595959595959596,0.878787878787879,0.0101010101010101,0.93939393939394,0.606060606060606,0.303030303030303,0.444444444444444,0.0707070707070707,0.858585858585859,4,1,0.181818181818182,0.797979797979798,1,2,25,12,455,796.25,3185,8.06620756800626,0.737373737373737,6.67991320688637,0.525252525252525,0.553884510207908,-0.168447185268311,-0.57151328555796,-0.388094736881131,0.711414450113143,0.188591002226754,796.25,6.67991320688637,0.616161616161616,0.484848484848485,0.340335777144293,0.369823333875643,0.366249336797327,52,52,0.646464646464647,0,NA,NA,0,0.646464646464647,0,0,0,0,13,13,0.131313131313131,0.131313131313131,0,0
"smsu090","SM",3,4,7,34,29,51,11.25,11.9,23.15,TRUE,0.505050505050505,17,0.434343434343434,7.28571428571429,0.0505050505050505,0.464646464646465,7.71666666666667,0.343434343434343,3.30714285714286,0.0303030303030303,0.393939393939394,9.66666666666667,0.353535353535354,4.14285714285714,0.0606060606060606,0.535353535353535,3.96666666666667,0.555555555555556,1.7,0.171717171717172,0.646464646464647,11.3333333333333,0.646464646464647,4.85714285714286,0.181818181818182,0.363636363636364,3.75,0.393939393939394,1.60714285714286,0.0707070707070707,3.93182563272433,2.83321334405622,-0.00354451847411524,-0.30046652576336,0.107216911989692,-0.22437009313702,"sum",0.650217693125916,0.00982282695114539,37.7853535353535,-0.440335990434193,0.279388816872026,-0.736596331332094,-0.550838188968507,-0.0364950316018211,-0.71875911682846,-0.820675974843096,4.0997012829691,0.650217693125916,0.472742090117936,0.00982282695114539,0.0101072862122776,45.5,142.1,0.474747474747475,0.464646464646465,0.717171717171717,0.474747474747475,0.464646464646465,0.666666666666667,0.565656565656566,0.545454545454545,0.848484848484849,0.484848484848485,0.656565656565657,0.101010101010101,0.292929292929293,0.494949494949495,0.464646464646465,0.0505050505050505,0.96969696969697,0.858585858585859,4,1.33333333333333,0.424242424242424,0.353535353535354,2,3,19.7142857142857,12,87.0857142857143,203.2,609.6,6.41280300437244,0.0606060606060606,5.31419071570433,0.101010101010101,-1.22257755462192,-1.16638270340179,0.104433829235606,0.282347789583801,-1.600703024618,-1.48002404318532,152.4,5.02650864325255,0.0808080808080808,0.0202020202020202,0.340335777144293,0.369823333875643,0.366249336797327,55,55,0.686868686868687,0,NA,NA,0,0.686868686868687,0,0,0,0,13.75,13.75,0.262626262626263,0.262626262626263,0,0
"smsu091","SM",3,3,6,29,30,49,11.3333333333333,11.0333333333333,22.3666666666667,TRUE,0.414141414141414,16.3333333333333,0.313131313131313,8.16666666666667,0.151515151515152,0.404040404040404,7.45555555555556,0.303030303030303,3.72777777777778,0.131313131313131,0.464646464646465,10,0.404040404040404,5,0.212121212121212,0.434343434343434,3.67777777777778,0.393939393939394,1.83888888888889,0.303030303030303,0.434343434343434,9.66666666666667,0.303030303030303,4.83333333333333,0.161616161616162,0.383838383838384,3.77777777777778,0.414141414141414,1.88888888888889,0.202020202020202,3.89182029811063,2.79320800944252,-0.180770442179849,-0.493848038724493,-0.0648491444595809,-0.439271332150861,"sum",0.620400942180857,0.00955263713420046,1.14285714285714,-4.29140575512354,-0.862029042139746,-0.655185987060371,-2.4034778784494,-1.28613897280163,-0.662617036899795,-0.149106902353831,1.31447157454623,0.620400942180857,0.432398583878439,0.00955263713420046,0.00914515225723882,30.5,91.9095238095238,0.383838383838384,0.404040404040404,0.232323232323232,0.383838383838384,0.404040404040404,0.454545454545455,0.434343434343434,0.404040404040404,0.575757575757576,0.323232323232323,0.171717171717172,0.131313131313131,0.0202020202020202,0.0303030303030303,0.525252525252525,0.363636363636364,0.747474747474748,0.656565656565657,4,1.33333333333333,0.424242424242424,0.353535353535354,1,2,21.8333333333333,9,962.833333333333,1925.66666666667,5777,8.66163979578127,0.96969696969697,7.56302750711316,0.94949494949495,2.34179694013682,1.73204182314344,0.104433829235606,0.282347789583801,1.54406562886093,1.26756408621072,1444.25,7.27534543466138,0.888888888888889,0.888888888888889,0.340335777144293,0.369823333875643,0.366249336797327,45,45,0.444444444444444,0,NA,NA,0,0.444444444444444,0,0,0,0,15,15,0.515151515151515,0.515151515151515,0,0
"smsu092","SM",2,2,4,23,20,38,14.5,5.85,20.35,TRUE,0.151515151515152,19,0.646464646464647,9.5,0.373737373737374,0.272727272727273,10.175,0.828282828282828,5.0875,0.595959595959596,0.111111111111111,10,0.404040404040404,5,0.212121212121212,0.0606060606060606,2.925,0.101010101010101,1.4625,0.0707070707070707,0.181818181818182,11.5,0.686868686868687,5.75,0.363636363636364,0.95959595959596,7.25,0.96969696969697,3.625,0.919191919191919,3.63758615972639,2.94443897916644,-1.15551302256139,0.279678013120038,-1.15832995218104,0.373113393155415,"sum",0.576210808267468,0.00881064634223833,1.5472582972583,2.35040492608277,-0.376985980858478,-0.573523294525871,-2.50002810146122,-0.262403125992588,-0.0481269248202629,0.212421057407178,0.121646492562671,0.576210808267469,0.254842738052805,0.00881064634223833,0.00612840501721637,59.5,61.552380952381,0.262626262626263,0.272727272727273,0.303030303030303,0.262626262626263,0.272727272727273,0.747474747474748,0.0808080808080808,0.0808080808080808,0.333333333333333,0.606060606060606,0.363636363636364,0.171717171717172,0,0.333333333333333,0.868686868686869,0.727272727272727,0.505050505050505,0.151515151515152,2,1,0.181818181818182,0,3,5,27.75,7,456.65,913.3,1826.6,7.51021159425758,0.383838383838384,6.81706441369763,0.555555555555556,-0.383114041032615,0.0285148793089146,-0.57151328555796,-0.388094736881131,-0.0660891536988487,0.356159866808911,913.3,6.81706441369763,0.686868686868687,0.494949494949495,0.340335777144293,0.369823333875643,0.366249336797327,31,31,0.141414141414141,0,NA,NA,0,0.141414141414141,0,0,0,0,15.5,15.5,0.747474747474748,0.747474747474748,0,0
"smsu093","SM",4,4,4,41,37,63,13,14.9,27.9,TRUE,0.828282828282828,15.75,0.252525252525253,15.75,0.94949494949495,0.848484848484849,6.975,0.232323232323232,6.975,0.94949494949495,0.737373737373737,9.25,0.272727272727273,9.25,0.93939393939394,0.808080808080808,3.725,0.444444444444444,3.725,0.96969696969697,0.848484848484849,10.25,0.464646464646465,10.25,0.97979797979798,0.747474747474748,3.25,0.212121212121212,3.25,0.797979797979798,4.14313472639153,2.75684036527164,1.05981102376029,-0.663056862565484,1.01607376296415,-0.634631572673862,"sum",0.75896300314779,0.0115716194112391,66.0154761904762,4.15238650948674,0.854937098466952,0.0874038807428714,-1.14615096651991,0.126202169730932,-0.780917656273881,-0.186202047482393,-3.05042590993314,0.75896300314779,0.542718140252554,0.0115716194112391,0.0114741838983266,25.0833333333333,73.8166666666666,0.828282828282828,0.858585858585859,0.828282828282828,0.828282828282828,0.858585858585859,0.383838383838384,0.747474747474748,0.767676767676768,0.424242424242424,0.717171717171717,0.828282828282828,0.555555555555556,0.131313131313131,0.626262626262626,0.434343434343434,0.333333333333333,0.131313131313131,0.151515151515152,4,1,0.181818181818182,0.797979797979798,3,5,34.25,11,300,300,1200,7.09007683577609,0.272727272727273,5.7037824746562,0.171717171717172,-0.815330834471448,-1.00349566494749,-0.57151328555796,-0.388094736881131,-0.653604718971066,-1.00402787650214,300,5.7037824746562,0.222222222222222,0.323232323232323,0.340335777144293,0.369823333875643,0.366249336797327,62,62,0.838383838383838,0,NA,NA,0,0.838383838383838,0,0,0,0,15.5,15.5,0.747474747474748,0.747474747474748,0,0
"smsu094","SM",2,2,3,19,26,41,10,8.7,18.7,TRUE,0.191919191919192,20.5,0.797979797979798,13.6666666666667,0.858585858585859,0.141414141414141,9.35,0.717171717171717,6.23333333333333,0.858585858585859,0.262626262626263,13,0.808080808080808,8.66666666666667,0.878787878787879,0.252525252525253,4.35,0.666666666666667,2.9,0.757575757575758,0.0606060606060606,9.5,0.272727272727273,6.33333333333333,0.535353535353535,0.121212121212121,5,0.696969696969697,3.33333333333333,0.828282828282828,3.71357206670431,3.02042488614436,-0.889674137002786,0.714786417282587,-0.83150865482998,0.781295594724956,"sum",0.499948477034167,0.00826917381887533,5.58134920634921,2.92799761356261,-0.306073902581268,-0.384633866034705,-0.0520188457502534,-0.555804165599517,-0.394508831055186,-0.229705223538035,0.450434377682336,0.499948477034167,0.342422998813028,0.00826917381887533,0.0080071199361393,15.5833333333333,79.6333333333333,0.0606060606060606,0.141414141414141,0.555555555555556,0.0606060606060606,0.141414141414141,0.212121212121212,0.242424242424242,0.262626262626263,0.494949494949495,0.636363636363636,0.414141414141414,0.292929292929293,0.585858585858586,0.212121212121212,0.707070707070707,0.292929292929293,0.585858585858586,0,2,1,0.181818181818182,0,1,2,31,9,886,1329,2658,7.88532923927319,0.616161616161616,7.19218205871325,0.787878787878788,0.190369907363565,0.728020477299114,-0.57151328555796,-0.388094736881131,0.458474574499903,0.814471822798483,1329,7.19218205871325,0.868686868686869,0.868686868686869,0.340335777144293,0.369823333875643,0.366249336797327,27,27,0.0505050505050505,0,NA,NA,0,0.0505050505050505,0,0,0,0,13.5,13.5,0.232323232323232,0.232323232323232,0,0
"smsu095","SM",3,3,5,27,32,50,10.3333333333333,11.8333333333333,22.1666666666667,TRUE,0.434343434343434,16.6666666666667,0.373737373737374,10,0.434343434343434,0.383838383838384,7.38888888888889,0.292929292929293,4.43333333333333,0.414141414141414,0.525252525252525,10.6666666666667,0.555555555555556,6.4,0.545454545454545,0.515151515151515,3.94444444444445,0.535353535353535,2.36666666666667,0.535353535353535,0.292929292929293,9,0.121212121212121,5.4,0.272727272727273,0.222222222222222,3.44444444444444,0.303030303030303,2.06666666666667,0.343434343434343,3.91202300542815,2.81341071676004,-0.0921574803269823,-0.397157282243926,0.022044271413363,-0.33074613480175,"sum",0.637396551839379,0.00945065164454708,4.06428571428571,-0.468673381628558,1.57410921037411,-0.364039686939044,-0.0142626199308936,0.402808834385234,-0.63004818344912,0.0757443436369204,2.62702714111475,0.637396551839379,0.463642334712886,0.00945065164454708,0.00974183885487683,16.6666666666667,42.4357142857143,0.434343434343434,0.373737373737374,0.474747474747475,0.434343434343434,0.373737373737374,0.232323232323232,0.525252525252525,0.484848484848485,0.141414141414141,0.474747474747475,0.98989898989899,0.313131313131313,0.636363636363636,0.848484848484849,0.545454545454545,0.555555555555556,0.858585858585859,0.373737373737374,3,1,0.181818181818182,0.353535353535354,1,2,20,11,720.92,1201.53333333333,3604.6,8.1899660865587,0.828282828282828,7.0913537978906,0.696969696969697,0.843316630423252,0.513530107103098,-0.57151328555796,-0.388094736881131,0.884478102945365,0.691281676851783,1201.53333333333,7.0913537978906,0.828282828282828,0.787878787878788,0.340335777144293,0.369823333875643,0.366249336797327,46,46,0.494949494949495,0,NA,NA,0,0.494949494949495,0,0,0,0,15.3333333333333,15.3333333333333,0.646464646464647,0.646464646464647,0,0
"smsu096","SM",3,3,4,29,31,50,11.6666666666667,11.1666666666667,22.8333333333333,TRUE,0.434343434343434,16.6666666666667,0.373737373737374,12.5,0.797979797979798,0.444444444444444,7.61111111111111,0.323232323232323,5.70833333333333,0.737373737373737,0.484848484848485,10.3333333333333,0.484848484848485,7.75,0.787878787878788,0.474747474747475,3.72222222222222,0.434343434343434,2.79166666666667,0.717171717171717,0.434343434343434,9.66666666666667,0.303030303030303,7.25,0.717171717171717,0.474747474747475,3.88888888888889,0.454545454545455,2.91666666666667,0.727272727272727,3.91202300542815,2.81341071676004,-0.0921574803269823,-0.397157282243926,0.022044271413363,-0.33074613480175,"sum",0.645669872157782,0.00970989607700924,3.14606782106782,16.7125313636813,0.128177078691442,-0.641605190452702,-0.311923754624672,0.0203648577981566,-0.697915233472393,-0.765764926673873,0.893077012492736,0.645669872157782,0.437021354529257,0.00970989607700924,0.00950059497941389,39.3333333333333,88.8095238095238,0.464646464646465,0.434343434343434,0.424242424242424,0.464646464646465,0.434343434343434,0.606060606060606,0.444444444444444,0.464646464646465,0.555555555555556,1,0.616161616161616,0.141414141414141,0.404040404040404,0.565656565656566,0.484848484848485,0.101010101010101,0.696969696969697,0.151515151515152,4,1.33333333333333,0.424242424242424,0.353535353535354,2,2,29.75,12,575.25,767,2301,7.74109909003537,0.515151515151515,6.64248680136726,0.515151515151515,-0.0558819203696995,-0.217666667445875,0.104433829235606,0.282347789583801,0.256783436244578,0.142864096689128,575.25,6.35480472891548,0.444444444444444,0.616161616161616,0.340335777144293,0.369823333875643,0.366249336797327,45,45,0.444444444444444,0,NA,NA,0,0.444444444444444,0,0,0,0,15,15,0.515151515151515,0.515151515151515,0,0
"smsu097","SM",3,3,6,27,39,59,10,12.4166666666667,22.4166666666667,TRUE,0.717171717171717,19.6666666666667,0.717171717171717,9.83333333333333,0.404040404040404,0.414141414141414,7.47222222222222,0.313131313131313,3.73611111111111,0.151515151515152,0.818181818181818,13,0.808080808080808,6.5,0.575757575757576,0.585858585858586,4.13888888888889,0.595959595959596,2.06944444444444,0.393939393939394,0.292929292929293,9,0.121212121212121,4.5,0.0808080808080808,0.121212121212121,3.33333333333333,0.232323232323232,1.66666666666667,0.101010101010101,4.07753744390572,2.97892515523761,0.705359176348821,0.473059526081172,0.733934747752474,0.558366735943503,"sum",0.615912023304532,0.00958249715235029,45.2602314352314,12.7021339234054,-0.0321826051699696,0.195674885588953,-0.454526932604298,-1.01020814081493,-0.911084013673936,-0.773023106709115,-2.24207709912373,0.615912023304531,0.494024226314622,0.00958249715235029,0.0105016294174214,2.75,36.3333333333333,0.353535353535354,0.414141414141414,0.757575757575758,0.353535353535354,0.414141414141414,0.0202020202020202,0.636363636363636,0.626262626262626,0.0909090909090909,0.95959595959596,0.555555555555556,0.646464646464647,0.353535353535354,0.0707070707070707,0.353535353535354,0.0808080808080808,0.171717171717172,0.656565656565657,3,1,0.181818181818182,0.353535353535354,3,3,21.8333333333333,4,542.166666666667,1084.33333333333,3253,8.08733292647335,0.767676767676768,6.98872063780524,0.606060606060606,0.600789620252339,0.316315634924961,-0.57151328555796,-0.388094736881131,0.740956107095365,0.565886337621202,1084.33333333333,6.98872063780524,0.777777777777778,0.585858585858586,0.340335777144293,0.369823333875643,0.366249336797327,39,39,0.282828282828283,0,NA,NA,0,0.282828282828283,0,0,0,0,13,13,0.131313131313131,0.131313131313131,0,0
"smsu098","SM",2,2,5,22,19,37,11.5,6.6,18.1,TRUE,0.101010101010101,18.5,0.585858585858586,7.4,0.0707070707070707,0.0808080808080808,9.05,0.666666666666667,3.62,0.101010101010101,0.0707070707070707,9.5,0.303030303030303,3.8,0.0303030303030303,0.0808080808080808,3.3,0.212121212121212,1.32,0.0202020202020202,0.121212121212121,11,0.565656565656566,4.4,0.0707070707070707,0.434343434343434,5.75,0.787878787878788,2.3,0.454545454545455,3.61091791264422,2.91777073208428,-1.24412598441425,0.134641878399189,-1.27303215757819,0.229856515150921,"sum",0.517155775856906,0.00798948446819861,0.342857142857143,-19.1918087067388,0.82199973178058,0.953953930685561,-0.166845448398158,0.681960352853195,-0.0337159516433979,0.208169049082518,2.42129286677218,0.517155775856906,0.266769295476261,0.00798948446819861,0.00639512250791227,5,59.9690476190476,0.131313131313131,0.0808080808080808,0.101010101010101,0.131313131313131,0.0808080808080808,0.0505050505050505,0.121212121212121,0.101010101010101,0.323232323232323,0,0.818181818181818,0.97979797979798,0.454545454545455,0.94949494949495,0.909090909090909,0.707070707070707,0.828282828282828,0.373737373737374,4,2,0.909090909090909,0,2,3,21.6,11,635.44,1588.6,3177.2,8.06375558475898,0.727272727272727,7.37060840419903,0.878787878787879,0.5485042181734,1.16485389860837,1.45632805882274,1.22728345817323,0.707985601881746,1.03246990549667,794.3,6.67746122363909,0.606060606060606,0.696969696969697,0.340335777144293,0.369823333875643,0.366249336797327,25,25,0.0303030303030303,0,NA,NA,0,0.0303030303030303,0,0,0,0,12.5,12.5,0.0808080808080808,0.0808080808080808,0,0
"smsu099","SM",3,3,6,34,32,54,13.3333333333333,11.7166666666667,25.05,TRUE,0.616161616161616,18,0.565656565656566,9,0.272727272727273,0.666666666666667,8.35,0.545454545454545,4.175,0.303030303030303,0.525252525252525,10.6666666666667,0.555555555555556,5.33333333333333,0.313131313131313,0.494949494949495,3.90555555555555,0.505050505050505,1.95277777777778,0.313131313131313,0.646464646464647,11.3333333333333,0.646464646464647,5.66666666666667,0.333333333333333,0.818181818181818,4.44444444444445,0.585858585858586,2.22222222222222,0.393939393939394,3.98898404656427,2.89037175789616,0.262294367084486,-0.0103942563216607,0.353059696640908,0.0826743066382154,"sum",0.691974465606151,0.0105302560859618,3.1270202020202,2.54248972124784,-0.596496181336461,-0.6160870326662,0.788093919637848,0.368943157083853,-0.751080697475575,-0.251504686033067,0.544960017252357,0.691974465606151,0.457445474591485,0.0105302560859618,0.00989281321219284,46.3333333333333,107.12619047619,0.646464646464647,0.666666666666667,0.414141414141414,0.646464646464647,0.666666666666667,0.676767676767677,0.505050505050505,0.505050505050505,0.696969696969697,0.626262626262626,0.313131313131313,0.151515151515152,0.888888888888889,0.828282828282828,0.454545454545455,0.282828282828283,0.606060606060606,0.656565656565657,5,1.66666666666667,0.828282828282828,0.353535353535354,2,3,21.1666666666667,12,103.5,207,621,6.43133108193348,0.0909090909090909,5.33271879326537,0.111111111111111,-1.21471405087918,-1.15998837751206,0.780380944029171,0.802383414440236,-1.5747933998085,-1.45738677303671,124.2,4.82189316949938,0.0101010101010101,0.0909090909090909,0.340335777144293,0.369823333875643,0.366249336797327,55,55,0.686868686868687,0,NA,NA,0,0.686868686868687,0,0,0,0,18.3333333333333,18.3333333333333,0.93939393939394,0.93939393939394,0,0
"smsu100","SM",3,4,5,40,34,63,11.75,13.6666666666667,25.4166666666667,TRUE,0.828282828282828,21,0.848484848484849,12.6,0.808080808080808,0.676767676767677,8.47222222222222,0.555555555555556,5.08333333333333,0.585858585858586,0.595959595959596,11.3333333333333,0.636363636363636,6.8,0.636363636363636,0.747474747474748,4.55555555555556,0.757575757575758,2.73333333333333,0.707070707070707,0.828282828282828,13.3333333333333,0.838383838383838,8,0.818181818181818,0.505050505050505,3.91666666666667,0.464646464646465,2.35,0.484848484848485,4.14313472639153,3.04452243772342,1.05981102376029,0.859822552003437,1.01607376296415,0.910743173192821,"sum",0.670828840502832,0.0107313402161196,73.4516233766234,-1.77899092140698,-0.980948984405511,-0.238969508871639,-0.836581805217299,0.141100902029328,-0.408119370519255,0.702799517697037,2.58769990477719,0.670828840502832,0.469665235673488,0.0107313402161196,0.0102208469592288,39.3333333333333,38.5333333333333,0.606060606060606,0.707070707070707,0.848484848484849,0.606060606060606,0.707070707070707,0.606060606060606,0.545454545454545,0.565656565656566,0.121212121212121,0.424242424242424,0.141414141414141,0.383838383838384,0.181818181818182,0.656565656565657,0.696969696969697,0.909090909090909,0.848484848484849,0.373737373737374,1,0.333333333333333,0,0.353535353535354,1,2,31.6,12,134.72,224.533333333333,673.6,6.51263646292812,0.131313131313131,5.41402417426001,0.131313131313131,-1.17843156869775,-1.13048473349451,-1.92340751514509,-2.94840860052491,-1.46109612551635,-1.35804932866088,673.6,6.51263646292812,0.515151515151515,0.131313131313131,0.340335777144293,0.369823333875643,0.366249336797327,60,60,0.797979797979798,0,NA,NA,0,0.797979797979798,0,0,0,0,15,15,0.515151515151515,0.515151515151515,0,0
