"su_id","site","kin_links","kins","nonkin_degree","total_nonkin","connection_network_degree","total","N","su_size","su_wealth","su_wpc","kin_pc","kin_links_pc","prob_kin","prob_nonkin","prop_kin","prop_kin_pc","prop_connected_kin","prop_connected_kin_pc","ratio","network","kinship",".after"
"egsu001","EG",3,4,31,55,34,59,60,6,4266.6,711.1,0.666666666666667,0.5,0.75,0.563636363636364,0.0677966101694915,0.0112994350282486,0.0882352941176471,0.0147058823529412,1.33064516129032,"collapse_sum","primary_kin","EG"
"egsu002","EG",3,4,26,55,29,59,60,4,2144,536,1,0.75,0.75,0.472727272727273,0.0677966101694915,0.0169491525423729,0.103448275862069,0.0258620689655172,1.58653846153846,"collapse_sum","primary_kin","EG"
"egsu003","EG",1,2,35,57,36,59,60,7,4821.6,688.8,0.285714285714286,0.142857142857143,0.5,0.614035087719298,0.0338983050847458,0.00484261501210654,0.0277777777777778,0.00396825396825397,0.814285714285714,"collapse_sum","primary_kin","EG"
"egsu004","EG",5,5,28,54,33,59,60,7,494,70.5714285714286,0.714285714285714,0.714285714285714,1,0.518518518518518,0.0847457627118644,0.0121065375302663,0.151515151515152,0.0216450216450216,1.92857142857143,"collapse_sum","primary_kin","EG"
"egsu005","EG",0,3,28,56,28,59,60,5,1068,213.6,0.6,0,0,0.5,0.0508474576271186,0.0101694915254237,0,0,0,"collapse_sum","primary_kin","EG"
"egsu006","EG",0,1,34,58,34,59,60,5,2355,471,0.2,0,0,0.586206896551724,0.0169491525423729,0.00338983050847458,0,0,0,"collapse_sum","primary_kin","EG"
"egsu007","EG",0,2,20,57,20,59,60,7,3493,499,0.285714285714286,0,0,0.350877192982456,0.0338983050847458,0.00484261501210654,0,0,0,"collapse_sum","primary_kin","EG"
"egsu008","EG",1,4,30,55,31,59,60,5,4806,961.2,0.8,0.2,0.25,0.545454545454545,0.0677966101694915,0.0135593220338983,0.032258064516129,0.00645161290322581,0.458333333333333,"collapse_sum","primary_kin","EG"
"egsu009","EG",1,1,24,58,25,59,60,4,1642.6,410.65,0.25,0.25,1,0.413793103448276,0.0169491525423729,0.00423728813559322,0.04,0.01,2.41666666666667,"collapse_sum","primary_kin","EG"
"egsu010","EG",3,4,25,55,28,59,60,5,2292.6,458.52,0.8,0.6,0.75,0.454545454545455,0.0677966101694915,0.0135593220338983,0.107142857142857,0.0214285714285714,1.65,"collapse_sum","primary_kin","EG"
"egsu011","EG",0,1,22,58,22,59,60,3,3093.6,1031.2,0.333333333333333,0,0,0.379310344827586,0.0169491525423729,0.00564971751412429,0,0,0,"collapse_sum","primary_kin","EG"
"egsu012","EG",1,3,25,56,26,59,60,3,780,260,1,0.333333333333333,0.333333333333333,0.446428571428571,0.0508474576271186,0.0169491525423729,0.0384615384615385,0.0128205128205128,0.746666666666667,"collapse_sum","primary_kin","EG"
"egsu013","EG",1,1,36,58,37,59,60,5,3031,606.2,0.2,0.2,1,0.620689655172414,0.0169491525423729,0.00338983050847458,0.027027027027027,0.00540540540540541,1.61111111111111,"collapse_sum","primary_kin","EG"
"egsu014","EG",1,2,18,57,19,59,60,5,934,186.8,0.4,0.2,0.5,0.31578947368421,0.0338983050847458,0.00677966101694915,0.0526315789473684,0.0105263157894737,1.58333333333333,"collapse_sum","primary_kin","EG"
"egsu015","EG",1,1,25,58,26,59,60,5,4019.6,803.92,0.2,0.2,1,0.431034482758621,0.0169491525423729,0.00338983050847458,0.0384615384615385,0.00769230769230769,2.32,"collapse_sum","primary_kin","EG"
"egsu016","EG",1,3,15,56,16,59,60,7,1592.6,227.514285714286,0.428571428571429,0.142857142857143,0.333333333333333,0.267857142857143,0.0508474576271186,0.00726392251815981,0.0625,0.00892857142857143,1.24444444444444,"collapse_sum","primary_kin","EG"
"egsu017","EG",1,2,34,57,35,59,60,5,3001,600.2,0.4,0.2,0.5,0.596491228070175,0.0338983050847458,0.00677966101694915,0.0285714285714286,0.00571428571428571,0.838235294117647,"collapse_sum","primary_kin","EG"
"egsu018","EG",1,6,24,53,25,59,60,7,2192,313.142857142857,0.857142857142857,0.142857142857143,0.166666666666667,0.452830188679245,0.101694915254237,0.0145278450363196,0.04,0.00571428571428571,0.368055555555556,"collapse_sum","primary_kin","EG"
"egsu019","EG",2,3,17,56,19,59,60,3,4701,1567,1,0.666666666666667,0.666666666666667,0.303571428571429,0.0508474576271186,0.0169491525423729,0.105263157894737,0.0350877192982456,2.19607843137255,"collapse_sum","primary_kin","EG"
"egsu020","EG",1,1,26,58,27,59,60,5,1875.6,375.12,0.2,0.2,1,0.448275862068966,0.0169491525423729,0.00338983050847458,0.037037037037037,0.00740740740740741,2.23076923076923,"collapse_sum","primary_kin","EG"
"egsu021","EG",1,2,35,57,36,59,60,6,3349,558.166666666667,0.333333333333333,0.166666666666667,0.5,0.614035087719298,0.0338983050847458,0.00564971751412429,0.0277777777777778,0.00462962962962963,0.814285714285714,"collapse_sum","primary_kin","EG"
"egsu022","EG",1,3,32,56,33,59,60,4,827,206.75,0.75,0.25,0.333333333333333,0.571428571428571,0.0508474576271186,0.0127118644067797,0.0303030303030303,0.00757575757575758,0.583333333333333,"collapse_sum","primary_kin","EG"
"egsu023","EG",1,4,21,55,22,59,60,3,1603.6,534.533333333333,1.33333333333333,0.333333333333333,0.25,0.381818181818182,0.0677966101694915,0.0225988700564972,0.0454545454545455,0.0151515151515152,0.654761904761905,"collapse_sum","primary_kin","EG"
"egsu024","EG",0,2,20,57,20,59,60,3,6942,2314,0.666666666666667,0,0,0.350877192982456,0.0338983050847458,0.0112994350282486,0,0,0,"collapse_sum","primary_kin","EG"
"egsu025","EG",1,3,24,56,25,59,60,3,4155,1385,1,0.333333333333333,0.333333333333333,0.428571428571429,0.0508474576271186,0.0169491525423729,0.04,0.0133333333333333,0.777777777777778,"collapse_sum","primary_kin","EG"
"egsu026","EG",1,1,22,58,23,59,60,5,2793,558.6,0.2,0.2,1,0.379310344827586,0.0169491525423729,0.00338983050847458,0.0434782608695652,0.00869565217391304,2.63636363636364,"collapse_sum","primary_kin","EG"
"egsu027","EG",0,1,28,58,28,59,60,4,1723,430.75,0.25,0,0,0.482758620689655,0.0169491525423729,0.00423728813559322,0,0,0,"collapse_sum","primary_kin","EG"
"egsu028","EG",1,1,26,58,27,59,60,6,264.2,44.0333333333333,0.166666666666667,0.166666666666667,1,0.448275862068966,0.0169491525423729,0.00282485875706215,0.037037037037037,0.00617283950617284,2.23076923076923,"collapse_sum","primary_kin","EG"
"egsu029","EG",0,1,30,58,30,59,60,7,609.2,87.0285714285714,0.142857142857143,0,0,0.517241379310345,0.0169491525423729,0.00242130750605327,0,0,0,"collapse_sum","primary_kin","EG"
"egsu030","EG",0,1,20,58,20,59,60,3,2977,992.333333333333,0.333333333333333,0,0,0.344827586206897,0.0169491525423729,0.00564971751412429,0,0,0,"collapse_sum","primary_kin","EG"
"egsu031","EG",3,3,22,56,25,59,60,5,2813.2,562.64,0.6,0.6,1,0.392857142857143,0.0508474576271186,0.0101694915254237,0.12,0.024,2.54545454545455,"collapse_sum","primary_kin","EG"
"egsu032","EG",2,3,37,56,39,59,60,6,3550,591.666666666667,0.5,0.333333333333333,0.666666666666667,0.660714285714286,0.0508474576271186,0.00847457627118644,0.0512820512820513,0.00854700854700855,1.00900900900901,"collapse_sum","primary_kin","EG"
"egsu033","EG",1,1,33,58,34,59,60,5,2542.6,508.52,0.2,0.2,1,0.568965517241379,0.0169491525423729,0.00338983050847458,0.0294117647058824,0.00588235294117647,1.75757575757576,"collapse_sum","primary_kin","EG"
"egsu034","EG",2,4,23,55,25,59,60,3,1328.8,442.933333333333,1.33333333333333,0.666666666666667,0.5,0.418181818181818,0.0677966101694915,0.0225988700564972,0.08,0.0266666666666667,1.19565217391304,"collapse_sum","primary_kin","EG"
"egsu035","EG",0,1,32,58,32,59,60,5,4859,971.8,0.2,0,0,0.551724137931034,0.0169491525423729,0.00338983050847458,0,0,0,"collapse_sum","primary_kin","EG"
"egsu036","EG",1,1,19,58,20,59,60,3,2867.6,955.866666666667,0.333333333333333,0.333333333333333,1,0.327586206896552,0.0169491525423729,0.00564971751412429,0.05,0.0166666666666667,3.05263157894737,"collapse_sum","primary_kin","EG"
"egsu037","EG",0,3,20,56,20,59,60,3,3852.8,1284.26666666667,1,0,0,0.357142857142857,0.0508474576271186,0.0169491525423729,0,0,0,"collapse_sum","primary_kin","EG"
"egsu038","EG",1,1,32,58,33,59,60,7,1392.6,198.942857142857,0.142857142857143,0.142857142857143,1,0.551724137931034,0.0169491525423729,0.00242130750605327,0.0303030303030303,0.00432900432900433,1.8125,"collapse_sum","primary_kin","EG"
"egsu039","EG",3,4,25,55,28,59,60,3,2142,714,1.33333333333333,1,0.75,0.454545454545455,0.0677966101694915,0.0225988700564972,0.107142857142857,0.0357142857142857,1.65,"collapse_sum","primary_kin","EG"
"egsu040","EG",2,3,28,56,30,59,60,6,1878.8,313.133333333333,0.5,0.333333333333333,0.666666666666667,0.5,0.0508474576271186,0.00847457627118644,0.0666666666666667,0.0111111111111111,1.33333333333333,"collapse_sum","primary_kin","EG"
"egsu041","EG",0,0,22,59,22,59,60,3,2127.6,709.2,0,0,NA,0.372881355932203,0,0,0,0,NA,"collapse_sum","primary_kin","EG"
"egsu042","EG",1,3,27,56,28,59,60,6,634.6,105.766666666667,0.5,0.166666666666667,0.333333333333333,0.482142857142857,0.0508474576271186,0.00847457627118644,0.0357142857142857,0.00595238095238095,0.691358024691358,"collapse_sum","primary_kin","EG"
"egsu043","EG",4,7,21,52,25,59,60,4,1585.2,396.3,1.75,1,0.571428571428571,0.403846153846154,0.11864406779661,0.0296610169491525,0.16,0.04,1.41496598639456,"collapse_sum","primary_kin","EG"
"egsu044","EG",1,2,31,57,32,59,60,4,2238.8,559.7,0.5,0.25,0.5,0.543859649122807,0.0338983050847458,0.00847457627118644,0.03125,0.0078125,0.919354838709677,"collapse_sum","primary_kin","EG"
"egsu045","EG",1,3,37,56,38,59,60,5,2421,484.2,0.6,0.2,0.333333333333333,0.660714285714286,0.0508474576271186,0.0101694915254237,0.0263157894736842,0.00526315789473684,0.504504504504504,"collapse_sum","primary_kin","EG"
"egsu046","EG",0,1,26,58,26,59,60,3,1830,610,0.333333333333333,0,0,0.448275862068966,0.0169491525423729,0.00564971751412429,0,0,0,"collapse_sum","primary_kin","EG"
"egsu047","EG",4,5,35,54,39,59,60,3,2739.6,913.2,1.66666666666667,1.33333333333333,0.8,0.648148148148148,0.0847457627118644,0.0282485875706215,0.102564102564103,0.0341880341880342,1.23428571428571,"collapse_sum","primary_kin","EG"
"egsu048","EG",3,3,25,56,28,59,60,4,4753.2,1188.3,0.75,0.75,1,0.446428571428571,0.0508474576271186,0.0127118644067797,0.107142857142857,0.0267857142857143,2.24,"collapse_sum","primary_kin","EG"
"egsu049","EG",1,2,37,57,38,59,60,6,538.6,89.7666666666667,0.333333333333333,0.166666666666667,0.5,0.649122807017544,0.0338983050847458,0.00564971751412429,0.0263157894736842,0.0043859649122807,0.77027027027027,"collapse_sum","primary_kin","EG"
"egsu050","EG",1,1,19,58,20,59,60,5,3703,740.6,0.2,0.2,1,0.327586206896552,0.0169491525423729,0.00338983050847458,0.05,0.01,3.05263157894737,"collapse_sum","primary_kin","EG"
"egsu051","EG",2,4,20,55,22,59,60,7,1771.6,253.085714285714,0.571428571428571,0.285714285714286,0.5,0.363636363636364,0.0677966101694915,0.00968523002421307,0.0909090909090909,0.012987012987013,1.375,"collapse_sum","primary_kin","EG"
"egsu052","EG",1,3,26,56,27,59,60,7,801.6,114.514285714286,0.428571428571429,0.142857142857143,0.333333333333333,0.464285714285714,0.0508474576271186,0.00726392251815981,0.037037037037037,0.00529100529100529,0.717948717948718,"collapse_sum","primary_kin","EG"
"egsu053","EG",0,2,19,57,19,59,60,6,3997.2,666.2,0.333333333333333,0,0,0.333333333333333,0.0338983050847458,0.00564971751412429,0,0,0,"collapse_sum","primary_kin","EG"
"egsu054","EG",0,1,32,58,32,59,60,7,3863,551.857142857143,0.142857142857143,0,0,0.551724137931034,0.0169491525423729,0.00242130750605327,0,0,0,"collapse_sum","primary_kin","EG"
"egsu055","EG",1,2,28,57,29,59,60,5,2177.6,435.52,0.4,0.2,0.5,0.491228070175439,0.0338983050847458,0.00677966101694915,0.0344827586206897,0.00689655172413793,1.01785714285714,"collapse_sum","primary_kin","EG"
"egsu056","EG",2,4,25,55,27,59,60,5,5283,1056.6,0.8,0.4,0.5,0.454545454545455,0.0677966101694915,0.0135593220338983,0.0740740740740741,0.0148148148148148,1.1,"collapse_sum","primary_kin","EG"
"egsu057","EG",0,2,20,57,20,59,60,3,2256.6,752.2,0.666666666666667,0,0,0.350877192982456,0.0338983050847458,0.0112994350282486,0,0,0,"collapse_sum","primary_kin","EG"
"egsu058","EG",1,1,46,58,47,59,60,7,4654.6,664.942857142857,0.142857142857143,0.142857142857143,1,0.793103448275862,0.0169491525423729,0.00242130750605327,0.0212765957446809,0.00303951367781155,1.26086956521739,"collapse_sum","primary_kin","EG"
"egsu059","EG",1,1,31,58,32,59,60,5,3104.2,620.84,0.2,0.2,1,0.53448275862069,0.0169491525423729,0.00338983050847458,0.03125,0.00625,1.87096774193548,"collapse_sum","primary_kin","EG"
"egsu060","EG",2,3,25,56,27,59,60,5,2399.8,479.96,0.6,0.4,0.666666666666667,0.446428571428571,0.0508474576271186,0.0101694915254237,0.0740740740740741,0.0148148148148148,1.49333333333333,"collapse_sum","primary_kin","EG"
"exsu001","EX",1,5,27,64,28,69,70,7,3039.6,434.228571428571,0.714285714285714,0.142857142857143,0.2,0.421875,0.072463768115942,0.010351966873706,0.0357142857142857,0.00510204081632653,0.474074074074074,"collapse_sum","primary_kin","EX"
"exsu002","EX",2,5,26,64,28,69,70,3,2089,696.333333333333,1.66666666666667,0.666666666666667,0.4,0.40625,0.072463768115942,0.0241545893719807,0.0714285714285714,0.0238095238095238,0.984615384615385,"collapse_sum","primary_kin","EX"
"exsu003","EX",2,3,28,66,30,69,70,5,990,198,0.6,0.4,0.666666666666667,0.424242424242424,0.0434782608695652,0.00869565217391304,0.0666666666666667,0.0133333333333333,1.57142857142857,"collapse_sum","primary_kin","EX"
"exsu004","EX",2,4,25,65,27,69,70,3,5493.6,1831.2,1.33333333333333,0.666666666666667,0.5,0.384615384615385,0.0579710144927536,0.0193236714975845,0.0740740740740741,0.0246913580246914,1.3,"collapse_sum","primary_kin","EX"
"exsu005","EX",0,1,24,68,24,69,70,3,3065.2,1021.73333333333,0.333333333333333,0,0,0.352941176470588,0.0144927536231884,0.00483091787439614,0,0,0,"collapse_sum","primary_kin","EX"
"exsu006","EX",2,3,42,66,44,69,70,7,6047.6,863.942857142857,0.428571428571429,0.285714285714286,0.666666666666667,0.636363636363636,0.0434782608695652,0.0062111801242236,0.0454545454545455,0.00649350649350649,1.04761904761905,"collapse_sum","primary_kin","EX"
"exsu007","EX",2,3,39,66,41,69,70,7,1989,284.142857142857,0.428571428571429,0.285714285714286,0.666666666666667,0.590909090909091,0.0434782608695652,0.0062111801242236,0.048780487804878,0.00696864111498258,1.12820512820513,"collapse_sum","primary_kin","EX"
"exsu008","EX",0,2,25,67,25,69,70,5,3437,687.4,0.4,0,0,0.373134328358209,0.0289855072463768,0.00579710144927536,0,0,0,"collapse_sum","primary_kin","EX"
"exsu009","EX",3,3,35,66,38,69,70,5,1999.6,399.92,0.6,0.6,1,0.53030303030303,0.0434782608695652,0.00869565217391304,0.0789473684210526,0.0157894736842105,1.88571428571429,"collapse_sum","primary_kin","EX"
"exsu010","EX",1,3,24,66,25,69,70,4,1860,465,0.75,0.25,0.333333333333333,0.363636363636364,0.0434782608695652,0.0108695652173913,0.04,0.01,0.916666666666667,"collapse_sum","primary_kin","EX"
"exsu011","EX",0,2,31,67,31,69,70,6,1969.2,328.2,0.333333333333333,0,0,0.462686567164179,0.0289855072463768,0.00483091787439614,0,0,0,"collapse_sum","primary_kin","EX"
"exsu012","EX",0,1,31,68,31,69,70,4,1686.6,421.65,0.25,0,0,0.455882352941176,0.0144927536231884,0.0036231884057971,0,0,0,"collapse_sum","primary_kin","EX"
"exsu013","EX",1,2,23,67,24,69,70,7,4188,598.285714285714,0.285714285714286,0.142857142857143,0.5,0.343283582089552,0.0289855072463768,0.0041407867494824,0.0416666666666667,0.00595238095238095,1.45652173913043,"collapse_sum","primary_kin","EX"
"exsu014","EX",2,4,28,65,30,69,70,7,2161,308.714285714286,0.571428571428571,0.285714285714286,0.5,0.430769230769231,0.0579710144927536,0.0082815734989648,0.0666666666666667,0.00952380952380952,1.16071428571429,"collapse_sum","primary_kin","EX"
"exsu015","EX",0,1,27,68,27,69,70,4,407,101.75,0.25,0,0,0.397058823529412,0.0144927536231884,0.0036231884057971,0,0,0,"collapse_sum","primary_kin","EX"
"exsu016","EX",1,3,31,66,32,69,70,6,1607,267.833333333333,0.5,0.166666666666667,0.333333333333333,0.46969696969697,0.0434782608695652,0.0072463768115942,0.03125,0.00520833333333333,0.709677419354839,"collapse_sum","primary_kin","EX"
"exsu017","EX",2,2,26,67,28,69,70,4,4368.2,1092.05,0.5,0.5,1,0.388059701492537,0.0289855072463768,0.0072463768115942,0.0714285714285714,0.0178571428571429,2.57692307692308,"collapse_sum","primary_kin","EX"
"exsu018","EX",2,3,21,66,23,69,70,3,3123,1041,1,0.666666666666667,0.666666666666667,0.318181818181818,0.0434782608695652,0.0144927536231884,0.0869565217391304,0.0289855072463768,2.0952380952381,"collapse_sum","primary_kin","EX"
"exsu019","EX",1,2,38,67,39,69,70,7,1626.6,232.371428571429,0.285714285714286,0.142857142857143,0.5,0.567164179104478,0.0289855072463768,0.0041407867494824,0.0256410256410256,0.00366300366300366,0.881578947368421,"collapse_sum","primary_kin","EX"
"exsu020","EX",0,3,31,66,31,69,70,5,3081,616.2,0.6,0,0,0.46969696969697,0.0434782608695652,0.00869565217391304,0,0,0,"collapse_sum","primary_kin","EX"
"exsu021","EX",1,3,26,66,27,69,70,5,2349.6,469.92,0.6,0.2,0.333333333333333,0.393939393939394,0.0434782608695652,0.00869565217391304,0.037037037037037,0.00740740740740741,0.846153846153846,"collapse_sum","primary_kin","EX"
"exsu022","EX",0,2,22,67,22,69,70,7,759,108.428571428571,0.285714285714286,0,0,0.328358208955224,0.0289855072463768,0.0041407867494824,0,0,0,"collapse_sum","primary_kin","EX"
"exsu023","EX",0,1,26,68,26,69,70,6,1118,186.333333333333,0.166666666666667,0,0,0.382352941176471,0.0144927536231884,0.00241545893719807,0,0,0,"collapse_sum","primary_kin","EX"
"exsu024","EX",0,1,36,68,36,69,70,6,1522,253.666666666667,0.166666666666667,0,0,0.529411764705882,0.0144927536231884,0.00241545893719807,0,0,0,"collapse_sum","primary_kin","EX"
"exsu025","EX",2,6,29,63,31,69,70,6,4654.6,775.766666666667,1,0.333333333333333,0.333333333333333,0.46031746031746,0.0869565217391304,0.0144927536231884,0.0645161290322581,0.010752688172043,0.724137931034483,"collapse_sum","primary_kin","EX"
"exsu026","EX",0,1,44,68,44,69,70,6,1421.6,236.933333333333,0.166666666666667,0,0,0.647058823529412,0.0144927536231884,0.00241545893719807,0,0,0,"collapse_sum","primary_kin","EX"
"exsu027","EX",1,2,44,67,45,69,70,7,3225.6,460.8,0.285714285714286,0.142857142857143,0.5,0.656716417910448,0.0289855072463768,0.0041407867494824,0.0222222222222222,0.00317460317460317,0.761363636363636,"collapse_sum","primary_kin","EX"
"exsu028","EX",1,4,19,65,20,69,70,3,1498,499.333333333333,1.33333333333333,0.333333333333333,0.25,0.292307692307692,0.0579710144927536,0.0193236714975845,0.05,0.0166666666666667,0.855263157894737,"collapse_sum","primary_kin","EX"
"exsu029","EX",0,1,19,68,19,69,70,5,1826.8,365.36,0.2,0,0,0.279411764705882,0.0144927536231884,0.00289855072463768,0,0,0,"collapse_sum","primary_kin","EX"
"exsu030","EX",0,1,28,68,28,69,70,6,3297,549.5,0.166666666666667,0,0,0.411764705882353,0.0144927536231884,0.00241545893719807,0,0,0,"collapse_sum","primary_kin","EX"
"exsu031","EX",0,5,20,64,20,69,70,7,945.2,135.028571428571,0.714285714285714,0,0,0.3125,0.072463768115942,0.010351966873706,0,0,0,"collapse_sum","primary_kin","EX"
"exsu032","EX",0,1,11,68,11,69,70,3,1461,487,0.333333333333333,0,0,0.161764705882353,0.0144927536231884,0.00483091787439614,0,0,0,"collapse_sum","primary_kin","EX"
"exsu033","EX",0,2,19,67,19,69,70,6,1781.2,296.866666666667,0.333333333333333,0,0,0.283582089552239,0.0289855072463768,0.00483091787439614,0,0,0,"collapse_sum","primary_kin","EX"
"exsu034","EX",1,3,24,66,25,69,70,4,2898.6,724.65,0.75,0.25,0.333333333333333,0.363636363636364,0.0434782608695652,0.0108695652173913,0.04,0.01,0.916666666666667,"collapse_sum","primary_kin","EX"
"exsu035","EX",1,2,40,67,41,69,70,7,1402.6,200.371428571429,0.285714285714286,0.142857142857143,0.5,0.597014925373134,0.0289855072463768,0.0041407867494824,0.024390243902439,0.00348432055749129,0.8375,"collapse_sum","primary_kin","EX"
"exsu036","EX",3,3,36,66,39,69,70,6,4938,823,0.5,0.5,1,0.545454545454545,0.0434782608695652,0.0072463768115942,0.0769230769230769,0.0128205128205128,1.83333333333333,"collapse_sum","primary_kin","EX"
"exsu037","EX",1,1,34,68,35,69,70,5,2089,417.8,0.2,0.2,1,0.5,0.0144927536231884,0.00289855072463768,0.0285714285714286,0.00571428571428571,2,"collapse_sum","primary_kin","EX"
"exsu038","EX",4,4,41,65,45,69,70,6,2700.6,450.1,0.666666666666667,0.666666666666667,1,0.630769230769231,0.0579710144927536,0.00966183574879227,0.0888888888888889,0.0148148148148148,1.58536585365854,"collapse_sum","primary_kin","EX"
"exsu039","EX",1,2,26,67,27,69,70,5,829.8,165.96,0.4,0.2,0.5,0.388059701492537,0.0289855072463768,0.00579710144927536,0.037037037037037,0.00740740740740741,1.28846153846154,"collapse_sum","primary_kin","EX"
"exsu040","EX",0,1,37,68,37,69,70,7,4904,700.571428571429,0.142857142857143,0,0,0.544117647058823,0.0144927536231884,0.0020703933747412,0,0,0,"collapse_sum","primary_kin","EX"
"exsu041","EX",0,2,35,67,35,69,70,5,6487.8,1297.56,0.4,0,0,0.522388059701492,0.0289855072463768,0.00579710144927536,0,0,0,"collapse_sum","primary_kin","EX"
"exsu042","EX",1,2,24,67,25,69,70,6,3818.6,636.433333333333,0.333333333333333,0.166666666666667,0.5,0.358208955223881,0.0289855072463768,0.00483091787439614,0.04,0.00666666666666667,1.39583333333333,"collapse_sum","primary_kin","EX"
"exsu043","EX",2,2,25,67,27,69,70,3,2621,873.666666666667,0.666666666666667,0.666666666666667,1,0.373134328358209,0.0289855072463768,0.00966183574879227,0.0740740740740741,0.0246913580246914,2.68,"collapse_sum","primary_kin","EX"
"exsu044","EX",2,4,21,65,23,69,70,6,1032,172,0.666666666666667,0.333333333333333,0.5,0.323076923076923,0.0579710144927536,0.00966183574879227,0.0869565217391304,0.0144927536231884,1.54761904761905,"collapse_sum","primary_kin","EX"
"exsu045","EX",0,1,21,68,21,69,70,6,1933,322.166666666667,0.166666666666667,0,0,0.308823529411765,0.0144927536231884,0.00241545893719807,0,0,0,"collapse_sum","primary_kin","EX"
"exsu046","EX",1,2,29,67,30,69,70,7,494,70.5714285714286,0.285714285714286,0.142857142857143,0.5,0.432835820895522,0.0289855072463768,0.0041407867494824,0.0333333333333333,0.00476190476190476,1.1551724137931,"collapse_sum","primary_kin","EX"
"exsu047","EX",1,3,24,66,25,69,70,3,943.2,314.4,1,0.333333333333333,0.333333333333333,0.363636363636364,0.0434782608695652,0.0144927536231884,0.04,0.0133333333333333,0.916666666666667,"collapse_sum","primary_kin","EX"
"exsu048","EX",0,1,28,68,28,69,70,6,2850,475,0.166666666666667,0,0,0.411764705882353,0.0144927536231884,0.00241545893719807,0,0,0,"collapse_sum","primary_kin","EX"
"exsu049","EX",1,2,26,67,27,69,70,4,1072,268,0.5,0.25,0.5,0.388059701492537,0.0289855072463768,0.0072463768115942,0.037037037037037,0.00925925925925926,1.28846153846154,"collapse_sum","primary_kin","EX"
"exsu050","EX",1,2,26,67,27,69,70,4,572,143,0.5,0.25,0.5,0.388059701492537,0.0289855072463768,0.0072463768115942,0.037037037037037,0.00925925925925926,1.28846153846154,"collapse_sum","primary_kin","EX"
"exsu051","EX",0,1,23,68,23,69,70,7,2877.6,411.085714285714,0.142857142857143,0,0,0.338235294117647,0.0144927536231884,0.0020703933747412,0,0,0,"collapse_sum","primary_kin","EX"
"exsu052","EX",0,1,33,68,33,69,70,7,2012,287.428571428571,0.142857142857143,0,0,0.485294117647059,0.0144927536231884,0.0020703933747412,0,0,0,"collapse_sum","primary_kin","EX"
"exsu053","EX",0,1,42,68,42,69,70,6,6528.6,1088.1,0.166666666666667,0,0,0.61764705882353,0.0144927536231884,0.00241545893719807,0,0,0,"collapse_sum","primary_kin","EX"
"exsu054","EX",1,2,38,67,39,69,70,6,1739.8,289.966666666667,0.333333333333333,0.166666666666667,0.5,0.567164179104478,0.0289855072463768,0.00483091787439614,0.0256410256410256,0.00427350427350427,0.881578947368421,"collapse_sum","primary_kin","EX"
"exsu055","EX",0,0,20,69,20,69,70,3,3019.6,1006.53333333333,0,0,NA,0.289855072463768,0,0,0,0,NA,"collapse_sum","primary_kin","EX"
"exsu056","EX",0,3,36,66,36,69,70,5,2649,529.8,0.6,0,0,0.545454545454545,0.0434782608695652,0.00869565217391304,0,0,0,"collapse_sum","primary_kin","EX"
"exsu057","EX",4,6,34,63,38,69,70,7,3864.6,552.085714285714,0.857142857142857,0.571428571428571,0.666666666666667,0.53968253968254,0.0869565217391304,0.0124223602484472,0.105263157894737,0.0150375939849624,1.23529411764706,"collapse_sum","primary_kin","EX"
"exsu058","EX",1,1,23,68,24,69,70,5,938,187.6,0.2,0.2,1,0.338235294117647,0.0144927536231884,0.00289855072463768,0.0416666666666667,0.00833333333333333,2.95652173913043,"collapse_sum","primary_kin","EX"
"exsu059","EX",1,2,18,67,19,69,70,3,4723.6,1574.53333333333,0.666666666666667,0.333333333333333,0.5,0.26865671641791,0.0289855072463768,0.00966183574879227,0.0526315789473684,0.0175438596491228,1.86111111111111,"collapse_sum","primary_kin","EX"
"exsu060","EX",1,2,41,67,42,69,70,5,3658.2,731.64,0.4,0.2,0.5,0.611940298507463,0.0289855072463768,0.00579710144927536,0.0238095238095238,0.00476190476190476,0.817073170731707,"collapse_sum","primary_kin","EX"
"exsu061","EX",0,1,19,68,19,69,70,7,1931.6,275.942857142857,0.142857142857143,0,0,0.279411764705882,0.0144927536231884,0.0020703933747412,0,0,0,"collapse_sum","primary_kin","EX"
"exsu062","EX",1,2,30,67,31,69,70,7,5784,826.285714285714,0.285714285714286,0.142857142857143,0.5,0.447761194029851,0.0289855072463768,0.0041407867494824,0.032258064516129,0.00460829493087558,1.11666666666667,"collapse_sum","primary_kin","EX"
"exsu063","EX",0,1,30,68,30,69,70,4,4085.6,1021.4,0.25,0,0,0.441176470588235,0.0144927536231884,0.0036231884057971,0,0,0,"collapse_sum","primary_kin","EX"
"exsu064","EX",2,2,32,67,34,69,70,6,2867.6,477.933333333333,0.333333333333333,0.333333333333333,1,0.477611940298507,0.0289855072463768,0.00483091787439614,0.0588235294117647,0.00980392156862745,2.09375,"collapse_sum","primary_kin","EX"
"exsu065","EX",0,3,23,66,23,69,70,5,2715.6,543.12,0.6,0,0,0.348484848484849,0.0434782608695652,0.00869565217391304,0,0,0,"collapse_sum","primary_kin","EX"
"exsu066","EX",0,3,19,66,19,69,70,6,3046.6,507.766666666667,0.5,0,0,0.287878787878788,0.0434782608695652,0.0072463768115942,0,0,0,"collapse_sum","primary_kin","EX"
"exsu067","EX",2,3,33,66,35,69,70,4,1578,394.5,0.75,0.5,0.666666666666667,0.5,0.0434782608695652,0.0108695652173913,0.0571428571428571,0.0142857142857143,1.33333333333333,"collapse_sum","primary_kin","EX"
"exsu068","EX",0,3,17,66,17,69,70,3,3075,1025,1,0,0,0.257575757575758,0.0434782608695652,0.0144927536231884,0,0,0,"collapse_sum","primary_kin","EX"
"exsu069","EX",1,2,31,67,32,69,70,4,3305,826.25,0.5,0.25,0.5,0.462686567164179,0.0289855072463768,0.0072463768115942,0.03125,0.0078125,1.08064516129032,"collapse_sum","primary_kin","EX"
"exsu070","EX",1,3,21,66,22,69,70,3,2335.8,778.6,1,0.333333333333333,0.333333333333333,0.318181818181818,0.0434782608695652,0.0144927536231884,0.0454545454545455,0.0151515151515152,1.04761904761905,"collapse_sum","primary_kin","EX"
"sisu001","SI",1,1,27,38,28,39,40,7,6725.2,960.742857142857,0.142857142857143,0.142857142857143,1,0.710526315789474,0.0256410256410256,0.00366300366300366,0.0357142857142857,0.00510204081632653,1.40740740740741,"collapse_sum","primary_kin","SI"
"sisu002","SI",2,2,27,37,29,39,40,6,4015.6,669.266666666667,0.333333333333333,0.333333333333333,1,0.72972972972973,0.0512820512820513,0.00854700854700855,0.0689655172413793,0.0114942528735632,1.37037037037037,"collapse_sum","primary_kin","SI"
"sisu003","SI",2,4,21,35,23,39,40,3,3457.2,1152.4,1.33333333333333,0.666666666666667,0.5,0.6,0.102564102564103,0.0341880341880342,0.0869565217391304,0.0289855072463768,0.833333333333333,"collapse_sum","primary_kin","SI"
"sisu004","SI",0,6,19,33,19,39,40,3,3015.8,1005.26666666667,2,0,0,0.575757575757576,0.153846153846154,0.0512820512820513,0,0,0,"collapse_sum","primary_kin","SI"
"sisu005","SI",1,2,18,37,19,39,40,3,957.6,319.2,0.666666666666667,0.333333333333333,0.5,0.486486486486487,0.0512820512820513,0.0170940170940171,0.0526315789473684,0.0175438596491228,1.02777777777778,"collapse_sum","primary_kin","SI"
"sisu006","SI",1,2,22,37,23,39,40,3,1668,556,0.666666666666667,0.333333333333333,0.5,0.594594594594595,0.0512820512820513,0.0170940170940171,0.0434782608695652,0.0144927536231884,0.840909090909091,"collapse_sum","primary_kin","SI"
"sisu007","SI",3,5,25,34,28,39,40,4,1634,408.5,1.25,0.75,0.6,0.735294117647059,0.128205128205128,0.032051282051282,0.107142857142857,0.0267857142857143,0.816,"collapse_sum","primary_kin","SI"
"sisu008","SI",1,3,16,36,17,39,40,4,1773.2,443.3,0.75,0.25,0.333333333333333,0.444444444444444,0.0769230769230769,0.0192307692307692,0.0588235294117647,0.0147058823529412,0.75,"collapse_sum","primary_kin","SI"
"sisu009","SI",2,4,17,35,19,39,40,4,2157,539.25,1,0.5,0.5,0.485714285714286,0.102564102564103,0.0256410256410256,0.105263157894737,0.0263157894736842,1.02941176470588,"collapse_sum","primary_kin","SI"
"sisu010","SI",0,0,22,39,22,39,40,4,2569,642.25,0,0,NA,0.564102564102564,0,0,0,0,NA,"collapse_sum","primary_kin","SI"
"sisu011","SI",0,1,22,38,22,39,40,3,3492.6,1164.2,0.333333333333333,0,0,0.578947368421053,0.0256410256410256,0.00854700854700855,0,0,0,"collapse_sum","primary_kin","SI"
"sisu012","SI",3,4,17,35,20,39,40,3,3090.2,1030.06666666667,1.33333333333333,1,0.75,0.485714285714286,0.102564102564103,0.0341880341880342,0.15,0.05,1.54411764705882,"collapse_sum","primary_kin","SI"
"sisu013","SI",0,2,20,37,20,39,40,3,2711.2,903.733333333333,0.666666666666667,0,0,0.540540540540541,0.0512820512820513,0.0170940170940171,0,0,0,"collapse_sum","primary_kin","SI"
"sisu014","SI",0,0,28,39,28,39,40,5,3955.2,791.04,0,0,NA,0.717948717948718,0,0,0,0,NA,"collapse_sum","primary_kin","SI"
"sisu015","SI",3,3,29,36,32,39,40,7,5079.6,725.657142857143,0.428571428571429,0.428571428571429,1,0.805555555555556,0.0769230769230769,0.010989010989011,0.09375,0.0133928571428571,1.24137931034483,"collapse_sum","primary_kin","SI"
"sisu016","SI",2,3,16,36,18,39,40,6,3258.6,543.1,0.5,0.333333333333333,0.666666666666667,0.444444444444444,0.0769230769230769,0.0128205128205128,0.111111111111111,0.0185185185185185,1.5,"collapse_sum","primary_kin","SI"
"sisu017","SI",1,1,30,38,31,39,40,7,5293.6,756.228571428572,0.142857142857143,0.142857142857143,1,0.789473684210526,0.0256410256410256,0.00366300366300366,0.032258064516129,0.00460829493087558,1.26666666666667,"collapse_sum","primary_kin","SI"
"sisu018","SI",1,2,24,37,25,39,40,3,980,326.666666666667,0.666666666666667,0.333333333333333,0.5,0.648648648648649,0.0512820512820513,0.0170940170940171,0.04,0.0133333333333333,0.770833333333333,"collapse_sum","primary_kin","SI"
"sisu019","SI",3,4,10,35,13,39,40,3,1973,657.666666666667,1.33333333333333,1,0.75,0.285714285714286,0.102564102564103,0.0341880341880342,0.230769230769231,0.0769230769230769,2.625,"collapse_sum","primary_kin","SI"
"sisu020","SI",3,3,12,36,15,39,40,4,2122.2,530.55,0.75,0.75,1,0.333333333333333,0.0769230769230769,0.0192307692307692,0.2,0.05,3,"collapse_sum","primary_kin","SI"
"sisu021","SI",1,1,26,38,27,39,40,7,2010,287.142857142857,0.142857142857143,0.142857142857143,1,0.68421052631579,0.0256410256410256,0.00366300366300366,0.037037037037037,0.00529100529100529,1.46153846153846,"collapse_sum","primary_kin","SI"
"sisu022","SI",0,2,24,37,24,39,40,4,2600.2,650.05,0.5,0,0,0.648648648648649,0.0512820512820513,0.0128205128205128,0,0,0,"collapse_sum","primary_kin","SI"
"sisu023","SI",1,2,26,37,27,39,40,5,3122.2,624.44,0.4,0.2,0.5,0.702702702702703,0.0512820512820513,0.0102564102564103,0.037037037037037,0.00740740740740741,0.711538461538461,"collapse_sum","primary_kin","SI"
"sisu024","SI",1,3,13,36,14,39,40,3,1423.6,474.533333333333,1,0.333333333333333,0.333333333333333,0.361111111111111,0.0769230769230769,0.0256410256410256,0.0714285714285714,0.0238095238095238,0.923076923076923,"collapse_sum","primary_kin","SI"
"sisu025","SI",2,4,21,35,23,39,40,3,1945.2,648.4,1.33333333333333,0.666666666666667,0.5,0.6,0.102564102564103,0.0341880341880342,0.0869565217391304,0.0289855072463768,0.833333333333333,"collapse_sum","primary_kin","SI"
"sisu026","SI",3,5,18,34,21,39,40,3,3222,1074,1.66666666666667,1,0.6,0.529411764705882,0.128205128205128,0.0427350427350427,0.142857142857143,0.0476190476190476,1.13333333333333,"collapse_sum","primary_kin","SI"
"sisu027","SI",3,4,29,35,32,39,40,4,5309.2,1327.3,1,0.75,0.75,0.828571428571429,0.102564102564103,0.0256410256410256,0.09375,0.0234375,0.905172413793103,"collapse_sum","primary_kin","SI"
"sisu028","SI",3,3,26,36,29,39,40,6,3121,520.166666666667,0.5,0.5,1,0.722222222222222,0.0769230769230769,0.0128205128205128,0.103448275862069,0.0172413793103448,1.38461538461538,"collapse_sum","primary_kin","SI"
"sisu029","SI",2,2,23,37,25,39,40,5,5283.2,1056.64,0.4,0.4,1,0.621621621621622,0.0512820512820513,0.0102564102564103,0.08,0.016,1.60869565217391,"collapse_sum","primary_kin","SI"
"sisu030","SI",2,4,20,35,22,39,40,7,3370,481.428571428571,0.571428571428571,0.285714285714286,0.5,0.571428571428571,0.102564102564103,0.0146520146520147,0.0909090909090909,0.012987012987013,0.875,"collapse_sum","primary_kin","SI"
"sisu031","SI",2,2,26,37,28,39,40,5,2474,494.8,0.4,0.4,1,0.702702702702703,0.0512820512820513,0.0102564102564103,0.0714285714285714,0.0142857142857143,1.42307692307692,"collapse_sum","primary_kin","SI"
"sisu032","SI",0,1,26,38,26,39,40,5,359,71.8,0.2,0,0,0.68421052631579,0.0256410256410256,0.00512820512820513,0,0,0,"collapse_sum","primary_kin","SI"
"sisu033","SI",3,3,25,36,28,39,40,5,4396,879.2,0.6,0.6,1,0.694444444444444,0.0769230769230769,0.0153846153846154,0.107142857142857,0.0214285714285714,1.44,"collapse_sum","primary_kin","SI"
"sisu034","SI",0,1,28,38,28,39,40,6,2779,463.166666666667,0.166666666666667,0,0,0.736842105263158,0.0256410256410256,0.00427350427350427,0,0,0,"collapse_sum","primary_kin","SI"
"sisu035","SI",2,2,21,37,23,39,40,7,4425,632.142857142857,0.285714285714286,0.285714285714286,1,0.567567567567568,0.0512820512820513,0.00732600732600733,0.0869565217391304,0.0124223602484472,1.76190476190476,"collapse_sum","primary_kin","SI"
"sisu036","SI",2,3,23,36,25,39,40,4,2113.6,528.4,0.75,0.5,0.666666666666667,0.638888888888889,0.0769230769230769,0.0192307692307692,0.08,0.02,1.04347826086957,"collapse_sum","primary_kin","SI"
"sisu037","SI",2,2,25,37,27,39,40,6,712.6,118.766666666667,0.333333333333333,0.333333333333333,1,0.675675675675676,0.0512820512820513,0.00854700854700855,0.0740740740740741,0.0123456790123457,1.48,"collapse_sum","primary_kin","SI"
"sisu038","SI",0,0,26,39,26,39,40,5,4104,820.8,0,0,NA,0.666666666666667,0,0,0,0,NA,"collapse_sum","primary_kin","SI"
"sisu039","SI",1,3,17,36,18,39,40,4,3582.6,895.65,0.75,0.25,0.333333333333333,0.472222222222222,0.0769230769230769,0.0192307692307692,0.0555555555555556,0.0138888888888889,0.705882352941176,"collapse_sum","primary_kin","SI"
"sisu040","SI",2,3,23,36,25,39,40,7,1867,266.714285714286,0.428571428571429,0.285714285714286,0.666666666666667,0.638888888888889,0.0769230769230769,0.010989010989011,0.08,0.0114285714285714,1.04347826086957,"collapse_sum","primary_kin","SI"
"smsu001","SM",1,3,28,96,29,99,100,5,5400,1080,0.6,0.2,0.333333333333333,0.291666666666667,0.0303030303030303,0.00606060606060606,0.0344827586206897,0.00689655172413793,1.14285714285714,"collapse_sum","primary_kin","SM"
"smsu002","SM",1,2,33,97,34,99,100,6,3285.6,547.6,0.333333333333333,0.166666666666667,0.5,0.34020618556701,0.0202020202020202,0.00336700336700337,0.0294117647058824,0.00490196078431373,1.46969696969697,"collapse_sum","primary_kin","SM"
"smsu003","SM",0,2,24,97,24,99,100,4,1157,289.25,0.5,0,0,0.247422680412371,0.0202020202020202,0.00505050505050505,0,0,0,"collapse_sum","primary_kin","SM"
"smsu004","SM",0,2,30,97,30,99,100,4,3386,846.5,0.5,0,0,0.309278350515464,0.0202020202020202,0.00505050505050505,0,0,0,"collapse_sum","primary_kin","SM"
"smsu005","SM",1,3,29,96,30,99,100,4,3342.2,835.55,0.75,0.25,0.333333333333333,0.302083333333333,0.0303030303030303,0.00757575757575758,0.0333333333333333,0.00833333333333333,1.10344827586207,"collapse_sum","primary_kin","SM"
"smsu006","SM",0,1,32,98,32,99,100,5,3328,665.6,0.2,0,0,0.326530612244898,0.0101010101010101,0.00202020202020202,0,0,0,"collapse_sum","primary_kin","SM"
"smsu007","SM",3,6,53,93,56,99,100,7,649,92.7142857142857,0.857142857142857,0.428571428571429,0.5,0.56989247311828,0.0606060606060606,0.00865800865800866,0.0535714285714286,0.0076530612244898,0.877358490566038,"collapse_sum","primary_kin","SM"
"smsu008","SM",0,3,37,96,37,99,100,4,384,96,0.75,0,0,0.385416666666667,0.0303030303030303,0.00757575757575758,0,0,0,"collapse_sum","primary_kin","SM"
"smsu009","SM",1,3,27,96,28,99,100,6,2672.8,445.466666666667,0.5,0.166666666666667,0.333333333333333,0.28125,0.0303030303030303,0.00505050505050505,0.0357142857142857,0.00595238095238095,1.18518518518519,"collapse_sum","primary_kin","SM"
"smsu010","SM",1,5,33,94,34,99,100,5,3025.2,605.04,1,0.2,0.2,0.351063829787234,0.0505050505050505,0.0101010101010101,0.0294117647058824,0.00588235294117647,0.56969696969697,"collapse_sum","primary_kin","SM"
"smsu011","SM",1,2,43,97,44,99,100,7,2042,291.714285714286,0.285714285714286,0.142857142857143,0.5,0.443298969072165,0.0202020202020202,0.00288600288600289,0.0227272727272727,0.00324675324675325,1.12790697674419,"collapse_sum","primary_kin","SM"
"smsu012","SM",0,1,38,98,38,99,100,4,2378,594.5,0.25,0,0,0.387755102040816,0.0101010101010101,0.00252525252525253,0,0,0,"collapse_sum","primary_kin","SM"
"smsu013","SM",1,2,28,97,29,99,100,5,673,134.6,0.4,0.2,0.5,0.288659793814433,0.0202020202020202,0.00404040404040404,0.0344827586206897,0.00689655172413793,1.73214285714286,"collapse_sum","primary_kin","SM"
"smsu014","SM",0,1,24,98,24,99,100,4,404,101,0.25,0,0,0.244897959183673,0.0101010101010101,0.00252525252525253,0,0,0,"collapse_sum","primary_kin","SM"
"smsu015","SM",1,3,28,96,29,99,100,5,1835,367,0.6,0.2,0.333333333333333,0.291666666666667,0.0303030303030303,0.00606060606060606,0.0344827586206897,0.00689655172413793,1.14285714285714,"collapse_sum","primary_kin","SM"
"smsu016","SM",0,1,21,98,21,99,100,3,615,205,0.333333333333333,0,0,0.214285714285714,0.0101010101010101,0.00336700336700337,0,0,0,"collapse_sum","primary_kin","SM"
"smsu017","SM",0,0,50,99,50,99,100,7,2885,412.142857142857,0,0,NA,0.505050505050505,0,0,0,0,NA,"collapse_sum","primary_kin","SM"
"smsu018","SM",1,1,46,98,47,99,100,7,1607.8,229.685714285714,0.142857142857143,0.142857142857143,1,0.469387755102041,0.0101010101010101,0.00144300144300144,0.0212765957446809,0.00303951367781155,2.1304347826087,"collapse_sum","primary_kin","SM"
"smsu019","SM",1,3,27,96,28,99,100,7,6534,933.428571428571,0.428571428571429,0.142857142857143,0.333333333333333,0.28125,0.0303030303030303,0.00432900432900433,0.0357142857142857,0.00510204081632653,1.18518518518519,"collapse_sum","primary_kin","SM"
"smsu020","SM",0,4,36,95,36,99,100,5,749,149.8,0.8,0,0,0.378947368421053,0.0404040404040404,0.00808080808080808,0,0,0,"collapse_sum","primary_kin","SM"
"smsu021","SM",1,1,40,98,41,99,100,7,994,142,0.142857142857143,0.142857142857143,1,0.408163265306122,0.0101010101010101,0.00144300144300144,0.024390243902439,0.00348432055749129,2.45,"collapse_sum","primary_kin","SM"
"smsu022","SM",0,7,22,92,22,99,100,4,2656.6,664.15,1.75,0,0,0.239130434782609,0.0707070707070707,0.0176767676767677,0,0,0,"collapse_sum","primary_kin","SM"
"smsu023","SM",0,1,34,98,34,99,100,4,4842,1210.5,0.25,0,0,0.346938775510204,0.0101010101010101,0.00252525252525253,0,0,0,"collapse_sum","primary_kin","SM"
"smsu024","SM",0,1,27,98,27,99,100,3,3327.6,1109.2,0.333333333333333,0,0,0.275510204081633,0.0101010101010101,0.00336700336700337,0,0,0,"collapse_sum","primary_kin","SM"
"smsu025","SM",1,1,32,98,33,99,100,4,1977,494.25,0.25,0.25,1,0.326530612244898,0.0101010101010101,0.00252525252525253,0.0303030303030303,0.00757575757575758,3.0625,"collapse_sum","primary_kin","SM"
"smsu026","SM",1,2,41,97,42,99,100,5,894.2,178.84,0.4,0.2,0.5,0.422680412371134,0.0202020202020202,0.00404040404040404,0.0238095238095238,0.00476190476190476,1.18292682926829,"collapse_sum","primary_kin","SM"
"smsu027","SM",1,1,29,98,30,99,100,6,550,91.6666666666667,0.166666666666667,0.166666666666667,1,0.295918367346939,0.0101010101010101,0.00168350168350168,0.0333333333333333,0.00555555555555555,3.37931034482759,"collapse_sum","primary_kin","SM"
"smsu028","SM",2,3,34,96,36,99,100,5,3705.6,741.12,0.6,0.4,0.666666666666667,0.354166666666667,0.0303030303030303,0.00606060606060606,0.0555555555555556,0.0111111111111111,1.88235294117647,"collapse_sum","primary_kin","SM"
"smsu029","SM",0,2,19,97,19,99,100,4,2180.6,545.15,0.5,0,0,0.195876288659794,0.0202020202020202,0.00505050505050505,0,0,0,"collapse_sum","primary_kin","SM"
"smsu030","SM",0,2,29,97,29,99,100,5,1405.2,281.04,0.4,0,0,0.298969072164948,0.0202020202020202,0.00404040404040404,0,0,0,"collapse_sum","primary_kin","SM"
"smsu031","SM",2,2,47,97,49,99,100,7,618.2,88.3142857142857,0.285714285714286,0.285714285714286,1,0.484536082474227,0.0202020202020202,0.00288600288600289,0.0408163265306122,0.00583090379008746,2.06382978723404,"collapse_sum","primary_kin","SM"
"smsu032","SM",0,1,20,98,20,99,100,4,967,241.75,0.25,0,0,0.204081632653061,0.0101010101010101,0.00252525252525253,0,0,0,"collapse_sum","primary_kin","SM"
"smsu033","SM",1,2,31,97,32,99,100,6,1035,172.5,0.333333333333333,0.166666666666667,0.5,0.319587628865979,0.0202020202020202,0.00336700336700337,0.03125,0.00520833333333333,1.56451612903226,"collapse_sum","primary_kin","SM"
"smsu034","SM",2,3,21,96,23,99,100,6,3962.2,660.366666666667,0.5,0.333333333333333,0.666666666666667,0.21875,0.0303030303030303,0.00505050505050505,0.0869565217391304,0.0144927536231884,3.04761904761905,"collapse_sum","primary_kin","SM"
"smsu035","SM",1,1,27,98,28,99,100,5,1059,211.8,0.2,0.2,1,0.275510204081633,0.0101010101010101,0.00202020202020202,0.0357142857142857,0.00714285714285714,3.62962962962963,"collapse_sum","primary_kin","SM"
"smsu036","SM",1,4,41,95,42,99,100,6,1699,283.166666666667,0.666666666666667,0.166666666666667,0.25,0.431578947368421,0.0404040404040404,0.00673400673400673,0.0238095238095238,0.00396825396825397,0.579268292682927,"collapse_sum","primary_kin","SM"
"smsu037","SM",0,2,32,97,32,99,100,5,4389,877.8,0.4,0,0,0.329896907216495,0.0202020202020202,0.00404040404040404,0,0,0,"collapse_sum","primary_kin","SM"
"smsu038","SM",0,1,34,98,34,99,100,6,1868,311.333333333333,0.166666666666667,0,0,0.346938775510204,0.0101010101010101,0.00168350168350168,0,0,0,"collapse_sum","primary_kin","SM"
"smsu039","SM",1,4,36,95,37,99,100,6,374,62.3333333333333,0.666666666666667,0.166666666666667,0.25,0.378947368421053,0.0404040404040404,0.00673400673400673,0.027027027027027,0.0045045045045045,0.659722222222222,"collapse_sum","primary_kin","SM"
"smsu040","SM",0,2,28,97,28,99,100,6,3031,505.166666666667,0.333333333333333,0,0,0.288659793814433,0.0202020202020202,0.00336700336700337,0,0,0,"collapse_sum","primary_kin","SM"
"smsu041","SM",1,4,17,95,18,99,100,3,2200.6,733.533333333333,1.33333333333333,0.333333333333333,0.25,0.178947368421053,0.0404040404040404,0.0134680134680135,0.0555555555555556,0.0185185185185185,1.39705882352941,"collapse_sum","primary_kin","SM"
"smsu042","SM",1,3,30,96,31,99,100,5,2348,469.6,0.6,0.2,0.333333333333333,0.3125,0.0303030303030303,0.00606060606060606,0.032258064516129,0.00645161290322581,1.06666666666667,"collapse_sum","primary_kin","SM"
"smsu043","SM",1,4,39,95,40,99,100,5,1986.8,397.36,0.8,0.2,0.25,0.410526315789474,0.0404040404040404,0.00808080808080808,0.025,0.005,0.608974358974359,"collapse_sum","primary_kin","SM"
"smsu044","SM",1,1,46,98,47,99,100,6,804,134,0.166666666666667,0.166666666666667,1,0.469387755102041,0.0101010101010101,0.00168350168350168,0.0212765957446809,0.00354609929078014,2.1304347826087,"collapse_sum","primary_kin","SM"
"smsu045","SM",1,1,38,98,39,99,100,4,496.6,124.15,0.25,0.25,1,0.387755102040816,0.0101010101010101,0.00252525252525253,0.0256410256410256,0.00641025641025641,2.57894736842105,"collapse_sum","primary_kin","SM"
"smsu046","SM",0,2,18,97,18,99,100,5,1821.2,364.24,0.4,0,0,0.185567010309278,0.0202020202020202,0.00404040404040404,0,0,0,"collapse_sum","primary_kin","SM"
"smsu047","SM",1,2,26,97,27,99,100,5,4280.2,856.04,0.4,0.2,0.5,0.268041237113402,0.0202020202020202,0.00404040404040404,0.037037037037037,0.00740740740740741,1.86538461538462,"collapse_sum","primary_kin","SM"
"smsu048","SM",0,2,24,97,24,99,100,5,2620.2,524.04,0.4,0,0,0.247422680412371,0.0202020202020202,0.00404040404040404,0,0,0,"collapse_sum","primary_kin","SM"
"smsu049","SM",0,2,32,97,32,99,100,3,1189.6,396.533333333333,0.666666666666667,0,0,0.329896907216495,0.0202020202020202,0.00673400673400673,0,0,0,"collapse_sum","primary_kin","SM"
"smsu050","SM",0,1,31,98,31,99,100,3,1979.2,659.733333333333,0.333333333333333,0,0,0.316326530612245,0.0101010101010101,0.00336700336700337,0,0,0,"collapse_sum","primary_kin","SM"
"smsu051","SM",0,2,41,97,41,99,100,5,2385,477,0.4,0,0,0.422680412371134,0.0202020202020202,0.00404040404040404,0,0,0,"collapse_sum","primary_kin","SM"
"smsu052","SM",1,2,35,97,36,99,100,5,956,191.2,0.4,0.2,0.5,0.360824742268041,0.0202020202020202,0.00404040404040404,0.0277777777777778,0.00555555555555556,1.38571428571429,"collapse_sum","primary_kin","SM"
"smsu053","SM",2,6,27,93,29,99,100,6,3965,660.833333333333,1,0.333333333333333,0.333333333333333,0.290322580645161,0.0606060606060606,0.0101010101010101,0.0689655172413793,0.0114942528735632,1.14814814814815,"collapse_sum","primary_kin","SM"
"smsu054","SM",0,2,23,97,23,99,100,6,2622,437,0.333333333333333,0,0,0.237113402061856,0.0202020202020202,0.00336700336700337,0,0,0,"collapse_sum","primary_kin","SM"
"smsu055","SM",0,0,39,99,39,99,100,6,2952.2,492.033333333333,0,0,NA,0.393939393939394,0,0,0,0,NA,"collapse_sum","primary_kin","SM"
"smsu056","SM",2,3,26,96,28,99,100,7,968.2,138.314285714286,0.428571428571429,0.285714285714286,0.666666666666667,0.270833333333333,0.0303030303030303,0.00432900432900433,0.0714285714285714,0.0102040816326531,2.46153846153846,"collapse_sum","primary_kin","SM"
"smsu057","SM",1,3,28,96,29,99,100,5,3231,646.2,0.6,0.2,0.333333333333333,0.291666666666667,0.0303030303030303,0.00606060606060606,0.0344827586206897,0.00689655172413793,1.14285714285714,"collapse_sum","primary_kin","SM"
"smsu058","SM",0,2,16,97,16,99,100,5,3001.6,600.32,0.4,0,0,0.164948453608247,0.0202020202020202,0.00404040404040404,0,0,0,"collapse_sum","primary_kin","SM"
"smsu059","SM",1,2,26,97,27,99,100,3,1883,627.666666666667,0.666666666666667,0.333333333333333,0.5,0.268041237113402,0.0202020202020202,0.00673400673400673,0.037037037037037,0.0123456790123457,1.86538461538462,"collapse_sum","primary_kin","SM"
"smsu060","SM",2,4,45,95,47,99,100,7,3673,524.714285714286,0.571428571428571,0.285714285714286,0.5,0.473684210526316,0.0404040404040404,0.00577200577200577,0.0425531914893617,0.0060790273556231,1.05555555555556,"collapse_sum","primary_kin","SM"
"smsu061","SM",0,2,18,97,18,99,100,4,2846.6,711.65,0.5,0,0,0.185567010309278,0.0202020202020202,0.00505050505050505,0,0,0,"collapse_sum","primary_kin","SM"
"smsu062","SM",0,2,22,97,22,99,100,4,1748.6,437.15,0.5,0,0,0.22680412371134,0.0202020202020202,0.00505050505050505,0,0,0,"collapse_sum","primary_kin","SM"
"smsu063","SM",0,1,26,98,26,99,100,5,1671.6,334.32,0.2,0,0,0.26530612244898,0.0101010101010101,0.00202020202020202,0,0,0,"collapse_sum","primary_kin","SM"
"smsu064","SM",0,1,18,98,18,99,100,3,2160,720,0.333333333333333,0,0,0.183673469387755,0.0101010101010101,0.00336700336700337,0,0,0,"collapse_sum","primary_kin","SM"
"smsu065","SM",2,3,44,96,46,99,100,5,910,182,0.6,0.4,0.666666666666667,0.458333333333333,0.0303030303030303,0.00606060606060606,0.0434782608695652,0.00869565217391304,1.45454545454545,"collapse_sum","primary_kin","SM"
"smsu066","SM",0,3,25,96,25,99,100,3,2907,969,1,0,0,0.260416666666667,0.0303030303030303,0.0101010101010101,0,0,0,"collapse_sum","primary_kin","SM"
"smsu067","SM",2,2,26,97,28,99,100,7,1810.6,258.657142857143,0.285714285714286,0.285714285714286,1,0.268041237113402,0.0202020202020202,0.00288600288600289,0.0714285714285714,0.0102040816326531,3.73076923076923,"collapse_sum","primary_kin","SM"
"smsu068","SM",1,4,21,95,22,99,100,3,4634,1544.66666666667,1.33333333333333,0.333333333333333,0.25,0.221052631578947,0.0404040404040404,0.0134680134680135,0.0454545454545455,0.0151515151515152,1.13095238095238,"collapse_sum","primary_kin","SM"
"smsu069","SM",0,1,37,98,37,99,100,6,395.6,65.9333333333333,0.166666666666667,0,0,0.377551020408163,0.0101010101010101,0.00168350168350168,0,0,0,"collapse_sum","primary_kin","SM"
"smsu070","SM",1,2,38,97,39,99,100,6,6160.6,1026.76666666667,0.333333333333333,0.166666666666667,0.5,0.391752577319588,0.0202020202020202,0.00336700336700337,0.0256410256410256,0.00427350427350427,1.27631578947368,"collapse_sum","primary_kin","SM"
"smsu071","SM",2,4,32,95,34,99,100,5,1376,275.2,0.8,0.4,0.5,0.336842105263158,0.0404040404040404,0.00808080808080808,0.0588235294117647,0.0117647058823529,1.484375,"collapse_sum","primary_kin","SM"
"smsu072","SM",1,2,20,97,21,99,100,4,2077.2,519.3,0.5,0.25,0.5,0.206185567010309,0.0202020202020202,0.00505050505050505,0.0476190476190476,0.0119047619047619,2.425,"collapse_sum","primary_kin","SM"
"smsu073","SM",0,2,28,97,28,99,100,3,4405.8,1468.6,0.666666666666667,0,0,0.288659793814433,0.0202020202020202,0.00673400673400673,0,0,0,"collapse_sum","primary_kin","SM"
"smsu074","SM",0,1,23,98,23,99,100,4,2508.2,627.05,0.25,0,0,0.23469387755102,0.0101010101010101,0.00252525252525253,0,0,0,"collapse_sum","primary_kin","SM"
"smsu075","SM",2,3,49,96,51,99,100,7,2496.8,356.685714285714,0.428571428571429,0.285714285714286,0.666666666666667,0.510416666666667,0.0303030303030303,0.00432900432900433,0.0392156862745098,0.00560224089635854,1.30612244897959,"collapse_sum","primary_kin","SM"
"smsu076","SM",2,3,52,96,54,99,100,7,670,95.7142857142857,0.428571428571429,0.285714285714286,0.666666666666667,0.541666666666667,0.0303030303030303,0.00432900432900433,0.037037037037037,0.00529100529100529,1.23076923076923,"collapse_sum","primary_kin","SM"
"smsu077","SM",2,5,25,94,27,99,100,5,6092,1218.4,1,0.4,0.4,0.265957446808511,0.0505050505050505,0.0101010101010101,0.0740740740740741,0.0148148148148148,1.504,"collapse_sum","primary_kin","SM"
"smsu078","SM",1,1,20,98,21,99,100,4,3154.2,788.55,0.25,0.25,1,0.204081632653061,0.0101010101010101,0.00252525252525253,0.0476190476190476,0.0119047619047619,4.9,"collapse_sum","primary_kin","SM"
"smsu079","SM",1,3,32,96,33,99,100,7,4164,594.857142857143,0.428571428571429,0.142857142857143,0.333333333333333,0.333333333333333,0.0303030303030303,0.00432900432900433,0.0303030303030303,0.00432900432900433,1,"collapse_sum","primary_kin","SM"
"smsu080","SM",0,1,25,98,25,99,100,4,1439,359.75,0.25,0,0,0.255102040816327,0.0101010101010101,0.00252525252525253,0,0,0,"collapse_sum","primary_kin","SM"
"smsu081","SM",0,2,30,97,30,99,100,6,2253.6,375.6,0.333333333333333,0,0,0.309278350515464,0.0202020202020202,0.00336700336700337,0,0,0,"collapse_sum","primary_kin","SM"
"smsu082","SM",1,4,21,95,22,99,100,3,849.8,283.266666666667,1.33333333333333,0.333333333333333,0.25,0.221052631578947,0.0404040404040404,0.0134680134680135,0.0454545454545455,0.0151515151515152,1.13095238095238,"collapse_sum","primary_kin","SM"
"smsu083","SM",0,1,26,98,26,99,100,3,3770,1256.66666666667,0.333333333333333,0,0,0.26530612244898,0.0101010101010101,0.00336700336700337,0,0,0,"collapse_sum","primary_kin","SM"
"smsu084","SM",1,4,27,95,28,99,100,4,5449,1362.25,1,0.25,0.25,0.28421052631579,0.0404040404040404,0.0101010101010101,0.0357142857142857,0.00892857142857143,0.87962962962963,"collapse_sum","primary_kin","SM"
"smsu085","SM",0,3,37,96,37,99,100,5,2886.2,577.24,0.6,0,0,0.385416666666667,0.0303030303030303,0.00606060606060606,0,0,0,"collapse_sum","primary_kin","SM"
"smsu086","SM",2,2,41,97,43,99,100,6,2650.6,441.766666666667,0.333333333333333,0.333333333333333,1,0.422680412371134,0.0202020202020202,0.00336700336700337,0.0465116279069767,0.00775193798449612,2.36585365853659,"collapse_sum","primary_kin","SM"
"smsu087","SM",0,1,22,98,22,99,100,3,3232,1077.33333333333,0.333333333333333,0,0,0.224489795918367,0.0101010101010101,0.00336700336700337,0,0,0,"collapse_sum","primary_kin","SM"
"smsu088","SM",1,4,15,95,16,99,100,3,1344.6,448.2,1.33333333333333,0.333333333333333,0.25,0.157894736842105,0.0404040404040404,0.0134680134680135,0.0625,0.0208333333333333,1.58333333333333,"collapse_sum","primary_kin","SM"
"smsu089","SM",1,1,31,98,32,99,100,7,3185,455,0.142857142857143,0.142857142857143,1,0.316326530612245,0.0101010101010101,0.00144300144300144,0.03125,0.00446428571428571,3.16129032258065,"collapse_sum","primary_kin","SM"
"smsu090","SM",1,2,33,97,34,99,100,7,609.6,87.0857142857143,0.285714285714286,0.142857142857143,0.5,0.34020618556701,0.0202020202020202,0.00288600288600289,0.0294117647058824,0.00420168067226891,1.46969696969697,"collapse_sum","primary_kin","SM"
"smsu091","SM",1,1,28,98,29,99,100,6,5777,962.833333333333,0.166666666666667,0.166666666666667,1,0.285714285714286,0.0101010101010101,0.00168350168350168,0.0344827586206897,0.00574712643678161,3.5,"collapse_sum","primary_kin","SM"
"smsu092","SM",1,3,22,96,23,99,100,4,1826.6,456.65,0.75,0.25,0.333333333333333,0.229166666666667,0.0303030303030303,0.00757575757575758,0.0434782608695652,0.0108695652173913,1.45454545454545,"collapse_sum","primary_kin","SM"
"smsu093","SM",1,3,40,96,41,99,100,4,1200,300,0.75,0.25,0.333333333333333,0.416666666666667,0.0303030303030303,0.00757575757575758,0.024390243902439,0.00609756097560976,0.8,"collapse_sum","primary_kin","SM"
"smsu094","SM",0,1,19,98,19,99,100,3,2658,886,0.333333333333333,0,0,0.193877551020408,0.0101010101010101,0.00336700336700337,0,0,0,"collapse_sum","primary_kin","SM"
"smsu095","SM",1,1,26,98,27,99,100,5,3604.6,720.92,0.2,0.2,1,0.26530612244898,0.0101010101010101,0.00202020202020202,0.037037037037037,0.00740740740740741,3.76923076923077,"collapse_sum","primary_kin","SM"
"smsu096","SM",1,2,28,97,29,99,100,4,2301,575.25,0.5,0.25,0.5,0.288659793814433,0.0202020202020202,0.00505050505050505,0.0344827586206897,0.00862068965517241,1.73214285714286,"collapse_sum","primary_kin","SM"
"smsu097","SM",0,3,27,96,27,99,100,6,3253,542.166666666667,0.5,0,0,0.28125,0.0303030303030303,0.00505050505050505,0,0,0,"collapse_sum","primary_kin","SM"
"smsu098","SM",1,2,21,97,22,99,100,5,3177.2,635.44,0.4,0.2,0.5,0.216494845360825,0.0202020202020202,0.00404040404040404,0.0454545454545455,0.00909090909090909,2.30952380952381,"collapse_sum","primary_kin","SM"
"smsu099","SM",1,2,33,97,34,99,100,6,621,103.5,0.333333333333333,0.166666666666667,0.5,0.34020618556701,0.0202020202020202,0.00336700336700337,0.0294117647058824,0.00490196078431373,1.46969696969697,"collapse_sum","primary_kin","SM"
"smsu100","SM",0,1,40,98,40,99,100,5,673.6,134.72,0.2,0,0,0.408163265306122,0.0101010101010101,0.00202020202020202,0,0,0,"collapse_sum","primary_kin","SM"
"egsu001","EG",3,4,6,55,9,59,60,6,4266.6,711.1,0.666666666666667,0.5,0.75,0.109090909090909,0.0677966101694915,0.0112994350282486,0.333333333333333,0.0555555555555556,6.875,"loan_req","primary_kin","EG"
"egsu002","EG",1,4,5,55,6,59,60,4,2144,536,1,0.25,0.25,0.0909090909090909,0.0677966101694915,0.0169491525423729,0.166666666666667,0.0416666666666667,2.75,"loan_req","primary_kin","EG"
"egsu003","EG",1,2,9,57,10,59,60,7,4821.6,688.8,0.285714285714286,0.142857142857143,0.5,0.157894736842105,0.0338983050847458,0.00484261501210654,0.1,0.0142857142857143,3.16666666666667,"loan_req","primary_kin","EG"
"egsu004","EG",1,5,7,54,8,59,60,7,494,70.5714285714286,0.714285714285714,0.142857142857143,0.2,0.12962962962963,0.0847457627118644,0.0121065375302663,0.125,0.0178571428571429,1.54285714285714,"loan_req","primary_kin","EG"
"egsu005","EG",0,3,5,56,5,59,60,5,1068,213.6,0.6,0,0,0.0892857142857143,0.0508474576271186,0.0101694915254237,0,0,0,"loan_req","primary_kin","EG"
"egsu006","EG",0,1,11,58,11,59,60,5,2355,471,0.2,0,0,0.189655172413793,0.0169491525423729,0.00338983050847458,0,0,0,"loan_req","primary_kin","EG"
"egsu007","EG",0,2,3,57,3,59,60,7,3493,499,0.285714285714286,0,0,0.0526315789473684,0.0338983050847458,0.00484261501210654,0,0,0,"loan_req","primary_kin","EG"
"egsu008","EG",0,4,7,55,7,59,60,5,4806,961.2,0.8,0,0,0.127272727272727,0.0677966101694915,0.0135593220338983,0,0,0,"loan_req","primary_kin","EG"
"egsu009","EG",0,1,5,58,5,59,60,4,1642.6,410.65,0.25,0,0,0.0862068965517241,0.0169491525423729,0.00423728813559322,0,0,0,"loan_req","primary_kin","EG"
"egsu010","EG",0,4,8,55,8,59,60,5,2292.6,458.52,0.8,0,0,0.145454545454545,0.0677966101694915,0.0135593220338983,0,0,0,"loan_req","primary_kin","EG"
"egsu011","EG",0,1,7,58,7,59,60,3,3093.6,1031.2,0.333333333333333,0,0,0.120689655172414,0.0169491525423729,0.00564971751412429,0,0,0,"loan_req","primary_kin","EG"
"egsu012","EG",1,3,4,56,5,59,60,3,780,260,1,0.333333333333333,0.333333333333333,0.0714285714285714,0.0508474576271186,0.0169491525423729,0.2,0.0666666666666667,4.66666666666667,"loan_req","primary_kin","EG"
"egsu013","EG",0,1,10,58,10,59,60,5,3031,606.2,0.2,0,0,0.172413793103448,0.0169491525423729,0.00338983050847458,0,0,0,"loan_req","primary_kin","EG"
"egsu014","EG",1,2,2,57,3,59,60,5,934,186.8,0.4,0.2,0.5,0.0350877192982456,0.0338983050847458,0.00677966101694915,0.333333333333333,0.0666666666666667,14.25,"loan_req","primary_kin","EG"
"egsu015","EG",0,1,7,58,7,59,60,5,4019.6,803.92,0.2,0,0,0.120689655172414,0.0169491525423729,0.00338983050847458,0,0,0,"loan_req","primary_kin","EG"
"egsu016","EG",0,3,4,56,4,59,60,7,1592.6,227.514285714286,0.428571428571429,0,0,0.0714285714285714,0.0508474576271186,0.00726392251815981,0,0,0,"loan_req","primary_kin","EG"
"egsu017","EG",0,2,7,57,7,59,60,5,3001,600.2,0.4,0,0,0.12280701754386,0.0338983050847458,0.00677966101694915,0,0,0,"loan_req","primary_kin","EG"
"egsu018","EG",1,6,3,53,4,59,60,7,2192,313.142857142857,0.857142857142857,0.142857142857143,0.166666666666667,0.0566037735849057,0.101694915254237,0.0145278450363196,0.25,0.0357142857142857,2.94444444444444,"loan_req","primary_kin","EG"
"egsu019","EG",1,3,5,56,6,59,60,3,4701,1567,1,0.333333333333333,0.333333333333333,0.0892857142857143,0.0508474576271186,0.0169491525423729,0.166666666666667,0.0555555555555556,3.73333333333333,"loan_req","primary_kin","EG"
"egsu020","EG",0,1,8,58,8,59,60,5,1875.6,375.12,0.2,0,0,0.137931034482759,0.0169491525423729,0.00338983050847458,0,0,0,"loan_req","primary_kin","EG"
"egsu021","EG",0,2,10,57,10,59,60,6,3349,558.166666666667,0.333333333333333,0,0,0.175438596491228,0.0338983050847458,0.00564971751412429,0,0,0,"loan_req","primary_kin","EG"
"egsu022","EG",0,3,5,56,5,59,60,4,827,206.75,0.75,0,0,0.0892857142857143,0.0508474576271186,0.0127118644067797,0,0,0,"loan_req","primary_kin","EG"
"egsu023","EG",0,4,2,55,2,59,60,3,1603.6,534.533333333333,1.33333333333333,0,0,0.0363636363636364,0.0677966101694915,0.0225988700564972,0,0,0,"loan_req","primary_kin","EG"
"egsu024","EG",0,2,3,57,3,59,60,3,6942,2314,0.666666666666667,0,0,0.0526315789473684,0.0338983050847458,0.0112994350282486,0,0,0,"loan_req","primary_kin","EG"
"egsu025","EG",0,3,2,56,2,59,60,3,4155,1385,1,0,0,0.0357142857142857,0.0508474576271186,0.0169491525423729,0,0,0,"loan_req","primary_kin","EG"
"egsu026","EG",0,1,3,58,3,59,60,5,2793,558.6,0.2,0,0,0.0517241379310345,0.0169491525423729,0.00338983050847458,0,0,0,"loan_req","primary_kin","EG"
"egsu027","EG",0,1,7,58,7,59,60,4,1723,430.75,0.25,0,0,0.120689655172414,0.0169491525423729,0.00423728813559322,0,0,0,"loan_req","primary_kin","EG"
"egsu028","EG",1,1,4,58,5,59,60,6,264.2,44.0333333333333,0.166666666666667,0.166666666666667,1,0.0689655172413793,0.0169491525423729,0.00282485875706215,0.2,0.0333333333333333,14.5,"loan_req","primary_kin","EG"
"egsu029","EG",0,1,9,58,9,59,60,7,609.2,87.0285714285714,0.142857142857143,0,0,0.155172413793103,0.0169491525423729,0.00242130750605327,0,0,0,"loan_req","primary_kin","EG"
"egsu030","EG",0,1,3,58,3,59,60,3,2977,992.333333333333,0.333333333333333,0,0,0.0517241379310345,0.0169491525423729,0.00564971751412429,0,0,0,"loan_req","primary_kin","EG"
"egsu031","EG",0,3,8,56,8,59,60,5,2813.2,562.64,0.6,0,0,0.142857142857143,0.0508474576271186,0.0101694915254237,0,0,0,"loan_req","primary_kin","EG"
"egsu032","EG",1,3,10,56,11,59,60,6,3550,591.666666666667,0.5,0.166666666666667,0.333333333333333,0.178571428571429,0.0508474576271186,0.00847457627118644,0.0909090909090909,0.0151515151515152,1.86666666666667,"loan_req","primary_kin","EG"
"egsu033","EG",0,1,5,58,5,59,60,5,2542.6,508.52,0.2,0,0,0.0862068965517241,0.0169491525423729,0.00338983050847458,0,0,0,"loan_req","primary_kin","EG"
"egsu034","EG",0,4,5,55,5,59,60,3,1328.8,442.933333333333,1.33333333333333,0,0,0.0909090909090909,0.0677966101694915,0.0225988700564972,0,0,0,"loan_req","primary_kin","EG"
"egsu035","EG",0,1,10,58,10,59,60,5,4859,971.8,0.2,0,0,0.172413793103448,0.0169491525423729,0.00338983050847458,0,0,0,"loan_req","primary_kin","EG"
"egsu036","EG",0,1,2,58,2,59,60,3,2867.6,955.866666666667,0.333333333333333,0,0,0.0344827586206897,0.0169491525423729,0.00564971751412429,0,0,0,"loan_req","primary_kin","EG"
"egsu037","EG",0,3,4,56,4,59,60,3,3852.8,1284.26666666667,1,0,0,0.0714285714285714,0.0508474576271186,0.0169491525423729,0,0,0,"loan_req","primary_kin","EG"
"egsu038","EG",0,1,5,58,5,59,60,7,1392.6,198.942857142857,0.142857142857143,0,0,0.0862068965517241,0.0169491525423729,0.00242130750605327,0,0,0,"loan_req","primary_kin","EG"
"egsu039","EG",0,4,4,55,4,59,60,3,2142,714,1.33333333333333,0,0,0.0727272727272727,0.0677966101694915,0.0225988700564972,0,0,0,"loan_req","primary_kin","EG"
"egsu040","EG",0,3,8,56,8,59,60,6,1878.8,313.133333333333,0.5,0,0,0.142857142857143,0.0508474576271186,0.00847457627118644,0,0,0,"loan_req","primary_kin","EG"
"egsu041","EG",0,0,5,59,5,59,60,3,2127.6,709.2,0,0,NA,0.0847457627118644,0,0,0,0,NA,"loan_req","primary_kin","EG"
"egsu042","EG",0,3,5,56,5,59,60,6,634.6,105.766666666667,0.5,0,0,0.0892857142857143,0.0508474576271186,0.00847457627118644,0,0,0,"loan_req","primary_kin","EG"
"egsu043","EG",0,7,6,52,6,59,60,4,1585.2,396.3,1.75,0,0,0.115384615384615,0.11864406779661,0.0296610169491525,0,0,0,"loan_req","primary_kin","EG"
"egsu044","EG",0,2,6,57,6,59,60,4,2238.8,559.7,0.5,0,0,0.105263157894737,0.0338983050847458,0.00847457627118644,0,0,0,"loan_req","primary_kin","EG"
"egsu045","EG",0,3,2,56,2,59,60,5,2421,484.2,0.6,0,0,0.0357142857142857,0.0508474576271186,0.0101694915254237,0,0,0,"loan_req","primary_kin","EG"
"egsu046","EG",0,1,6,58,6,59,60,3,1830,610,0.333333333333333,0,0,0.103448275862069,0.0169491525423729,0.00564971751412429,0,0,0,"loan_req","primary_kin","EG"
"egsu047","EG",0,5,11,54,11,59,60,3,2739.6,913.2,1.66666666666667,0,0,0.203703703703704,0.0847457627118644,0.0282485875706215,0,0,0,"loan_req","primary_kin","EG"
"egsu048","EG",1,3,4,56,5,59,60,4,4753.2,1188.3,0.75,0.25,0.333333333333333,0.0714285714285714,0.0508474576271186,0.0127118644067797,0.2,0.05,4.66666666666667,"loan_req","primary_kin","EG"
"egsu049","EG",0,2,8,57,8,59,60,6,538.6,89.7666666666667,0.333333333333333,0,0,0.140350877192982,0.0338983050847458,0.00564971751412429,0,0,0,"loan_req","primary_kin","EG"
"egsu050","EG",0,1,6,58,6,59,60,5,3703,740.6,0.2,0,0,0.103448275862069,0.0169491525423729,0.00338983050847458,0,0,0,"loan_req","primary_kin","EG"
"egsu051","EG",0,4,6,55,6,59,60,7,1771.6,253.085714285714,0.571428571428571,0,0,0.109090909090909,0.0677966101694915,0.00968523002421307,0,0,0,"loan_req","primary_kin","EG"
"egsu052","EG",0,3,3,56,3,59,60,7,801.6,114.514285714286,0.428571428571429,0,0,0.0535714285714286,0.0508474576271186,0.00726392251815981,0,0,0,"loan_req","primary_kin","EG"
"egsu053","EG",0,2,4,57,4,59,60,6,3997.2,666.2,0.333333333333333,0,0,0.0701754385964912,0.0338983050847458,0.00564971751412429,0,0,0,"loan_req","primary_kin","EG"
"egsu054","EG",0,1,5,58,5,59,60,7,3863,551.857142857143,0.142857142857143,0,0,0.0862068965517241,0.0169491525423729,0.00242130750605327,0,0,0,"loan_req","primary_kin","EG"
"egsu055","EG",0,2,5,57,5,59,60,5,2177.6,435.52,0.4,0,0,0.087719298245614,0.0338983050847458,0.00677966101694915,0,0,0,"loan_req","primary_kin","EG"
"egsu056","EG",2,4,7,55,9,59,60,5,5283,1056.6,0.8,0.4,0.5,0.127272727272727,0.0677966101694915,0.0135593220338983,0.222222222222222,0.0444444444444444,3.92857142857143,"loan_req","primary_kin","EG"
"egsu057","EG",0,2,6,57,6,59,60,3,2256.6,752.2,0.666666666666667,0,0,0.105263157894737,0.0338983050847458,0.0112994350282486,0,0,0,"loan_req","primary_kin","EG"
"egsu058","EG",0,1,10,58,10,59,60,7,4654.6,664.942857142857,0.142857142857143,0,0,0.172413793103448,0.0169491525423729,0.00242130750605327,0,0,0,"loan_req","primary_kin","EG"
"egsu059","EG",0,1,4,58,4,59,60,5,3104.2,620.84,0.2,0,0,0.0689655172413793,0.0169491525423729,0.00338983050847458,0,0,0,"loan_req","primary_kin","EG"
"egsu060","EG",0,3,8,56,8,59,60,5,2399.8,479.96,0.6,0,0,0.142857142857143,0.0508474576271186,0.0101694915254237,0,0,0,"loan_req","primary_kin","EG"
"exsu001","EX",0,5,4,64,4,69,70,7,3039.6,434.228571428571,0.714285714285714,0,0,0.0625,0.072463768115942,0.010351966873706,0,0,0,"loan_req","primary_kin","EX"
"exsu002","EX",0,5,6,64,6,69,70,3,2089,696.333333333333,1.66666666666667,0,0,0.09375,0.072463768115942,0.0241545893719807,0,0,0,"loan_req","primary_kin","EX"
"exsu003","EX",1,3,5,66,6,69,70,5,990,198,0.6,0.2,0.333333333333333,0.0757575757575758,0.0434782608695652,0.00869565217391304,0.166666666666667,0.0333333333333333,4.4,"loan_req","primary_kin","EX"
"exsu004","EX",0,4,10,65,10,69,70,3,5493.6,1831.2,1.33333333333333,0,0,0.153846153846154,0.0579710144927536,0.0193236714975845,0,0,0,"loan_req","primary_kin","EX"
"exsu005","EX",0,1,3,68,3,69,70,3,3065.2,1021.73333333333,0.333333333333333,0,0,0.0441176470588235,0.0144927536231884,0.00483091787439614,0,0,0,"loan_req","primary_kin","EX"
"exsu006","EX",1,3,11,66,12,69,70,7,6047.6,863.942857142857,0.428571428571429,0.142857142857143,0.333333333333333,0.166666666666667,0.0434782608695652,0.0062111801242236,0.0833333333333333,0.0119047619047619,2,"loan_req","primary_kin","EX"
"exsu007","EX",2,3,13,66,15,69,70,7,1989,284.142857142857,0.428571428571429,0.285714285714286,0.666666666666667,0.196969696969697,0.0434782608695652,0.0062111801242236,0.133333333333333,0.019047619047619,3.38461538461538,"loan_req","primary_kin","EX"
"exsu008","EX",0,2,3,67,3,69,70,5,3437,687.4,0.4,0,0,0.0447761194029851,0.0289855072463768,0.00579710144927536,0,0,0,"loan_req","primary_kin","EX"
"exsu009","EX",0,3,9,66,9,69,70,5,1999.6,399.92,0.6,0,0,0.136363636363636,0.0434782608695652,0.00869565217391304,0,0,0,"loan_req","primary_kin","EX"
"exsu010","EX",0,3,4,66,4,69,70,4,1860,465,0.75,0,0,0.0606060606060606,0.0434782608695652,0.0108695652173913,0,0,0,"loan_req","primary_kin","EX"
"exsu011","EX",0,2,6,67,6,69,70,6,1969.2,328.2,0.333333333333333,0,0,0.0895522388059701,0.0289855072463768,0.00483091787439614,0,0,0,"loan_req","primary_kin","EX"
"exsu012","EX",0,1,11,68,11,69,70,4,1686.6,421.65,0.25,0,0,0.161764705882353,0.0144927536231884,0.0036231884057971,0,0,0,"loan_req","primary_kin","EX"
"exsu013","EX",1,2,5,67,6,69,70,7,4188,598.285714285714,0.285714285714286,0.142857142857143,0.5,0.0746268656716418,0.0289855072463768,0.0041407867494824,0.166666666666667,0.0238095238095238,6.7,"loan_req","primary_kin","EX"
"exsu014","EX",0,4,7,65,7,69,70,7,2161,308.714285714286,0.571428571428571,0,0,0.107692307692308,0.0579710144927536,0.0082815734989648,0,0,0,"loan_req","primary_kin","EX"
"exsu015","EX",0,1,6,68,6,69,70,4,407,101.75,0.25,0,0,0.0882352941176471,0.0144927536231884,0.0036231884057971,0,0,0,"loan_req","primary_kin","EX"
"exsu016","EX",0,3,11,66,11,69,70,6,1607,267.833333333333,0.5,0,0,0.166666666666667,0.0434782608695652,0.0072463768115942,0,0,0,"loan_req","primary_kin","EX"
"exsu017","EX",0,2,7,67,7,69,70,4,4368.2,1092.05,0.5,0,0,0.104477611940299,0.0289855072463768,0.0072463768115942,0,0,0,"loan_req","primary_kin","EX"
"exsu018","EX",0,3,6,66,6,69,70,3,3123,1041,1,0,0,0.0909090909090909,0.0434782608695652,0.0144927536231884,0,0,0,"loan_req","primary_kin","EX"
"exsu019","EX",0,2,6,67,6,69,70,7,1626.6,232.371428571429,0.285714285714286,0,0,0.0895522388059701,0.0289855072463768,0.0041407867494824,0,0,0,"loan_req","primary_kin","EX"
"exsu020","EX",0,3,2,66,2,69,70,5,3081,616.2,0.6,0,0,0.0303030303030303,0.0434782608695652,0.00869565217391304,0,0,0,"loan_req","primary_kin","EX"
"exsu021","EX",1,3,7,66,8,69,70,5,2349.6,469.92,0.6,0.2,0.333333333333333,0.106060606060606,0.0434782608695652,0.00869565217391304,0.125,0.025,3.14285714285714,"loan_req","primary_kin","EX"
"exsu022","EX",0,2,4,67,4,69,70,7,759,108.428571428571,0.285714285714286,0,0,0.0597014925373134,0.0289855072463768,0.0041407867494824,0,0,0,"loan_req","primary_kin","EX"
"exsu023","EX",0,1,7,68,7,69,70,6,1118,186.333333333333,0.166666666666667,0,0,0.102941176470588,0.0144927536231884,0.00241545893719807,0,0,0,"loan_req","primary_kin","EX"
"exsu024","EX",0,1,8,68,8,69,70,6,1522,253.666666666667,0.166666666666667,0,0,0.117647058823529,0.0144927536231884,0.00241545893719807,0,0,0,"loan_req","primary_kin","EX"
"exsu025","EX",1,6,7,63,8,69,70,6,4654.6,775.766666666667,1,0.166666666666667,0.166666666666667,0.111111111111111,0.0869565217391304,0.0144927536231884,0.125,0.0208333333333333,1.5,"loan_req","primary_kin","EX"
"exsu026","EX",0,1,10,68,10,69,70,6,1421.6,236.933333333333,0.166666666666667,0,0,0.147058823529412,0.0144927536231884,0.00241545893719807,0,0,0,"loan_req","primary_kin","EX"
"exsu027","EX",1,2,8,67,9,69,70,7,3225.6,460.8,0.285714285714286,0.142857142857143,0.5,0.119402985074627,0.0289855072463768,0.0041407867494824,0.111111111111111,0.0158730158730159,4.1875,"loan_req","primary_kin","EX"
"exsu028","EX",1,4,1,65,2,69,70,3,1498,499.333333333333,1.33333333333333,0.333333333333333,0.25,0.0153846153846154,0.0579710144927536,0.0193236714975845,0.5,0.166666666666667,16.25,"loan_req","primary_kin","EX"
"exsu029","EX",0,1,3,68,3,69,70,5,1826.8,365.36,0.2,0,0,0.0441176470588235,0.0144927536231884,0.00289855072463768,0,0,0,"loan_req","primary_kin","EX"
"exsu030","EX",0,1,9,68,9,69,70,6,3297,549.5,0.166666666666667,0,0,0.132352941176471,0.0144927536231884,0.00241545893719807,0,0,0,"loan_req","primary_kin","EX"
"exsu031","EX",0,5,1,64,1,69,70,7,945.2,135.028571428571,0.714285714285714,0,0,0.015625,0.072463768115942,0.010351966873706,0,0,0,"loan_req","primary_kin","EX"
"exsu032","EX",0,1,1,68,1,69,70,3,1461,487,0.333333333333333,0,0,0.0147058823529412,0.0144927536231884,0.00483091787439614,0,0,0,"loan_req","primary_kin","EX"
"exsu033","EX",0,2,6,67,6,69,70,6,1781.2,296.866666666667,0.333333333333333,0,0,0.0895522388059701,0.0289855072463768,0.00483091787439614,0,0,0,"loan_req","primary_kin","EX"
"exsu034","EX",1,3,6,66,7,69,70,4,2898.6,724.65,0.75,0.25,0.333333333333333,0.0909090909090909,0.0434782608695652,0.0108695652173913,0.142857142857143,0.0357142857142857,3.66666666666667,"loan_req","primary_kin","EX"
"exsu035","EX",0,2,11,67,11,69,70,7,1402.6,200.371428571429,0.285714285714286,0,0,0.164179104477612,0.0289855072463768,0.0041407867494824,0,0,0,"loan_req","primary_kin","EX"
"exsu036","EX",0,3,9,66,9,69,70,6,4938,823,0.5,0,0,0.136363636363636,0.0434782608695652,0.0072463768115942,0,0,0,"loan_req","primary_kin","EX"
"exsu037","EX",0,1,9,68,9,69,70,5,2089,417.8,0.2,0,0,0.132352941176471,0.0144927536231884,0.00289855072463768,0,0,0,"loan_req","primary_kin","EX"
"exsu038","EX",1,4,9,65,10,69,70,6,2700.6,450.1,0.666666666666667,0.166666666666667,0.25,0.138461538461538,0.0579710144927536,0.00966183574879227,0.1,0.0166666666666667,1.80555555555556,"loan_req","primary_kin","EX"
"exsu039","EX",0,2,8,67,8,69,70,5,829.8,165.96,0.4,0,0,0.119402985074627,0.0289855072463768,0.00579710144927536,0,0,0,"loan_req","primary_kin","EX"
"exsu040","EX",0,1,4,68,4,69,70,7,4904,700.571428571429,0.142857142857143,0,0,0.0588235294117647,0.0144927536231884,0.0020703933747412,0,0,0,"loan_req","primary_kin","EX"
"exsu041","EX",0,2,8,67,8,69,70,5,6487.8,1297.56,0.4,0,0,0.119402985074627,0.0289855072463768,0.00579710144927536,0,0,0,"loan_req","primary_kin","EX"
"exsu042","EX",0,2,5,67,5,69,70,6,3818.6,636.433333333333,0.333333333333333,0,0,0.0746268656716418,0.0289855072463768,0.00483091787439614,0,0,0,"loan_req","primary_kin","EX"
"exsu043","EX",1,2,6,67,7,69,70,3,2621,873.666666666667,0.666666666666667,0.333333333333333,0.5,0.0895522388059701,0.0289855072463768,0.00966183574879227,0.142857142857143,0.0476190476190476,5.58333333333333,"loan_req","primary_kin","EX"
"exsu044","EX",1,4,8,65,9,69,70,6,1032,172,0.666666666666667,0.166666666666667,0.25,0.123076923076923,0.0579710144927536,0.00966183574879227,0.111111111111111,0.0185185185185185,2.03125,"loan_req","primary_kin","EX"
"exsu045","EX",0,1,2,68,2,69,70,6,1933,322.166666666667,0.166666666666667,0,0,0.0294117647058824,0.0144927536231884,0.00241545893719807,0,0,0,"loan_req","primary_kin","EX"
"exsu046","EX",0,2,5,67,5,69,70,7,494,70.5714285714286,0.285714285714286,0,0,0.0746268656716418,0.0289855072463768,0.0041407867494824,0,0,0,"loan_req","primary_kin","EX"
"exsu047","EX",0,3,5,66,5,69,70,3,943.2,314.4,1,0,0,0.0757575757575758,0.0434782608695652,0.0144927536231884,0,0,0,"loan_req","primary_kin","EX"
"exsu048","EX",0,1,10,68,10,69,70,6,2850,475,0.166666666666667,0,0,0.147058823529412,0.0144927536231884,0.00241545893719807,0,0,0,"loan_req","primary_kin","EX"
"exsu049","EX",0,2,5,67,5,69,70,4,1072,268,0.5,0,0,0.0746268656716418,0.0289855072463768,0.0072463768115942,0,0,0,"loan_req","primary_kin","EX"
"exsu050","EX",1,2,6,67,7,69,70,4,572,143,0.5,0.25,0.5,0.0895522388059701,0.0289855072463768,0.0072463768115942,0.142857142857143,0.0357142857142857,5.58333333333333,"loan_req","primary_kin","EX"
"exsu051","EX",0,1,3,68,3,69,70,7,2877.6,411.085714285714,0.142857142857143,0,0,0.0441176470588235,0.0144927536231884,0.0020703933747412,0,0,0,"loan_req","primary_kin","EX"
"exsu052","EX",0,1,8,68,8,69,70,7,2012,287.428571428571,0.142857142857143,0,0,0.117647058823529,0.0144927536231884,0.0020703933747412,0,0,0,"loan_req","primary_kin","EX"
"exsu053","EX",0,1,7,68,7,69,70,6,6528.6,1088.1,0.166666666666667,0,0,0.102941176470588,0.0144927536231884,0.00241545893719807,0,0,0,"loan_req","primary_kin","EX"
"exsu054","EX",0,2,13,67,13,69,70,6,1739.8,289.966666666667,0.333333333333333,0,0,0.194029850746269,0.0289855072463768,0.00483091787439614,0,0,0,"loan_req","primary_kin","EX"
"exsu055","EX",0,0,5,69,5,69,70,3,3019.6,1006.53333333333,0,0,NA,0.072463768115942,0,0,0,0,NA,"loan_req","primary_kin","EX"
"exsu056","EX",0,3,9,66,9,69,70,5,2649,529.8,0.6,0,0,0.136363636363636,0.0434782608695652,0.00869565217391304,0,0,0,"loan_req","primary_kin","EX"
"exsu057","EX",2,6,6,63,8,69,70,7,3864.6,552.085714285714,0.857142857142857,0.285714285714286,0.333333333333333,0.0952380952380952,0.0869565217391304,0.0124223602484472,0.25,0.0357142857142857,3.5,"loan_req","primary_kin","EX"
"exsu058","EX",0,1,4,68,4,69,70,5,938,187.6,0.2,0,0,0.0588235294117647,0.0144927536231884,0.00289855072463768,0,0,0,"loan_req","primary_kin","EX"
"exsu059","EX",0,2,6,67,6,69,70,3,4723.6,1574.53333333333,0.666666666666667,0,0,0.0895522388059701,0.0289855072463768,0.00966183574879227,0,0,0,"loan_req","primary_kin","EX"
"exsu060","EX",0,2,11,67,11,69,70,5,3658.2,731.64,0.4,0,0,0.164179104477612,0.0289855072463768,0.00579710144927536,0,0,0,"loan_req","primary_kin","EX"
"exsu061","EX",0,1,2,68,2,69,70,7,1931.6,275.942857142857,0.142857142857143,0,0,0.0294117647058824,0.0144927536231884,0.0020703933747412,0,0,0,"loan_req","primary_kin","EX"
"exsu062","EX",0,2,6,67,6,69,70,7,5784,826.285714285714,0.285714285714286,0,0,0.0895522388059701,0.0289855072463768,0.0041407867494824,0,0,0,"loan_req","primary_kin","EX"
"exsu063","EX",0,1,4,68,4,69,70,4,4085.6,1021.4,0.25,0,0,0.0588235294117647,0.0144927536231884,0.0036231884057971,0,0,0,"loan_req","primary_kin","EX"
"exsu064","EX",0,2,8,67,8,69,70,6,2867.6,477.933333333333,0.333333333333333,0,0,0.119402985074627,0.0289855072463768,0.00483091787439614,0,0,0,"loan_req","primary_kin","EX"
"exsu065","EX",0,3,3,66,3,69,70,5,2715.6,543.12,0.6,0,0,0.0454545454545455,0.0434782608695652,0.00869565217391304,0,0,0,"loan_req","primary_kin","EX"
"exsu066","EX",0,3,4,66,4,69,70,6,3046.6,507.766666666667,0.5,0,0,0.0606060606060606,0.0434782608695652,0.0072463768115942,0,0,0,"loan_req","primary_kin","EX"
"exsu067","EX",0,3,6,66,6,69,70,4,1578,394.5,0.75,0,0,0.0909090909090909,0.0434782608695652,0.0108695652173913,0,0,0,"loan_req","primary_kin","EX"
"exsu068","EX",0,3,7,66,7,69,70,3,3075,1025,1,0,0,0.106060606060606,0.0434782608695652,0.0144927536231884,0,0,0,"loan_req","primary_kin","EX"
"exsu069","EX",1,2,6,67,7,69,70,4,3305,826.25,0.5,0.25,0.5,0.0895522388059701,0.0289855072463768,0.0072463768115942,0.142857142857143,0.0357142857142857,5.58333333333333,"loan_req","primary_kin","EX"
"exsu070","EX",0,3,4,66,4,69,70,3,2335.8,778.6,1,0,0,0.0606060606060606,0.0434782608695652,0.0144927536231884,0,0,0,"loan_req","primary_kin","EX"
"sisu001","SI",0,1,12,38,12,39,40,7,6725.2,960.742857142857,0.142857142857143,0,0,0.31578947368421,0.0256410256410256,0.00366300366300366,0,0,0,"loan_req","primary_kin","SI"
"sisu002","SI",1,2,6,37,7,39,40,6,4015.6,669.266666666667,0.333333333333333,0.166666666666667,0.5,0.162162162162162,0.0512820512820513,0.00854700854700855,0.142857142857143,0.0238095238095238,3.08333333333333,"loan_req","primary_kin","SI"
"sisu003","SI",0,4,5,35,5,39,40,3,3457.2,1152.4,1.33333333333333,0,0,0.142857142857143,0.102564102564103,0.0341880341880342,0,0,0,"loan_req","primary_kin","SI"
"sisu004","SI",0,6,3,33,3,39,40,3,3015.8,1005.26666666667,2,0,0,0.0909090909090909,0.153846153846154,0.0512820512820513,0,0,0,"loan_req","primary_kin","SI"
"sisu005","SI",0,2,4,37,4,39,40,3,957.6,319.2,0.666666666666667,0,0,0.108108108108108,0.0512820512820513,0.0170940170940171,0,0,0,"loan_req","primary_kin","SI"
"sisu006","SI",1,2,3,37,4,39,40,3,1668,556,0.666666666666667,0.333333333333333,0.5,0.0810810810810811,0.0512820512820513,0.0170940170940171,0.25,0.0833333333333333,6.16666666666667,"loan_req","primary_kin","SI"
"sisu007","SI",0,5,5,34,5,39,40,4,1634,408.5,1.25,0,0,0.147058823529412,0.128205128205128,0.032051282051282,0,0,0,"loan_req","primary_kin","SI"
"sisu008","SI",0,3,4,36,4,39,40,4,1773.2,443.3,0.75,0,0,0.111111111111111,0.0769230769230769,0.0192307692307692,0,0,0,"loan_req","primary_kin","SI"
"sisu009","SI",1,4,4,35,5,39,40,4,2157,539.25,1,0.25,0.25,0.114285714285714,0.102564102564103,0.0256410256410256,0.2,0.05,2.1875,"loan_req","primary_kin","SI"
"sisu010","SI",0,0,7,39,7,39,40,4,2569,642.25,0,0,NA,0.17948717948718,0,0,0,0,NA,"loan_req","primary_kin","SI"
"sisu011","SI",0,1,5,38,5,39,40,3,3492.6,1164.2,0.333333333333333,0,0,0.131578947368421,0.0256410256410256,0.00854700854700855,0,0,0,"loan_req","primary_kin","SI"
"sisu012","SI",0,4,6,35,6,39,40,3,3090.2,1030.06666666667,1.33333333333333,0,0,0.171428571428571,0.102564102564103,0.0341880341880342,0,0,0,"loan_req","primary_kin","SI"
"sisu013","SI",0,2,8,37,8,39,40,3,2711.2,903.733333333333,0.666666666666667,0,0,0.216216216216216,0.0512820512820513,0.0170940170940171,0,0,0,"loan_req","primary_kin","SI"
"sisu014","SI",0,0,2,39,2,39,40,5,3955.2,791.04,0,0,NA,0.0512820512820513,0,0,0,0,NA,"loan_req","primary_kin","SI"
"sisu015","SI",1,3,10,36,11,39,40,7,5079.6,725.657142857143,0.428571428571429,0.142857142857143,0.333333333333333,0.277777777777778,0.0769230769230769,0.010989010989011,0.0909090909090909,0.012987012987013,1.2,"loan_req","primary_kin","SI"
"sisu016","SI",0,3,5,36,5,39,40,6,3258.6,543.1,0.5,0,0,0.138888888888889,0.0769230769230769,0.0128205128205128,0,0,0,"loan_req","primary_kin","SI"
"sisu017","SI",0,1,12,38,12,39,40,7,5293.6,756.228571428572,0.142857142857143,0,0,0.31578947368421,0.0256410256410256,0.00366300366300366,0,0,0,"loan_req","primary_kin","SI"
"sisu018","SI",1,2,4,37,5,39,40,3,980,326.666666666667,0.666666666666667,0.333333333333333,0.5,0.108108108108108,0.0512820512820513,0.0170940170940171,0.2,0.0666666666666667,4.625,"loan_req","primary_kin","SI"
"sisu019","SI",1,4,1,35,2,39,40,3,1973,657.666666666667,1.33333333333333,0.333333333333333,0.25,0.0285714285714286,0.102564102564103,0.0341880341880342,0.5,0.166666666666667,8.75,"loan_req","primary_kin","SI"
"sisu020","SI",1,3,3,36,4,39,40,4,2122.2,530.55,0.75,0.25,0.333333333333333,0.0833333333333333,0.0769230769230769,0.0192307692307692,0.25,0.0625,4,"loan_req","primary_kin","SI"
"sisu021","SI",0,1,5,38,5,39,40,7,2010,287.142857142857,0.142857142857143,0,0,0.131578947368421,0.0256410256410256,0.00366300366300366,0,0,0,"loan_req","primary_kin","SI"
"sisu022","SI",0,2,7,37,7,39,40,4,2600.2,650.05,0.5,0,0,0.189189189189189,0.0512820512820513,0.0128205128205128,0,0,0,"loan_req","primary_kin","SI"
"sisu023","SI",0,2,8,37,8,39,40,5,3122.2,624.44,0.4,0,0,0.216216216216216,0.0512820512820513,0.0102564102564103,0,0,0,"loan_req","primary_kin","SI"
"sisu024","SI",1,3,6,36,7,39,40,3,1423.6,474.533333333333,1,0.333333333333333,0.333333333333333,0.166666666666667,0.0769230769230769,0.0256410256410256,0.142857142857143,0.0476190476190476,2,"loan_req","primary_kin","SI"
"sisu025","SI",1,4,6,35,7,39,40,3,1945.2,648.4,1.33333333333333,0.333333333333333,0.25,0.171428571428571,0.102564102564103,0.0341880341880342,0.142857142857143,0.0476190476190476,1.45833333333333,"loan_req","primary_kin","SI"
"sisu026","SI",0,5,2,34,2,39,40,3,3222,1074,1.66666666666667,0,0,0.0588235294117647,0.128205128205128,0.0427350427350427,0,0,0,"loan_req","primary_kin","SI"
"sisu027","SI",1,4,10,35,11,39,40,4,5309.2,1327.3,1,0.25,0.25,0.285714285714286,0.102564102564103,0.0256410256410256,0.0909090909090909,0.0227272727272727,0.875,"loan_req","primary_kin","SI"
"sisu028","SI",1,3,5,36,6,39,40,6,3121,520.166666666667,0.5,0.166666666666667,0.333333333333333,0.138888888888889,0.0769230769230769,0.0128205128205128,0.166666666666667,0.0277777777777778,2.4,"loan_req","primary_kin","SI"
"sisu029","SI",0,2,7,37,7,39,40,5,5283.2,1056.64,0.4,0,0,0.189189189189189,0.0512820512820513,0.0102564102564103,0,0,0,"loan_req","primary_kin","SI"
"sisu030","SI",0,4,8,35,8,39,40,7,3370,481.428571428571,0.571428571428571,0,0,0.228571428571429,0.102564102564103,0.0146520146520147,0,0,0,"loan_req","primary_kin","SI"
"sisu031","SI",0,2,8,37,8,39,40,5,2474,494.8,0.4,0,0,0.216216216216216,0.0512820512820513,0.0102564102564103,0,0,0,"loan_req","primary_kin","SI"
"sisu032","SI",0,1,8,38,8,39,40,5,359,71.8,0.2,0,0,0.210526315789474,0.0256410256410256,0.00512820512820513,0,0,0,"loan_req","primary_kin","SI"
"sisu033","SI",1,3,6,36,7,39,40,5,4396,879.2,0.6,0.2,0.333333333333333,0.166666666666667,0.0769230769230769,0.0153846153846154,0.142857142857143,0.0285714285714286,2,"loan_req","primary_kin","SI"
"sisu034","SI",0,1,7,38,7,39,40,6,2779,463.166666666667,0.166666666666667,0,0,0.184210526315789,0.0256410256410256,0.00427350427350427,0,0,0,"loan_req","primary_kin","SI"
"sisu035","SI",1,2,2,37,3,39,40,7,4425,632.142857142857,0.285714285714286,0.142857142857143,0.5,0.0540540540540541,0.0512820512820513,0.00732600732600733,0.333333333333333,0.0476190476190476,9.25,"loan_req","primary_kin","SI"
"sisu036","SI",0,3,10,36,10,39,40,4,2113.6,528.4,0.75,0,0,0.277777777777778,0.0769230769230769,0.0192307692307692,0,0,0,"loan_req","primary_kin","SI"
"sisu037","SI",0,2,7,37,7,39,40,6,712.6,118.766666666667,0.333333333333333,0,0,0.189189189189189,0.0512820512820513,0.00854700854700855,0,0,0,"loan_req","primary_kin","SI"
"sisu038","SI",0,0,6,39,6,39,40,5,4104,820.8,0,0,NA,0.153846153846154,0,0,0,0,NA,"loan_req","primary_kin","SI"
"sisu039","SI",0,3,6,36,6,39,40,4,3582.6,895.65,0.75,0,0,0.166666666666667,0.0769230769230769,0.0192307692307692,0,0,0,"loan_req","primary_kin","SI"
"sisu040","SI",0,3,5,36,5,39,40,7,1867,266.714285714286,0.428571428571429,0,0,0.138888888888889,0.0769230769230769,0.010989010989011,0,0,0,"loan_req","primary_kin","SI"
"smsu001","SM",0,3,5,96,5,99,100,5,5400,1080,0.6,0,0,0.0520833333333333,0.0303030303030303,0.00606060606060606,0,0,0,"loan_req","primary_kin","SM"
"smsu002","SM",0,2,5,97,5,99,100,6,3285.6,547.6,0.333333333333333,0,0,0.0515463917525773,0.0202020202020202,0.00336700336700337,0,0,0,"loan_req","primary_kin","SM"
"smsu003","SM",0,2,3,97,3,99,100,4,1157,289.25,0.5,0,0,0.0309278350515464,0.0202020202020202,0.00505050505050505,0,0,0,"loan_req","primary_kin","SM"
"smsu004","SM",0,2,1,97,1,99,100,4,3386,846.5,0.5,0,0,0.0103092783505155,0.0202020202020202,0.00505050505050505,0,0,0,"loan_req","primary_kin","SM"
"smsu005","SM",1,3,6,96,7,99,100,4,3342.2,835.55,0.75,0.25,0.333333333333333,0.0625,0.0303030303030303,0.00757575757575758,0.142857142857143,0.0357142857142857,5.33333333333333,"loan_req","primary_kin","SM"
"smsu006","SM",0,1,5,98,5,99,100,5,3328,665.6,0.2,0,0,0.0510204081632653,0.0101010101010101,0.00202020202020202,0,0,0,"loan_req","primary_kin","SM"
"smsu007","SM",0,6,7,93,7,99,100,7,649,92.7142857142857,0.857142857142857,0,0,0.0752688172043011,0.0606060606060606,0.00865800865800866,0,0,0,"loan_req","primary_kin","SM"
"smsu008","SM",0,3,5,96,5,99,100,4,384,96,0.75,0,0,0.0520833333333333,0.0303030303030303,0.00757575757575758,0,0,0,"loan_req","primary_kin","SM"
"smsu009","SM",0,3,8,96,8,99,100,6,2672.8,445.466666666667,0.5,0,0,0.0833333333333333,0.0303030303030303,0.00505050505050505,0,0,0,"loan_req","primary_kin","SM"
"smsu010","SM",0,5,6,94,6,99,100,5,3025.2,605.04,1,0,0,0.0638297872340425,0.0505050505050505,0.0101010101010101,0,0,0,"loan_req","primary_kin","SM"
"smsu011","SM",0,2,9,97,9,99,100,7,2042,291.714285714286,0.285714285714286,0,0,0.0927835051546392,0.0202020202020202,0.00288600288600289,0,0,0,"loan_req","primary_kin","SM"
"smsu012","SM",0,1,11,98,11,99,100,4,2378,594.5,0.25,0,0,0.112244897959184,0.0101010101010101,0.00252525252525253,0,0,0,"loan_req","primary_kin","SM"
"smsu013","SM",1,2,5,97,6,99,100,5,673,134.6,0.4,0.2,0.5,0.0515463917525773,0.0202020202020202,0.00404040404040404,0.166666666666667,0.0333333333333333,9.7,"loan_req","primary_kin","SM"
"smsu014","SM",0,1,6,98,6,99,100,4,404,101,0.25,0,0,0.0612244897959184,0.0101010101010101,0.00252525252525253,0,0,0,"loan_req","primary_kin","SM"
"smsu015","SM",0,3,7,96,7,99,100,5,1835,367,0.6,0,0,0.0729166666666667,0.0303030303030303,0.00606060606060606,0,0,0,"loan_req","primary_kin","SM"
"smsu016","SM",0,1,3,98,3,99,100,3,615,205,0.333333333333333,0,0,0.0306122448979592,0.0101010101010101,0.00336700336700337,0,0,0,"loan_req","primary_kin","SM"
"smsu017","SM",0,0,13,99,13,99,100,7,2885,412.142857142857,0,0,NA,0.131313131313131,0,0,0,0,NA,"loan_req","primary_kin","SM"
"smsu018","SM",0,1,11,98,11,99,100,7,1607.8,229.685714285714,0.142857142857143,0,0,0.112244897959184,0.0101010101010101,0.00144300144300144,0,0,0,"loan_req","primary_kin","SM"
"smsu019","SM",0,3,4,96,4,99,100,7,6534,933.428571428571,0.428571428571429,0,0,0.0416666666666667,0.0303030303030303,0.00432900432900433,0,0,0,"loan_req","primary_kin","SM"
"smsu020","SM",0,4,8,95,8,99,100,5,749,149.8,0.8,0,0,0.0842105263157895,0.0404040404040404,0.00808080808080808,0,0,0,"loan_req","primary_kin","SM"
"smsu021","SM",0,1,6,98,6,99,100,7,994,142,0.142857142857143,0,0,0.0612244897959184,0.0101010101010101,0.00144300144300144,0,0,0,"loan_req","primary_kin","SM"
"smsu022","SM",0,7,2,92,2,99,100,4,2656.6,664.15,1.75,0,0,0.0217391304347826,0.0707070707070707,0.0176767676767677,0,0,0,"loan_req","primary_kin","SM"
"smsu023","SM",0,1,10,98,10,99,100,4,4842,1210.5,0.25,0,0,0.102040816326531,0.0101010101010101,0.00252525252525253,0,0,0,"loan_req","primary_kin","SM"
"smsu024","SM",0,1,2,98,2,99,100,3,3327.6,1109.2,0.333333333333333,0,0,0.0204081632653061,0.0101010101010101,0.00336700336700337,0,0,0,"loan_req","primary_kin","SM"
"smsu025","SM",0,1,7,98,7,99,100,4,1977,494.25,0.25,0,0,0.0714285714285714,0.0101010101010101,0.00252525252525253,0,0,0,"loan_req","primary_kin","SM"
"smsu026","SM",0,2,10,97,10,99,100,5,894.2,178.84,0.4,0,0,0.103092783505155,0.0202020202020202,0.00404040404040404,0,0,0,"loan_req","primary_kin","SM"
"smsu027","SM",0,1,7,98,7,99,100,6,550,91.6666666666667,0.166666666666667,0,0,0.0714285714285714,0.0101010101010101,0.00168350168350168,0,0,0,"loan_req","primary_kin","SM"
"smsu028","SM",0,3,10,96,10,99,100,5,3705.6,741.12,0.6,0,0,0.104166666666667,0.0303030303030303,0.00606060606060606,0,0,0,"loan_req","primary_kin","SM"
"smsu029","SM",0,2,2,97,2,99,100,4,2180.6,545.15,0.5,0,0,0.0206185567010309,0.0202020202020202,0.00505050505050505,0,0,0,"loan_req","primary_kin","SM"
"smsu030","SM",0,2,5,97,5,99,100,5,1405.2,281.04,0.4,0,0,0.0515463917525773,0.0202020202020202,0.00404040404040404,0,0,0,"loan_req","primary_kin","SM"
"smsu031","SM",1,2,12,97,13,99,100,7,618.2,88.3142857142857,0.285714285714286,0.142857142857143,0.5,0.123711340206186,0.0202020202020202,0.00288600288600289,0.0769230769230769,0.010989010989011,4.04166666666667,"loan_req","primary_kin","SM"
"smsu032","SM",0,1,5,98,5,99,100,4,967,241.75,0.25,0,0,0.0510204081632653,0.0101010101010101,0.00252525252525253,0,0,0,"loan_req","primary_kin","SM"
"smsu033","SM",0,2,6,97,6,99,100,6,1035,172.5,0.333333333333333,0,0,0.0618556701030928,0.0202020202020202,0.00336700336700337,0,0,0,"loan_req","primary_kin","SM"
"smsu034","SM",1,3,1,96,2,99,100,6,3962.2,660.366666666667,0.5,0.166666666666667,0.333333333333333,0.0104166666666667,0.0303030303030303,0.00505050505050505,0.5,0.0833333333333333,32,"loan_req","primary_kin","SM"
"smsu035","SM",0,1,4,98,4,99,100,5,1059,211.8,0.2,0,0,0.0408163265306122,0.0101010101010101,0.00202020202020202,0,0,0,"loan_req","primary_kin","SM"
"smsu036","SM",0,4,6,95,6,99,100,6,1699,283.166666666667,0.666666666666667,0,0,0.0631578947368421,0.0404040404040404,0.00673400673400673,0,0,0,"loan_req","primary_kin","SM"
"smsu037","SM",0,2,6,97,6,99,100,5,4389,877.8,0.4,0,0,0.0618556701030928,0.0202020202020202,0.00404040404040404,0,0,0,"loan_req","primary_kin","SM"
"smsu038","SM",0,1,8,98,8,99,100,6,1868,311.333333333333,0.166666666666667,0,0,0.0816326530612245,0.0101010101010101,0.00168350168350168,0,0,0,"loan_req","primary_kin","SM"
"smsu039","SM",1,4,10,95,11,99,100,6,374,62.3333333333333,0.666666666666667,0.166666666666667,0.25,0.105263157894737,0.0404040404040404,0.00673400673400673,0.0909090909090909,0.0151515151515152,2.375,"loan_req","primary_kin","SM"
"smsu040","SM",0,2,4,97,4,99,100,6,3031,505.166666666667,0.333333333333333,0,0,0.0412371134020619,0.0202020202020202,0.00336700336700337,0,0,0,"loan_req","primary_kin","SM"
"smsu041","SM",0,4,3,95,3,99,100,3,2200.6,733.533333333333,1.33333333333333,0,0,0.0315789473684211,0.0404040404040404,0.0134680134680135,0,0,0,"loan_req","primary_kin","SM"
"smsu042","SM",1,3,5,96,6,99,100,5,2348,469.6,0.6,0.2,0.333333333333333,0.0520833333333333,0.0303030303030303,0.00606060606060606,0.166666666666667,0.0333333333333333,6.4,"loan_req","primary_kin","SM"
"smsu043","SM",0,4,7,95,7,99,100,5,1986.8,397.36,0.8,0,0,0.0736842105263158,0.0404040404040404,0.00808080808080808,0,0,0,"loan_req","primary_kin","SM"
"smsu044","SM",1,1,13,98,14,99,100,6,804,134,0.166666666666667,0.166666666666667,1,0.13265306122449,0.0101010101010101,0.00168350168350168,0.0714285714285714,0.0119047619047619,7.53846153846154,"loan_req","primary_kin","SM"
"smsu045","SM",0,1,13,98,13,99,100,4,496.6,124.15,0.25,0,0,0.13265306122449,0.0101010101010101,0.00252525252525253,0,0,0,"loan_req","primary_kin","SM"
"smsu046","SM",0,2,0,97,0,99,100,5,1821.2,364.24,0.4,0,0,0,0.0202020202020202,0.00404040404040404,NA,NA,NA,"loan_req","primary_kin","SM"
"smsu047","SM",1,2,6,97,7,99,100,5,4280.2,856.04,0.4,0.2,0.5,0.0618556701030928,0.0202020202020202,0.00404040404040404,0.142857142857143,0.0285714285714286,8.08333333333333,"loan_req","primary_kin","SM"
"smsu048","SM",0,2,6,97,6,99,100,5,2620.2,524.04,0.4,0,0,0.0618556701030928,0.0202020202020202,0.00404040404040404,0,0,0,"loan_req","primary_kin","SM"
"smsu049","SM",0,2,4,97,4,99,100,3,1189.6,396.533333333333,0.666666666666667,0,0,0.0412371134020619,0.0202020202020202,0.00673400673400673,0,0,0,"loan_req","primary_kin","SM"
"smsu050","SM",0,1,9,98,9,99,100,3,1979.2,659.733333333333,0.333333333333333,0,0,0.0918367346938776,0.0101010101010101,0.00336700336700337,0,0,0,"loan_req","primary_kin","SM"
"smsu051","SM",0,2,11,97,11,99,100,5,2385,477,0.4,0,0,0.11340206185567,0.0202020202020202,0.00404040404040404,0,0,0,"loan_req","primary_kin","SM"
"smsu052","SM",0,2,9,97,9,99,100,5,956,191.2,0.4,0,0,0.0927835051546392,0.0202020202020202,0.00404040404040404,0,0,0,"loan_req","primary_kin","SM"
"smsu053","SM",1,6,4,93,5,99,100,6,3965,660.833333333333,1,0.166666666666667,0.166666666666667,0.043010752688172,0.0606060606060606,0.0101010101010101,0.2,0.0333333333333333,3.875,"loan_req","primary_kin","SM"
"smsu054","SM",0,2,3,97,3,99,100,6,2622,437,0.333333333333333,0,0,0.0309278350515464,0.0202020202020202,0.00336700336700337,0,0,0,"loan_req","primary_kin","SM"
"smsu055","SM",0,0,10,99,10,99,100,6,2952.2,492.033333333333,0,0,NA,0.101010101010101,0,0,0,0,NA,"loan_req","primary_kin","SM"
"smsu056","SM",0,3,7,96,7,99,100,7,968.2,138.314285714286,0.428571428571429,0,0,0.0729166666666667,0.0303030303030303,0.00432900432900433,0,0,0,"loan_req","primary_kin","SM"
"smsu057","SM",0,3,9,96,9,99,100,5,3231,646.2,0.6,0,0,0.09375,0.0303030303030303,0.00606060606060606,0,0,0,"loan_req","primary_kin","SM"
"smsu058","SM",0,2,2,97,2,99,100,5,3001.6,600.32,0.4,0,0,0.0206185567010309,0.0202020202020202,0.00404040404040404,0,0,0,"loan_req","primary_kin","SM"
"smsu059","SM",0,2,3,97,3,99,100,3,1883,627.666666666667,0.666666666666667,0,0,0.0309278350515464,0.0202020202020202,0.00673400673400673,0,0,0,"loan_req","primary_kin","SM"
"smsu060","SM",0,4,9,95,9,99,100,7,3673,524.714285714286,0.571428571428571,0,0,0.0947368421052632,0.0404040404040404,0.00577200577200577,0,0,0,"loan_req","primary_kin","SM"
"smsu061","SM",0,2,3,97,3,99,100,4,2846.6,711.65,0.5,0,0,0.0309278350515464,0.0202020202020202,0.00505050505050505,0,0,0,"loan_req","primary_kin","SM"
"smsu062","SM",0,2,7,97,7,99,100,4,1748.6,437.15,0.5,0,0,0.0721649484536082,0.0202020202020202,0.00505050505050505,0,0,0,"loan_req","primary_kin","SM"
"smsu063","SM",0,1,2,98,2,99,100,5,1671.6,334.32,0.2,0,0,0.0204081632653061,0.0101010101010101,0.00202020202020202,0,0,0,"loan_req","primary_kin","SM"
"smsu064","SM",0,1,4,98,4,99,100,3,2160,720,0.333333333333333,0,0,0.0408163265306122,0.0101010101010101,0.00336700336700337,0,0,0,"loan_req","primary_kin","SM"
"smsu065","SM",0,3,12,96,12,99,100,5,910,182,0.6,0,0,0.125,0.0303030303030303,0.00606060606060606,0,0,0,"loan_req","primary_kin","SM"
"smsu066","SM",0,3,3,96,3,99,100,3,2907,969,1,0,0,0.03125,0.0303030303030303,0.0101010101010101,0,0,0,"loan_req","primary_kin","SM"
"smsu067","SM",1,2,6,97,7,99,100,7,1810.6,258.657142857143,0.285714285714286,0.142857142857143,0.5,0.0618556701030928,0.0202020202020202,0.00288600288600289,0.142857142857143,0.0204081632653061,8.08333333333333,"loan_req","primary_kin","SM"
"smsu068","SM",0,4,4,95,4,99,100,3,4634,1544.66666666667,1.33333333333333,0,0,0.0421052631578947,0.0404040404040404,0.0134680134680135,0,0,0,"loan_req","primary_kin","SM"
"smsu069","SM",0,1,3,98,3,99,100,6,395.6,65.9333333333333,0.166666666666667,0,0,0.0306122448979592,0.0101010101010101,0.00168350168350168,0,0,0,"loan_req","primary_kin","SM"
"smsu070","SM",1,2,4,97,5,99,100,6,6160.6,1026.76666666667,0.333333333333333,0.166666666666667,0.5,0.0412371134020619,0.0202020202020202,0.00336700336700337,0.2,0.0333333333333333,12.125,"loan_req","primary_kin","SM"
"smsu071","SM",1,4,5,95,6,99,100,5,1376,275.2,0.8,0.2,0.25,0.0526315789473684,0.0404040404040404,0.00808080808080808,0.166666666666667,0.0333333333333333,4.75,"loan_req","primary_kin","SM"
"smsu072","SM",0,2,7,97,7,99,100,4,2077.2,519.3,0.5,0,0,0.0721649484536082,0.0202020202020202,0.00505050505050505,0,0,0,"loan_req","primary_kin","SM"
"smsu073","SM",0,2,3,97,3,99,100,3,4405.8,1468.6,0.666666666666667,0,0,0.0309278350515464,0.0202020202020202,0.00673400673400673,0,0,0,"loan_req","primary_kin","SM"
"smsu074","SM",0,1,11,98,11,99,100,4,2508.2,627.05,0.25,0,0,0.112244897959184,0.0101010101010101,0.00252525252525253,0,0,0,"loan_req","primary_kin","SM"
"smsu075","SM",0,3,12,96,12,99,100,7,2496.8,356.685714285714,0.428571428571429,0,0,0.125,0.0303030303030303,0.00432900432900433,0,0,0,"loan_req","primary_kin","SM"
"smsu076","SM",0,3,6,96,6,99,100,7,670,95.7142857142857,0.428571428571429,0,0,0.0625,0.0303030303030303,0.00432900432900433,0,0,0,"loan_req","primary_kin","SM"
"smsu077","SM",1,5,4,94,5,99,100,5,6092,1218.4,1,0.2,0.2,0.0425531914893617,0.0505050505050505,0.0101010101010101,0.2,0.04,4.7,"loan_req","primary_kin","SM"
"smsu078","SM",0,1,4,98,4,99,100,4,3154.2,788.55,0.25,0,0,0.0408163265306122,0.0101010101010101,0.00252525252525253,0,0,0,"loan_req","primary_kin","SM"
"smsu079","SM",0,3,5,96,5,99,100,7,4164,594.857142857143,0.428571428571429,0,0,0.0520833333333333,0.0303030303030303,0.00432900432900433,0,0,0,"loan_req","primary_kin","SM"
"smsu080","SM",0,1,6,98,6,99,100,4,1439,359.75,0.25,0,0,0.0612244897959184,0.0101010101010101,0.00252525252525253,0,0,0,"loan_req","primary_kin","SM"
"smsu081","SM",0,2,4,97,4,99,100,6,2253.6,375.6,0.333333333333333,0,0,0.0412371134020619,0.0202020202020202,0.00336700336700337,0,0,0,"loan_req","primary_kin","SM"
"smsu082","SM",0,4,4,95,4,99,100,3,849.8,283.266666666667,1.33333333333333,0,0,0.0421052631578947,0.0404040404040404,0.0134680134680135,0,0,0,"loan_req","primary_kin","SM"
"smsu083","SM",0,1,4,98,4,99,100,3,3770,1256.66666666667,0.333333333333333,0,0,0.0408163265306122,0.0101010101010101,0.00336700336700337,0,0,0,"loan_req","primary_kin","SM"
"smsu084","SM",0,4,6,95,6,99,100,4,5449,1362.25,1,0,0,0.0631578947368421,0.0404040404040404,0.0101010101010101,0,0,0,"loan_req","primary_kin","SM"
"smsu085","SM",0,3,12,96,12,99,100,5,2886.2,577.24,0.6,0,0,0.125,0.0303030303030303,0.00606060606060606,0,0,0,"loan_req","primary_kin","SM"
"smsu086","SM",0,2,14,97,14,99,100,6,2650.6,441.766666666667,0.333333333333333,0,0,0.144329896907216,0.0202020202020202,0.00336700336700337,0,0,0,"loan_req","primary_kin","SM"
"smsu087","SM",0,1,4,98,4,99,100,3,3232,1077.33333333333,0.333333333333333,0,0,0.0408163265306122,0.0101010101010101,0.00336700336700337,0,0,0,"loan_req","primary_kin","SM"
"smsu088","SM",0,4,5,95,5,99,100,3,1344.6,448.2,1.33333333333333,0,0,0.0526315789473684,0.0404040404040404,0.0134680134680135,0,0,0,"loan_req","primary_kin","SM"
"smsu089","SM",1,1,6,98,7,99,100,7,3185,455,0.142857142857143,0.142857142857143,1,0.0612244897959184,0.0101010101010101,0.00144300144300144,0.142857142857143,0.0204081632653061,16.3333333333333,"loan_req","primary_kin","SM"
"smsu090","SM",0,2,4,97,4,99,100,7,609.6,87.0857142857143,0.285714285714286,0,0,0.0412371134020619,0.0202020202020202,0.00288600288600289,0,0,0,"loan_req","primary_kin","SM"
"smsu091","SM",0,1,2,98,2,99,100,6,5777,962.833333333333,0.166666666666667,0,0,0.0204081632653061,0.0101010101010101,0.00168350168350168,0,0,0,"loan_req","primary_kin","SM"
"smsu092","SM",0,3,2,96,2,99,100,4,1826.6,456.65,0.75,0,0,0.0208333333333333,0.0303030303030303,0.00757575757575758,0,0,0,"loan_req","primary_kin","SM"
"smsu093","SM",0,3,10,96,10,99,100,4,1200,300,0.75,0,0,0.104166666666667,0.0303030303030303,0.00757575757575758,0,0,0,"loan_req","primary_kin","SM"
"smsu094","SM",0,1,5,98,5,99,100,3,2658,886,0.333333333333333,0,0,0.0510204081632653,0.0101010101010101,0.00336700336700337,0,0,0,"loan_req","primary_kin","SM"
"smsu095","SM",0,1,4,98,4,99,100,5,3604.6,720.92,0.2,0,0,0.0408163265306122,0.0101010101010101,0.00202020202020202,0,0,0,"loan_req","primary_kin","SM"
"smsu096","SM",0,2,5,97,5,99,100,4,2301,575.25,0.5,0,0,0.0515463917525773,0.0202020202020202,0.00505050505050505,0,0,0,"loan_req","primary_kin","SM"
"smsu097","SM",0,3,1,96,1,99,100,6,3253,542.166666666667,0.5,0,0,0.0104166666666667,0.0303030303030303,0.00505050505050505,0,0,0,"loan_req","primary_kin","SM"
"smsu098","SM",0,2,5,97,5,99,100,5,3177.2,635.44,0.4,0,0,0.0515463917525773,0.0202020202020202,0.00404040404040404,0,0,0,"loan_req","primary_kin","SM"
"smsu099","SM",0,2,9,97,9,99,100,6,621,103.5,0.333333333333333,0,0,0.0927835051546392,0.0202020202020202,0.00336700336700337,0,0,0,"loan_req","primary_kin","SM"
"smsu100","SM",0,1,9,98,9,99,100,5,673.6,134.72,0.2,0,0,0.0918367346938776,0.0101010101010101,0.00202020202020202,0,0,0,"loan_req","primary_kin","SM"
"egsu001","EG",0,4,8,55,8,59,60,6,4266.6,711.1,0.666666666666667,0,0,0.145454545454545,0.0677966101694915,0.0112994350282486,0,0,0,"loan_giv","primary_kin","EG"
"egsu002","EG",0,4,7,55,7,59,60,4,2144,536,1,0,0,0.127272727272727,0.0677966101694915,0.0169491525423729,0,0,0,"loan_giv","primary_kin","EG"
"egsu003","EG",0,2,7,57,7,59,60,7,4821.6,688.8,0.285714285714286,0,0,0.12280701754386,0.0338983050847458,0.00484261501210654,0,0,0,"loan_giv","primary_kin","EG"
"egsu004","EG",2,5,5,54,7,59,60,7,494,70.5714285714286,0.714285714285714,0.285714285714286,0.4,0.0925925925925926,0.0847457627118644,0.0121065375302663,0.285714285714286,0.0408163265306122,4.32,"loan_giv","primary_kin","EG"
"egsu005","EG",1,3,9,56,10,59,60,5,1068,213.6,0.6,0.2,0.333333333333333,0.160714285714286,0.0508474576271186,0.0101694915254237,0.1,0.02,2.07407407407407,"loan_giv","primary_kin","EG"
"egsu006","EG",0,1,5,58,5,59,60,5,2355,471,0.2,0,0,0.0862068965517241,0.0169491525423729,0.00338983050847458,0,0,0,"loan_giv","primary_kin","EG"
"egsu007","EG",1,2,6,57,7,59,60,7,3493,499,0.285714285714286,0.142857142857143,0.5,0.105263157894737,0.0338983050847458,0.00484261501210654,0.142857142857143,0.0204081632653061,4.75,"loan_giv","primary_kin","EG"
"egsu008","EG",0,4,6,55,6,59,60,5,4806,961.2,0.8,0,0,0.109090909090909,0.0677966101694915,0.0135593220338983,0,0,0,"loan_giv","primary_kin","EG"
"egsu009","EG",1,1,4,58,5,59,60,4,1642.6,410.65,0.25,0.25,1,0.0689655172413793,0.0169491525423729,0.00423728813559322,0.2,0.05,14.5,"loan_giv","primary_kin","EG"
"egsu010","EG",0,4,8,55,8,59,60,5,2292.6,458.52,0.8,0,0,0.145454545454545,0.0677966101694915,0.0135593220338983,0,0,0,"loan_giv","primary_kin","EG"
"egsu011","EG",0,1,5,58,5,59,60,3,3093.6,1031.2,0.333333333333333,0,0,0.0862068965517241,0.0169491525423729,0.00564971751412429,0,0,0,"loan_giv","primary_kin","EG"
"egsu012","EG",0,3,2,56,2,59,60,3,780,260,1,0,0,0.0357142857142857,0.0508474576271186,0.0169491525423729,0,0,0,"loan_giv","primary_kin","EG"
"egsu013","EG",0,1,5,58,5,59,60,5,3031,606.2,0.2,0,0,0.0862068965517241,0.0169491525423729,0.00338983050847458,0,0,0,"loan_giv","primary_kin","EG"
"egsu014","EG",0,2,5,57,5,59,60,5,934,186.8,0.4,0,0,0.087719298245614,0.0338983050847458,0.00677966101694915,0,0,0,"loan_giv","primary_kin","EG"
"egsu015","EG",0,1,5,58,5,59,60,5,4019.6,803.92,0.2,0,0,0.0862068965517241,0.0169491525423729,0.00338983050847458,0,0,0,"loan_giv","primary_kin","EG"
"egsu016","EG",0,3,6,56,6,59,60,7,1592.6,227.514285714286,0.428571428571429,0,0,0.107142857142857,0.0508474576271186,0.00726392251815981,0,0,0,"loan_giv","primary_kin","EG"
"egsu017","EG",0,2,10,57,10,59,60,5,3001,600.2,0.4,0,0,0.175438596491228,0.0338983050847458,0.00677966101694915,0,0,0,"loan_giv","primary_kin","EG"
"egsu018","EG",0,6,6,53,6,59,60,7,2192,313.142857142857,0.857142857142857,0,0,0.113207547169811,0.101694915254237,0.0145278450363196,0,0,0,"loan_giv","primary_kin","EG"
"egsu019","EG",0,3,7,56,7,59,60,3,4701,1567,1,0,0,0.125,0.0508474576271186,0.0169491525423729,0,0,0,"loan_giv","primary_kin","EG"
"egsu020","EG",0,1,3,58,3,59,60,5,1875.6,375.12,0.2,0,0,0.0517241379310345,0.0169491525423729,0.00338983050847458,0,0,0,"loan_giv","primary_kin","EG"
"egsu021","EG",1,2,8,57,9,59,60,6,3349,558.166666666667,0.333333333333333,0.166666666666667,0.5,0.140350877192982,0.0338983050847458,0.00564971751412429,0.111111111111111,0.0185185185185185,3.5625,"loan_giv","primary_kin","EG"
"egsu022","EG",0,3,3,56,3,59,60,4,827,206.75,0.75,0,0,0.0535714285714286,0.0508474576271186,0.0127118644067797,0,0,0,"loan_giv","primary_kin","EG"
"egsu023","EG",0,4,4,55,4,59,60,3,1603.6,534.533333333333,1.33333333333333,0,0,0.0727272727272727,0.0677966101694915,0.0225988700564972,0,0,0,"loan_giv","primary_kin","EG"
"egsu024","EG",0,2,3,57,3,59,60,3,6942,2314,0.666666666666667,0,0,0.0526315789473684,0.0338983050847458,0.0112994350282486,0,0,0,"loan_giv","primary_kin","EG"
"egsu025","EG",1,3,4,56,5,59,60,3,4155,1385,1,0.333333333333333,0.333333333333333,0.0714285714285714,0.0508474576271186,0.0169491525423729,0.2,0.0666666666666667,4.66666666666667,"loan_giv","primary_kin","EG"
"egsu026","EG",0,1,3,58,3,59,60,5,2793,558.6,0.2,0,0,0.0517241379310345,0.0169491525423729,0.00338983050847458,0,0,0,"loan_giv","primary_kin","EG"
"egsu027","EG",0,1,4,58,4,59,60,4,1723,430.75,0.25,0,0,0.0689655172413793,0.0169491525423729,0.00423728813559322,0,0,0,"loan_giv","primary_kin","EG"
"egsu028","EG",0,1,9,58,9,59,60,6,264.2,44.0333333333333,0.166666666666667,0,0,0.155172413793103,0.0169491525423729,0.00282485875706215,0,0,0,"loan_giv","primary_kin","EG"
"egsu029","EG",0,1,8,58,8,59,60,7,609.2,87.0285714285714,0.142857142857143,0,0,0.137931034482759,0.0169491525423729,0.00242130750605327,0,0,0,"loan_giv","primary_kin","EG"
"egsu030","EG",0,1,3,58,3,59,60,3,2977,992.333333333333,0.333333333333333,0,0,0.0517241379310345,0.0169491525423729,0.00564971751412429,0,0,0,"loan_giv","primary_kin","EG"
"egsu031","EG",0,3,5,56,5,59,60,5,2813.2,562.64,0.6,0,0,0.0892857142857143,0.0508474576271186,0.0101694915254237,0,0,0,"loan_giv","primary_kin","EG"
"egsu032","EG",1,3,11,56,12,59,60,6,3550,591.666666666667,0.5,0.166666666666667,0.333333333333333,0.196428571428571,0.0508474576271186,0.00847457627118644,0.0833333333333333,0.0138888888888889,1.6969696969697,"loan_giv","primary_kin","EG"
"egsu033","EG",1,1,7,58,8,59,60,5,2542.6,508.52,0.2,0.2,1,0.120689655172414,0.0169491525423729,0.00338983050847458,0.125,0.025,8.28571428571428,"loan_giv","primary_kin","EG"
"egsu034","EG",0,4,7,55,7,59,60,3,1328.8,442.933333333333,1.33333333333333,0,0,0.127272727272727,0.0677966101694915,0.0225988700564972,0,0,0,"loan_giv","primary_kin","EG"
"egsu035","EG",0,1,9,58,9,59,60,5,4859,971.8,0.2,0,0,0.155172413793103,0.0169491525423729,0.00338983050847458,0,0,0,"loan_giv","primary_kin","EG"
"egsu036","EG",1,1,4,58,5,59,60,3,2867.6,955.866666666667,0.333333333333333,0.333333333333333,1,0.0689655172413793,0.0169491525423729,0.00564971751412429,0.2,0.0666666666666667,14.5,"loan_giv","primary_kin","EG"
"egsu037","EG",0,3,2,56,2,59,60,3,3852.8,1284.26666666667,1,0,0,0.0357142857142857,0.0508474576271186,0.0169491525423729,0,0,0,"loan_giv","primary_kin","EG"
"egsu038","EG",1,1,12,58,13,59,60,7,1392.6,198.942857142857,0.142857142857143,0.142857142857143,1,0.206896551724138,0.0169491525423729,0.00242130750605327,0.0769230769230769,0.010989010989011,4.83333333333333,"loan_giv","primary_kin","EG"
"egsu039","EG",0,4,4,55,4,59,60,3,2142,714,1.33333333333333,0,0,0.0727272727272727,0.0677966101694915,0.0225988700564972,0,0,0,"loan_giv","primary_kin","EG"
"egsu040","EG",1,3,6,56,7,59,60,6,1878.8,313.133333333333,0.5,0.166666666666667,0.333333333333333,0.107142857142857,0.0508474576271186,0.00847457627118644,0.142857142857143,0.0238095238095238,3.11111111111111,"loan_giv","primary_kin","EG"
"egsu041","EG",0,0,5,59,5,59,60,3,2127.6,709.2,0,0,NA,0.0847457627118644,0,0,0,0,NA,"loan_giv","primary_kin","EG"
"egsu042","EG",1,3,4,56,5,59,60,6,634.6,105.766666666667,0.5,0.166666666666667,0.333333333333333,0.0714285714285714,0.0508474576271186,0.00847457627118644,0.2,0.0333333333333333,4.66666666666667,"loan_giv","primary_kin","EG"
"egsu043","EG",2,7,8,52,10,59,60,4,1585.2,396.3,1.75,0.5,0.285714285714286,0.153846153846154,0.11864406779661,0.0296610169491525,0.2,0.05,1.85714285714286,"loan_giv","primary_kin","EG"
"egsu044","EG",0,2,5,57,5,59,60,4,2238.8,559.7,0.5,0,0,0.087719298245614,0.0338983050847458,0.00847457627118644,0,0,0,"loan_giv","primary_kin","EG"
"egsu045","EG",0,3,8,56,8,59,60,5,2421,484.2,0.6,0,0,0.142857142857143,0.0508474576271186,0.0101694915254237,0,0,0,"loan_giv","primary_kin","EG"
"egsu046","EG",0,1,10,58,10,59,60,3,1830,610,0.333333333333333,0,0,0.172413793103448,0.0169491525423729,0.00564971751412429,0,0,0,"loan_giv","primary_kin","EG"
"egsu047","EG",0,5,5,54,5,59,60,3,2739.6,913.2,1.66666666666667,0,0,0.0925925925925926,0.0847457627118644,0.0282485875706215,0,0,0,"loan_giv","primary_kin","EG"
"egsu048","EG",0,3,4,56,4,59,60,4,4753.2,1188.3,0.75,0,0,0.0714285714285714,0.0508474576271186,0.0127118644067797,0,0,0,"loan_giv","primary_kin","EG"
"egsu049","EG",0,2,3,57,3,59,60,6,538.6,89.7666666666667,0.333333333333333,0,0,0.0526315789473684,0.0338983050847458,0.00564971751412429,0,0,0,"loan_giv","primary_kin","EG"
"egsu050","EG",0,1,7,58,7,59,60,5,3703,740.6,0.2,0,0,0.120689655172414,0.0169491525423729,0.00338983050847458,0,0,0,"loan_giv","primary_kin","EG"
"egsu051","EG",0,4,7,55,7,59,60,7,1771.6,253.085714285714,0.571428571428571,0,0,0.127272727272727,0.0677966101694915,0.00968523002421307,0,0,0,"loan_giv","primary_kin","EG"
"egsu052","EG",1,3,6,56,7,59,60,7,801.6,114.514285714286,0.428571428571429,0.142857142857143,0.333333333333333,0.107142857142857,0.0508474576271186,0.00726392251815981,0.142857142857143,0.0204081632653061,3.11111111111111,"loan_giv","primary_kin","EG"
"egsu053","EG",0,2,3,57,3,59,60,6,3997.2,666.2,0.333333333333333,0,0,0.0526315789473684,0.0338983050847458,0.00564971751412429,0,0,0,"loan_giv","primary_kin","EG"
"egsu054","EG",0,1,7,58,7,59,60,7,3863,551.857142857143,0.142857142857143,0,0,0.120689655172414,0.0169491525423729,0.00242130750605327,0,0,0,"loan_giv","primary_kin","EG"
"egsu055","EG",0,2,6,57,6,59,60,5,2177.6,435.52,0.4,0,0,0.105263157894737,0.0338983050847458,0.00677966101694915,0,0,0,"loan_giv","primary_kin","EG"
"egsu056","EG",1,4,3,55,4,59,60,5,5283,1056.6,0.8,0.2,0.25,0.0545454545454545,0.0677966101694915,0.0135593220338983,0.25,0.05,4.58333333333333,"loan_giv","primary_kin","EG"
"egsu057","EG",0,2,4,57,4,59,60,3,2256.6,752.2,0.666666666666667,0,0,0.0701754385964912,0.0338983050847458,0.0112994350282486,0,0,0,"loan_giv","primary_kin","EG"
"egsu058","EG",0,1,13,58,13,59,60,7,4654.6,664.942857142857,0.142857142857143,0,0,0.224137931034483,0.0169491525423729,0.00242130750605327,0,0,0,"loan_giv","primary_kin","EG"
"egsu059","EG",0,1,9,58,9,59,60,5,3104.2,620.84,0.2,0,0,0.155172413793103,0.0169491525423729,0.00338983050847458,0,0,0,"loan_giv","primary_kin","EG"
"egsu060","EG",0,3,1,56,1,59,60,5,2399.8,479.96,0.6,0,0,0.0178571428571429,0.0508474576271186,0.0101694915254237,0,0,0,"loan_giv","primary_kin","EG"
"exsu001","EX",0,5,6,64,6,69,70,7,3039.6,434.228571428571,0.714285714285714,0,0,0.09375,0.072463768115942,0.010351966873706,0,0,0,"loan_giv","primary_kin","EX"
"exsu002","EX",0,5,3,64,3,69,70,3,2089,696.333333333333,1.66666666666667,0,0,0.046875,0.072463768115942,0.0241545893719807,0,0,0,"loan_giv","primary_kin","EX"
"exsu003","EX",0,3,3,66,3,69,70,5,990,198,0.6,0,0,0.0454545454545455,0.0434782608695652,0.00869565217391304,0,0,0,"loan_giv","primary_kin","EX"
"exsu004","EX",0,4,9,65,9,69,70,3,5493.6,1831.2,1.33333333333333,0,0,0.138461538461538,0.0579710144927536,0.0193236714975845,0,0,0,"loan_giv","primary_kin","EX"
"exsu005","EX",0,1,6,68,6,69,70,3,3065.2,1021.73333333333,0.333333333333333,0,0,0.0882352941176471,0.0144927536231884,0.00483091787439614,0,0,0,"loan_giv","primary_kin","EX"
"exsu006","EX",0,3,8,66,8,69,70,7,6047.6,863.942857142857,0.428571428571429,0,0,0.121212121212121,0.0434782608695652,0.0062111801242236,0,0,0,"loan_giv","primary_kin","EX"
"exsu007","EX",1,3,9,66,10,69,70,7,1989,284.142857142857,0.428571428571429,0.142857142857143,0.333333333333333,0.136363636363636,0.0434782608695652,0.0062111801242236,0.1,0.0142857142857143,2.44444444444444,"loan_giv","primary_kin","EX"
"exsu008","EX",0,2,6,67,6,69,70,5,3437,687.4,0.4,0,0,0.0895522388059701,0.0289855072463768,0.00579710144927536,0,0,0,"loan_giv","primary_kin","EX"
"exsu009","EX",0,3,9,66,9,69,70,5,1999.6,399.92,0.6,0,0,0.136363636363636,0.0434782608695652,0.00869565217391304,0,0,0,"loan_giv","primary_kin","EX"
"exsu010","EX",0,3,5,66,5,69,70,4,1860,465,0.75,0,0,0.0757575757575758,0.0434782608695652,0.0108695652173913,0,0,0,"loan_giv","primary_kin","EX"
"exsu011","EX",0,2,6,67,6,69,70,6,1969.2,328.2,0.333333333333333,0,0,0.0895522388059701,0.0289855072463768,0.00483091787439614,0,0,0,"loan_giv","primary_kin","EX"
"exsu012","EX",0,1,7,68,7,69,70,4,1686.6,421.65,0.25,0,0,0.102941176470588,0.0144927536231884,0.0036231884057971,0,0,0,"loan_giv","primary_kin","EX"
"exsu013","EX",0,2,3,67,3,69,70,7,4188,598.285714285714,0.285714285714286,0,0,0.0447761194029851,0.0289855072463768,0.0041407867494824,0,0,0,"loan_giv","primary_kin","EX"
"exsu014","EX",1,4,4,65,5,69,70,7,2161,308.714285714286,0.571428571428571,0.142857142857143,0.25,0.0615384615384615,0.0579710144927536,0.0082815734989648,0.2,0.0285714285714286,4.0625,"loan_giv","primary_kin","EX"
"exsu015","EX",0,1,7,68,7,69,70,4,407,101.75,0.25,0,0,0.102941176470588,0.0144927536231884,0.0036231884057971,0,0,0,"loan_giv","primary_kin","EX"
"exsu016","EX",0,3,9,66,9,69,70,6,1607,267.833333333333,0.5,0,0,0.136363636363636,0.0434782608695652,0.0072463768115942,0,0,0,"loan_giv","primary_kin","EX"
"exsu017","EX",0,2,2,67,2,69,70,4,4368.2,1092.05,0.5,0,0,0.0298507462686567,0.0289855072463768,0.0072463768115942,0,0,0,"loan_giv","primary_kin","EX"
"exsu018","EX",1,3,8,66,9,69,70,3,3123,1041,1,0.333333333333333,0.333333333333333,0.121212121212121,0.0434782608695652,0.0144927536231884,0.111111111111111,0.037037037037037,2.75,"loan_giv","primary_kin","EX"
"exsu019","EX",0,2,14,67,14,69,70,7,1626.6,232.371428571429,0.285714285714286,0,0,0.208955223880597,0.0289855072463768,0.0041407867494824,0,0,0,"loan_giv","primary_kin","EX"
"exsu020","EX",0,3,4,66,4,69,70,5,3081,616.2,0.6,0,0,0.0606060606060606,0.0434782608695652,0.00869565217391304,0,0,0,"loan_giv","primary_kin","EX"
"exsu021","EX",0,3,6,66,6,69,70,5,2349.6,469.92,0.6,0,0,0.0909090909090909,0.0434782608695652,0.00869565217391304,0,0,0,"loan_giv","primary_kin","EX"
"exsu022","EX",0,2,4,67,4,69,70,7,759,108.428571428571,0.285714285714286,0,0,0.0597014925373134,0.0289855072463768,0.0041407867494824,0,0,0,"loan_giv","primary_kin","EX"
"exsu023","EX",0,1,7,68,7,69,70,6,1118,186.333333333333,0.166666666666667,0,0,0.102941176470588,0.0144927536231884,0.00241545893719807,0,0,0,"loan_giv","primary_kin","EX"
"exsu024","EX",0,1,2,68,2,69,70,6,1522,253.666666666667,0.166666666666667,0,0,0.0294117647058824,0.0144927536231884,0.00241545893719807,0,0,0,"loan_giv","primary_kin","EX"
"exsu025","EX",0,6,9,63,9,69,70,6,4654.6,775.766666666667,1,0,0,0.142857142857143,0.0869565217391304,0.0144927536231884,0,0,0,"loan_giv","primary_kin","EX"
"exsu026","EX",0,1,9,68,9,69,70,6,1421.6,236.933333333333,0.166666666666667,0,0,0.132352941176471,0.0144927536231884,0.00241545893719807,0,0,0,"loan_giv","primary_kin","EX"
"exsu027","EX",0,2,7,67,7,69,70,7,3225.6,460.8,0.285714285714286,0,0,0.104477611940299,0.0289855072463768,0.0041407867494824,0,0,0,"loan_giv","primary_kin","EX"
"exsu028","EX",0,4,6,65,6,69,70,3,1498,499.333333333333,1.33333333333333,0,0,0.0923076923076923,0.0579710144927536,0.0193236714975845,0,0,0,"loan_giv","primary_kin","EX"
"exsu029","EX",0,1,5,68,5,69,70,5,1826.8,365.36,0.2,0,0,0.0735294117647059,0.0144927536231884,0.00289855072463768,0,0,0,"loan_giv","primary_kin","EX"
"exsu030","EX",0,1,2,68,2,69,70,6,3297,549.5,0.166666666666667,0,0,0.0294117647058824,0.0144927536231884,0.00241545893719807,0,0,0,"loan_giv","primary_kin","EX"
"exsu031","EX",0,5,7,64,7,69,70,7,945.2,135.028571428571,0.714285714285714,0,0,0.109375,0.072463768115942,0.010351966873706,0,0,0,"loan_giv","primary_kin","EX"
"exsu032","EX",0,1,7,68,7,69,70,3,1461,487,0.333333333333333,0,0,0.102941176470588,0.0144927536231884,0.00483091787439614,0,0,0,"loan_giv","primary_kin","EX"
"exsu033","EX",0,2,4,67,4,69,70,6,1781.2,296.866666666667,0.333333333333333,0,0,0.0597014925373134,0.0289855072463768,0.00483091787439614,0,0,0,"loan_giv","primary_kin","EX"
"exsu034","EX",0,3,1,66,1,69,70,4,2898.6,724.65,0.75,0,0,0.0151515151515152,0.0434782608695652,0.0108695652173913,0,0,0,"loan_giv","primary_kin","EX"
"exsu035","EX",0,2,10,67,10,69,70,7,1402.6,200.371428571429,0.285714285714286,0,0,0.149253731343284,0.0289855072463768,0.0041407867494824,0,0,0,"loan_giv","primary_kin","EX"
"exsu036","EX",1,3,5,66,6,69,70,6,4938,823,0.5,0.166666666666667,0.333333333333333,0.0757575757575758,0.0434782608695652,0.0072463768115942,0.166666666666667,0.0277777777777778,4.4,"loan_giv","primary_kin","EX"
"exsu037","EX",0,1,11,68,11,69,70,5,2089,417.8,0.2,0,0,0.161764705882353,0.0144927536231884,0.00289855072463768,0,0,0,"loan_giv","primary_kin","EX"
"exsu038","EX",1,4,9,65,10,69,70,6,2700.6,450.1,0.666666666666667,0.166666666666667,0.25,0.138461538461538,0.0579710144927536,0.00966183574879227,0.1,0.0166666666666667,1.80555555555556,"loan_giv","primary_kin","EX"
"exsu039","EX",0,2,7,67,7,69,70,5,829.8,165.96,0.4,0,0,0.104477611940299,0.0289855072463768,0.00579710144927536,0,0,0,"loan_giv","primary_kin","EX"
"exsu040","EX",0,1,5,68,5,69,70,7,4904,700.571428571429,0.142857142857143,0,0,0.0735294117647059,0.0144927536231884,0.0020703933747412,0,0,0,"loan_giv","primary_kin","EX"
"exsu041","EX",0,2,2,67,2,69,70,5,6487.8,1297.56,0.4,0,0,0.0298507462686567,0.0289855072463768,0.00579710144927536,0,0,0,"loan_giv","primary_kin","EX"
"exsu042","EX",1,2,5,67,6,69,70,6,3818.6,636.433333333333,0.333333333333333,0.166666666666667,0.5,0.0746268656716418,0.0289855072463768,0.00483091787439614,0.166666666666667,0.0277777777777778,6.7,"loan_giv","primary_kin","EX"
"exsu043","EX",0,2,10,67,10,69,70,3,2621,873.666666666667,0.666666666666667,0,0,0.149253731343284,0.0289855072463768,0.00966183574879227,0,0,0,"loan_giv","primary_kin","EX"
"exsu044","EX",0,4,4,65,4,69,70,6,1032,172,0.666666666666667,0,0,0.0615384615384615,0.0579710144927536,0.00966183574879227,0,0,0,"loan_giv","primary_kin","EX"
"exsu045","EX",0,1,2,68,2,69,70,6,1933,322.166666666667,0.166666666666667,0,0,0.0294117647058824,0.0144927536231884,0.00241545893719807,0,0,0,"loan_giv","primary_kin","EX"
"exsu046","EX",0,2,5,67,5,69,70,7,494,70.5714285714286,0.285714285714286,0,0,0.0746268656716418,0.0289855072463768,0.0041407867494824,0,0,0,"loan_giv","primary_kin","EX"
"exsu047","EX",0,3,6,66,6,69,70,3,943.2,314.4,1,0,0,0.0909090909090909,0.0434782608695652,0.0144927536231884,0,0,0,"loan_giv","primary_kin","EX"
"exsu048","EX",0,1,4,68,4,69,70,6,2850,475,0.166666666666667,0,0,0.0588235294117647,0.0144927536231884,0.00241545893719807,0,0,0,"loan_giv","primary_kin","EX"
"exsu049","EX",0,2,7,67,7,69,70,4,1072,268,0.5,0,0,0.104477611940299,0.0289855072463768,0.0072463768115942,0,0,0,"loan_giv","primary_kin","EX"
"exsu050","EX",0,2,8,67,8,69,70,4,572,143,0.5,0,0,0.119402985074627,0.0289855072463768,0.0072463768115942,0,0,0,"loan_giv","primary_kin","EX"
"exsu051","EX",1,1,3,68,4,69,70,7,2877.6,411.085714285714,0.142857142857143,0.142857142857143,1,0.0441176470588235,0.0144927536231884,0.0020703933747412,0.25,0.0357142857142857,22.6666666666667,"loan_giv","primary_kin","EX"
"exsu052","EX",0,1,12,68,12,69,70,7,2012,287.428571428571,0.142857142857143,0,0,0.176470588235294,0.0144927536231884,0.0020703933747412,0,0,0,"loan_giv","primary_kin","EX"
"exsu053","EX",0,1,6,68,6,69,70,6,6528.6,1088.1,0.166666666666667,0,0,0.0882352941176471,0.0144927536231884,0.00241545893719807,0,0,0,"loan_giv","primary_kin","EX"
"exsu054","EX",0,2,11,67,11,69,70,6,1739.8,289.966666666667,0.333333333333333,0,0,0.164179104477612,0.0289855072463768,0.00483091787439614,0,0,0,"loan_giv","primary_kin","EX"
"exsu055","EX",0,0,6,69,6,69,70,3,3019.6,1006.53333333333,0,0,NA,0.0869565217391304,0,0,0,0,NA,"loan_giv","primary_kin","EX"
"exsu056","EX",0,3,5,66,5,69,70,5,2649,529.8,0.6,0,0,0.0757575757575758,0.0434782608695652,0.00869565217391304,0,0,0,"loan_giv","primary_kin","EX"
"exsu057","EX",2,6,8,63,10,69,70,7,3864.6,552.085714285714,0.857142857142857,0.285714285714286,0.333333333333333,0.126984126984127,0.0869565217391304,0.0124223602484472,0.2,0.0285714285714286,2.625,"loan_giv","primary_kin","EX"
"exsu058","EX",0,1,3,68,3,69,70,5,938,187.6,0.2,0,0,0.0441176470588235,0.0144927536231884,0.00289855072463768,0,0,0,"loan_giv","primary_kin","EX"
"exsu059","EX",0,2,2,67,2,69,70,3,4723.6,1574.53333333333,0.666666666666667,0,0,0.0298507462686567,0.0289855072463768,0.00966183574879227,0,0,0,"loan_giv","primary_kin","EX"
"exsu060","EX",0,2,8,67,8,69,70,5,3658.2,731.64,0.4,0,0,0.119402985074627,0.0289855072463768,0.00579710144927536,0,0,0,"loan_giv","primary_kin","EX"
"exsu061","EX",0,1,1,68,1,69,70,7,1931.6,275.942857142857,0.142857142857143,0,0,0.0147058823529412,0.0144927536231884,0.0020703933747412,0,0,0,"loan_giv","primary_kin","EX"
"exsu062","EX",0,2,3,67,3,69,70,7,5784,826.285714285714,0.285714285714286,0,0,0.0447761194029851,0.0289855072463768,0.0041407867494824,0,0,0,"loan_giv","primary_kin","EX"
"exsu063","EX",0,1,6,68,6,69,70,4,4085.6,1021.4,0.25,0,0,0.0882352941176471,0.0144927536231884,0.0036231884057971,0,0,0,"loan_giv","primary_kin","EX"
"exsu064","EX",0,2,13,67,13,69,70,6,2867.6,477.933333333333,0.333333333333333,0,0,0.194029850746269,0.0289855072463768,0.00483091787439614,0,0,0,"loan_giv","primary_kin","EX"
"exsu065","EX",1,3,1,66,2,69,70,5,2715.6,543.12,0.6,0.2,0.333333333333333,0.0151515151515152,0.0434782608695652,0.00869565217391304,0.5,0.1,22,"loan_giv","primary_kin","EX"
"exsu066","EX",0,3,2,66,2,69,70,6,3046.6,507.766666666667,0.5,0,0,0.0303030303030303,0.0434782608695652,0.0072463768115942,0,0,0,"loan_giv","primary_kin","EX"
"exsu067","EX",2,3,5,66,7,69,70,4,1578,394.5,0.75,0.5,0.666666666666667,0.0757575757575758,0.0434782608695652,0.0108695652173913,0.285714285714286,0.0714285714285714,8.8,"loan_giv","primary_kin","EX"
"exsu068","EX",0,3,5,66,5,69,70,3,3075,1025,1,0,0,0.0757575757575758,0.0434782608695652,0.0144927536231884,0,0,0,"loan_giv","primary_kin","EX"
"exsu069","EX",0,2,9,67,9,69,70,4,3305,826.25,0.5,0,0,0.134328358208955,0.0289855072463768,0.0072463768115942,0,0,0,"loan_giv","primary_kin","EX"
"exsu070","EX",0,3,3,66,3,69,70,3,2335.8,778.6,1,0,0,0.0454545454545455,0.0434782608695652,0.0144927536231884,0,0,0,"loan_giv","primary_kin","EX"
"sisu001","SI",1,1,2,38,3,39,40,7,6725.2,960.742857142857,0.142857142857143,0.142857142857143,1,0.0526315789473684,0.0256410256410256,0.00366300366300366,0.333333333333333,0.0476190476190476,19,"loan_giv","primary_kin","SI"
"sisu002","SI",2,2,11,37,13,39,40,6,4015.6,669.266666666667,0.333333333333333,0.333333333333333,1,0.297297297297297,0.0512820512820513,0.00854700854700855,0.153846153846154,0.0256410256410256,3.36363636363636,"loan_giv","primary_kin","SI"
"sisu003","SI",0,4,4,35,4,39,40,3,3457.2,1152.4,1.33333333333333,0,0,0.114285714285714,0.102564102564103,0.0341880341880342,0,0,0,"loan_giv","primary_kin","SI"
"sisu004","SI",1,6,0,33,1,39,40,3,3015.8,1005.26666666667,2,0.333333333333333,0.166666666666667,0,0.153846153846154,0.0512820512820513,1,0.333333333333333,Inf,"loan_giv","primary_kin","SI"
"sisu005","SI",0,2,6,37,6,39,40,3,957.6,319.2,0.666666666666667,0,0,0.162162162162162,0.0512820512820513,0.0170940170940171,0,0,0,"loan_giv","primary_kin","SI"
"sisu006","SI",0,2,4,37,4,39,40,3,1668,556,0.666666666666667,0,0,0.108108108108108,0.0512820512820513,0.0170940170940171,0,0,0,"loan_giv","primary_kin","SI"
"sisu007","SI",0,5,8,34,8,39,40,4,1634,408.5,1.25,0,0,0.235294117647059,0.128205128205128,0.032051282051282,0,0,0,"loan_giv","primary_kin","SI"
"sisu008","SI",0,3,4,36,4,39,40,4,1773.2,443.3,0.75,0,0,0.111111111111111,0.0769230769230769,0.0192307692307692,0,0,0,"loan_giv","primary_kin","SI"
"sisu009","SI",0,4,8,35,8,39,40,4,2157,539.25,1,0,0,0.228571428571429,0.102564102564103,0.0256410256410256,0,0,0,"loan_giv","primary_kin","SI"
"sisu010","SI",0,0,9,39,9,39,40,4,2569,642.25,0,0,NA,0.230769230769231,0,0,0,0,NA,"loan_giv","primary_kin","SI"
"sisu011","SI",0,1,2,38,2,39,40,3,3492.6,1164.2,0.333333333333333,0,0,0.0526315789473684,0.0256410256410256,0.00854700854700855,0,0,0,"loan_giv","primary_kin","SI"
"sisu012","SI",1,4,3,35,4,39,40,3,3090.2,1030.06666666667,1.33333333333333,0.333333333333333,0.25,0.0857142857142857,0.102564102564103,0.0341880341880342,0.25,0.0833333333333333,2.91666666666667,"loan_giv","primary_kin","SI"
"sisu013","SI",1,2,5,37,6,39,40,3,2711.2,903.733333333333,0.666666666666667,0.333333333333333,0.5,0.135135135135135,0.0512820512820513,0.0170940170940171,0.166666666666667,0.0555555555555556,3.7,"loan_giv","primary_kin","SI"
"sisu014","SI",0,0,4,39,4,39,40,5,3955.2,791.04,0,0,NA,0.102564102564103,0,0,0,0,NA,"loan_giv","primary_kin","SI"
"sisu015","SI",1,3,12,36,13,39,40,7,5079.6,725.657142857143,0.428571428571429,0.142857142857143,0.333333333333333,0.333333333333333,0.0769230769230769,0.010989010989011,0.0769230769230769,0.010989010989011,1,"loan_giv","primary_kin","SI"
"sisu016","SI",1,3,0,36,1,39,40,6,3258.6,543.1,0.5,0.166666666666667,0.333333333333333,0,0.0769230769230769,0.0128205128205128,1,0.166666666666667,Inf,"loan_giv","primary_kin","SI"
"sisu017","SI",1,1,12,38,13,39,40,7,5293.6,756.228571428572,0.142857142857143,0.142857142857143,1,0.31578947368421,0.0256410256410256,0.00366300366300366,0.0769230769230769,0.010989010989011,3.16666666666667,"loan_giv","primary_kin","SI"
"sisu018","SI",1,2,5,37,6,39,40,3,980,326.666666666667,0.666666666666667,0.333333333333333,0.5,0.135135135135135,0.0512820512820513,0.0170940170940171,0.166666666666667,0.0555555555555556,3.7,"loan_giv","primary_kin","SI"
"sisu019","SI",0,4,5,35,5,39,40,3,1973,657.666666666667,1.33333333333333,0,0,0.142857142857143,0.102564102564103,0.0341880341880342,0,0,0,"loan_giv","primary_kin","SI"
"sisu020","SI",0,3,1,36,1,39,40,4,2122.2,530.55,0.75,0,0,0.0277777777777778,0.0769230769230769,0.0192307692307692,0,0,0,"loan_giv","primary_kin","SI"
"sisu021","SI",1,1,13,38,14,39,40,7,2010,287.142857142857,0.142857142857143,0.142857142857143,1,0.342105263157895,0.0256410256410256,0.00366300366300366,0.0714285714285714,0.0102040816326531,2.92307692307692,"loan_giv","primary_kin","SI"
"sisu022","SI",0,2,7,37,7,39,40,4,2600.2,650.05,0.5,0,0,0.189189189189189,0.0512820512820513,0.0128205128205128,0,0,0,"loan_giv","primary_kin","SI"
"sisu023","SI",0,2,4,37,4,39,40,5,3122.2,624.44,0.4,0,0,0.108108108108108,0.0512820512820513,0.0102564102564103,0,0,0,"loan_giv","primary_kin","SI"
"sisu024","SI",0,3,5,36,5,39,40,3,1423.6,474.533333333333,1,0,0,0.138888888888889,0.0769230769230769,0.0256410256410256,0,0,0,"loan_giv","primary_kin","SI"
"sisu025","SI",0,4,6,35,6,39,40,3,1945.2,648.4,1.33333333333333,0,0,0.171428571428571,0.102564102564103,0.0341880341880342,0,0,0,"loan_giv","primary_kin","SI"
"sisu026","SI",1,5,1,34,2,39,40,3,3222,1074,1.66666666666667,0.333333333333333,0.2,0.0294117647058824,0.128205128205128,0.0427350427350427,0.5,0.166666666666667,6.8,"loan_giv","primary_kin","SI"
"sisu027","SI",0,4,9,35,9,39,40,4,5309.2,1327.3,1,0,0,0.257142857142857,0.102564102564103,0.0256410256410256,0,0,0,"loan_giv","primary_kin","SI"
"sisu028","SI",0,3,5,36,5,39,40,6,3121,520.166666666667,0.5,0,0,0.138888888888889,0.0769230769230769,0.0128205128205128,0,0,0,"loan_giv","primary_kin","SI"
"sisu029","SI",0,2,9,37,9,39,40,5,5283.2,1056.64,0.4,0,0,0.243243243243243,0.0512820512820513,0.0102564102564103,0,0,0,"loan_giv","primary_kin","SI"
"sisu030","SI",1,4,2,35,3,39,40,7,3370,481.428571428571,0.571428571428571,0.142857142857143,0.25,0.0571428571428571,0.102564102564103,0.0146520146520147,0.333333333333333,0.0476190476190476,4.375,"loan_giv","primary_kin","SI"
"sisu031","SI",0,2,7,37,7,39,40,5,2474,494.8,0.4,0,0,0.189189189189189,0.0512820512820513,0.0102564102564103,0,0,0,"loan_giv","primary_kin","SI"
"sisu032","SI",0,1,10,38,10,39,40,5,359,71.8,0.2,0,0,0.263157894736842,0.0256410256410256,0.00512820512820513,0,0,0,"loan_giv","primary_kin","SI"
"sisu033","SI",0,3,0,36,0,39,40,5,4396,879.2,0.6,0,0,0,0.0769230769230769,0.0153846153846154,NA,NA,NA,"loan_giv","primary_kin","SI"
"sisu034","SI",0,1,7,38,7,39,40,6,2779,463.166666666667,0.166666666666667,0,0,0.184210526315789,0.0256410256410256,0.00427350427350427,0,0,0,"loan_giv","primary_kin","SI"
"sisu035","SI",0,2,3,37,3,39,40,7,4425,632.142857142857,0.285714285714286,0,0,0.0810810810810811,0.0512820512820513,0.00732600732600733,0,0,0,"loan_giv","primary_kin","SI"
"sisu036","SI",1,3,2,36,3,39,40,4,2113.6,528.4,0.75,0.25,0.333333333333333,0.0555555555555556,0.0769230769230769,0.0192307692307692,0.333333333333333,0.0833333333333333,6,"loan_giv","primary_kin","SI"
"sisu037","SI",1,2,9,37,10,39,40,6,712.6,118.766666666667,0.333333333333333,0.166666666666667,0.5,0.243243243243243,0.0512820512820513,0.00854700854700855,0.1,0.0166666666666667,2.05555555555556,"loan_giv","primary_kin","SI"
"sisu038","SI",0,0,7,39,7,39,40,5,4104,820.8,0,0,NA,0.17948717948718,0,0,0,0,NA,"loan_giv","primary_kin","SI"
"sisu039","SI",0,3,7,36,7,39,40,4,3582.6,895.65,0.75,0,0,0.194444444444444,0.0769230769230769,0.0192307692307692,0,0,0,"loan_giv","primary_kin","SI"
"sisu040","SI",0,3,4,36,4,39,40,7,1867,266.714285714286,0.428571428571429,0,0,0.111111111111111,0.0769230769230769,0.010989010989011,0,0,0,"loan_giv","primary_kin","SI"
"smsu001","SM",0,3,6,96,6,99,100,5,5400,1080,0.6,0,0,0.0625,0.0303030303030303,0.00606060606060606,0,0,0,"loan_giv","primary_kin","SM"
"smsu002","SM",0,2,4,97,4,99,100,6,3285.6,547.6,0.333333333333333,0,0,0.0412371134020619,0.0202020202020202,0.00336700336700337,0,0,0,"loan_giv","primary_kin","SM"
"smsu003","SM",0,2,3,97,3,99,100,4,1157,289.25,0.5,0,0,0.0309278350515464,0.0202020202020202,0.00505050505050505,0,0,0,"loan_giv","primary_kin","SM"
"smsu004","SM",0,2,7,97,7,99,100,4,3386,846.5,0.5,0,0,0.0721649484536082,0.0202020202020202,0.00505050505050505,0,0,0,"loan_giv","primary_kin","SM"
"smsu005","SM",0,3,11,96,11,99,100,4,3342.2,835.55,0.75,0,0,0.114583333333333,0.0303030303030303,0.00757575757575758,0,0,0,"loan_giv","primary_kin","SM"
"smsu006","SM",0,1,4,98,4,99,100,5,3328,665.6,0.2,0,0,0.0408163265306122,0.0101010101010101,0.00202020202020202,0,0,0,"loan_giv","primary_kin","SM"
"smsu007","SM",0,6,5,93,5,99,100,7,649,92.7142857142857,0.857142857142857,0,0,0.0537634408602151,0.0606060606060606,0.00865800865800866,0,0,0,"loan_giv","primary_kin","SM"
"smsu008","SM",1,3,7,96,8,99,100,4,384,96,0.75,0.25,0.333333333333333,0.0729166666666667,0.0303030303030303,0.00757575757575758,0.125,0.03125,4.57142857142857,"loan_giv","primary_kin","SM"
"smsu009","SM",0,3,9,96,9,99,100,6,2672.8,445.466666666667,0.5,0,0,0.09375,0.0303030303030303,0.00505050505050505,0,0,0,"loan_giv","primary_kin","SM"
"smsu010","SM",1,5,8,94,9,99,100,5,3025.2,605.04,1,0.2,0.2,0.0851063829787234,0.0505050505050505,0.0101010101010101,0.111111111111111,0.0222222222222222,2.35,"loan_giv","primary_kin","SM"
"smsu011","SM",0,2,9,97,9,99,100,7,2042,291.714285714286,0.285714285714286,0,0,0.0927835051546392,0.0202020202020202,0.00288600288600289,0,0,0,"loan_giv","primary_kin","SM"
"smsu012","SM",0,1,7,98,7,99,100,4,2378,594.5,0.25,0,0,0.0714285714285714,0.0101010101010101,0.00252525252525253,0,0,0,"loan_giv","primary_kin","SM"
"smsu013","SM",1,2,4,97,5,99,100,5,673,134.6,0.4,0.2,0.5,0.0412371134020619,0.0202020202020202,0.00404040404040404,0.2,0.04,12.125,"loan_giv","primary_kin","SM"
"smsu014","SM",0,1,4,98,4,99,100,4,404,101,0.25,0,0,0.0408163265306122,0.0101010101010101,0.00252525252525253,0,0,0,"loan_giv","primary_kin","SM"
"smsu015","SM",1,3,6,96,7,99,100,5,1835,367,0.6,0.2,0.333333333333333,0.0625,0.0303030303030303,0.00606060606060606,0.142857142857143,0.0285714285714286,5.33333333333333,"loan_giv","primary_kin","SM"
"smsu016","SM",0,1,1,98,1,99,100,3,615,205,0.333333333333333,0,0,0.0102040816326531,0.0101010101010101,0.00336700336700337,0,0,0,"loan_giv","primary_kin","SM"
"smsu017","SM",0,0,12,99,12,99,100,7,2885,412.142857142857,0,0,NA,0.121212121212121,0,0,0,0,NA,"loan_giv","primary_kin","SM"
"smsu018","SM",0,1,16,98,16,99,100,7,1607.8,229.685714285714,0.142857142857143,0,0,0.163265306122449,0.0101010101010101,0.00144300144300144,0,0,0,"loan_giv","primary_kin","SM"
"smsu019","SM",1,3,3,96,4,99,100,7,6534,933.428571428571,0.428571428571429,0.142857142857143,0.333333333333333,0.03125,0.0303030303030303,0.00432900432900433,0.25,0.0357142857142857,10.6666666666667,"loan_giv","primary_kin","SM"
"smsu020","SM",0,4,4,95,4,99,100,5,749,149.8,0.8,0,0,0.0421052631578947,0.0404040404040404,0.00808080808080808,0,0,0,"loan_giv","primary_kin","SM"
"smsu021","SM",0,1,10,98,10,99,100,7,994,142,0.142857142857143,0,0,0.102040816326531,0.0101010101010101,0.00144300144300144,0,0,0,"loan_giv","primary_kin","SM"
"smsu022","SM",0,7,4,92,4,99,100,4,2656.6,664.15,1.75,0,0,0.0434782608695652,0.0707070707070707,0.0176767676767677,0,0,0,"loan_giv","primary_kin","SM"
"smsu023","SM",0,1,11,98,11,99,100,4,4842,1210.5,0.25,0,0,0.112244897959184,0.0101010101010101,0.00252525252525253,0,0,0,"loan_giv","primary_kin","SM"
"smsu024","SM",0,1,7,98,7,99,100,3,3327.6,1109.2,0.333333333333333,0,0,0.0714285714285714,0.0101010101010101,0.00336700336700337,0,0,0,"loan_giv","primary_kin","SM"
"smsu025","SM",0,1,8,98,8,99,100,4,1977,494.25,0.25,0,0,0.0816326530612245,0.0101010101010101,0.00252525252525253,0,0,0,"loan_giv","primary_kin","SM"
"smsu026","SM",0,2,10,97,10,99,100,5,894.2,178.84,0.4,0,0,0.103092783505155,0.0202020202020202,0.00404040404040404,0,0,0,"loan_giv","primary_kin","SM"
"smsu027","SM",0,1,7,98,7,99,100,6,550,91.6666666666667,0.166666666666667,0,0,0.0714285714285714,0.0101010101010101,0.00168350168350168,0,0,0,"loan_giv","primary_kin","SM"
"smsu028","SM",0,3,7,96,7,99,100,5,3705.6,741.12,0.6,0,0,0.0729166666666667,0.0303030303030303,0.00606060606060606,0,0,0,"loan_giv","primary_kin","SM"
"smsu029","SM",0,2,3,97,3,99,100,4,2180.6,545.15,0.5,0,0,0.0309278350515464,0.0202020202020202,0.00505050505050505,0,0,0,"loan_giv","primary_kin","SM"
"smsu030","SM",0,2,4,97,4,99,100,5,1405.2,281.04,0.4,0,0,0.0412371134020619,0.0202020202020202,0.00404040404040404,0,0,0,"loan_giv","primary_kin","SM"
"smsu031","SM",0,2,13,97,13,99,100,7,618.2,88.3142857142857,0.285714285714286,0,0,0.134020618556701,0.0202020202020202,0.00288600288600289,0,0,0,"loan_giv","primary_kin","SM"
"smsu032","SM",1,1,1,98,2,99,100,4,967,241.75,0.25,0.25,1,0.0102040816326531,0.0101010101010101,0.00252525252525253,0.5,0.125,98,"loan_giv","primary_kin","SM"
"smsu033","SM",0,2,2,97,2,99,100,6,1035,172.5,0.333333333333333,0,0,0.0206185567010309,0.0202020202020202,0.00336700336700337,0,0,0,"loan_giv","primary_kin","SM"
"smsu034","SM",0,3,5,96,5,99,100,6,3962.2,660.366666666667,0.5,0,0,0.0520833333333333,0.0303030303030303,0.00505050505050505,0,0,0,"loan_giv","primary_kin","SM"
"smsu035","SM",0,1,4,98,4,99,100,5,1059,211.8,0.2,0,0,0.0408163265306122,0.0101010101010101,0.00202020202020202,0,0,0,"loan_giv","primary_kin","SM"
"smsu036","SM",1,4,11,95,12,99,100,6,1699,283.166666666667,0.666666666666667,0.166666666666667,0.25,0.115789473684211,0.0404040404040404,0.00673400673400673,0.0833333333333333,0.0138888888888889,2.15909090909091,"loan_giv","primary_kin","SM"
"smsu037","SM",0,2,8,97,8,99,100,5,4389,877.8,0.4,0,0,0.0824742268041237,0.0202020202020202,0.00404040404040404,0,0,0,"loan_giv","primary_kin","SM"
"smsu038","SM",0,1,7,98,7,99,100,6,1868,311.333333333333,0.166666666666667,0,0,0.0714285714285714,0.0101010101010101,0.00168350168350168,0,0,0,"loan_giv","primary_kin","SM"
"smsu039","SM",1,4,3,95,4,99,100,6,374,62.3333333333333,0.666666666666667,0.166666666666667,0.25,0.0315789473684211,0.0404040404040404,0.00673400673400673,0.25,0.0416666666666667,7.91666666666667,"loan_giv","primary_kin","SM"
"smsu040","SM",0,2,7,97,7,99,100,6,3031,505.166666666667,0.333333333333333,0,0,0.0721649484536082,0.0202020202020202,0.00336700336700337,0,0,0,"loan_giv","primary_kin","SM"
"smsu041","SM",1,4,5,95,6,99,100,3,2200.6,733.533333333333,1.33333333333333,0.333333333333333,0.25,0.0526315789473684,0.0404040404040404,0.0134680134680135,0.166666666666667,0.0555555555555556,4.75,"loan_giv","primary_kin","SM"
"smsu042","SM",0,3,8,96,8,99,100,5,2348,469.6,0.6,0,0,0.0833333333333333,0.0303030303030303,0.00606060606060606,0,0,0,"loan_giv","primary_kin","SM"
"smsu043","SM",0,4,5,95,5,99,100,5,1986.8,397.36,0.8,0,0,0.0526315789473684,0.0404040404040404,0.00808080808080808,0,0,0,"loan_giv","primary_kin","SM"
"smsu044","SM",0,1,12,98,12,99,100,6,804,134,0.166666666666667,0,0,0.122448979591837,0.0101010101010101,0.00168350168350168,0,0,0,"loan_giv","primary_kin","SM"
"smsu045","SM",0,1,12,98,12,99,100,4,496.6,124.15,0.25,0,0,0.122448979591837,0.0101010101010101,0.00252525252525253,0,0,0,"loan_giv","primary_kin","SM"
"smsu046","SM",0,2,3,97,3,99,100,5,1821.2,364.24,0.4,0,0,0.0309278350515464,0.0202020202020202,0.00404040404040404,0,0,0,"loan_giv","primary_kin","SM"
"smsu047","SM",0,2,7,97,7,99,100,5,4280.2,856.04,0.4,0,0,0.0721649484536082,0.0202020202020202,0.00404040404040404,0,0,0,"loan_giv","primary_kin","SM"
"smsu048","SM",0,2,2,97,2,99,100,5,2620.2,524.04,0.4,0,0,0.0206185567010309,0.0202020202020202,0.00404040404040404,0,0,0,"loan_giv","primary_kin","SM"
"smsu049","SM",0,2,2,97,2,99,100,3,1189.6,396.533333333333,0.666666666666667,0,0,0.0206185567010309,0.0202020202020202,0.00673400673400673,0,0,0,"loan_giv","primary_kin","SM"
"smsu050","SM",0,1,8,98,8,99,100,3,1979.2,659.733333333333,0.333333333333333,0,0,0.0816326530612245,0.0101010101010101,0.00336700336700337,0,0,0,"loan_giv","primary_kin","SM"
"smsu051","SM",0,2,10,97,10,99,100,5,2385,477,0.4,0,0,0.103092783505155,0.0202020202020202,0.00404040404040404,0,0,0,"loan_giv","primary_kin","SM"
"smsu052","SM",1,2,11,97,12,99,100,5,956,191.2,0.4,0.2,0.5,0.11340206185567,0.0202020202020202,0.00404040404040404,0.0833333333333333,0.0166666666666667,4.40909090909091,"loan_giv","primary_kin","SM"
"smsu053","SM",1,6,6,93,7,99,100,6,3965,660.833333333333,1,0.166666666666667,0.166666666666667,0.0645161290322581,0.0606060606060606,0.0101010101010101,0.142857142857143,0.0238095238095238,2.58333333333333,"loan_giv","primary_kin","SM"
"smsu054","SM",0,2,5,97,5,99,100,6,2622,437,0.333333333333333,0,0,0.0515463917525773,0.0202020202020202,0.00336700336700337,0,0,0,"loan_giv","primary_kin","SM"
"smsu055","SM",0,0,8,99,8,99,100,6,2952.2,492.033333333333,0,0,NA,0.0808080808080808,0,0,0,0,NA,"loan_giv","primary_kin","SM"
"smsu056","SM",0,3,8,96,8,99,100,7,968.2,138.314285714286,0.428571428571429,0,0,0.0833333333333333,0.0303030303030303,0.00432900432900433,0,0,0,"loan_giv","primary_kin","SM"
"smsu057","SM",0,3,7,96,7,99,100,5,3231,646.2,0.6,0,0,0.0729166666666667,0.0303030303030303,0.00606060606060606,0,0,0,"loan_giv","primary_kin","SM"
"smsu058","SM",0,2,5,97,5,99,100,5,3001.6,600.32,0.4,0,0,0.0515463917525773,0.0202020202020202,0.00404040404040404,0,0,0,"loan_giv","primary_kin","SM"
"smsu059","SM",1,2,4,97,5,99,100,3,1883,627.666666666667,0.666666666666667,0.333333333333333,0.5,0.0412371134020619,0.0202020202020202,0.00673400673400673,0.2,0.0666666666666667,12.125,"loan_giv","primary_kin","SM"
"smsu060","SM",0,4,11,95,11,99,100,7,3673,524.714285714286,0.571428571428571,0,0,0.115789473684211,0.0404040404040404,0.00577200577200577,0,0,0,"loan_giv","primary_kin","SM"
"smsu061","SM",0,2,8,97,8,99,100,4,2846.6,711.65,0.5,0,0,0.0824742268041237,0.0202020202020202,0.00505050505050505,0,0,0,"loan_giv","primary_kin","SM"
"smsu062","SM",0,2,4,97,4,99,100,4,1748.6,437.15,0.5,0,0,0.0412371134020619,0.0202020202020202,0.00505050505050505,0,0,0,"loan_giv","primary_kin","SM"
"smsu063","SM",0,1,6,98,6,99,100,5,1671.6,334.32,0.2,0,0,0.0612244897959184,0.0101010101010101,0.00202020202020202,0,0,0,"loan_giv","primary_kin","SM"
"smsu064","SM",0,1,4,98,4,99,100,3,2160,720,0.333333333333333,0,0,0.0408163265306122,0.0101010101010101,0.00336700336700337,0,0,0,"loan_giv","primary_kin","SM"
"smsu065","SM",0,3,13,96,13,99,100,5,910,182,0.6,0,0,0.135416666666667,0.0303030303030303,0.00606060606060606,0,0,0,"loan_giv","primary_kin","SM"
"smsu066","SM",0,3,2,96,2,99,100,3,2907,969,1,0,0,0.0208333333333333,0.0303030303030303,0.0101010101010101,0,0,0,"loan_giv","primary_kin","SM"
"smsu067","SM",0,2,4,97,4,99,100,7,1810.6,258.657142857143,0.285714285714286,0,0,0.0412371134020619,0.0202020202020202,0.00288600288600289,0,0,0,"loan_giv","primary_kin","SM"
"smsu068","SM",1,4,5,95,6,99,100,3,4634,1544.66666666667,1.33333333333333,0.333333333333333,0.25,0.0526315789473684,0.0404040404040404,0.0134680134680135,0.166666666666667,0.0555555555555556,4.75,"loan_giv","primary_kin","SM"
"smsu069","SM",0,1,8,98,8,99,100,6,395.6,65.9333333333333,0.166666666666667,0,0,0.0816326530612245,0.0101010101010101,0.00168350168350168,0,0,0,"loan_giv","primary_kin","SM"
"smsu070","SM",0,2,5,97,5,99,100,6,6160.6,1026.76666666667,0.333333333333333,0,0,0.0515463917525773,0.0202020202020202,0.00336700336700337,0,0,0,"loan_giv","primary_kin","SM"
"smsu071","SM",0,4,8,95,8,99,100,5,1376,275.2,0.8,0,0,0.0842105263157895,0.0404040404040404,0.00808080808080808,0,0,0,"loan_giv","primary_kin","SM"
"smsu072","SM",0,2,7,97,7,99,100,4,2077.2,519.3,0.5,0,0,0.0721649484536082,0.0202020202020202,0.00505050505050505,0,0,0,"loan_giv","primary_kin","SM"
"smsu073","SM",0,2,7,97,7,99,100,3,4405.8,1468.6,0.666666666666667,0,0,0.0721649484536082,0.0202020202020202,0.00673400673400673,0,0,0,"loan_giv","primary_kin","SM"
"smsu074","SM",0,1,8,98,8,99,100,4,2508.2,627.05,0.25,0,0,0.0816326530612245,0.0101010101010101,0.00252525252525253,0,0,0,"loan_giv","primary_kin","SM"
"smsu075","SM",0,3,10,96,10,99,100,7,2496.8,356.685714285714,0.428571428571429,0,0,0.104166666666667,0.0303030303030303,0.00432900432900433,0,0,0,"loan_giv","primary_kin","SM"
"smsu076","SM",0,3,12,96,12,99,100,7,670,95.7142857142857,0.428571428571429,0,0,0.125,0.0303030303030303,0.00432900432900433,0,0,0,"loan_giv","primary_kin","SM"
"smsu077","SM",1,5,4,94,5,99,100,5,6092,1218.4,1,0.2,0.2,0.0425531914893617,0.0505050505050505,0.0101010101010101,0.2,0.04,4.7,"loan_giv","primary_kin","SM"
"smsu078","SM",0,1,5,98,5,99,100,4,3154.2,788.55,0.25,0,0,0.0510204081632653,0.0101010101010101,0.00252525252525253,0,0,0,"loan_giv","primary_kin","SM"
"smsu079","SM",0,3,5,96,5,99,100,7,4164,594.857142857143,0.428571428571429,0,0,0.0520833333333333,0.0303030303030303,0.00432900432900433,0,0,0,"loan_giv","primary_kin","SM"
"smsu080","SM",1,1,1,98,2,99,100,4,1439,359.75,0.25,0.25,1,0.0102040816326531,0.0101010101010101,0.00252525252525253,0.5,0.125,98,"loan_giv","primary_kin","SM"
"smsu081","SM",0,2,6,97,6,99,100,6,2253.6,375.6,0.333333333333333,0,0,0.0618556701030928,0.0202020202020202,0.00336700336700337,0,0,0,"loan_giv","primary_kin","SM"
"smsu082","SM",0,4,3,95,3,99,100,3,849.8,283.266666666667,1.33333333333333,0,0,0.0315789473684211,0.0404040404040404,0.0134680134680135,0,0,0,"loan_giv","primary_kin","SM"
"smsu083","SM",1,1,7,98,8,99,100,3,3770,1256.66666666667,0.333333333333333,0.333333333333333,1,0.0714285714285714,0.0101010101010101,0.00336700336700337,0.125,0.0416666666666667,14,"loan_giv","primary_kin","SM"
"smsu084","SM",0,4,7,95,7,99,100,4,5449,1362.25,1,0,0,0.0736842105263158,0.0404040404040404,0.0101010101010101,0,0,0,"loan_giv","primary_kin","SM"
"smsu085","SM",0,3,4,96,4,99,100,5,2886.2,577.24,0.6,0,0,0.0416666666666667,0.0303030303030303,0.00606060606060606,0,0,0,"loan_giv","primary_kin","SM"
"smsu086","SM",0,2,13,97,13,99,100,6,2650.6,441.766666666667,0.333333333333333,0,0,0.134020618556701,0.0202020202020202,0.00336700336700337,0,0,0,"loan_giv","primary_kin","SM"
"smsu087","SM",0,1,5,98,5,99,100,3,3232,1077.33333333333,0.333333333333333,0,0,0.0510204081632653,0.0101010101010101,0.00336700336700337,0,0,0,"loan_giv","primary_kin","SM"
"smsu088","SM",0,4,5,95,5,99,100,3,1344.6,448.2,1.33333333333333,0,0,0.0526315789473684,0.0404040404040404,0.0134680134680135,0,0,0,"loan_giv","primary_kin","SM"
"smsu089","SM",0,1,10,98,10,99,100,7,3185,455,0.142857142857143,0,0,0.102040816326531,0.0101010101010101,0.00144300144300144,0,0,0,"loan_giv","primary_kin","SM"
"smsu090","SM",0,2,8,97,8,99,100,7,609.6,87.0857142857143,0.285714285714286,0,0,0.0824742268041237,0.0202020202020202,0.00288600288600289,0,0,0,"loan_giv","primary_kin","SM"
"smsu091","SM",0,1,7,98,7,99,100,6,5777,962.833333333333,0.166666666666667,0,0,0.0714285714285714,0.0101010101010101,0.00168350168350168,0,0,0,"loan_giv","primary_kin","SM"
"smsu092","SM",0,3,5,96,5,99,100,4,1826.6,456.65,0.75,0,0,0.0520833333333333,0.0303030303030303,0.00757575757575758,0,0,0,"loan_giv","primary_kin","SM"
"smsu093","SM",0,3,6,96,6,99,100,4,1200,300,0.75,0,0,0.0625,0.0303030303030303,0.00757575757575758,0,0,0,"loan_giv","primary_kin","SM"
"smsu094","SM",0,1,3,98,3,99,100,3,2658,886,0.333333333333333,0,0,0.0306122448979592,0.0101010101010101,0.00336700336700337,0,0,0,"loan_giv","primary_kin","SM"
"smsu095","SM",0,1,6,98,6,99,100,5,3604.6,720.92,0.2,0,0,0.0612244897959184,0.0101010101010101,0.00202020202020202,0,0,0,"loan_giv","primary_kin","SM"
"smsu096","SM",0,2,8,97,8,99,100,4,2301,575.25,0.5,0,0,0.0824742268041237,0.0202020202020202,0.00505050505050505,0,0,0,"loan_giv","primary_kin","SM"
"smsu097","SM",0,3,0,96,0,99,100,6,3253,542.166666666667,0.5,0,0,0,0.0303030303030303,0.00505050505050505,NA,NA,NA,"loan_giv","primary_kin","SM"
"smsu098","SM",0,2,2,97,2,99,100,5,3177.2,635.44,0.4,0,0,0.0206185567010309,0.0202020202020202,0.00404040404040404,0,0,0,"loan_giv","primary_kin","SM"
"smsu099","SM",0,2,3,97,3,99,100,6,621,103.5,0.333333333333333,0,0,0.0309278350515464,0.0202020202020202,0.00336700336700337,0,0,0,"loan_giv","primary_kin","SM"
"smsu100","SM",1,1,4,98,5,99,100,5,673.6,134.72,0.2,0.2,1,0.0408163265306122,0.0101010101010101,0.00202020202020202,0.2,0.04,24.5,"loan_giv","primary_kin","SM"
"egsu001","EG",1,4,7,55,8,59,60,6,4266.6,711.1,0.666666666666667,0.166666666666667,0.25,0.127272727272727,0.0677966101694915,0.0112994350282486,0.125,0.0208333333333333,1.96428571428571,"exchange_req","primary_kin","EG"
"egsu002","EG",1,4,2,55,3,59,60,4,2144,536,1,0.25,0.25,0.0363636363636364,0.0677966101694915,0.0169491525423729,0.333333333333333,0.0833333333333333,6.875,"exchange_req","primary_kin","EG"
"egsu003","EG",0,2,2,57,2,59,60,7,4821.6,688.8,0.285714285714286,0,0,0.0350877192982456,0.0338983050847458,0.00484261501210654,0,0,0,"exchange_req","primary_kin","EG"
"egsu004","EG",1,5,6,54,7,59,60,7,494,70.5714285714286,0.714285714285714,0.142857142857143,0.2,0.111111111111111,0.0847457627118644,0.0121065375302663,0.142857142857143,0.0204081632653061,1.8,"exchange_req","primary_kin","EG"
"egsu005","EG",0,3,6,56,6,59,60,5,1068,213.6,0.6,0,0,0.107142857142857,0.0508474576271186,0.0101694915254237,0,0,0,"exchange_req","primary_kin","EG"
"egsu006","EG",0,1,8,58,8,59,60,5,2355,471,0.2,0,0,0.137931034482759,0.0169491525423729,0.00338983050847458,0,0,0,"exchange_req","primary_kin","EG"
"egsu007","EG",0,2,6,57,6,59,60,7,3493,499,0.285714285714286,0,0,0.105263157894737,0.0338983050847458,0.00484261501210654,0,0,0,"exchange_req","primary_kin","EG"
"egsu008","EG",1,4,5,55,6,59,60,5,4806,961.2,0.8,0.2,0.25,0.0909090909090909,0.0677966101694915,0.0135593220338983,0.166666666666667,0.0333333333333333,2.75,"exchange_req","primary_kin","EG"
"egsu009","EG",0,1,2,58,2,59,60,4,1642.6,410.65,0.25,0,0,0.0344827586206897,0.0169491525423729,0.00423728813559322,0,0,0,"exchange_req","primary_kin","EG"
"egsu010","EG",1,4,6,55,7,59,60,5,2292.6,458.52,0.8,0.2,0.25,0.109090909090909,0.0677966101694915,0.0135593220338983,0.142857142857143,0.0285714285714286,2.29166666666667,"exchange_req","primary_kin","EG"
"egsu011","EG",0,1,9,58,9,59,60,3,3093.6,1031.2,0.333333333333333,0,0,0.155172413793103,0.0169491525423729,0.00564971751412429,0,0,0,"exchange_req","primary_kin","EG"
"egsu012","EG",0,3,7,56,7,59,60,3,780,260,1,0,0,0.125,0.0508474576271186,0.0169491525423729,0,0,0,"exchange_req","primary_kin","EG"
"egsu013","EG",1,1,7,58,8,59,60,5,3031,606.2,0.2,0.2,1,0.120689655172414,0.0169491525423729,0.00338983050847458,0.125,0.025,8.28571428571428,"exchange_req","primary_kin","EG"
"egsu014","EG",0,2,6,57,6,59,60,5,934,186.8,0.4,0,0,0.105263157894737,0.0338983050847458,0.00677966101694915,0,0,0,"exchange_req","primary_kin","EG"
"egsu015","EG",0,1,3,58,3,59,60,5,4019.6,803.92,0.2,0,0,0.0517241379310345,0.0169491525423729,0.00338983050847458,0,0,0,"exchange_req","primary_kin","EG"
"egsu016","EG",0,3,2,56,2,59,60,7,1592.6,227.514285714286,0.428571428571429,0,0,0.0357142857142857,0.0508474576271186,0.00726392251815981,0,0,0,"exchange_req","primary_kin","EG"
"egsu017","EG",0,2,10,57,10,59,60,5,3001,600.2,0.4,0,0,0.175438596491228,0.0338983050847458,0.00677966101694915,0,0,0,"exchange_req","primary_kin","EG"
"egsu018","EG",1,6,3,53,4,59,60,7,2192,313.142857142857,0.857142857142857,0.142857142857143,0.166666666666667,0.0566037735849057,0.101694915254237,0.0145278450363196,0.25,0.0357142857142857,2.94444444444444,"exchange_req","primary_kin","EG"
"egsu019","EG",0,3,4,56,4,59,60,3,4701,1567,1,0,0,0.0714285714285714,0.0508474576271186,0.0169491525423729,0,0,0,"exchange_req","primary_kin","EG"
"egsu020","EG",0,1,6,58,6,59,60,5,1875.6,375.12,0.2,0,0,0.103448275862069,0.0169491525423729,0.00338983050847458,0,0,0,"exchange_req","primary_kin","EG"
"egsu021","EG",0,2,5,57,5,59,60,6,3349,558.166666666667,0.333333333333333,0,0,0.087719298245614,0.0338983050847458,0.00564971751412429,0,0,0,"exchange_req","primary_kin","EG"
"egsu022","EG",0,3,11,56,11,59,60,4,827,206.75,0.75,0,0,0.196428571428571,0.0508474576271186,0.0127118644067797,0,0,0,"exchange_req","primary_kin","EG"
"egsu023","EG",0,4,4,55,4,59,60,3,1603.6,534.533333333333,1.33333333333333,0,0,0.0727272727272727,0.0677966101694915,0.0225988700564972,0,0,0,"exchange_req","primary_kin","EG"
"egsu024","EG",0,2,5,57,5,59,60,3,6942,2314,0.666666666666667,0,0,0.087719298245614,0.0338983050847458,0.0112994350282486,0,0,0,"exchange_req","primary_kin","EG"
"egsu025","EG",0,3,6,56,6,59,60,3,4155,1385,1,0,0,0.107142857142857,0.0508474576271186,0.0169491525423729,0,0,0,"exchange_req","primary_kin","EG"
"egsu026","EG",0,1,2,58,2,59,60,5,2793,558.6,0.2,0,0,0.0344827586206897,0.0169491525423729,0.00338983050847458,0,0,0,"exchange_req","primary_kin","EG"
"egsu027","EG",0,1,5,58,5,59,60,4,1723,430.75,0.25,0,0,0.0862068965517241,0.0169491525423729,0.00423728813559322,0,0,0,"exchange_req","primary_kin","EG"
"egsu028","EG",0,1,8,58,8,59,60,6,264.2,44.0333333333333,0.166666666666667,0,0,0.137931034482759,0.0169491525423729,0.00282485875706215,0,0,0,"exchange_req","primary_kin","EG"
"egsu029","EG",0,1,7,58,7,59,60,7,609.2,87.0285714285714,0.142857142857143,0,0,0.120689655172414,0.0169491525423729,0.00242130750605327,0,0,0,"exchange_req","primary_kin","EG"
"egsu030","EG",0,1,4,58,4,59,60,3,2977,992.333333333333,0.333333333333333,0,0,0.0689655172413793,0.0169491525423729,0.00564971751412429,0,0,0,"exchange_req","primary_kin","EG"
"egsu031","EG",0,3,8,56,8,59,60,5,2813.2,562.64,0.6,0,0,0.142857142857143,0.0508474576271186,0.0101694915254237,0,0,0,"exchange_req","primary_kin","EG"
"egsu032","EG",0,3,2,56,2,59,60,6,3550,591.666666666667,0.5,0,0,0.0357142857142857,0.0508474576271186,0.00847457627118644,0,0,0,"exchange_req","primary_kin","EG"
"egsu033","EG",0,1,11,58,11,59,60,5,2542.6,508.52,0.2,0,0,0.189655172413793,0.0169491525423729,0.00338983050847458,0,0,0,"exchange_req","primary_kin","EG"
"egsu034","EG",0,4,5,55,5,59,60,3,1328.8,442.933333333333,1.33333333333333,0,0,0.0909090909090909,0.0677966101694915,0.0225988700564972,0,0,0,"exchange_req","primary_kin","EG"
"egsu035","EG",0,1,4,58,4,59,60,5,4859,971.8,0.2,0,0,0.0689655172413793,0.0169491525423729,0.00338983050847458,0,0,0,"exchange_req","primary_kin","EG"
"egsu036","EG",0,1,1,58,1,59,60,3,2867.6,955.866666666667,0.333333333333333,0,0,0.0172413793103448,0.0169491525423729,0.00564971751412429,0,0,0,"exchange_req","primary_kin","EG"
"egsu037","EG",0,3,3,56,3,59,60,3,3852.8,1284.26666666667,1,0,0,0.0535714285714286,0.0508474576271186,0.0169491525423729,0,0,0,"exchange_req","primary_kin","EG"
"egsu038","EG",1,1,7,58,8,59,60,7,1392.6,198.942857142857,0.142857142857143,0.142857142857143,1,0.120689655172414,0.0169491525423729,0.00242130750605327,0.125,0.0178571428571429,8.28571428571428,"exchange_req","primary_kin","EG"
"egsu039","EG",1,4,5,55,6,59,60,3,2142,714,1.33333333333333,0.333333333333333,0.25,0.0909090909090909,0.0677966101694915,0.0225988700564972,0.166666666666667,0.0555555555555556,2.75,"exchange_req","primary_kin","EG"
"egsu040","EG",1,3,5,56,6,59,60,6,1878.8,313.133333333333,0.5,0.166666666666667,0.333333333333333,0.0892857142857143,0.0508474576271186,0.00847457627118644,0.166666666666667,0.0277777777777778,3.73333333333333,"exchange_req","primary_kin","EG"
"egsu041","EG",0,0,4,59,4,59,60,3,2127.6,709.2,0,0,NA,0.0677966101694915,0,0,0,0,NA,"exchange_req","primary_kin","EG"
"egsu042","EG",0,3,3,56,3,59,60,6,634.6,105.766666666667,0.5,0,0,0.0535714285714286,0.0508474576271186,0.00847457627118644,0,0,0,"exchange_req","primary_kin","EG"
"egsu043","EG",2,7,5,52,7,59,60,4,1585.2,396.3,1.75,0.5,0.285714285714286,0.0961538461538462,0.11864406779661,0.0296610169491525,0.285714285714286,0.0714285714285714,2.97142857142857,"exchange_req","primary_kin","EG"
"egsu044","EG",0,2,5,57,5,59,60,4,2238.8,559.7,0.5,0,0,0.087719298245614,0.0338983050847458,0.00847457627118644,0,0,0,"exchange_req","primary_kin","EG"
"egsu045","EG",1,3,11,56,12,59,60,5,2421,484.2,0.6,0.2,0.333333333333333,0.196428571428571,0.0508474576271186,0.0101694915254237,0.0833333333333333,0.0166666666666667,1.6969696969697,"exchange_req","primary_kin","EG"
"egsu046","EG",0,1,1,58,1,59,60,3,1830,610,0.333333333333333,0,0,0.0172413793103448,0.0169491525423729,0.00564971751412429,0,0,0,"exchange_req","primary_kin","EG"
"egsu047","EG",2,5,5,54,7,59,60,3,2739.6,913.2,1.66666666666667,0.666666666666667,0.4,0.0925925925925926,0.0847457627118644,0.0282485875706215,0.285714285714286,0.0952380952380952,4.32,"exchange_req","primary_kin","EG"
"egsu048","EG",0,3,7,56,7,59,60,4,4753.2,1188.3,0.75,0,0,0.125,0.0508474576271186,0.0127118644067797,0,0,0,"exchange_req","primary_kin","EG"
"egsu049","EG",0,2,9,57,9,59,60,6,538.6,89.7666666666667,0.333333333333333,0,0,0.157894736842105,0.0338983050847458,0.00564971751412429,0,0,0,"exchange_req","primary_kin","EG"
"egsu050","EG",0,1,2,58,2,59,60,5,3703,740.6,0.2,0,0,0.0344827586206897,0.0169491525423729,0.00338983050847458,0,0,0,"exchange_req","primary_kin","EG"
"egsu051","EG",1,4,7,55,8,59,60,7,1771.6,253.085714285714,0.571428571428571,0.142857142857143,0.25,0.127272727272727,0.0677966101694915,0.00968523002421307,0.125,0.0178571428571429,1.96428571428571,"exchange_req","primary_kin","EG"
"egsu052","EG",0,3,7,56,7,59,60,7,801.6,114.514285714286,0.428571428571429,0,0,0.125,0.0508474576271186,0.00726392251815981,0,0,0,"exchange_req","primary_kin","EG"
"egsu053","EG",0,2,1,57,1,59,60,6,3997.2,666.2,0.333333333333333,0,0,0.0175438596491228,0.0338983050847458,0.00564971751412429,0,0,0,"exchange_req","primary_kin","EG"
"egsu054","EG",0,1,7,58,7,59,60,7,3863,551.857142857143,0.142857142857143,0,0,0.120689655172414,0.0169491525423729,0.00242130750605327,0,0,0,"exchange_req","primary_kin","EG"
"egsu055","EG",0,2,10,57,10,59,60,5,2177.6,435.52,0.4,0,0,0.175438596491228,0.0338983050847458,0.00677966101694915,0,0,0,"exchange_req","primary_kin","EG"
"egsu056","EG",0,4,8,55,8,59,60,5,5283,1056.6,0.8,0,0,0.145454545454545,0.0677966101694915,0.0135593220338983,0,0,0,"exchange_req","primary_kin","EG"
"egsu057","EG",0,2,4,57,4,59,60,3,2256.6,752.2,0.666666666666667,0,0,0.0701754385964912,0.0338983050847458,0.0112994350282486,0,0,0,"exchange_req","primary_kin","EG"
"egsu058","EG",1,1,15,58,16,59,60,7,4654.6,664.942857142857,0.142857142857143,0.142857142857143,1,0.258620689655172,0.0169491525423729,0.00242130750605327,0.0625,0.00892857142857143,3.86666666666667,"exchange_req","primary_kin","EG"
"egsu059","EG",0,1,8,58,8,59,60,5,3104.2,620.84,0.2,0,0,0.137931034482759,0.0169491525423729,0.00338983050847458,0,0,0,"exchange_req","primary_kin","EG"
"egsu060","EG",0,3,3,56,3,59,60,5,2399.8,479.96,0.6,0,0,0.0535714285714286,0.0508474576271186,0.0101694915254237,0,0,0,"exchange_req","primary_kin","EG"
"exsu001","EX",0,5,3,64,3,69,70,7,3039.6,434.228571428571,0.714285714285714,0,0,0.046875,0.072463768115942,0.010351966873706,0,0,0,"exchange_req","primary_kin","EX"
"exsu002","EX",0,5,2,64,2,69,70,3,2089,696.333333333333,1.66666666666667,0,0,0.03125,0.072463768115942,0.0241545893719807,0,0,0,"exchange_req","primary_kin","EX"
"exsu003","EX",0,3,7,66,7,69,70,5,990,198,0.6,0,0,0.106060606060606,0.0434782608695652,0.00869565217391304,0,0,0,"exchange_req","primary_kin","EX"
"exsu004","EX",0,4,7,65,7,69,70,3,5493.6,1831.2,1.33333333333333,0,0,0.107692307692308,0.0579710144927536,0.0193236714975845,0,0,0,"exchange_req","primary_kin","EX"
"exsu005","EX",0,1,5,68,5,69,70,3,3065.2,1021.73333333333,0.333333333333333,0,0,0.0735294117647059,0.0144927536231884,0.00483091787439614,0,0,0,"exchange_req","primary_kin","EX"
"exsu006","EX",2,3,7,66,9,69,70,7,6047.6,863.942857142857,0.428571428571429,0.285714285714286,0.666666666666667,0.106060606060606,0.0434782608695652,0.0062111801242236,0.222222222222222,0.0317460317460317,6.28571428571429,"exchange_req","primary_kin","EX"
"exsu007","EX",1,3,12,66,13,69,70,7,1989,284.142857142857,0.428571428571429,0.142857142857143,0.333333333333333,0.181818181818182,0.0434782608695652,0.0062111801242236,0.0769230769230769,0.010989010989011,1.83333333333333,"exchange_req","primary_kin","EX"
"exsu008","EX",0,2,4,67,4,69,70,5,3437,687.4,0.4,0,0,0.0597014925373134,0.0289855072463768,0.00579710144927536,0,0,0,"exchange_req","primary_kin","EX"
"exsu009","EX",1,3,8,66,9,69,70,5,1999.6,399.92,0.6,0.2,0.333333333333333,0.121212121212121,0.0434782608695652,0.00869565217391304,0.111111111111111,0.0222222222222222,2.75,"exchange_req","primary_kin","EX"
"exsu010","EX",0,3,2,66,2,69,70,4,1860,465,0.75,0,0,0.0303030303030303,0.0434782608695652,0.0108695652173913,0,0,0,"exchange_req","primary_kin","EX"
"exsu011","EX",0,2,7,67,7,69,70,6,1969.2,328.2,0.333333333333333,0,0,0.104477611940299,0.0289855072463768,0.00483091787439614,0,0,0,"exchange_req","primary_kin","EX"
"exsu012","EX",0,1,5,68,5,69,70,4,1686.6,421.65,0.25,0,0,0.0735294117647059,0.0144927536231884,0.0036231884057971,0,0,0,"exchange_req","primary_kin","EX"
"exsu013","EX",0,2,6,67,6,69,70,7,4188,598.285714285714,0.285714285714286,0,0,0.0895522388059701,0.0289855072463768,0.0041407867494824,0,0,0,"exchange_req","primary_kin","EX"
"exsu014","EX",1,4,6,65,7,69,70,7,2161,308.714285714286,0.571428571428571,0.142857142857143,0.25,0.0923076923076923,0.0579710144927536,0.0082815734989648,0.142857142857143,0.0204081632653061,2.70833333333333,"exchange_req","primary_kin","EX"
"exsu015","EX",0,1,6,68,6,69,70,4,407,101.75,0.25,0,0,0.0882352941176471,0.0144927536231884,0.0036231884057971,0,0,0,"exchange_req","primary_kin","EX"
"exsu016","EX",0,3,8,66,8,69,70,6,1607,267.833333333333,0.5,0,0,0.121212121212121,0.0434782608695652,0.0072463768115942,0,0,0,"exchange_req","primary_kin","EX"
"exsu017","EX",0,2,4,67,4,69,70,4,4368.2,1092.05,0.5,0,0,0.0597014925373134,0.0289855072463768,0.0072463768115942,0,0,0,"exchange_req","primary_kin","EX"
"exsu018","EX",0,3,4,66,4,69,70,3,3123,1041,1,0,0,0.0606060606060606,0.0434782608695652,0.0144927536231884,0,0,0,"exchange_req","primary_kin","EX"
"exsu019","EX",1,2,10,67,11,69,70,7,1626.6,232.371428571429,0.285714285714286,0.142857142857143,0.5,0.149253731343284,0.0289855072463768,0.0041407867494824,0.0909090909090909,0.012987012987013,3.35,"exchange_req","primary_kin","EX"
"exsu020","EX",0,3,6,66,6,69,70,5,3081,616.2,0.6,0,0,0.0909090909090909,0.0434782608695652,0.00869565217391304,0,0,0,"exchange_req","primary_kin","EX"
"exsu021","EX",0,3,7,66,7,69,70,5,2349.6,469.92,0.6,0,0,0.106060606060606,0.0434782608695652,0.00869565217391304,0,0,0,"exchange_req","primary_kin","EX"
"exsu022","EX",0,2,5,67,5,69,70,7,759,108.428571428571,0.285714285714286,0,0,0.0746268656716418,0.0289855072463768,0.0041407867494824,0,0,0,"exchange_req","primary_kin","EX"
"exsu023","EX",0,1,3,68,3,69,70,6,1118,186.333333333333,0.166666666666667,0,0,0.0441176470588235,0.0144927536231884,0.00241545893719807,0,0,0,"exchange_req","primary_kin","EX"
"exsu024","EX",0,1,4,68,4,69,70,6,1522,253.666666666667,0.166666666666667,0,0,0.0588235294117647,0.0144927536231884,0.00241545893719807,0,0,0,"exchange_req","primary_kin","EX"
"exsu025","EX",1,6,6,63,7,69,70,6,4654.6,775.766666666667,1,0.166666666666667,0.166666666666667,0.0952380952380952,0.0869565217391304,0.0144927536231884,0.142857142857143,0.0238095238095238,1.75,"exchange_req","primary_kin","EX"
"exsu026","EX",0,1,10,68,10,69,70,6,1421.6,236.933333333333,0.166666666666667,0,0,0.147058823529412,0.0144927536231884,0.00241545893719807,0,0,0,"exchange_req","primary_kin","EX"
"exsu027","EX",0,2,13,67,13,69,70,7,3225.6,460.8,0.285714285714286,0,0,0.194029850746269,0.0289855072463768,0.0041407867494824,0,0,0,"exchange_req","primary_kin","EX"
"exsu028","EX",0,4,6,65,6,69,70,3,1498,499.333333333333,1.33333333333333,0,0,0.0923076923076923,0.0579710144927536,0.0193236714975845,0,0,0,"exchange_req","primary_kin","EX"
"exsu029","EX",0,1,4,68,4,69,70,5,1826.8,365.36,0.2,0,0,0.0588235294117647,0.0144927536231884,0.00289855072463768,0,0,0,"exchange_req","primary_kin","EX"
"exsu030","EX",0,1,5,68,5,69,70,6,3297,549.5,0.166666666666667,0,0,0.0735294117647059,0.0144927536231884,0.00241545893719807,0,0,0,"exchange_req","primary_kin","EX"
"exsu031","EX",0,5,3,64,3,69,70,7,945.2,135.028571428571,0.714285714285714,0,0,0.046875,0.072463768115942,0.010351966873706,0,0,0,"exchange_req","primary_kin","EX"
"exsu032","EX",0,1,1,68,1,69,70,3,1461,487,0.333333333333333,0,0,0.0147058823529412,0.0144927536231884,0.00483091787439614,0,0,0,"exchange_req","primary_kin","EX"
"exsu033","EX",0,2,3,67,3,69,70,6,1781.2,296.866666666667,0.333333333333333,0,0,0.0447761194029851,0.0289855072463768,0.00483091787439614,0,0,0,"exchange_req","primary_kin","EX"
"exsu034","EX",0,3,6,66,6,69,70,4,2898.6,724.65,0.75,0,0,0.0909090909090909,0.0434782608695652,0.0108695652173913,0,0,0,"exchange_req","primary_kin","EX"
"exsu035","EX",0,2,10,67,10,69,70,7,1402.6,200.371428571429,0.285714285714286,0,0,0.149253731343284,0.0289855072463768,0.0041407867494824,0,0,0,"exchange_req","primary_kin","EX"
"exsu036","EX",2,3,8,66,10,69,70,6,4938,823,0.5,0.333333333333333,0.666666666666667,0.121212121212121,0.0434782608695652,0.0072463768115942,0.2,0.0333333333333333,5.5,"exchange_req","primary_kin","EX"
"exsu037","EX",1,1,9,68,10,69,70,5,2089,417.8,0.2,0.2,1,0.132352941176471,0.0144927536231884,0.00289855072463768,0.1,0.02,7.55555555555556,"exchange_req","primary_kin","EX"
"exsu038","EX",0,4,10,65,10,69,70,6,2700.6,450.1,0.666666666666667,0,0,0.153846153846154,0.0579710144927536,0.00966183574879227,0,0,0,"exchange_req","primary_kin","EX"
"exsu039","EX",0,2,2,67,2,69,70,5,829.8,165.96,0.4,0,0,0.0298507462686567,0.0289855072463768,0.00579710144927536,0,0,0,"exchange_req","primary_kin","EX"
"exsu040","EX",0,1,5,68,5,69,70,7,4904,700.571428571429,0.142857142857143,0,0,0.0735294117647059,0.0144927536231884,0.0020703933747412,0,0,0,"exchange_req","primary_kin","EX"
"exsu041","EX",0,2,10,67,10,69,70,5,6487.8,1297.56,0.4,0,0,0.149253731343284,0.0289855072463768,0.00579710144927536,0,0,0,"exchange_req","primary_kin","EX"
"exsu042","EX",0,2,2,67,2,69,70,6,3818.6,636.433333333333,0.333333333333333,0,0,0.0298507462686567,0.0289855072463768,0.00483091787439614,0,0,0,"exchange_req","primary_kin","EX"
"exsu043","EX",0,2,0,67,0,69,70,3,2621,873.666666666667,0.666666666666667,0,0,0,0.0289855072463768,0.00966183574879227,NA,NA,NA,"exchange_req","primary_kin","EX"
"exsu044","EX",0,4,3,65,3,69,70,6,1032,172,0.666666666666667,0,0,0.0461538461538462,0.0579710144927536,0.00966183574879227,0,0,0,"exchange_req","primary_kin","EX"
"exsu045","EX",0,1,2,68,2,69,70,6,1933,322.166666666667,0.166666666666667,0,0,0.0294117647058824,0.0144927536231884,0.00241545893719807,0,0,0,"exchange_req","primary_kin","EX"
"exsu046","EX",0,2,7,67,7,69,70,7,494,70.5714285714286,0.285714285714286,0,0,0.104477611940299,0.0289855072463768,0.0041407867494824,0,0,0,"exchange_req","primary_kin","EX"
"exsu047","EX",0,3,4,66,4,69,70,3,943.2,314.4,1,0,0,0.0606060606060606,0.0434782608695652,0.0144927536231884,0,0,0,"exchange_req","primary_kin","EX"
"exsu048","EX",0,1,5,68,5,69,70,6,2850,475,0.166666666666667,0,0,0.0735294117647059,0.0144927536231884,0.00241545893719807,0,0,0,"exchange_req","primary_kin","EX"
"exsu049","EX",0,2,5,67,5,69,70,4,1072,268,0.5,0,0,0.0746268656716418,0.0289855072463768,0.0072463768115942,0,0,0,"exchange_req","primary_kin","EX"
"exsu050","EX",0,2,3,67,3,69,70,4,572,143,0.5,0,0,0.0447761194029851,0.0289855072463768,0.0072463768115942,0,0,0,"exchange_req","primary_kin","EX"
"exsu051","EX",0,1,6,68,6,69,70,7,2877.6,411.085714285714,0.142857142857143,0,0,0.0882352941176471,0.0144927536231884,0.0020703933747412,0,0,0,"exchange_req","primary_kin","EX"
"exsu052","EX",0,1,7,68,7,69,70,7,2012,287.428571428571,0.142857142857143,0,0,0.102941176470588,0.0144927536231884,0.0020703933747412,0,0,0,"exchange_req","primary_kin","EX"
"exsu053","EX",0,1,10,68,10,69,70,6,6528.6,1088.1,0.166666666666667,0,0,0.147058823529412,0.0144927536231884,0.00241545893719807,0,0,0,"exchange_req","primary_kin","EX"
"exsu054","EX",0,2,9,67,9,69,70,6,1739.8,289.966666666667,0.333333333333333,0,0,0.134328358208955,0.0289855072463768,0.00483091787439614,0,0,0,"exchange_req","primary_kin","EX"
"exsu055","EX",0,0,6,69,6,69,70,3,3019.6,1006.53333333333,0,0,NA,0.0869565217391304,0,0,0,0,NA,"exchange_req","primary_kin","EX"
"exsu056","EX",0,3,7,66,7,69,70,5,2649,529.8,0.6,0,0,0.106060606060606,0.0434782608695652,0.00869565217391304,0,0,0,"exchange_req","primary_kin","EX"
"exsu057","EX",1,6,7,63,8,69,70,7,3864.6,552.085714285714,0.857142857142857,0.142857142857143,0.166666666666667,0.111111111111111,0.0869565217391304,0.0124223602484472,0.125,0.0178571428571429,1.5,"exchange_req","primary_kin","EX"
"exsu058","EX",0,1,7,68,7,69,70,5,938,187.6,0.2,0,0,0.102941176470588,0.0144927536231884,0.00289855072463768,0,0,0,"exchange_req","primary_kin","EX"
"exsu059","EX",0,2,2,67,2,69,70,3,4723.6,1574.53333333333,0.666666666666667,0,0,0.0298507462686567,0.0289855072463768,0.00966183574879227,0,0,0,"exchange_req","primary_kin","EX"
"exsu060","EX",0,2,4,67,4,69,70,5,3658.2,731.64,0.4,0,0,0.0597014925373134,0.0289855072463768,0.00579710144927536,0,0,0,"exchange_req","primary_kin","EX"
"exsu061","EX",0,1,1,68,1,69,70,7,1931.6,275.942857142857,0.142857142857143,0,0,0.0147058823529412,0.0144927536231884,0.0020703933747412,0,0,0,"exchange_req","primary_kin","EX"
"exsu062","EX",0,2,6,67,6,69,70,7,5784,826.285714285714,0.285714285714286,0,0,0.0895522388059701,0.0289855072463768,0.0041407867494824,0,0,0,"exchange_req","primary_kin","EX"
"exsu063","EX",0,1,9,68,9,69,70,4,4085.6,1021.4,0.25,0,0,0.132352941176471,0.0144927536231884,0.0036231884057971,0,0,0,"exchange_req","primary_kin","EX"
"exsu064","EX",0,2,10,67,10,69,70,6,2867.6,477.933333333333,0.333333333333333,0,0,0.149253731343284,0.0289855072463768,0.00483091787439614,0,0,0,"exchange_req","primary_kin","EX"
"exsu065","EX",0,3,7,66,7,69,70,5,2715.6,543.12,0.6,0,0,0.106060606060606,0.0434782608695652,0.00869565217391304,0,0,0,"exchange_req","primary_kin","EX"
"exsu066","EX",0,3,3,66,3,69,70,6,3046.6,507.766666666667,0.5,0,0,0.0454545454545455,0.0434782608695652,0.0072463768115942,0,0,0,"exchange_req","primary_kin","EX"
"exsu067","EX",1,3,8,66,9,69,70,4,1578,394.5,0.75,0.25,0.333333333333333,0.121212121212121,0.0434782608695652,0.0108695652173913,0.111111111111111,0.0277777777777778,2.75,"exchange_req","primary_kin","EX"
"exsu068","EX",0,3,3,66,3,69,70,3,3075,1025,1,0,0,0.0454545454545455,0.0434782608695652,0.0144927536231884,0,0,0,"exchange_req","primary_kin","EX"
"exsu069","EX",0,2,7,67,7,69,70,4,3305,826.25,0.5,0,0,0.104477611940299,0.0289855072463768,0.0072463768115942,0,0,0,"exchange_req","primary_kin","EX"
"exsu070","EX",0,3,1,66,1,69,70,3,2335.8,778.6,1,0,0,0.0151515151515152,0.0434782608695652,0.0144927536231884,0,0,0,"exchange_req","primary_kin","EX"
"sisu001","SI",0,1,5,38,5,39,40,7,6725.2,960.742857142857,0.142857142857143,0,0,0.131578947368421,0.0256410256410256,0.00366300366300366,0,0,0,"exchange_req","primary_kin","SI"
"sisu002","SI",1,2,10,37,11,39,40,6,4015.6,669.266666666667,0.333333333333333,0.166666666666667,0.5,0.27027027027027,0.0512820512820513,0.00854700854700855,0.0909090909090909,0.0151515151515152,1.85,"exchange_req","primary_kin","SI"
"sisu003","SI",0,4,4,35,4,39,40,3,3457.2,1152.4,1.33333333333333,0,0,0.114285714285714,0.102564102564103,0.0341880341880342,0,0,0,"exchange_req","primary_kin","SI"
"sisu004","SI",0,6,5,33,5,39,40,3,3015.8,1005.26666666667,2,0,0,0.151515151515152,0.153846153846154,0.0512820512820513,0,0,0,"exchange_req","primary_kin","SI"
"sisu005","SI",1,2,4,37,5,39,40,3,957.6,319.2,0.666666666666667,0.333333333333333,0.5,0.108108108108108,0.0512820512820513,0.0170940170940171,0.2,0.0666666666666667,4.625,"exchange_req","primary_kin","SI"
"sisu006","SI",0,2,6,37,6,39,40,3,1668,556,0.666666666666667,0,0,0.162162162162162,0.0512820512820513,0.0170940170940171,0,0,0,"exchange_req","primary_kin","SI"
"sisu007","SI",0,5,8,34,8,39,40,4,1634,408.5,1.25,0,0,0.235294117647059,0.128205128205128,0.032051282051282,0,0,0,"exchange_req","primary_kin","SI"
"sisu008","SI",0,3,5,36,5,39,40,4,1773.2,443.3,0.75,0,0,0.138888888888889,0.0769230769230769,0.0192307692307692,0,0,0,"exchange_req","primary_kin","SI"
"sisu009","SI",0,4,6,35,6,39,40,4,2157,539.25,1,0,0,0.171428571428571,0.102564102564103,0.0256410256410256,0,0,0,"exchange_req","primary_kin","SI"
"sisu010","SI",0,0,1,39,1,39,40,4,2569,642.25,0,0,NA,0.0256410256410256,0,0,0,0,NA,"exchange_req","primary_kin","SI"
"sisu011","SI",0,1,4,38,4,39,40,3,3492.6,1164.2,0.333333333333333,0,0,0.105263157894737,0.0256410256410256,0.00854700854700855,0,0,0,"exchange_req","primary_kin","SI"
"sisu012","SI",1,4,2,35,3,39,40,3,3090.2,1030.06666666667,1.33333333333333,0.333333333333333,0.25,0.0571428571428571,0.102564102564103,0.0341880341880342,0.333333333333333,0.111111111111111,4.375,"exchange_req","primary_kin","SI"
"sisu013","SI",0,2,4,37,4,39,40,3,2711.2,903.733333333333,0.666666666666667,0,0,0.108108108108108,0.0512820512820513,0.0170940170940171,0,0,0,"exchange_req","primary_kin","SI"
"sisu014","SI",0,0,10,39,10,39,40,5,3955.2,791.04,0,0,NA,0.256410256410256,0,0,0,0,NA,"exchange_req","primary_kin","SI"
"sisu015","SI",1,3,12,36,13,39,40,7,5079.6,725.657142857143,0.428571428571429,0.142857142857143,0.333333333333333,0.333333333333333,0.0769230769230769,0.010989010989011,0.0769230769230769,0.010989010989011,1,"exchange_req","primary_kin","SI"
"sisu016","SI",0,3,7,36,7,39,40,6,3258.6,543.1,0.5,0,0,0.194444444444444,0.0769230769230769,0.0128205128205128,0,0,0,"exchange_req","primary_kin","SI"
"sisu017","SI",1,1,10,38,11,39,40,7,5293.6,756.228571428572,0.142857142857143,0.142857142857143,1,0.263157894736842,0.0256410256410256,0.00366300366300366,0.0909090909090909,0.012987012987013,3.8,"exchange_req","primary_kin","SI"
"sisu018","SI",0,2,10,37,10,39,40,3,980,326.666666666667,0.666666666666667,0,0,0.27027027027027,0.0512820512820513,0.0170940170940171,0,0,0,"exchange_req","primary_kin","SI"
"sisu019","SI",0,4,3,35,3,39,40,3,1973,657.666666666667,1.33333333333333,0,0,0.0857142857142857,0.102564102564103,0.0341880341880342,0,0,0,"exchange_req","primary_kin","SI"
"sisu020","SI",1,3,3,36,4,39,40,4,2122.2,530.55,0.75,0.25,0.333333333333333,0.0833333333333333,0.0769230769230769,0.0192307692307692,0.25,0.0625,4,"exchange_req","primary_kin","SI"
"sisu021","SI",0,1,9,38,9,39,40,7,2010,287.142857142857,0.142857142857143,0,0,0.236842105263158,0.0256410256410256,0.00366300366300366,0,0,0,"exchange_req","primary_kin","SI"
"sisu022","SI",0,2,5,37,5,39,40,4,2600.2,650.05,0.5,0,0,0.135135135135135,0.0512820512820513,0.0128205128205128,0,0,0,"exchange_req","primary_kin","SI"
"sisu023","SI",0,2,8,37,8,39,40,5,3122.2,624.44,0.4,0,0,0.216216216216216,0.0512820512820513,0.0102564102564103,0,0,0,"exchange_req","primary_kin","SI"
"sisu024","SI",0,3,3,36,3,39,40,3,1423.6,474.533333333333,1,0,0,0.0833333333333333,0.0769230769230769,0.0256410256410256,0,0,0,"exchange_req","primary_kin","SI"
"sisu025","SI",1,4,6,35,7,39,40,3,1945.2,648.4,1.33333333333333,0.333333333333333,0.25,0.171428571428571,0.102564102564103,0.0341880341880342,0.142857142857143,0.0476190476190476,1.45833333333333,"exchange_req","primary_kin","SI"
"sisu026","SI",1,5,4,34,5,39,40,3,3222,1074,1.66666666666667,0.333333333333333,0.2,0.117647058823529,0.128205128205128,0.0427350427350427,0.2,0.0666666666666667,1.7,"exchange_req","primary_kin","SI"
"sisu027","SI",0,4,7,35,7,39,40,4,5309.2,1327.3,1,0,0,0.2,0.102564102564103,0.0256410256410256,0,0,0,"exchange_req","primary_kin","SI"
"sisu028","SI",1,3,9,36,10,39,40,6,3121,520.166666666667,0.5,0.166666666666667,0.333333333333333,0.25,0.0769230769230769,0.0128205128205128,0.1,0.0166666666666667,1.33333333333333,"exchange_req","primary_kin","SI"
"sisu029","SI",1,2,3,37,4,39,40,5,5283.2,1056.64,0.4,0.2,0.5,0.0810810810810811,0.0512820512820513,0.0102564102564103,0.25,0.05,6.16666666666667,"exchange_req","primary_kin","SI"
"sisu030","SI",0,4,0,35,0,39,40,7,3370,481.428571428571,0.571428571428571,0,0,0,0.102564102564103,0.0146520146520147,NA,NA,NA,"exchange_req","primary_kin","SI"
"sisu031","SI",1,2,9,37,10,39,40,5,2474,494.8,0.4,0.2,0.5,0.243243243243243,0.0512820512820513,0.0102564102564103,0.1,0.02,2.05555555555556,"exchange_req","primary_kin","SI"
"sisu032","SI",0,1,7,38,7,39,40,5,359,71.8,0.2,0,0,0.184210526315789,0.0256410256410256,0.00512820512820513,0,0,0,"exchange_req","primary_kin","SI"
"sisu033","SI",0,3,8,36,8,39,40,5,4396,879.2,0.6,0,0,0.222222222222222,0.0769230769230769,0.0153846153846154,0,0,0,"exchange_req","primary_kin","SI"
"sisu034","SI",0,1,8,38,8,39,40,6,2779,463.166666666667,0.166666666666667,0,0,0.210526315789474,0.0256410256410256,0.00427350427350427,0,0,0,"exchange_req","primary_kin","SI"
"sisu035","SI",0,2,6,37,6,39,40,7,4425,632.142857142857,0.285714285714286,0,0,0.162162162162162,0.0512820512820513,0.00732600732600733,0,0,0,"exchange_req","primary_kin","SI"
"sisu036","SI",1,3,3,36,4,39,40,4,2113.6,528.4,0.75,0.25,0.333333333333333,0.0833333333333333,0.0769230769230769,0.0192307692307692,0.25,0.0625,4,"exchange_req","primary_kin","SI"
"sisu037","SI",2,2,7,37,9,39,40,6,712.6,118.766666666667,0.333333333333333,0.333333333333333,1,0.189189189189189,0.0512820512820513,0.00854700854700855,0.222222222222222,0.037037037037037,5.28571428571429,"exchange_req","primary_kin","SI"
"sisu038","SI",0,0,6,39,6,39,40,5,4104,820.8,0,0,NA,0.153846153846154,0,0,0,0,NA,"exchange_req","primary_kin","SI"
"sisu039","SI",0,3,2,36,2,39,40,4,3582.6,895.65,0.75,0,0,0.0555555555555556,0.0769230769230769,0.0192307692307692,0,0,0,"exchange_req","primary_kin","SI"
"sisu040","SI",1,3,6,36,7,39,40,7,1867,266.714285714286,0.428571428571429,0.142857142857143,0.333333333333333,0.166666666666667,0.0769230769230769,0.010989010989011,0.142857142857143,0.0204081632653061,2,"exchange_req","primary_kin","SI"
"smsu001","SM",1,3,6,96,7,99,100,5,5400,1080,0.6,0.2,0.333333333333333,0.0625,0.0303030303030303,0.00606060606060606,0.142857142857143,0.0285714285714286,5.33333333333333,"exchange_req","primary_kin","SM"
"smsu002","SM",0,2,7,97,7,99,100,6,3285.6,547.6,0.333333333333333,0,0,0.0721649484536082,0.0202020202020202,0.00336700336700337,0,0,0,"exchange_req","primary_kin","SM"
"smsu003","SM",0,2,2,97,2,99,100,4,1157,289.25,0.5,0,0,0.0206185567010309,0.0202020202020202,0.00505050505050505,0,0,0,"exchange_req","primary_kin","SM"
"smsu004","SM",0,2,10,97,10,99,100,4,3386,846.5,0.5,0,0,0.103092783505155,0.0202020202020202,0.00505050505050505,0,0,0,"exchange_req","primary_kin","SM"
"smsu005","SM",0,3,3,96,3,99,100,4,3342.2,835.55,0.75,0,0,0.03125,0.0303030303030303,0.00757575757575758,0,0,0,"exchange_req","primary_kin","SM"
"smsu006","SM",0,1,8,98,8,99,100,5,3328,665.6,0.2,0,0,0.0816326530612245,0.0101010101010101,0.00202020202020202,0,0,0,"exchange_req","primary_kin","SM"
"smsu007","SM",2,6,12,93,14,99,100,7,649,92.7142857142857,0.857142857142857,0.285714285714286,0.333333333333333,0.129032258064516,0.0606060606060606,0.00865800865800866,0.142857142857143,0.0204081632653061,2.58333333333333,"exchange_req","primary_kin","SM"
"smsu008","SM",0,3,9,96,9,99,100,4,384,96,0.75,0,0,0.09375,0.0303030303030303,0.00757575757575758,0,0,0,"exchange_req","primary_kin","SM"
"smsu009","SM",0,3,4,96,4,99,100,6,2672.8,445.466666666667,0.5,0,0,0.0416666666666667,0.0303030303030303,0.00505050505050505,0,0,0,"exchange_req","primary_kin","SM"
"smsu010","SM",0,5,16,94,16,99,100,5,3025.2,605.04,1,0,0,0.170212765957447,0.0505050505050505,0.0101010101010101,0,0,0,"exchange_req","primary_kin","SM"
"smsu011","SM",1,2,7,97,8,99,100,7,2042,291.714285714286,0.285714285714286,0.142857142857143,0.5,0.0721649484536082,0.0202020202020202,0.00288600288600289,0.125,0.0178571428571429,6.92857142857143,"exchange_req","primary_kin","SM"
"smsu012","SM",0,1,8,98,8,99,100,4,2378,594.5,0.25,0,0,0.0816326530612245,0.0101010101010101,0.00252525252525253,0,0,0,"exchange_req","primary_kin","SM"
"smsu013","SM",0,2,7,97,7,99,100,5,673,134.6,0.4,0,0,0.0721649484536082,0.0202020202020202,0.00404040404040404,0,0,0,"exchange_req","primary_kin","SM"
"smsu014","SM",0,1,2,98,2,99,100,4,404,101,0.25,0,0,0.0204081632653061,0.0101010101010101,0.00252525252525253,0,0,0,"exchange_req","primary_kin","SM"
"smsu015","SM",0,3,3,96,3,99,100,5,1835,367,0.6,0,0,0.03125,0.0303030303030303,0.00606060606060606,0,0,0,"exchange_req","primary_kin","SM"
"smsu016","SM",0,1,3,98,3,99,100,3,615,205,0.333333333333333,0,0,0.0306122448979592,0.0101010101010101,0.00336700336700337,0,0,0,"exchange_req","primary_kin","SM"
"smsu017","SM",0,0,14,99,14,99,100,7,2885,412.142857142857,0,0,NA,0.141414141414141,0,0,0,0,NA,"exchange_req","primary_kin","SM"
"smsu018","SM",0,1,12,98,12,99,100,7,1607.8,229.685714285714,0.142857142857143,0,0,0.122448979591837,0.0101010101010101,0.00144300144300144,0,0,0,"exchange_req","primary_kin","SM"
"smsu019","SM",0,3,4,96,4,99,100,7,6534,933.428571428571,0.428571428571429,0,0,0.0416666666666667,0.0303030303030303,0.00432900432900433,0,0,0,"exchange_req","primary_kin","SM"
"smsu020","SM",0,4,7,95,7,99,100,5,749,149.8,0.8,0,0,0.0736842105263158,0.0404040404040404,0.00808080808080808,0,0,0,"exchange_req","primary_kin","SM"
"smsu021","SM",0,1,10,98,10,99,100,7,994,142,0.142857142857143,0,0,0.102040816326531,0.0101010101010101,0.00144300144300144,0,0,0,"exchange_req","primary_kin","SM"
"smsu022","SM",0,7,4,92,4,99,100,4,2656.6,664.15,1.75,0,0,0.0434782608695652,0.0707070707070707,0.0176767676767677,0,0,0,"exchange_req","primary_kin","SM"
"smsu023","SM",0,1,6,98,6,99,100,4,4842,1210.5,0.25,0,0,0.0612244897959184,0.0101010101010101,0.00252525252525253,0,0,0,"exchange_req","primary_kin","SM"
"smsu024","SM",0,1,6,98,6,99,100,3,3327.6,1109.2,0.333333333333333,0,0,0.0612244897959184,0.0101010101010101,0.00336700336700337,0,0,0,"exchange_req","primary_kin","SM"
"smsu025","SM",1,1,6,98,7,99,100,4,1977,494.25,0.25,0.25,1,0.0612244897959184,0.0101010101010101,0.00252525252525253,0.142857142857143,0.0357142857142857,16.3333333333333,"exchange_req","primary_kin","SM"
"smsu026","SM",0,2,7,97,7,99,100,5,894.2,178.84,0.4,0,0,0.0721649484536082,0.0202020202020202,0.00404040404040404,0,0,0,"exchange_req","primary_kin","SM"
"smsu027","SM",0,1,8,98,8,99,100,6,550,91.6666666666667,0.166666666666667,0,0,0.0816326530612245,0.0101010101010101,0.00168350168350168,0,0,0,"exchange_req","primary_kin","SM"
"smsu028","SM",1,3,6,96,7,99,100,5,3705.6,741.12,0.6,0.2,0.333333333333333,0.0625,0.0303030303030303,0.00606060606060606,0.142857142857143,0.0285714285714286,5.33333333333333,"exchange_req","primary_kin","SM"
"smsu029","SM",0,2,5,97,5,99,100,4,2180.6,545.15,0.5,0,0,0.0515463917525773,0.0202020202020202,0.00505050505050505,0,0,0,"exchange_req","primary_kin","SM"
"smsu030","SM",0,2,7,97,7,99,100,5,1405.2,281.04,0.4,0,0,0.0721649484536082,0.0202020202020202,0.00404040404040404,0,0,0,"exchange_req","primary_kin","SM"
"smsu031","SM",0,2,12,97,12,99,100,7,618.2,88.3142857142857,0.285714285714286,0,0,0.123711340206186,0.0202020202020202,0.00288600288600289,0,0,0,"exchange_req","primary_kin","SM"
"smsu032","SM",0,1,1,98,1,99,100,4,967,241.75,0.25,0,0,0.0102040816326531,0.0101010101010101,0.00252525252525253,0,0,0,"exchange_req","primary_kin","SM"
"smsu033","SM",0,2,6,97,6,99,100,6,1035,172.5,0.333333333333333,0,0,0.0618556701030928,0.0202020202020202,0.00336700336700337,0,0,0,"exchange_req","primary_kin","SM"
"smsu034","SM",0,3,6,96,6,99,100,6,3962.2,660.366666666667,0.5,0,0,0.0625,0.0303030303030303,0.00505050505050505,0,0,0,"exchange_req","primary_kin","SM"
"smsu035","SM",1,1,6,98,7,99,100,5,1059,211.8,0.2,0.2,1,0.0612244897959184,0.0101010101010101,0.00202020202020202,0.142857142857143,0.0285714285714286,16.3333333333333,"exchange_req","primary_kin","SM"
"smsu036","SM",0,4,11,95,11,99,100,6,1699,283.166666666667,0.666666666666667,0,0,0.115789473684211,0.0404040404040404,0.00673400673400673,0,0,0,"exchange_req","primary_kin","SM"
"smsu037","SM",0,2,4,97,4,99,100,5,4389,877.8,0.4,0,0,0.0412371134020619,0.0202020202020202,0.00404040404040404,0,0,0,"exchange_req","primary_kin","SM"
"smsu038","SM",0,1,7,98,7,99,100,6,1868,311.333333333333,0.166666666666667,0,0,0.0714285714285714,0.0101010101010101,0.00168350168350168,0,0,0,"exchange_req","primary_kin","SM"
"smsu039","SM",0,4,7,95,7,99,100,6,374,62.3333333333333,0.666666666666667,0,0,0.0736842105263158,0.0404040404040404,0.00673400673400673,0,0,0,"exchange_req","primary_kin","SM"
"smsu040","SM",0,2,7,97,7,99,100,6,3031,505.166666666667,0.333333333333333,0,0,0.0721649484536082,0.0202020202020202,0.00336700336700337,0,0,0,"exchange_req","primary_kin","SM"
"smsu041","SM",0,4,0,95,0,99,100,3,2200.6,733.533333333333,1.33333333333333,0,0,0,0.0404040404040404,0.0134680134680135,NA,NA,NA,"exchange_req","primary_kin","SM"
"smsu042","SM",0,3,6,96,6,99,100,5,2348,469.6,0.6,0,0,0.0625,0.0303030303030303,0.00606060606060606,0,0,0,"exchange_req","primary_kin","SM"
"smsu043","SM",1,4,8,95,9,99,100,5,1986.8,397.36,0.8,0.2,0.25,0.0842105263157895,0.0404040404040404,0.00808080808080808,0.111111111111111,0.0222222222222222,2.96875,"exchange_req","primary_kin","SM"
"smsu044","SM",0,1,12,98,12,99,100,6,804,134,0.166666666666667,0,0,0.122448979591837,0.0101010101010101,0.00168350168350168,0,0,0,"exchange_req","primary_kin","SM"
"smsu045","SM",0,1,8,98,8,99,100,4,496.6,124.15,0.25,0,0,0.0816326530612245,0.0101010101010101,0.00252525252525253,0,0,0,"exchange_req","primary_kin","SM"
"smsu046","SM",0,2,0,97,0,99,100,5,1821.2,364.24,0.4,0,0,0,0.0202020202020202,0.00404040404040404,NA,NA,NA,"exchange_req","primary_kin","SM"
"smsu047","SM",0,2,5,97,5,99,100,5,4280.2,856.04,0.4,0,0,0.0515463917525773,0.0202020202020202,0.00404040404040404,0,0,0,"exchange_req","primary_kin","SM"
"smsu048","SM",0,2,4,97,4,99,100,5,2620.2,524.04,0.4,0,0,0.0412371134020619,0.0202020202020202,0.00404040404040404,0,0,0,"exchange_req","primary_kin","SM"
"smsu049","SM",0,2,8,97,8,99,100,3,1189.6,396.533333333333,0.666666666666667,0,0,0.0824742268041237,0.0202020202020202,0.00673400673400673,0,0,0,"exchange_req","primary_kin","SM"
"smsu050","SM",0,1,6,98,6,99,100,3,1979.2,659.733333333333,0.333333333333333,0,0,0.0612244897959184,0.0101010101010101,0.00336700336700337,0,0,0,"exchange_req","primary_kin","SM"
"smsu051","SM",0,2,5,97,5,99,100,5,2385,477,0.4,0,0,0.0515463917525773,0.0202020202020202,0.00404040404040404,0,0,0,"exchange_req","primary_kin","SM"
"smsu052","SM",0,2,10,97,10,99,100,5,956,191.2,0.4,0,0,0.103092783505155,0.0202020202020202,0.00404040404040404,0,0,0,"exchange_req","primary_kin","SM"
"smsu053","SM",1,6,6,93,7,99,100,6,3965,660.833333333333,1,0.166666666666667,0.166666666666667,0.0645161290322581,0.0606060606060606,0.0101010101010101,0.142857142857143,0.0238095238095238,2.58333333333333,"exchange_req","primary_kin","SM"
"smsu054","SM",0,2,2,97,2,99,100,6,2622,437,0.333333333333333,0,0,0.0206185567010309,0.0202020202020202,0.00336700336700337,0,0,0,"exchange_req","primary_kin","SM"
"smsu055","SM",0,0,6,99,6,99,100,6,2952.2,492.033333333333,0,0,NA,0.0606060606060606,0,0,0,0,NA,"exchange_req","primary_kin","SM"
"smsu056","SM",0,3,6,96,6,99,100,7,968.2,138.314285714286,0.428571428571429,0,0,0.0625,0.0303030303030303,0.00432900432900433,0,0,0,"exchange_req","primary_kin","SM"
"smsu057","SM",0,3,5,96,5,99,100,5,3231,646.2,0.6,0,0,0.0520833333333333,0.0303030303030303,0.00606060606060606,0,0,0,"exchange_req","primary_kin","SM"
"smsu058","SM",0,2,4,97,4,99,100,5,3001.6,600.32,0.4,0,0,0.0412371134020619,0.0202020202020202,0.00404040404040404,0,0,0,"exchange_req","primary_kin","SM"
"smsu059","SM",0,2,6,97,6,99,100,3,1883,627.666666666667,0.666666666666667,0,0,0.0618556701030928,0.0202020202020202,0.00673400673400673,0,0,0,"exchange_req","primary_kin","SM"
"smsu060","SM",1,4,6,95,7,99,100,7,3673,524.714285714286,0.571428571428571,0.142857142857143,0.25,0.0631578947368421,0.0404040404040404,0.00577200577200577,0.142857142857143,0.0204081632653061,3.95833333333333,"exchange_req","primary_kin","SM"
"smsu061","SM",0,2,5,97,5,99,100,4,2846.6,711.65,0.5,0,0,0.0515463917525773,0.0202020202020202,0.00505050505050505,0,0,0,"exchange_req","primary_kin","SM"
"smsu062","SM",0,2,3,97,3,99,100,4,1748.6,437.15,0.5,0,0,0.0309278350515464,0.0202020202020202,0.00505050505050505,0,0,0,"exchange_req","primary_kin","SM"
"smsu063","SM",0,1,10,98,10,99,100,5,1671.6,334.32,0.2,0,0,0.102040816326531,0.0101010101010101,0.00202020202020202,0,0,0,"exchange_req","primary_kin","SM"
"smsu064","SM",0,1,6,98,6,99,100,3,2160,720,0.333333333333333,0,0,0.0612244897959184,0.0101010101010101,0.00336700336700337,0,0,0,"exchange_req","primary_kin","SM"
"smsu065","SM",0,3,9,96,9,99,100,5,910,182,0.6,0,0,0.09375,0.0303030303030303,0.00606060606060606,0,0,0,"exchange_req","primary_kin","SM"
"smsu066","SM",0,3,8,96,8,99,100,3,2907,969,1,0,0,0.0833333333333333,0.0303030303030303,0.0101010101010101,0,0,0,"exchange_req","primary_kin","SM"
"smsu067","SM",0,2,5,97,5,99,100,7,1810.6,258.657142857143,0.285714285714286,0,0,0.0515463917525773,0.0202020202020202,0.00288600288600289,0,0,0,"exchange_req","primary_kin","SM"
"smsu068","SM",0,4,4,95,4,99,100,3,4634,1544.66666666667,1.33333333333333,0,0,0.0421052631578947,0.0404040404040404,0.0134680134680135,0,0,0,"exchange_req","primary_kin","SM"
"smsu069","SM",0,1,7,98,7,99,100,6,395.6,65.9333333333333,0.166666666666667,0,0,0.0714285714285714,0.0101010101010101,0.00168350168350168,0,0,0,"exchange_req","primary_kin","SM"
"smsu070","SM",0,2,7,97,7,99,100,6,6160.6,1026.76666666667,0.333333333333333,0,0,0.0721649484536082,0.0202020202020202,0.00336700336700337,0,0,0,"exchange_req","primary_kin","SM"
"smsu071","SM",0,4,5,95,5,99,100,5,1376,275.2,0.8,0,0,0.0526315789473684,0.0404040404040404,0.00808080808080808,0,0,0,"exchange_req","primary_kin","SM"
"smsu072","SM",0,2,0,97,0,99,100,4,2077.2,519.3,0.5,0,0,0,0.0202020202020202,0.00505050505050505,NA,NA,NA,"exchange_req","primary_kin","SM"
"smsu073","SM",0,2,6,97,6,99,100,3,4405.8,1468.6,0.666666666666667,0,0,0.0618556701030928,0.0202020202020202,0.00673400673400673,0,0,0,"exchange_req","primary_kin","SM"
"smsu074","SM",0,1,6,98,6,99,100,4,2508.2,627.05,0.25,0,0,0.0612244897959184,0.0101010101010101,0.00252525252525253,0,0,0,"exchange_req","primary_kin","SM"
"smsu075","SM",0,3,9,96,9,99,100,7,2496.8,356.685714285714,0.428571428571429,0,0,0.09375,0.0303030303030303,0.00432900432900433,0,0,0,"exchange_req","primary_kin","SM"
"smsu076","SM",0,3,15,96,15,99,100,7,670,95.7142857142857,0.428571428571429,0,0,0.15625,0.0303030303030303,0.00432900432900433,0,0,0,"exchange_req","primary_kin","SM"
"smsu077","SM",0,5,4,94,4,99,100,5,6092,1218.4,1,0,0,0.0425531914893617,0.0505050505050505,0.0101010101010101,0,0,0,"exchange_req","primary_kin","SM"
"smsu078","SM",0,1,2,98,2,99,100,4,3154.2,788.55,0.25,0,0,0.0204081632653061,0.0101010101010101,0.00252525252525253,0,0,0,"exchange_req","primary_kin","SM"
"smsu079","SM",0,3,6,96,6,99,100,7,4164,594.857142857143,0.428571428571429,0,0,0.0625,0.0303030303030303,0.00432900432900433,0,0,0,"exchange_req","primary_kin","SM"
"smsu080","SM",0,1,6,98,6,99,100,4,1439,359.75,0.25,0,0,0.0612244897959184,0.0101010101010101,0.00252525252525253,0,0,0,"exchange_req","primary_kin","SM"
"smsu081","SM",0,2,6,97,6,99,100,6,2253.6,375.6,0.333333333333333,0,0,0.0618556701030928,0.0202020202020202,0.00336700336700337,0,0,0,"exchange_req","primary_kin","SM"
"smsu082","SM",0,4,4,95,4,99,100,3,849.8,283.266666666667,1.33333333333333,0,0,0.0421052631578947,0.0404040404040404,0.0134680134680135,0,0,0,"exchange_req","primary_kin","SM"
"smsu083","SM",0,1,7,98,7,99,100,3,3770,1256.66666666667,0.333333333333333,0,0,0.0714285714285714,0.0101010101010101,0.00336700336700337,0,0,0,"exchange_req","primary_kin","SM"
"smsu084","SM",1,4,8,95,9,99,100,4,5449,1362.25,1,0.25,0.25,0.0842105263157895,0.0404040404040404,0.0101010101010101,0.111111111111111,0.0277777777777778,2.96875,"exchange_req","primary_kin","SM"
"smsu085","SM",0,3,4,96,4,99,100,5,2886.2,577.24,0.6,0,0,0.0416666666666667,0.0303030303030303,0.00606060606060606,0,0,0,"exchange_req","primary_kin","SM"
"smsu086","SM",0,2,3,97,3,99,100,6,2650.6,441.766666666667,0.333333333333333,0,0,0.0309278350515464,0.0202020202020202,0.00336700336700337,0,0,0,"exchange_req","primary_kin","SM"
"smsu087","SM",0,1,6,98,6,99,100,3,3232,1077.33333333333,0.333333333333333,0,0,0.0612244897959184,0.0101010101010101,0.00336700336700337,0,0,0,"exchange_req","primary_kin","SM"
"smsu088","SM",1,4,4,95,5,99,100,3,1344.6,448.2,1.33333333333333,0.333333333333333,0.25,0.0421052631578947,0.0404040404040404,0.0134680134680135,0.2,0.0666666666666667,5.9375,"exchange_req","primary_kin","SM"
"smsu089","SM",0,1,6,98,6,99,100,7,3185,455,0.142857142857143,0,0,0.0612244897959184,0.0101010101010101,0.00144300144300144,0,0,0,"exchange_req","primary_kin","SM"
"smsu090","SM",0,2,5,97,5,99,100,7,609.6,87.0857142857143,0.285714285714286,0,0,0.0515463917525773,0.0202020202020202,0.00288600288600289,0,0,0,"exchange_req","primary_kin","SM"
"smsu091","SM",0,1,6,98,6,99,100,6,5777,962.833333333333,0.166666666666667,0,0,0.0612244897959184,0.0101010101010101,0.00168350168350168,0,0,0,"exchange_req","primary_kin","SM"
"smsu092","SM",0,3,3,96,3,99,100,4,1826.6,456.65,0.75,0,0,0.03125,0.0303030303030303,0.00757575757575758,0,0,0,"exchange_req","primary_kin","SM"
"smsu093","SM",0,3,7,96,7,99,100,4,1200,300,0.75,0,0,0.0729166666666667,0.0303030303030303,0.00757575757575758,0,0,0,"exchange_req","primary_kin","SM"
"smsu094","SM",0,1,5,98,5,99,100,3,2658,886,0.333333333333333,0,0,0.0510204081632653,0.0101010101010101,0.00336700336700337,0,0,0,"exchange_req","primary_kin","SM"
"smsu095","SM",0,1,5,98,5,99,100,5,3604.6,720.92,0.2,0,0,0.0510204081632653,0.0101010101010101,0.00202020202020202,0,0,0,"exchange_req","primary_kin","SM"
"smsu096","SM",0,2,6,97,6,99,100,4,2301,575.25,0.5,0,0,0.0618556701030928,0.0202020202020202,0.00505050505050505,0,0,0,"exchange_req","primary_kin","SM"
"smsu097","SM",0,3,6,96,6,99,100,6,3253,542.166666666667,0.5,0,0,0.0625,0.0303030303030303,0.00505050505050505,0,0,0,"exchange_req","primary_kin","SM"
"smsu098","SM",0,2,2,97,2,99,100,5,3177.2,635.44,0.4,0,0,0.0206185567010309,0.0202020202020202,0.00404040404040404,0,0,0,"exchange_req","primary_kin","SM"
"smsu099","SM",0,2,9,97,9,99,100,6,621,103.5,0.333333333333333,0,0,0.0927835051546392,0.0202020202020202,0.00336700336700337,0,0,0,"exchange_req","primary_kin","SM"
"smsu100","SM",0,1,4,98,4,99,100,5,673.6,134.72,0.2,0,0,0.0408163265306122,0.0101010101010101,0.00202020202020202,0,0,0,"exchange_req","primary_kin","SM"
"egsu001","EG",1,4,6,55,7,59,60,6,4266.6,711.1,0.666666666666667,0.166666666666667,0.25,0.109090909090909,0.0677966101694915,0.0112994350282486,0.142857142857143,0.0238095238095238,2.29166666666667,"exchange_giv","primary_kin","EG"
"egsu002","EG",0,4,7,55,7,59,60,4,2144,536,1,0,0,0.127272727272727,0.0677966101694915,0.0169491525423729,0,0,0,"exchange_giv","primary_kin","EG"
"egsu003","EG",0,2,7,57,7,59,60,7,4821.6,688.8,0.285714285714286,0,0,0.12280701754386,0.0338983050847458,0.00484261501210654,0,0,0,"exchange_giv","primary_kin","EG"
"egsu004","EG",1,5,9,54,10,59,60,7,494,70.5714285714286,0.714285714285714,0.142857142857143,0.2,0.166666666666667,0.0847457627118644,0.0121065375302663,0.1,0.0142857142857143,1.2,"exchange_giv","primary_kin","EG"
"egsu005","EG",0,3,7,56,7,59,60,5,1068,213.6,0.6,0,0,0.125,0.0508474576271186,0.0101694915254237,0,0,0,"exchange_giv","primary_kin","EG"
"egsu006","EG",0,1,10,58,10,59,60,5,2355,471,0.2,0,0,0.172413793103448,0.0169491525423729,0.00338983050847458,0,0,0,"exchange_giv","primary_kin","EG"
"egsu007","EG",0,2,1,57,1,59,60,7,3493,499,0.285714285714286,0,0,0.0175438596491228,0.0338983050847458,0.00484261501210654,0,0,0,"exchange_giv","primary_kin","EG"
"egsu008","EG",0,4,7,55,7,59,60,5,4806,961.2,0.8,0,0,0.127272727272727,0.0677966101694915,0.0135593220338983,0,0,0,"exchange_giv","primary_kin","EG"
"egsu009","EG",1,1,5,58,6,59,60,4,1642.6,410.65,0.25,0.25,1,0.0862068965517241,0.0169491525423729,0.00423728813559322,0.166666666666667,0.0416666666666667,11.6,"exchange_giv","primary_kin","EG"
"egsu010","EG",0,4,6,55,6,59,60,5,2292.6,458.52,0.8,0,0,0.109090909090909,0.0677966101694915,0.0135593220338983,0,0,0,"exchange_giv","primary_kin","EG"
"egsu011","EG",0,1,4,58,4,59,60,3,3093.6,1031.2,0.333333333333333,0,0,0.0689655172413793,0.0169491525423729,0.00564971751412429,0,0,0,"exchange_giv","primary_kin","EG"
"egsu012","EG",0,3,4,56,4,59,60,3,780,260,1,0,0,0.0714285714285714,0.0508474576271186,0.0169491525423729,0,0,0,"exchange_giv","primary_kin","EG"
"egsu013","EG",0,1,8,58,8,59,60,5,3031,606.2,0.2,0,0,0.137931034482759,0.0169491525423729,0.00338983050847458,0,0,0,"exchange_giv","primary_kin","EG"
"egsu014","EG",0,2,1,57,1,59,60,5,934,186.8,0.4,0,0,0.0175438596491228,0.0338983050847458,0.00677966101694915,0,0,0,"exchange_giv","primary_kin","EG"
"egsu015","EG",0,1,11,58,11,59,60,5,4019.6,803.92,0.2,0,0,0.189655172413793,0.0169491525423729,0.00338983050847458,0,0,0,"exchange_giv","primary_kin","EG"
"egsu016","EG",0,3,1,56,1,59,60,7,1592.6,227.514285714286,0.428571428571429,0,0,0.0178571428571429,0.0508474576271186,0.00726392251815981,0,0,0,"exchange_giv","primary_kin","EG"
"egsu017","EG",0,2,7,57,7,59,60,5,3001,600.2,0.4,0,0,0.12280701754386,0.0338983050847458,0.00677966101694915,0,0,0,"exchange_giv","primary_kin","EG"
"egsu018","EG",2,6,5,53,7,59,60,7,2192,313.142857142857,0.857142857142857,0.285714285714286,0.333333333333333,0.0943396226415094,0.101694915254237,0.0145278450363196,0.285714285714286,0.0408163265306122,3.53333333333333,"exchange_giv","primary_kin","EG"
"egsu019","EG",1,3,3,56,4,59,60,3,4701,1567,1,0.333333333333333,0.333333333333333,0.0535714285714286,0.0508474576271186,0.0169491525423729,0.25,0.0833333333333333,6.22222222222222,"exchange_giv","primary_kin","EG"
"egsu020","EG",0,1,6,58,6,59,60,5,1875.6,375.12,0.2,0,0,0.103448275862069,0.0169491525423729,0.00338983050847458,0,0,0,"exchange_giv","primary_kin","EG"
"egsu021","EG",0,2,3,57,3,59,60,6,3349,558.166666666667,0.333333333333333,0,0,0.0526315789473684,0.0338983050847458,0.00564971751412429,0,0,0,"exchange_giv","primary_kin","EG"
"egsu022","EG",0,3,6,56,6,59,60,4,827,206.75,0.75,0,0,0.107142857142857,0.0508474576271186,0.0127118644067797,0,0,0,"exchange_giv","primary_kin","EG"
"egsu023","EG",0,4,3,55,3,59,60,3,1603.6,534.533333333333,1.33333333333333,0,0,0.0545454545454545,0.0677966101694915,0.0225988700564972,0,0,0,"exchange_giv","primary_kin","EG"
"egsu024","EG",0,2,5,57,5,59,60,3,6942,2314,0.666666666666667,0,0,0.087719298245614,0.0338983050847458,0.0112994350282486,0,0,0,"exchange_giv","primary_kin","EG"
"egsu025","EG",0,3,6,56,6,59,60,3,4155,1385,1,0,0,0.107142857142857,0.0508474576271186,0.0169491525423729,0,0,0,"exchange_giv","primary_kin","EG"
"egsu026","EG",0,1,5,58,5,59,60,5,2793,558.6,0.2,0,0,0.0862068965517241,0.0169491525423729,0.00338983050847458,0,0,0,"exchange_giv","primary_kin","EG"
"egsu027","EG",0,1,9,58,9,59,60,4,1723,430.75,0.25,0,0,0.155172413793103,0.0169491525423729,0.00423728813559322,0,0,0,"exchange_giv","primary_kin","EG"
"egsu028","EG",0,1,9,58,9,59,60,6,264.2,44.0333333333333,0.166666666666667,0,0,0.155172413793103,0.0169491525423729,0.00282485875706215,0,0,0,"exchange_giv","primary_kin","EG"
"egsu029","EG",0,1,12,58,12,59,60,7,609.2,87.0285714285714,0.142857142857143,0,0,0.206896551724138,0.0169491525423729,0.00242130750605327,0,0,0,"exchange_giv","primary_kin","EG"
"egsu030","EG",0,1,5,58,5,59,60,3,2977,992.333333333333,0.333333333333333,0,0,0.0862068965517241,0.0169491525423729,0.00564971751412429,0,0,0,"exchange_giv","primary_kin","EG"
"egsu031","EG",1,3,8,56,9,59,60,5,2813.2,562.64,0.6,0.2,0.333333333333333,0.142857142857143,0.0508474576271186,0.0101694915254237,0.111111111111111,0.0222222222222222,2.33333333333333,"exchange_giv","primary_kin","EG"
"egsu032","EG",1,3,6,56,7,59,60,6,3550,591.666666666667,0.5,0.166666666666667,0.333333333333333,0.107142857142857,0.0508474576271186,0.00847457627118644,0.142857142857143,0.0238095238095238,3.11111111111111,"exchange_giv","primary_kin","EG"
"egsu033","EG",0,1,6,58,6,59,60,5,2542.6,508.52,0.2,0,0,0.103448275862069,0.0169491525423729,0.00338983050847458,0,0,0,"exchange_giv","primary_kin","EG"
"egsu034","EG",0,4,3,55,3,59,60,3,1328.8,442.933333333333,1.33333333333333,0,0,0.0545454545454545,0.0677966101694915,0.0225988700564972,0,0,0,"exchange_giv","primary_kin","EG"
"egsu035","EG",0,1,12,58,12,59,60,5,4859,971.8,0.2,0,0,0.206896551724138,0.0169491525423729,0.00338983050847458,0,0,0,"exchange_giv","primary_kin","EG"
"egsu036","EG",0,1,6,58,6,59,60,3,2867.6,955.866666666667,0.333333333333333,0,0,0.103448275862069,0.0169491525423729,0.00564971751412429,0,0,0,"exchange_giv","primary_kin","EG"
"egsu037","EG",0,3,4,56,4,59,60,3,3852.8,1284.26666666667,1,0,0,0.0714285714285714,0.0508474576271186,0.0169491525423729,0,0,0,"exchange_giv","primary_kin","EG"
"egsu038","EG",0,1,9,58,9,59,60,7,1392.6,198.942857142857,0.142857142857143,0,0,0.155172413793103,0.0169491525423729,0.00242130750605327,0,0,0,"exchange_giv","primary_kin","EG"
"egsu039","EG",0,4,6,55,6,59,60,3,2142,714,1.33333333333333,0,0,0.109090909090909,0.0677966101694915,0.0225988700564972,0,0,0,"exchange_giv","primary_kin","EG"
"egsu040","EG",0,3,3,56,3,59,60,6,1878.8,313.133333333333,0.5,0,0,0.0535714285714286,0.0508474576271186,0.00847457627118644,0,0,0,"exchange_giv","primary_kin","EG"
"egsu041","EG",0,0,7,59,7,59,60,3,2127.6,709.2,0,0,NA,0.11864406779661,0,0,0,0,NA,"exchange_giv","primary_kin","EG"
"egsu042","EG",0,3,4,56,4,59,60,6,634.6,105.766666666667,0.5,0,0,0.0714285714285714,0.0508474576271186,0.00847457627118644,0,0,0,"exchange_giv","primary_kin","EG"
"egsu043","EG",1,7,3,52,4,59,60,4,1585.2,396.3,1.75,0.25,0.142857142857143,0.0576923076923077,0.11864406779661,0.0296610169491525,0.25,0.0625,2.47619047619048,"exchange_giv","primary_kin","EG"
"egsu044","EG",0,2,8,57,8,59,60,4,2238.8,559.7,0.5,0,0,0.140350877192982,0.0338983050847458,0.00847457627118644,0,0,0,"exchange_giv","primary_kin","EG"
"egsu045","EG",1,3,11,56,12,59,60,5,2421,484.2,0.6,0.2,0.333333333333333,0.196428571428571,0.0508474576271186,0.0101694915254237,0.0833333333333333,0.0166666666666667,1.6969696969697,"exchange_giv","primary_kin","EG"
"egsu046","EG",0,1,5,58,5,59,60,3,1830,610,0.333333333333333,0,0,0.0862068965517241,0.0169491525423729,0.00564971751412429,0,0,0,"exchange_giv","primary_kin","EG"
"egsu047","EG",0,5,2,54,2,59,60,3,2739.6,913.2,1.66666666666667,0,0,0.037037037037037,0.0847457627118644,0.0282485875706215,0,0,0,"exchange_giv","primary_kin","EG"
"egsu048","EG",0,3,5,56,5,59,60,4,4753.2,1188.3,0.75,0,0,0.0892857142857143,0.0508474576271186,0.0127118644067797,0,0,0,"exchange_giv","primary_kin","EG"
"egsu049","EG",0,2,10,57,10,59,60,6,538.6,89.7666666666667,0.333333333333333,0,0,0.175438596491228,0.0338983050847458,0.00564971751412429,0,0,0,"exchange_giv","primary_kin","EG"
"egsu050","EG",0,1,8,58,8,59,60,5,3703,740.6,0.2,0,0,0.137931034482759,0.0169491525423729,0.00338983050847458,0,0,0,"exchange_giv","primary_kin","EG"
"egsu051","EG",0,4,4,55,4,59,60,7,1771.6,253.085714285714,0.571428571428571,0,0,0.0727272727272727,0.0677966101694915,0.00968523002421307,0,0,0,"exchange_giv","primary_kin","EG"
"egsu052","EG",0,3,3,56,3,59,60,7,801.6,114.514285714286,0.428571428571429,0,0,0.0535714285714286,0.0508474576271186,0.00726392251815981,0,0,0,"exchange_giv","primary_kin","EG"
"egsu053","EG",0,2,4,57,4,59,60,6,3997.2,666.2,0.333333333333333,0,0,0.0701754385964912,0.0338983050847458,0.00564971751412429,0,0,0,"exchange_giv","primary_kin","EG"
"egsu054","EG",0,1,2,58,2,59,60,7,3863,551.857142857143,0.142857142857143,0,0,0.0344827586206897,0.0169491525423729,0.00242130750605327,0,0,0,"exchange_giv","primary_kin","EG"
"egsu055","EG",0,2,6,57,6,59,60,5,2177.6,435.52,0.4,0,0,0.105263157894737,0.0338983050847458,0.00677966101694915,0,0,0,"exchange_giv","primary_kin","EG"
"egsu056","EG",0,4,5,55,5,59,60,5,5283,1056.6,0.8,0,0,0.0909090909090909,0.0677966101694915,0.0135593220338983,0,0,0,"exchange_giv","primary_kin","EG"
"egsu057","EG",0,2,6,57,6,59,60,3,2256.6,752.2,0.666666666666667,0,0,0.105263157894737,0.0338983050847458,0.0112994350282486,0,0,0,"exchange_giv","primary_kin","EG"
"egsu058","EG",0,1,16,58,16,59,60,7,4654.6,664.942857142857,0.142857142857143,0,0,0.275862068965517,0.0169491525423729,0.00242130750605327,0,0,0,"exchange_giv","primary_kin","EG"
"egsu059","EG",0,1,6,58,6,59,60,5,3104.2,620.84,0.2,0,0,0.103448275862069,0.0169491525423729,0.00338983050847458,0,0,0,"exchange_giv","primary_kin","EG"
"egsu060","EG",0,3,4,56,4,59,60,5,2399.8,479.96,0.6,0,0,0.0714285714285714,0.0508474576271186,0.0101694915254237,0,0,0,"exchange_giv","primary_kin","EG"
"exsu001","EX",0,5,3,64,3,69,70,7,3039.6,434.228571428571,0.714285714285714,0,0,0.046875,0.072463768115942,0.010351966873706,0,0,0,"exchange_giv","primary_kin","EX"
"exsu002","EX",2,5,5,64,7,69,70,3,2089,696.333333333333,1.66666666666667,0.666666666666667,0.4,0.078125,0.072463768115942,0.0241545893719807,0.285714285714286,0.0952380952380952,5.12,"exchange_giv","primary_kin","EX"
"exsu003","EX",0,3,8,66,8,69,70,5,990,198,0.6,0,0,0.121212121212121,0.0434782608695652,0.00869565217391304,0,0,0,"exchange_giv","primary_kin","EX"
"exsu004","EX",1,4,6,65,7,69,70,3,5493.6,1831.2,1.33333333333333,0.333333333333333,0.25,0.0923076923076923,0.0579710144927536,0.0193236714975845,0.142857142857143,0.0476190476190476,2.70833333333333,"exchange_giv","primary_kin","EX"
"exsu005","EX",0,1,4,68,4,69,70,3,3065.2,1021.73333333333,0.333333333333333,0,0,0.0588235294117647,0.0144927536231884,0.00483091787439614,0,0,0,"exchange_giv","primary_kin","EX"
"exsu006","EX",0,3,9,66,9,69,70,7,6047.6,863.942857142857,0.428571428571429,0,0,0.136363636363636,0.0434782608695652,0.0062111801242236,0,0,0,"exchange_giv","primary_kin","EX"
"exsu007","EX",0,3,13,66,13,69,70,7,1989,284.142857142857,0.428571428571429,0,0,0.196969696969697,0.0434782608695652,0.0062111801242236,0,0,0,"exchange_giv","primary_kin","EX"
"exsu008","EX",0,2,7,67,7,69,70,5,3437,687.4,0.4,0,0,0.104477611940299,0.0289855072463768,0.00579710144927536,0,0,0,"exchange_giv","primary_kin","EX"
"exsu009","EX",0,3,7,66,7,69,70,5,1999.6,399.92,0.6,0,0,0.106060606060606,0.0434782608695652,0.00869565217391304,0,0,0,"exchange_giv","primary_kin","EX"
"exsu010","EX",0,3,4,66,4,69,70,4,1860,465,0.75,0,0,0.0606060606060606,0.0434782608695652,0.0108695652173913,0,0,0,"exchange_giv","primary_kin","EX"
"exsu011","EX",0,2,8,67,8,69,70,6,1969.2,328.2,0.333333333333333,0,0,0.119402985074627,0.0289855072463768,0.00483091787439614,0,0,0,"exchange_giv","primary_kin","EX"
"exsu012","EX",0,1,4,68,4,69,70,4,1686.6,421.65,0.25,0,0,0.0588235294117647,0.0144927536231884,0.0036231884057971,0,0,0,"exchange_giv","primary_kin","EX"
"exsu013","EX",0,2,7,67,7,69,70,7,4188,598.285714285714,0.285714285714286,0,0,0.104477611940299,0.0289855072463768,0.0041407867494824,0,0,0,"exchange_giv","primary_kin","EX"
"exsu014","EX",0,4,4,65,4,69,70,7,2161,308.714285714286,0.571428571428571,0,0,0.0615384615384615,0.0579710144927536,0.0082815734989648,0,0,0,"exchange_giv","primary_kin","EX"
"exsu015","EX",0,1,6,68,6,69,70,4,407,101.75,0.25,0,0,0.0882352941176471,0.0144927536231884,0.0036231884057971,0,0,0,"exchange_giv","primary_kin","EX"
"exsu016","EX",1,3,6,66,7,69,70,6,1607,267.833333333333,0.5,0.166666666666667,0.333333333333333,0.0909090909090909,0.0434782608695652,0.0072463768115942,0.142857142857143,0.0238095238095238,3.66666666666667,"exchange_giv","primary_kin","EX"
"exsu017","EX",1,2,6,67,7,69,70,4,4368.2,1092.05,0.5,0.25,0.5,0.0895522388059701,0.0289855072463768,0.0072463768115942,0.142857142857143,0.0357142857142857,5.58333333333333,"exchange_giv","primary_kin","EX"
"exsu018","EX",0,3,4,66,4,69,70,3,3123,1041,1,0,0,0.0606060606060606,0.0434782608695652,0.0144927536231884,0,0,0,"exchange_giv","primary_kin","EX"
"exsu019","EX",0,2,14,67,14,69,70,7,1626.6,232.371428571429,0.285714285714286,0,0,0.208955223880597,0.0289855072463768,0.0041407867494824,0,0,0,"exchange_giv","primary_kin","EX"
"exsu020","EX",1,3,4,66,5,69,70,5,3081,616.2,0.6,0.2,0.333333333333333,0.0606060606060606,0.0434782608695652,0.00869565217391304,0.2,0.04,5.5,"exchange_giv","primary_kin","EX"
"exsu021","EX",0,3,9,66,9,69,70,5,2349.6,469.92,0.6,0,0,0.136363636363636,0.0434782608695652,0.00869565217391304,0,0,0,"exchange_giv","primary_kin","EX"
"exsu022","EX",0,2,5,67,5,69,70,7,759,108.428571428571,0.285714285714286,0,0,0.0746268656716418,0.0289855072463768,0.0041407867494824,0,0,0,"exchange_giv","primary_kin","EX"
"exsu023","EX",0,1,6,68,6,69,70,6,1118,186.333333333333,0.166666666666667,0,0,0.0882352941176471,0.0144927536231884,0.00241545893719807,0,0,0,"exchange_giv","primary_kin","EX"
"exsu024","EX",0,1,3,68,3,69,70,6,1522,253.666666666667,0.166666666666667,0,0,0.0441176470588235,0.0144927536231884,0.00241545893719807,0,0,0,"exchange_giv","primary_kin","EX"
"exsu025","EX",0,6,7,63,7,69,70,6,4654.6,775.766666666667,1,0,0,0.111111111111111,0.0869565217391304,0.0144927536231884,0,0,0,"exchange_giv","primary_kin","EX"
"exsu026","EX",0,1,3,68,3,69,70,6,1421.6,236.933333333333,0.166666666666667,0,0,0.0441176470588235,0.0144927536231884,0.00241545893719807,0,0,0,"exchange_giv","primary_kin","EX"
"exsu027","EX",0,2,9,67,9,69,70,7,3225.6,460.8,0.285714285714286,0,0,0.134328358208955,0.0289855072463768,0.0041407867494824,0,0,0,"exchange_giv","primary_kin","EX"
"exsu028","EX",0,4,5,65,5,69,70,3,1498,499.333333333333,1.33333333333333,0,0,0.0769230769230769,0.0579710144927536,0.0193236714975845,0,0,0,"exchange_giv","primary_kin","EX"
"exsu029","EX",0,1,4,68,4,69,70,5,1826.8,365.36,0.2,0,0,0.0588235294117647,0.0144927536231884,0.00289855072463768,0,0,0,"exchange_giv","primary_kin","EX"
"exsu030","EX",0,1,6,68,6,69,70,6,3297,549.5,0.166666666666667,0,0,0.0882352941176471,0.0144927536231884,0.00241545893719807,0,0,0,"exchange_giv","primary_kin","EX"
"exsu031","EX",0,5,8,64,8,69,70,7,945.2,135.028571428571,0.714285714285714,0,0,0.125,0.072463768115942,0.010351966873706,0,0,0,"exchange_giv","primary_kin","EX"
"exsu032","EX",0,1,5,68,5,69,70,3,1461,487,0.333333333333333,0,0,0.0735294117647059,0.0144927536231884,0.00483091787439614,0,0,0,"exchange_giv","primary_kin","EX"
"exsu033","EX",0,2,4,67,4,69,70,6,1781.2,296.866666666667,0.333333333333333,0,0,0.0597014925373134,0.0289855072463768,0.00483091787439614,0,0,0,"exchange_giv","primary_kin","EX"
"exsu034","EX",0,3,6,66,6,69,70,4,2898.6,724.65,0.75,0,0,0.0909090909090909,0.0434782608695652,0.0108695652173913,0,0,0,"exchange_giv","primary_kin","EX"
"exsu035","EX",0,2,7,67,7,69,70,7,1402.6,200.371428571429,0.285714285714286,0,0,0.104477611940299,0.0289855072463768,0.0041407867494824,0,0,0,"exchange_giv","primary_kin","EX"
"exsu036","EX",0,3,5,66,5,69,70,6,4938,823,0.5,0,0,0.0757575757575758,0.0434782608695652,0.0072463768115942,0,0,0,"exchange_giv","primary_kin","EX"
"exsu037","EX",0,1,5,68,5,69,70,5,2089,417.8,0.2,0,0,0.0735294117647059,0.0144927536231884,0.00289855072463768,0,0,0,"exchange_giv","primary_kin","EX"
"exsu038","EX",0,4,9,65,9,69,70,6,2700.6,450.1,0.666666666666667,0,0,0.138461538461538,0.0579710144927536,0.00966183574879227,0,0,0,"exchange_giv","primary_kin","EX"
"exsu039","EX",0,2,4,67,4,69,70,5,829.8,165.96,0.4,0,0,0.0597014925373134,0.0289855072463768,0.00579710144927536,0,0,0,"exchange_giv","primary_kin","EX"
"exsu040","EX",0,1,6,68,6,69,70,7,4904,700.571428571429,0.142857142857143,0,0,0.0882352941176471,0.0144927536231884,0.0020703933747412,0,0,0,"exchange_giv","primary_kin","EX"
"exsu041","EX",0,2,9,67,9,69,70,5,6487.8,1297.56,0.4,0,0,0.134328358208955,0.0289855072463768,0.00579710144927536,0,0,0,"exchange_giv","primary_kin","EX"
"exsu042","EX",0,2,4,67,4,69,70,6,3818.6,636.433333333333,0.333333333333333,0,0,0.0597014925373134,0.0289855072463768,0.00483091787439614,0,0,0,"exchange_giv","primary_kin","EX"
"exsu043","EX",0,2,2,67,2,69,70,3,2621,873.666666666667,0.666666666666667,0,0,0.0298507462686567,0.0289855072463768,0.00966183574879227,0,0,0,"exchange_giv","primary_kin","EX"
"exsu044","EX",1,4,3,65,4,69,70,6,1032,172,0.666666666666667,0.166666666666667,0.25,0.0461538461538462,0.0579710144927536,0.00966183574879227,0.25,0.0416666666666667,5.41666666666667,"exchange_giv","primary_kin","EX"
"exsu045","EX",0,1,3,68,3,69,70,6,1933,322.166666666667,0.166666666666667,0,0,0.0441176470588235,0.0144927536231884,0.00241545893719807,0,0,0,"exchange_giv","primary_kin","EX"
"exsu046","EX",0,2,5,67,5,69,70,7,494,70.5714285714286,0.285714285714286,0,0,0.0746268656716418,0.0289855072463768,0.0041407867494824,0,0,0,"exchange_giv","primary_kin","EX"
"exsu047","EX",0,3,6,66,6,69,70,3,943.2,314.4,1,0,0,0.0909090909090909,0.0434782608695652,0.0144927536231884,0,0,0,"exchange_giv","primary_kin","EX"
"exsu048","EX",0,1,3,68,3,69,70,6,2850,475,0.166666666666667,0,0,0.0441176470588235,0.0144927536231884,0.00241545893719807,0,0,0,"exchange_giv","primary_kin","EX"
"exsu049","EX",0,2,5,67,5,69,70,4,1072,268,0.5,0,0,0.0746268656716418,0.0289855072463768,0.0072463768115942,0,0,0,"exchange_giv","primary_kin","EX"
"exsu050","EX",0,2,4,67,4,69,70,4,572,143,0.5,0,0,0.0597014925373134,0.0289855072463768,0.0072463768115942,0,0,0,"exchange_giv","primary_kin","EX"
"exsu051","EX",0,1,7,68,7,69,70,7,2877.6,411.085714285714,0.142857142857143,0,0,0.102941176470588,0.0144927536231884,0.0020703933747412,0,0,0,"exchange_giv","primary_kin","EX"
"exsu052","EX",0,1,4,68,4,69,70,7,2012,287.428571428571,0.142857142857143,0,0,0.0588235294117647,0.0144927536231884,0.0020703933747412,0,0,0,"exchange_giv","primary_kin","EX"
"exsu053","EX",0,1,4,68,4,69,70,6,6528.6,1088.1,0.166666666666667,0,0,0.0588235294117647,0.0144927536231884,0.00241545893719807,0,0,0,"exchange_giv","primary_kin","EX"
"exsu054","EX",0,2,7,67,7,69,70,6,1739.8,289.966666666667,0.333333333333333,0,0,0.104477611940299,0.0289855072463768,0.00483091787439614,0,0,0,"exchange_giv","primary_kin","EX"
"exsu055","EX",0,0,6,69,6,69,70,3,3019.6,1006.53333333333,0,0,NA,0.0869565217391304,0,0,0,0,NA,"exchange_giv","primary_kin","EX"
"exsu056","EX",0,3,8,66,8,69,70,5,2649,529.8,0.6,0,0,0.121212121212121,0.0434782608695652,0.00869565217391304,0,0,0,"exchange_giv","primary_kin","EX"
"exsu057","EX",2,6,4,63,6,69,70,7,3864.6,552.085714285714,0.857142857142857,0.285714285714286,0.333333333333333,0.0634920634920635,0.0869565217391304,0.0124223602484472,0.333333333333333,0.0476190476190476,5.25,"exchange_giv","primary_kin","EX"
"exsu058","EX",0,1,3,68,3,69,70,5,938,187.6,0.2,0,0,0.0441176470588235,0.0144927536231884,0.00289855072463768,0,0,0,"exchange_giv","primary_kin","EX"
"exsu059","EX",0,2,10,67,10,69,70,3,4723.6,1574.53333333333,0.666666666666667,0,0,0.149253731343284,0.0289855072463768,0.00966183574879227,0,0,0,"exchange_giv","primary_kin","EX"
"exsu060","EX",1,2,6,67,7,69,70,5,3658.2,731.64,0.4,0.2,0.5,0.0895522388059701,0.0289855072463768,0.00579710144927536,0.142857142857143,0.0285714285714286,5.58333333333333,"exchange_giv","primary_kin","EX"
"exsu061","EX",0,1,3,68,3,69,70,7,1931.6,275.942857142857,0.142857142857143,0,0,0.0441176470588235,0.0144927536231884,0.0020703933747412,0,0,0,"exchange_giv","primary_kin","EX"
"exsu062","EX",0,2,6,67,6,69,70,7,5784,826.285714285714,0.285714285714286,0,0,0.0895522388059701,0.0289855072463768,0.0041407867494824,0,0,0,"exchange_giv","primary_kin","EX"
"exsu063","EX",0,1,5,68,5,69,70,4,4085.6,1021.4,0.25,0,0,0.0735294117647059,0.0144927536231884,0.0036231884057971,0,0,0,"exchange_giv","primary_kin","EX"
"exsu064","EX",1,2,10,67,11,69,70,6,2867.6,477.933333333333,0.333333333333333,0.166666666666667,0.5,0.149253731343284,0.0289855072463768,0.00483091787439614,0.0909090909090909,0.0151515151515152,3.35,"exchange_giv","primary_kin","EX"
"exsu065","EX",1,3,0,66,1,69,70,5,2715.6,543.12,0.6,0.2,0.333333333333333,0,0.0434782608695652,0.00869565217391304,1,0.2,Inf,"exchange_giv","primary_kin","EX"
"exsu066","EX",0,3,4,66,4,69,70,6,3046.6,507.766666666667,0.5,0,0,0.0606060606060606,0.0434782608695652,0.0072463768115942,0,0,0,"exchange_giv","primary_kin","EX"
"exsu067","EX",0,3,8,66,8,69,70,4,1578,394.5,0.75,0,0,0.121212121212121,0.0434782608695652,0.0108695652173913,0,0,0,"exchange_giv","primary_kin","EX"
"exsu068","EX",1,3,3,66,4,69,70,3,3075,1025,1,0.333333333333333,0.333333333333333,0.0454545454545455,0.0434782608695652,0.0144927536231884,0.25,0.0833333333333333,7.33333333333333,"exchange_giv","primary_kin","EX"
"exsu069","EX",1,2,5,67,6,69,70,4,3305,826.25,0.5,0.25,0.5,0.0746268656716418,0.0289855072463768,0.0072463768115942,0.166666666666667,0.0416666666666667,6.7,"exchange_giv","primary_kin","EX"
"exsu070","EX",0,3,4,66,4,69,70,3,2335.8,778.6,1,0,0,0.0606060606060606,0.0434782608695652,0.0144927536231884,0,0,0,"exchange_giv","primary_kin","EX"
"sisu001","SI",0,1,9,38,9,39,40,7,6725.2,960.742857142857,0.142857142857143,0,0,0.236842105263158,0.0256410256410256,0.00366300366300366,0,0,0,"exchange_giv","primary_kin","SI"
"sisu002","SI",1,2,9,37,10,39,40,6,4015.6,669.266666666667,0.333333333333333,0.166666666666667,0.5,0.243243243243243,0.0512820512820513,0.00854700854700855,0.1,0.0166666666666667,2.05555555555556,"exchange_giv","primary_kin","SI"
"sisu003","SI",0,4,9,35,9,39,40,3,3457.2,1152.4,1.33333333333333,0,0,0.257142857142857,0.102564102564103,0.0341880341880342,0,0,0,"exchange_giv","primary_kin","SI"
"sisu004","SI",0,6,7,33,7,39,40,3,3015.8,1005.26666666667,2,0,0,0.212121212121212,0.153846153846154,0.0512820512820513,0,0,0,"exchange_giv","primary_kin","SI"
"sisu005","SI",1,2,6,37,7,39,40,3,957.6,319.2,0.666666666666667,0.333333333333333,0.5,0.162162162162162,0.0512820512820513,0.0170940170940171,0.142857142857143,0.0476190476190476,3.08333333333333,"exchange_giv","primary_kin","SI"
"sisu006","SI",1,2,3,37,4,39,40,3,1668,556,0.666666666666667,0.333333333333333,0.5,0.0810810810810811,0.0512820512820513,0.0170940170940171,0.25,0.0833333333333333,6.16666666666667,"exchange_giv","primary_kin","SI"
"sisu007","SI",1,5,8,34,9,39,40,4,1634,408.5,1.25,0.25,0.2,0.235294117647059,0.128205128205128,0.032051282051282,0.111111111111111,0.0277777777777778,0.85,"exchange_giv","primary_kin","SI"
"sisu008","SI",0,3,6,36,6,39,40,4,1773.2,443.3,0.75,0,0,0.166666666666667,0.0769230769230769,0.0192307692307692,0,0,0,"exchange_giv","primary_kin","SI"
"sisu009","SI",1,4,5,35,6,39,40,4,2157,539.25,1,0.25,0.25,0.142857142857143,0.102564102564103,0.0256410256410256,0.166666666666667,0.0416666666666667,1.75,"exchange_giv","primary_kin","SI"
"sisu010","SI",0,0,4,39,4,39,40,4,2569,642.25,0,0,NA,0.102564102564103,0,0,0,0,NA,"exchange_giv","primary_kin","SI"
"sisu011","SI",0,1,5,38,5,39,40,3,3492.6,1164.2,0.333333333333333,0,0,0.131578947368421,0.0256410256410256,0.00854700854700855,0,0,0,"exchange_giv","primary_kin","SI"
"sisu012","SI",0,4,3,35,3,39,40,3,3090.2,1030.06666666667,1.33333333333333,0,0,0.0857142857142857,0.102564102564103,0.0341880341880342,0,0,0,"exchange_giv","primary_kin","SI"
"sisu013","SI",1,2,8,37,9,39,40,3,2711.2,903.733333333333,0.666666666666667,0.333333333333333,0.5,0.216216216216216,0.0512820512820513,0.0170940170940171,0.111111111111111,0.037037037037037,2.3125,"exchange_giv","primary_kin","SI"
"sisu014","SI",0,0,7,39,7,39,40,5,3955.2,791.04,0,0,NA,0.17948717948718,0,0,0,0,NA,"exchange_giv","primary_kin","SI"
"sisu015","SI",1,3,11,36,12,39,40,7,5079.6,725.657142857143,0.428571428571429,0.142857142857143,0.333333333333333,0.305555555555556,0.0769230769230769,0.010989010989011,0.0833333333333333,0.0119047619047619,1.09090909090909,"exchange_giv","primary_kin","SI"
"sisu016","SI",0,3,1,36,1,39,40,6,3258.6,543.1,0.5,0,0,0.0277777777777778,0.0769230769230769,0.0128205128205128,0,0,0,"exchange_giv","primary_kin","SI"
"sisu017","SI",0,1,9,38,9,39,40,7,5293.6,756.228571428572,0.142857142857143,0,0,0.236842105263158,0.0256410256410256,0.00366300366300366,0,0,0,"exchange_giv","primary_kin","SI"
"sisu018","SI",0,2,7,37,7,39,40,3,980,326.666666666667,0.666666666666667,0,0,0.189189189189189,0.0512820512820513,0.0170940170940171,0,0,0,"exchange_giv","primary_kin","SI"
"sisu019","SI",0,4,6,35,6,39,40,3,1973,657.666666666667,1.33333333333333,0,0,0.171428571428571,0.102564102564103,0.0341880341880342,0,0,0,"exchange_giv","primary_kin","SI"
"sisu020","SI",0,3,6,36,6,39,40,4,2122.2,530.55,0.75,0,0,0.166666666666667,0.0769230769230769,0.0192307692307692,0,0,0,"exchange_giv","primary_kin","SI"
"sisu021","SI",0,1,3,38,3,39,40,7,2010,287.142857142857,0.142857142857143,0,0,0.0789473684210526,0.0256410256410256,0.00366300366300366,0,0,0,"exchange_giv","primary_kin","SI"
"sisu022","SI",0,2,11,37,11,39,40,4,2600.2,650.05,0.5,0,0,0.297297297297297,0.0512820512820513,0.0128205128205128,0,0,0,"exchange_giv","primary_kin","SI"
"sisu023","SI",0,2,4,37,4,39,40,5,3122.2,624.44,0.4,0,0,0.108108108108108,0.0512820512820513,0.0102564102564103,0,0,0,"exchange_giv","primary_kin","SI"
"sisu024","SI",0,3,5,36,5,39,40,3,1423.6,474.533333333333,1,0,0,0.138888888888889,0.0769230769230769,0.0256410256410256,0,0,0,"exchange_giv","primary_kin","SI"
"sisu025","SI",0,4,2,35,2,39,40,3,1945.2,648.4,1.33333333333333,0,0,0.0571428571428571,0.102564102564103,0.0341880341880342,0,0,0,"exchange_giv","primary_kin","SI"
"sisu026","SI",0,5,1,34,1,39,40,3,3222,1074,1.66666666666667,0,0,0.0294117647058824,0.128205128205128,0.0427350427350427,0,0,0,"exchange_giv","primary_kin","SI"
"sisu027","SI",1,4,6,35,7,39,40,4,5309.2,1327.3,1,0.25,0.25,0.171428571428571,0.102564102564103,0.0256410256410256,0.142857142857143,0.0357142857142857,1.45833333333333,"exchange_giv","primary_kin","SI"
"sisu028","SI",0,3,9,36,9,39,40,6,3121,520.166666666667,0.5,0,0,0.25,0.0769230769230769,0.0128205128205128,0,0,0,"exchange_giv","primary_kin","SI"
"sisu029","SI",0,2,9,37,9,39,40,5,5283.2,1056.64,0.4,0,0,0.243243243243243,0.0512820512820513,0.0102564102564103,0,0,0,"exchange_giv","primary_kin","SI"
"sisu030","SI",0,4,2,35,2,39,40,7,3370,481.428571428571,0.571428571428571,0,0,0.0571428571428571,0.102564102564103,0.0146520146520147,0,0,0,"exchange_giv","primary_kin","SI"
"sisu031","SI",0,2,4,37,4,39,40,5,2474,494.8,0.4,0,0,0.108108108108108,0.0512820512820513,0.0102564102564103,0,0,0,"exchange_giv","primary_kin","SI"
"sisu032","SI",0,1,9,38,9,39,40,5,359,71.8,0.2,0,0,0.236842105263158,0.0256410256410256,0.00512820512820513,0,0,0,"exchange_giv","primary_kin","SI"
"sisu033","SI",1,3,3,36,4,39,40,5,4396,879.2,0.6,0.2,0.333333333333333,0.0833333333333333,0.0769230769230769,0.0153846153846154,0.25,0.05,4,"exchange_giv","primary_kin","SI"
"sisu034","SI",0,1,4,38,4,39,40,6,2779,463.166666666667,0.166666666666667,0,0,0.105263157894737,0.0256410256410256,0.00427350427350427,0,0,0,"exchange_giv","primary_kin","SI"
"sisu035","SI",1,2,3,37,4,39,40,7,4425,632.142857142857,0.285714285714286,0.142857142857143,0.5,0.0810810810810811,0.0512820512820513,0.00732600732600733,0.25,0.0357142857142857,6.16666666666667,"exchange_giv","primary_kin","SI"
"sisu036","SI",0,3,6,36,6,39,40,4,2113.6,528.4,0.75,0,0,0.166666666666667,0.0769230769230769,0.0192307692307692,0,0,0,"exchange_giv","primary_kin","SI"
"sisu037","SI",0,2,9,37,9,39,40,6,712.6,118.766666666667,0.333333333333333,0,0,0.243243243243243,0.0512820512820513,0.00854700854700855,0,0,0,"exchange_giv","primary_kin","SI"
"sisu038","SI",0,0,7,39,7,39,40,5,4104,820.8,0,0,NA,0.17948717948718,0,0,0,0,NA,"exchange_giv","primary_kin","SI"
"sisu039","SI",0,3,8,36,8,39,40,4,3582.6,895.65,0.75,0,0,0.222222222222222,0.0769230769230769,0.0192307692307692,0,0,0,"exchange_giv","primary_kin","SI"
"sisu040","SI",0,3,8,36,8,39,40,7,1867,266.714285714286,0.428571428571429,0,0,0.222222222222222,0.0769230769230769,0.010989010989011,0,0,0,"exchange_giv","primary_kin","SI"
"smsu001","SM",0,3,2,96,2,99,100,5,5400,1080,0.6,0,0,0.0208333333333333,0.0303030303030303,0.00606060606060606,0,0,0,"exchange_giv","primary_kin","SM"
"smsu002","SM",1,2,6,97,7,99,100,6,3285.6,547.6,0.333333333333333,0.166666666666667,0.5,0.0618556701030928,0.0202020202020202,0.00336700336700337,0.142857142857143,0.0238095238095238,8.08333333333333,"exchange_giv","primary_kin","SM"
"smsu003","SM",0,2,4,97,4,99,100,4,1157,289.25,0.5,0,0,0.0412371134020619,0.0202020202020202,0.00505050505050505,0,0,0,"exchange_giv","primary_kin","SM"
"smsu004","SM",0,2,7,97,7,99,100,4,3386,846.5,0.5,0,0,0.0721649484536082,0.0202020202020202,0.00505050505050505,0,0,0,"exchange_giv","primary_kin","SM"
"smsu005","SM",0,3,3,96,3,99,100,4,3342.2,835.55,0.75,0,0,0.03125,0.0303030303030303,0.00757575757575758,0,0,0,"exchange_giv","primary_kin","SM"
"smsu006","SM",0,1,6,98,6,99,100,5,3328,665.6,0.2,0,0,0.0612244897959184,0.0101010101010101,0.00202020202020202,0,0,0,"exchange_giv","primary_kin","SM"
"smsu007","SM",0,6,10,93,10,99,100,7,649,92.7142857142857,0.857142857142857,0,0,0.10752688172043,0.0606060606060606,0.00865800865800866,0,0,0,"exchange_giv","primary_kin","SM"
"smsu008","SM",0,3,5,96,5,99,100,4,384,96,0.75,0,0,0.0520833333333333,0.0303030303030303,0.00757575757575758,0,0,0,"exchange_giv","primary_kin","SM"
"smsu009","SM",0,3,6,96,6,99,100,6,2672.8,445.466666666667,0.5,0,0,0.0625,0.0303030303030303,0.00505050505050505,0,0,0,"exchange_giv","primary_kin","SM"
"smsu010","SM",2,5,4,94,6,99,100,5,3025.2,605.04,1,0.4,0.4,0.0425531914893617,0.0505050505050505,0.0101010101010101,0.333333333333333,0.0666666666666667,9.4,"exchange_giv","primary_kin","SM"
"smsu011","SM",0,2,14,97,14,99,100,7,2042,291.714285714286,0.285714285714286,0,0,0.144329896907216,0.0202020202020202,0.00288600288600289,0,0,0,"exchange_giv","primary_kin","SM"
"smsu012","SM",0,1,4,98,4,99,100,4,2378,594.5,0.25,0,0,0.0408163265306122,0.0101010101010101,0.00252525252525253,0,0,0,"exchange_giv","primary_kin","SM"
"smsu013","SM",0,2,3,97,3,99,100,5,673,134.6,0.4,0,0,0.0309278350515464,0.0202020202020202,0.00404040404040404,0,0,0,"exchange_giv","primary_kin","SM"
"smsu014","SM",0,1,6,98,6,99,100,4,404,101,0.25,0,0,0.0612244897959184,0.0101010101010101,0.00252525252525253,0,0,0,"exchange_giv","primary_kin","SM"
"smsu015","SM",0,3,4,96,4,99,100,5,1835,367,0.6,0,0,0.0416666666666667,0.0303030303030303,0.00606060606060606,0,0,0,"exchange_giv","primary_kin","SM"
"smsu016","SM",0,1,4,98,4,99,100,3,615,205,0.333333333333333,0,0,0.0408163265306122,0.0101010101010101,0.00336700336700337,0,0,0,"exchange_giv","primary_kin","SM"
"smsu017","SM",0,0,10,99,10,99,100,7,2885,412.142857142857,0,0,NA,0.101010101010101,0,0,0,0,NA,"exchange_giv","primary_kin","SM"
"smsu018","SM",0,1,10,98,10,99,100,7,1607.8,229.685714285714,0.142857142857143,0,0,0.102040816326531,0.0101010101010101,0.00144300144300144,0,0,0,"exchange_giv","primary_kin","SM"
"smsu019","SM",2,3,11,96,13,99,100,7,6534,933.428571428571,0.428571428571429,0.285714285714286,0.666666666666667,0.114583333333333,0.0303030303030303,0.00432900432900433,0.153846153846154,0.021978021978022,5.81818181818182,"exchange_giv","primary_kin","SM"
"smsu020","SM",0,4,6,95,6,99,100,5,749,149.8,0.8,0,0,0.0631578947368421,0.0404040404040404,0.00808080808080808,0,0,0,"exchange_giv","primary_kin","SM"
"smsu021","SM",0,1,8,98,8,99,100,7,994,142,0.142857142857143,0,0,0.0816326530612245,0.0101010101010101,0.00144300144300144,0,0,0,"exchange_giv","primary_kin","SM"
"smsu022","SM",0,7,5,92,5,99,100,4,2656.6,664.15,1.75,0,0,0.0543478260869565,0.0707070707070707,0.0176767676767677,0,0,0,"exchange_giv","primary_kin","SM"
"smsu023","SM",0,1,8,98,8,99,100,4,4842,1210.5,0.25,0,0,0.0816326530612245,0.0101010101010101,0.00252525252525253,0,0,0,"exchange_giv","primary_kin","SM"
"smsu024","SM",0,1,4,98,4,99,100,3,3327.6,1109.2,0.333333333333333,0,0,0.0408163265306122,0.0101010101010101,0.00336700336700337,0,0,0,"exchange_giv","primary_kin","SM"
"smsu025","SM",0,1,7,98,7,99,100,4,1977,494.25,0.25,0,0,0.0714285714285714,0.0101010101010101,0.00252525252525253,0,0,0,"exchange_giv","primary_kin","SM"
"smsu026","SM",0,2,2,97,2,99,100,5,894.2,178.84,0.4,0,0,0.0206185567010309,0.0202020202020202,0.00404040404040404,0,0,0,"exchange_giv","primary_kin","SM"
"smsu027","SM",0,1,5,98,5,99,100,6,550,91.6666666666667,0.166666666666667,0,0,0.0510204081632653,0.0101010101010101,0.00168350168350168,0,0,0,"exchange_giv","primary_kin","SM"
"smsu028","SM",0,3,8,96,8,99,100,5,3705.6,741.12,0.6,0,0,0.0833333333333333,0.0303030303030303,0.00606060606060606,0,0,0,"exchange_giv","primary_kin","SM"
"smsu029","SM",0,2,2,97,2,99,100,4,2180.6,545.15,0.5,0,0,0.0206185567010309,0.0202020202020202,0.00505050505050505,0,0,0,"exchange_giv","primary_kin","SM"
"smsu030","SM",0,2,3,97,3,99,100,5,1405.2,281.04,0.4,0,0,0.0309278350515464,0.0202020202020202,0.00404040404040404,0,0,0,"exchange_giv","primary_kin","SM"
"smsu031","SM",0,2,7,97,7,99,100,7,618.2,88.3142857142857,0.285714285714286,0,0,0.0721649484536082,0.0202020202020202,0.00288600288600289,0,0,0,"exchange_giv","primary_kin","SM"
"smsu032","SM",0,1,5,98,5,99,100,4,967,241.75,0.25,0,0,0.0510204081632653,0.0101010101010101,0.00252525252525253,0,0,0,"exchange_giv","primary_kin","SM"
"smsu033","SM",0,2,10,97,10,99,100,6,1035,172.5,0.333333333333333,0,0,0.103092783505155,0.0202020202020202,0.00336700336700337,0,0,0,"exchange_giv","primary_kin","SM"
"smsu034","SM",0,3,8,96,8,99,100,6,3962.2,660.366666666667,0.5,0,0,0.0833333333333333,0.0303030303030303,0.00505050505050505,0,0,0,"exchange_giv","primary_kin","SM"
"smsu035","SM",0,1,7,98,7,99,100,5,1059,211.8,0.2,0,0,0.0714285714285714,0.0101010101010101,0.00202020202020202,0,0,0,"exchange_giv","primary_kin","SM"
"smsu036","SM",0,4,10,95,10,99,100,6,1699,283.166666666667,0.666666666666667,0,0,0.105263157894737,0.0404040404040404,0.00673400673400673,0,0,0,"exchange_giv","primary_kin","SM"
"smsu037","SM",0,2,5,97,5,99,100,5,4389,877.8,0.4,0,0,0.0515463917525773,0.0202020202020202,0.00404040404040404,0,0,0,"exchange_giv","primary_kin","SM"
"smsu038","SM",0,1,11,98,11,99,100,6,1868,311.333333333333,0.166666666666667,0,0,0.112244897959184,0.0101010101010101,0.00168350168350168,0,0,0,"exchange_giv","primary_kin","SM"
"smsu039","SM",0,4,13,95,13,99,100,6,374,62.3333333333333,0.666666666666667,0,0,0.136842105263158,0.0404040404040404,0.00673400673400673,0,0,0,"exchange_giv","primary_kin","SM"
"smsu040","SM",0,2,4,97,4,99,100,6,3031,505.166666666667,0.333333333333333,0,0,0.0412371134020619,0.0202020202020202,0.00336700336700337,0,0,0,"exchange_giv","primary_kin","SM"
"smsu041","SM",0,4,2,95,2,99,100,3,2200.6,733.533333333333,1.33333333333333,0,0,0.0210526315789474,0.0404040404040404,0.0134680134680135,0,0,0,"exchange_giv","primary_kin","SM"
"smsu042","SM",0,3,8,96,8,99,100,5,2348,469.6,0.6,0,0,0.0833333333333333,0.0303030303030303,0.00606060606060606,0,0,0,"exchange_giv","primary_kin","SM"
"smsu043","SM",0,4,10,95,10,99,100,5,1986.8,397.36,0.8,0,0,0.105263157894737,0.0404040404040404,0.00808080808080808,0,0,0,"exchange_giv","primary_kin","SM"
"smsu044","SM",0,1,7,98,7,99,100,6,804,134,0.166666666666667,0,0,0.0714285714285714,0.0101010101010101,0.00168350168350168,0,0,0,"exchange_giv","primary_kin","SM"
"smsu045","SM",0,1,8,98,8,99,100,4,496.6,124.15,0.25,0,0,0.0816326530612245,0.0101010101010101,0.00252525252525253,0,0,0,"exchange_giv","primary_kin","SM"
"smsu046","SM",0,2,2,97,2,99,100,5,1821.2,364.24,0.4,0,0,0.0206185567010309,0.0202020202020202,0.00404040404040404,0,0,0,"exchange_giv","primary_kin","SM"
"smsu047","SM",1,2,4,97,5,99,100,5,4280.2,856.04,0.4,0.2,0.5,0.0412371134020619,0.0202020202020202,0.00404040404040404,0.2,0.04,12.125,"exchange_giv","primary_kin","SM"
"smsu048","SM",0,2,1,97,1,99,100,5,2620.2,524.04,0.4,0,0,0.0103092783505155,0.0202020202020202,0.00404040404040404,0,0,0,"exchange_giv","primary_kin","SM"
"smsu049","SM",0,2,8,97,8,99,100,3,1189.6,396.533333333333,0.666666666666667,0,0,0.0824742268041237,0.0202020202020202,0.00673400673400673,0,0,0,"exchange_giv","primary_kin","SM"
"smsu050","SM",0,1,7,98,7,99,100,3,1979.2,659.733333333333,0.333333333333333,0,0,0.0714285714285714,0.0101010101010101,0.00336700336700337,0,0,0,"exchange_giv","primary_kin","SM"
"smsu051","SM",0,2,5,97,5,99,100,5,2385,477,0.4,0,0,0.0515463917525773,0.0202020202020202,0.00404040404040404,0,0,0,"exchange_giv","primary_kin","SM"
"smsu052","SM",0,2,9,97,9,99,100,5,956,191.2,0.4,0,0,0.0927835051546392,0.0202020202020202,0.00404040404040404,0,0,0,"exchange_giv","primary_kin","SM"
"smsu053","SM",1,6,3,93,4,99,100,6,3965,660.833333333333,1,0.166666666666667,0.166666666666667,0.032258064516129,0.0606060606060606,0.0101010101010101,0.25,0.0416666666666667,5.16666666666667,"exchange_giv","primary_kin","SM"
"smsu054","SM",0,2,5,97,5,99,100,6,2622,437,0.333333333333333,0,0,0.0515463917525773,0.0202020202020202,0.00336700336700337,0,0,0,"exchange_giv","primary_kin","SM"
"smsu055","SM",0,0,4,99,4,99,100,6,2952.2,492.033333333333,0,0,NA,0.0404040404040404,0,0,0,0,NA,"exchange_giv","primary_kin","SM"
"smsu056","SM",0,3,6,96,6,99,100,7,968.2,138.314285714286,0.428571428571429,0,0,0.0625,0.0303030303030303,0.00432900432900433,0,0,0,"exchange_giv","primary_kin","SM"
"smsu057","SM",1,3,4,96,5,99,100,5,3231,646.2,0.6,0.2,0.333333333333333,0.0416666666666667,0.0303030303030303,0.00606060606060606,0.2,0.04,8,"exchange_giv","primary_kin","SM"
"smsu058","SM",0,2,1,97,1,99,100,5,3001.6,600.32,0.4,0,0,0.0103092783505155,0.0202020202020202,0.00404040404040404,0,0,0,"exchange_giv","primary_kin","SM"
"smsu059","SM",0,2,7,97,7,99,100,3,1883,627.666666666667,0.666666666666667,0,0,0.0721649484536082,0.0202020202020202,0.00673400673400673,0,0,0,"exchange_giv","primary_kin","SM"
"smsu060","SM",0,4,8,95,8,99,100,7,3673,524.714285714286,0.571428571428571,0,0,0.0842105263157895,0.0404040404040404,0.00577200577200577,0,0,0,"exchange_giv","primary_kin","SM"
"smsu061","SM",0,2,4,97,4,99,100,4,2846.6,711.65,0.5,0,0,0.0412371134020619,0.0202020202020202,0.00505050505050505,0,0,0,"exchange_giv","primary_kin","SM"
"smsu062","SM",0,2,7,97,7,99,100,4,1748.6,437.15,0.5,0,0,0.0721649484536082,0.0202020202020202,0.00505050505050505,0,0,0,"exchange_giv","primary_kin","SM"
"smsu063","SM",0,1,7,98,7,99,100,5,1671.6,334.32,0.2,0,0,0.0714285714285714,0.0101010101010101,0.00202020202020202,0,0,0,"exchange_giv","primary_kin","SM"
"smsu064","SM",0,1,2,98,2,99,100,3,2160,720,0.333333333333333,0,0,0.0204081632653061,0.0101010101010101,0.00336700336700337,0,0,0,"exchange_giv","primary_kin","SM"
"smsu065","SM",0,3,6,96,6,99,100,5,910,182,0.6,0,0,0.0625,0.0303030303030303,0.00606060606060606,0,0,0,"exchange_giv","primary_kin","SM"
"smsu066","SM",1,3,6,96,7,99,100,3,2907,969,1,0.333333333333333,0.333333333333333,0.0625,0.0303030303030303,0.0101010101010101,0.142857142857143,0.0476190476190476,5.33333333333333,"exchange_giv","primary_kin","SM"
"smsu067","SM",1,2,7,97,8,99,100,7,1810.6,258.657142857143,0.285714285714286,0.142857142857143,0.5,0.0721649484536082,0.0202020202020202,0.00288600288600289,0.125,0.0178571428571429,6.92857142857143,"exchange_giv","primary_kin","SM"
"smsu068","SM",0,4,3,95,3,99,100,3,4634,1544.66666666667,1.33333333333333,0,0,0.0315789473684211,0.0404040404040404,0.0134680134680135,0,0,0,"exchange_giv","primary_kin","SM"
"smsu069","SM",0,1,6,98,6,99,100,6,395.6,65.9333333333333,0.166666666666667,0,0,0.0612244897959184,0.0101010101010101,0.00168350168350168,0,0,0,"exchange_giv","primary_kin","SM"
"smsu070","SM",1,2,7,97,8,99,100,6,6160.6,1026.76666666667,0.333333333333333,0.166666666666667,0.5,0.0721649484536082,0.0202020202020202,0.00336700336700337,0.125,0.0208333333333333,6.92857142857143,"exchange_giv","primary_kin","SM"
"smsu071","SM",0,4,7,95,7,99,100,5,1376,275.2,0.8,0,0,0.0736842105263158,0.0404040404040404,0.00808080808080808,0,0,0,"exchange_giv","primary_kin","SM"
"smsu072","SM",0,2,1,97,1,99,100,4,2077.2,519.3,0.5,0,0,0.0103092783505155,0.0202020202020202,0.00505050505050505,0,0,0,"exchange_giv","primary_kin","SM"
"smsu073","SM",0,2,5,97,5,99,100,3,4405.8,1468.6,0.666666666666667,0,0,0.0515463917525773,0.0202020202020202,0.00673400673400673,0,0,0,"exchange_giv","primary_kin","SM"
"smsu074","SM",0,1,9,98,9,99,100,4,2508.2,627.05,0.25,0,0,0.0918367346938776,0.0101010101010101,0.00252525252525253,0,0,0,"exchange_giv","primary_kin","SM"
"smsu075","SM",0,3,12,96,12,99,100,7,2496.8,356.685714285714,0.428571428571429,0,0,0.125,0.0303030303030303,0.00432900432900433,0,0,0,"exchange_giv","primary_kin","SM"
"smsu076","SM",0,3,7,96,7,99,100,7,670,95.7142857142857,0.428571428571429,0,0,0.0729166666666667,0.0303030303030303,0.00432900432900433,0,0,0,"exchange_giv","primary_kin","SM"
"smsu077","SM",0,5,3,94,3,99,100,5,6092,1218.4,1,0,0,0.0319148936170213,0.0505050505050505,0.0101010101010101,0,0,0,"exchange_giv","primary_kin","SM"
"smsu078","SM",0,1,6,98,6,99,100,4,3154.2,788.55,0.25,0,0,0.0612244897959184,0.0101010101010101,0.00252525252525253,0,0,0,"exchange_giv","primary_kin","SM"
"smsu079","SM",0,3,8,96,8,99,100,7,4164,594.857142857143,0.428571428571429,0,0,0.0833333333333333,0.0303030303030303,0.00432900432900433,0,0,0,"exchange_giv","primary_kin","SM"
"smsu080","SM",0,1,4,98,4,99,100,4,1439,359.75,0.25,0,0,0.0408163265306122,0.0101010101010101,0.00252525252525253,0,0,0,"exchange_giv","primary_kin","SM"
"smsu081","SM",0,2,1,97,1,99,100,6,2253.6,375.6,0.333333333333333,0,0,0.0103092783505155,0.0202020202020202,0.00336700336700337,0,0,0,"exchange_giv","primary_kin","SM"
"smsu082","SM",0,4,5,95,5,99,100,3,849.8,283.266666666667,1.33333333333333,0,0,0.0526315789473684,0.0404040404040404,0.0134680134680135,0,0,0,"exchange_giv","primary_kin","SM"
"smsu083","SM",0,1,8,98,8,99,100,3,3770,1256.66666666667,0.333333333333333,0,0,0.0816326530612245,0.0101010101010101,0.00336700336700337,0,0,0,"exchange_giv","primary_kin","SM"
"smsu084","SM",0,4,8,95,8,99,100,4,5449,1362.25,1,0,0,0.0842105263157895,0.0404040404040404,0.0101010101010101,0,0,0,"exchange_giv","primary_kin","SM"
"smsu085","SM",0,3,7,96,7,99,100,5,2886.2,577.24,0.6,0,0,0.0729166666666667,0.0303030303030303,0.00606060606060606,0,0,0,"exchange_giv","primary_kin","SM"
"smsu086","SM",0,2,5,97,5,99,100,6,2650.6,441.766666666667,0.333333333333333,0,0,0.0515463917525773,0.0202020202020202,0.00336700336700337,0,0,0,"exchange_giv","primary_kin","SM"
"smsu087","SM",0,1,5,98,5,99,100,3,3232,1077.33333333333,0.333333333333333,0,0,0.0510204081632653,0.0101010101010101,0.00336700336700337,0,0,0,"exchange_giv","primary_kin","SM"
"smsu088","SM",0,4,0,95,0,99,100,3,1344.6,448.2,1.33333333333333,0,0,0,0.0404040404040404,0.0134680134680135,NA,NA,NA,"exchange_giv","primary_kin","SM"
"smsu089","SM",0,1,8,98,8,99,100,7,3185,455,0.142857142857143,0,0,0.0816326530612245,0.0101010101010101,0.00144300144300144,0,0,0,"exchange_giv","primary_kin","SM"
"smsu090","SM",0,2,9,97,9,99,100,7,609.6,87.0857142857143,0.285714285714286,0,0,0.0927835051546392,0.0202020202020202,0.00288600288600289,0,0,0,"exchange_giv","primary_kin","SM"
"smsu091","SM",0,1,5,98,5,99,100,6,5777,962.833333333333,0.166666666666667,0,0,0.0510204081632653,0.0101010101010101,0.00168350168350168,0,0,0,"exchange_giv","primary_kin","SM"
"smsu092","SM",0,3,1,96,1,99,100,4,1826.6,456.65,0.75,0,0,0.0104166666666667,0.0303030303030303,0.00757575757575758,0,0,0,"exchange_giv","primary_kin","SM"
"smsu093","SM",0,3,10,96,10,99,100,4,1200,300,0.75,0,0,0.104166666666667,0.0303030303030303,0.00757575757575758,0,0,0,"exchange_giv","primary_kin","SM"
"smsu094","SM",0,1,1,98,1,99,100,3,2658,886,0.333333333333333,0,0,0.0102040816326531,0.0101010101010101,0.00336700336700337,0,0,0,"exchange_giv","primary_kin","SM"
"smsu095","SM",0,1,5,98,5,99,100,5,3604.6,720.92,0.2,0,0,0.0510204081632653,0.0101010101010101,0.00202020202020202,0,0,0,"exchange_giv","primary_kin","SM"
"smsu096","SM",0,2,7,97,7,99,100,4,2301,575.25,0.5,0,0,0.0721649484536082,0.0202020202020202,0.00505050505050505,0,0,0,"exchange_giv","primary_kin","SM"
"smsu097","SM",0,3,6,96,6,99,100,6,3253,542.166666666667,0.5,0,0,0.0625,0.0303030303030303,0.00505050505050505,0,0,0,"exchange_giv","primary_kin","SM"
"smsu098","SM",0,2,3,97,3,99,100,5,3177.2,635.44,0.4,0,0,0.0309278350515464,0.0202020202020202,0.00404040404040404,0,0,0,"exchange_giv","primary_kin","SM"
"smsu099","SM",0,2,3,97,3,99,100,6,621,103.5,0.333333333333333,0,0,0.0309278350515464,0.0202020202020202,0.00336700336700337,0,0,0,"exchange_giv","primary_kin","SM"
"smsu100","SM",0,1,10,98,10,99,100,5,673.6,134.72,0.2,0,0,0.102040816326531,0.0101010101010101,0.00202020202020202,0,0,0,"exchange_giv","primary_kin","SM"
"egsu001","EG",1,4,11,55,12,59,60,6,4266.6,711.1,0.666666666666667,0.166666666666667,0.25,0.2,0.0677966101694915,0.0112994350282486,0.0833333333333333,0.0138888888888889,1.25,"f_behav","primary_kin","EG"
"egsu002","EG",0,4,5,55,5,59,60,4,2144,536,1,0,0,0.0909090909090909,0.0677966101694915,0.0169491525423729,0,0,0,"f_behav","primary_kin","EG"
"egsu003","EG",0,2,7,57,7,59,60,7,4821.6,688.8,0.285714285714286,0,0,0.12280701754386,0.0338983050847458,0.00484261501210654,0,0,0,"f_behav","primary_kin","EG"
"egsu004","EG",3,5,6,54,9,59,60,7,494,70.5714285714286,0.714285714285714,0.428571428571429,0.6,0.111111111111111,0.0847457627118644,0.0121065375302663,0.333333333333333,0.0476190476190476,5.4,"f_behav","primary_kin","EG"
"egsu005","EG",0,3,10,56,10,59,60,5,1068,213.6,0.6,0,0,0.178571428571429,0.0508474576271186,0.0101694915254237,0,0,0,"f_behav","primary_kin","EG"
"egsu006","EG",0,1,6,58,6,59,60,5,2355,471,0.2,0,0,0.103448275862069,0.0169491525423729,0.00338983050847458,0,0,0,"f_behav","primary_kin","EG"
"egsu007","EG",0,2,7,57,7,59,60,7,3493,499,0.285714285714286,0,0,0.12280701754386,0.0338983050847458,0.00484261501210654,0,0,0,"f_behav","primary_kin","EG"
"egsu008","EG",0,4,9,55,9,59,60,5,4806,961.2,0.8,0,0,0.163636363636364,0.0677966101694915,0.0135593220338983,0,0,0,"f_behav","primary_kin","EG"
"egsu009","EG",0,1,8,58,8,59,60,4,1642.6,410.65,0.25,0,0,0.137931034482759,0.0169491525423729,0.00423728813559322,0,0,0,"f_behav","primary_kin","EG"
"egsu010","EG",2,4,3,55,5,59,60,5,2292.6,458.52,0.8,0.4,0.5,0.0545454545454545,0.0677966101694915,0.0135593220338983,0.4,0.08,9.16666666666667,"f_behav","primary_kin","EG"
"egsu011","EG",0,1,2,58,2,59,60,3,3093.6,1031.2,0.333333333333333,0,0,0.0344827586206897,0.0169491525423729,0.00564971751412429,0,0,0,"f_behav","primary_kin","EG"
"egsu012","EG",0,3,9,56,9,59,60,3,780,260,1,0,0,0.160714285714286,0.0508474576271186,0.0169491525423729,0,0,0,"f_behav","primary_kin","EG"
"egsu013","EG",0,1,8,58,8,59,60,5,3031,606.2,0.2,0,0,0.137931034482759,0.0169491525423729,0.00338983050847458,0,0,0,"f_behav","primary_kin","EG"
"egsu014","EG",0,2,6,57,6,59,60,5,934,186.8,0.4,0,0,0.105263157894737,0.0338983050847458,0.00677966101694915,0,0,0,"f_behav","primary_kin","EG"
"egsu015","EG",0,1,6,58,6,59,60,5,4019.6,803.92,0.2,0,0,0.103448275862069,0.0169491525423729,0.00338983050847458,0,0,0,"f_behav","primary_kin","EG"
"egsu016","EG",0,3,2,56,2,59,60,7,1592.6,227.514285714286,0.428571428571429,0,0,0.0357142857142857,0.0508474576271186,0.00726392251815981,0,0,0,"f_behav","primary_kin","EG"
"egsu017","EG",0,2,8,57,8,59,60,5,3001,600.2,0.4,0,0,0.140350877192982,0.0338983050847458,0.00677966101694915,0,0,0,"f_behav","primary_kin","EG"
"egsu018","EG",0,6,8,53,8,59,60,7,2192,313.142857142857,0.857142857142857,0,0,0.150943396226415,0.101694915254237,0.0145278450363196,0,0,0,"f_behav","primary_kin","EG"
"egsu019","EG",0,3,3,56,3,59,60,3,4701,1567,1,0,0,0.0535714285714286,0.0508474576271186,0.0169491525423729,0,0,0,"f_behav","primary_kin","EG"
"egsu020","EG",0,1,4,58,4,59,60,5,1875.6,375.12,0.2,0,0,0.0689655172413793,0.0169491525423729,0.00338983050847458,0,0,0,"f_behav","primary_kin","EG"
"egsu021","EG",0,2,11,57,11,59,60,6,3349,558.166666666667,0.333333333333333,0,0,0.192982456140351,0.0338983050847458,0.00564971751412429,0,0,0,"f_behav","primary_kin","EG"
"egsu022","EG",0,3,9,56,9,59,60,4,827,206.75,0.75,0,0,0.160714285714286,0.0508474576271186,0.0127118644067797,0,0,0,"f_behav","primary_kin","EG"
"egsu023","EG",1,4,6,55,7,59,60,3,1603.6,534.533333333333,1.33333333333333,0.333333333333333,0.25,0.109090909090909,0.0677966101694915,0.0225988700564972,0.142857142857143,0.0476190476190476,2.29166666666667,"f_behav","primary_kin","EG"
"egsu024","EG",0,2,4,57,4,59,60,3,6942,2314,0.666666666666667,0,0,0.0701754385964912,0.0338983050847458,0.0112994350282486,0,0,0,"f_behav","primary_kin","EG"
"egsu025","EG",0,3,9,56,9,59,60,3,4155,1385,1,0,0,0.160714285714286,0.0508474576271186,0.0169491525423729,0,0,0,"f_behav","primary_kin","EG"
"egsu026","EG",1,1,5,58,6,59,60,5,2793,558.6,0.2,0.2,1,0.0862068965517241,0.0169491525423729,0.00338983050847458,0.166666666666667,0.0333333333333333,11.6,"f_behav","primary_kin","EG"
"egsu027","EG",0,1,6,58,6,59,60,4,1723,430.75,0.25,0,0,0.103448275862069,0.0169491525423729,0.00423728813559322,0,0,0,"f_behav","primary_kin","EG"
"egsu028","EG",0,1,5,58,5,59,60,6,264.2,44.0333333333333,0.166666666666667,0,0,0.0862068965517241,0.0169491525423729,0.00282485875706215,0,0,0,"f_behav","primary_kin","EG"
"egsu029","EG",0,1,7,58,7,59,60,7,609.2,87.0285714285714,0.142857142857143,0,0,0.120689655172414,0.0169491525423729,0.00242130750605327,0,0,0,"f_behav","primary_kin","EG"
"egsu030","EG",0,1,3,58,3,59,60,3,2977,992.333333333333,0.333333333333333,0,0,0.0517241379310345,0.0169491525423729,0.00564971751412429,0,0,0,"f_behav","primary_kin","EG"
"egsu031","EG",0,3,2,56,2,59,60,5,2813.2,562.64,0.6,0,0,0.0357142857142857,0.0508474576271186,0.0101694915254237,0,0,0,"f_behav","primary_kin","EG"
"egsu032","EG",0,3,8,56,8,59,60,6,3550,591.666666666667,0.5,0,0,0.142857142857143,0.0508474576271186,0.00847457627118644,0,0,0,"f_behav","primary_kin","EG"
"egsu033","EG",1,1,6,58,7,59,60,5,2542.6,508.52,0.2,0.2,1,0.103448275862069,0.0169491525423729,0.00338983050847458,0.142857142857143,0.0285714285714286,9.66666666666667,"f_behav","primary_kin","EG"
"egsu034","EG",0,4,6,55,6,59,60,3,1328.8,442.933333333333,1.33333333333333,0,0,0.109090909090909,0.0677966101694915,0.0225988700564972,0,0,0,"f_behav","primary_kin","EG"
"egsu035","EG",0,1,5,58,5,59,60,5,4859,971.8,0.2,0,0,0.0862068965517241,0.0169491525423729,0.00338983050847458,0,0,0,"f_behav","primary_kin","EG"
"egsu036","EG",0,1,6,58,6,59,60,3,2867.6,955.866666666667,0.333333333333333,0,0,0.103448275862069,0.0169491525423729,0.00564971751412429,0,0,0,"f_behav","primary_kin","EG"
"egsu037","EG",0,3,4,56,4,59,60,3,3852.8,1284.26666666667,1,0,0,0.0714285714285714,0.0508474576271186,0.0169491525423729,0,0,0,"f_behav","primary_kin","EG"
"egsu038","EG",0,1,8,58,8,59,60,7,1392.6,198.942857142857,0.142857142857143,0,0,0.137931034482759,0.0169491525423729,0.00242130750605327,0,0,0,"f_behav","primary_kin","EG"
"egsu039","EG",0,4,8,55,8,59,60,3,2142,714,1.33333333333333,0,0,0.145454545454545,0.0677966101694915,0.0225988700564972,0,0,0,"f_behav","primary_kin","EG"
"egsu040","EG",0,3,8,56,8,59,60,6,1878.8,313.133333333333,0.5,0,0,0.142857142857143,0.0508474576271186,0.00847457627118644,0,0,0,"f_behav","primary_kin","EG"
"egsu041","EG",0,0,3,59,3,59,60,3,2127.6,709.2,0,0,NA,0.0508474576271186,0,0,0,0,NA,"f_behav","primary_kin","EG"
"egsu042","EG",1,3,8,56,9,59,60,6,634.6,105.766666666667,0.5,0.166666666666667,0.333333333333333,0.142857142857143,0.0508474576271186,0.00847457627118644,0.111111111111111,0.0185185185185185,2.33333333333333,"f_behav","primary_kin","EG"
"egsu043","EG",0,7,5,52,5,59,60,4,1585.2,396.3,1.75,0,0,0.0961538461538462,0.11864406779661,0.0296610169491525,0,0,0,"f_behav","primary_kin","EG"
"egsu044","EG",1,2,9,57,10,59,60,4,2238.8,559.7,0.5,0.25,0.5,0.157894736842105,0.0338983050847458,0.00847457627118644,0.1,0.025,3.16666666666667,"f_behav","primary_kin","EG"
"egsu045","EG",0,3,9,56,9,59,60,5,2421,484.2,0.6,0,0,0.160714285714286,0.0508474576271186,0.0101694915254237,0,0,0,"f_behav","primary_kin","EG"
"egsu046","EG",0,1,3,58,3,59,60,3,1830,610,0.333333333333333,0,0,0.0517241379310345,0.0169491525423729,0.00564971751412429,0,0,0,"f_behav","primary_kin","EG"
"egsu047","EG",3,5,8,54,11,59,60,3,2739.6,913.2,1.66666666666667,1,0.6,0.148148148148148,0.0847457627118644,0.0282485875706215,0.272727272727273,0.0909090909090909,4.05,"f_behav","primary_kin","EG"
"egsu048","EG",1,3,6,56,7,59,60,4,4753.2,1188.3,0.75,0.25,0.333333333333333,0.107142857142857,0.0508474576271186,0.0127118644067797,0.142857142857143,0.0357142857142857,3.11111111111111,"f_behav","primary_kin","EG"
"egsu049","EG",0,2,11,57,11,59,60,6,538.6,89.7666666666667,0.333333333333333,0,0,0.192982456140351,0.0338983050847458,0.00564971751412429,0,0,0,"f_behav","primary_kin","EG"
"egsu050","EG",1,1,5,58,6,59,60,5,3703,740.6,0.2,0.2,1,0.0862068965517241,0.0169491525423729,0.00338983050847458,0.166666666666667,0.0333333333333333,11.6,"f_behav","primary_kin","EG"
"egsu051","EG",0,4,2,55,2,59,60,7,1771.6,253.085714285714,0.571428571428571,0,0,0.0363636363636364,0.0677966101694915,0.00968523002421307,0,0,0,"f_behav","primary_kin","EG"
"egsu052","EG",0,3,2,56,2,59,60,7,801.6,114.514285714286,0.428571428571429,0,0,0.0357142857142857,0.0508474576271186,0.00726392251815981,0,0,0,"f_behav","primary_kin","EG"
"egsu053","EG",0,2,3,57,3,59,60,6,3997.2,666.2,0.333333333333333,0,0,0.0526315789473684,0.0338983050847458,0.00564971751412429,0,0,0,"f_behav","primary_kin","EG"
"egsu054","EG",0,1,7,58,7,59,60,7,3863,551.857142857143,0.142857142857143,0,0,0.120689655172414,0.0169491525423729,0.00242130750605327,0,0,0,"f_behav","primary_kin","EG"
"egsu055","EG",0,2,7,57,7,59,60,5,2177.6,435.52,0.4,0,0,0.12280701754386,0.0338983050847458,0.00677966101694915,0,0,0,"f_behav","primary_kin","EG"
"egsu056","EG",0,4,4,55,4,59,60,5,5283,1056.6,0.8,0,0,0.0727272727272727,0.0677966101694915,0.0135593220338983,0,0,0,"f_behav","primary_kin","EG"
"egsu057","EG",0,2,5,57,5,59,60,3,2256.6,752.2,0.666666666666667,0,0,0.087719298245614,0.0338983050847458,0.0112994350282486,0,0,0,"f_behav","primary_kin","EG"
"egsu058","EG",0,1,15,58,15,59,60,7,4654.6,664.942857142857,0.142857142857143,0,0,0.258620689655172,0.0169491525423729,0.00242130750605327,0,0,0,"f_behav","primary_kin","EG"
"egsu059","EG",1,1,9,58,10,59,60,5,3104.2,620.84,0.2,0.2,1,0.155172413793103,0.0169491525423729,0.00338983050847458,0.1,0.02,6.44444444444444,"f_behav","primary_kin","EG"
"egsu060","EG",0,3,6,56,6,59,60,5,2399.8,479.96,0.6,0,0,0.107142857142857,0.0508474576271186,0.0101694915254237,0,0,0,"f_behav","primary_kin","EG"
"exsu001","EX",0,5,7,64,7,69,70,7,3039.6,434.228571428571,0.714285714285714,0,0,0.109375,0.072463768115942,0.010351966873706,0,0,0,"f_behav","primary_kin","EX"
"exsu002","EX",0,5,9,64,9,69,70,3,2089,696.333333333333,1.66666666666667,0,0,0.140625,0.072463768115942,0.0241545893719807,0,0,0,"f_behav","primary_kin","EX"
"exsu003","EX",1,3,3,66,4,69,70,5,990,198,0.6,0.2,0.333333333333333,0.0454545454545455,0.0434782608695652,0.00869565217391304,0.25,0.05,7.33333333333333,"f_behav","primary_kin","EX"
"exsu004","EX",0,4,8,65,8,69,70,3,5493.6,1831.2,1.33333333333333,0,0,0.123076923076923,0.0579710144927536,0.0193236714975845,0,0,0,"f_behav","primary_kin","EX"
"exsu005","EX",0,1,6,68,6,69,70,3,3065.2,1021.73333333333,0.333333333333333,0,0,0.0882352941176471,0.0144927536231884,0.00483091787439614,0,0,0,"f_behav","primary_kin","EX"
"exsu006","EX",1,3,10,66,11,69,70,7,6047.6,863.942857142857,0.428571428571429,0.142857142857143,0.333333333333333,0.151515151515152,0.0434782608695652,0.0062111801242236,0.0909090909090909,0.012987012987013,2.2,"f_behav","primary_kin","EX"
"exsu007","EX",0,3,9,66,9,69,70,7,1989,284.142857142857,0.428571428571429,0,0,0.136363636363636,0.0434782608695652,0.0062111801242236,0,0,0,"f_behav","primary_kin","EX"
"exsu008","EX",0,2,6,67,6,69,70,5,3437,687.4,0.4,0,0,0.0895522388059701,0.0289855072463768,0.00579710144927536,0,0,0,"f_behav","primary_kin","EX"
"exsu009","EX",0,3,12,66,12,69,70,5,1999.6,399.92,0.6,0,0,0.181818181818182,0.0434782608695652,0.00869565217391304,0,0,0,"f_behav","primary_kin","EX"
"exsu010","EX",0,3,7,66,7,69,70,4,1860,465,0.75,0,0,0.106060606060606,0.0434782608695652,0.0108695652173913,0,0,0,"f_behav","primary_kin","EX"
"exsu011","EX",0,2,5,67,5,69,70,6,1969.2,328.2,0.333333333333333,0,0,0.0746268656716418,0.0289855072463768,0.00483091787439614,0,0,0,"f_behav","primary_kin","EX"
"exsu012","EX",0,1,6,68,6,69,70,4,1686.6,421.65,0.25,0,0,0.0882352941176471,0.0144927536231884,0.0036231884057971,0,0,0,"f_behav","primary_kin","EX"
"exsu013","EX",0,2,1,67,1,69,70,7,4188,598.285714285714,0.285714285714286,0,0,0.0149253731343284,0.0289855072463768,0.0041407867494824,0,0,0,"f_behav","primary_kin","EX"
"exsu014","EX",0,4,3,65,3,69,70,7,2161,308.714285714286,0.571428571428571,0,0,0.0461538461538462,0.0579710144927536,0.0082815734989648,0,0,0,"f_behav","primary_kin","EX"
"exsu015","EX",0,1,6,68,6,69,70,4,407,101.75,0.25,0,0,0.0882352941176471,0.0144927536231884,0.0036231884057971,0,0,0,"f_behav","primary_kin","EX"
"exsu016","EX",0,3,4,66,4,69,70,6,1607,267.833333333333,0.5,0,0,0.0606060606060606,0.0434782608695652,0.0072463768115942,0,0,0,"f_behav","primary_kin","EX"
"exsu017","EX",1,2,4,67,5,69,70,4,4368.2,1092.05,0.5,0.25,0.5,0.0597014925373134,0.0289855072463768,0.0072463768115942,0.2,0.05,8.375,"f_behav","primary_kin","EX"
"exsu018","EX",2,3,3,66,5,69,70,3,3123,1041,1,0.666666666666667,0.666666666666667,0.0454545454545455,0.0434782608695652,0.0144927536231884,0.4,0.133333333333333,14.6666666666667,"f_behav","primary_kin","EX"
"exsu019","EX",0,2,7,67,7,69,70,7,1626.6,232.371428571429,0.285714285714286,0,0,0.104477611940299,0.0289855072463768,0.0041407867494824,0,0,0,"f_behav","primary_kin","EX"
"exsu020","EX",0,3,7,66,7,69,70,5,3081,616.2,0.6,0,0,0.106060606060606,0.0434782608695652,0.00869565217391304,0,0,0,"f_behav","primary_kin","EX"
"exsu021","EX",0,3,8,66,8,69,70,5,2349.6,469.92,0.6,0,0,0.121212121212121,0.0434782608695652,0.00869565217391304,0,0,0,"f_behav","primary_kin","EX"
"exsu022","EX",0,2,5,67,5,69,70,7,759,108.428571428571,0.285714285714286,0,0,0.0746268656716418,0.0289855072463768,0.0041407867494824,0,0,0,"f_behav","primary_kin","EX"
"exsu023","EX",0,1,8,68,8,69,70,6,1118,186.333333333333,0.166666666666667,0,0,0.117647058823529,0.0144927536231884,0.00241545893719807,0,0,0,"f_behav","primary_kin","EX"
"exsu024","EX",0,1,11,68,11,69,70,6,1522,253.666666666667,0.166666666666667,0,0,0.161764705882353,0.0144927536231884,0.00241545893719807,0,0,0,"f_behav","primary_kin","EX"
"exsu025","EX",1,6,6,63,7,69,70,6,4654.6,775.766666666667,1,0.166666666666667,0.166666666666667,0.0952380952380952,0.0869565217391304,0.0144927536231884,0.142857142857143,0.0238095238095238,1.75,"f_behav","primary_kin","EX"
"exsu026","EX",0,1,8,68,8,69,70,6,1421.6,236.933333333333,0.166666666666667,0,0,0.117647058823529,0.0144927536231884,0.00241545893719807,0,0,0,"f_behav","primary_kin","EX"
"exsu027","EX",0,2,13,67,13,69,70,7,3225.6,460.8,0.285714285714286,0,0,0.194029850746269,0.0289855072463768,0.0041407867494824,0,0,0,"f_behav","primary_kin","EX"
"exsu028","EX",1,4,3,65,4,69,70,3,1498,499.333333333333,1.33333333333333,0.333333333333333,0.25,0.0461538461538462,0.0579710144927536,0.0193236714975845,0.25,0.0833333333333333,5.41666666666667,"f_behav","primary_kin","EX"
"exsu029","EX",0,1,5,68,5,69,70,5,1826.8,365.36,0.2,0,0,0.0735294117647059,0.0144927536231884,0.00289855072463768,0,0,0,"f_behav","primary_kin","EX"
"exsu030","EX",0,1,2,68,2,69,70,6,3297,549.5,0.166666666666667,0,0,0.0294117647058824,0.0144927536231884,0.00241545893719807,0,0,0,"f_behav","primary_kin","EX"
"exsu031","EX",0,5,4,64,4,69,70,7,945.2,135.028571428571,0.714285714285714,0,0,0.0625,0.072463768115942,0.010351966873706,0,0,0,"f_behav","primary_kin","EX"
"exsu032","EX",0,1,4,68,4,69,70,3,1461,487,0.333333333333333,0,0,0.0588235294117647,0.0144927536231884,0.00483091787439614,0,0,0,"f_behav","primary_kin","EX"
"exsu033","EX",0,2,0,67,0,69,70,6,1781.2,296.866666666667,0.333333333333333,0,0,0,0.0289855072463768,0.00483091787439614,NA,NA,NA,"f_behav","primary_kin","EX"
"exsu034","EX",0,3,5,66,5,69,70,4,2898.6,724.65,0.75,0,0,0.0757575757575758,0.0434782608695652,0.0108695652173913,0,0,0,"f_behav","primary_kin","EX"
"exsu035","EX",1,2,10,67,11,69,70,7,1402.6,200.371428571429,0.285714285714286,0.142857142857143,0.5,0.149253731343284,0.0289855072463768,0.0041407867494824,0.0909090909090909,0.012987012987013,3.35,"f_behav","primary_kin","EX"
"exsu036","EX",0,3,6,66,6,69,70,6,4938,823,0.5,0,0,0.0909090909090909,0.0434782608695652,0.0072463768115942,0,0,0,"f_behav","primary_kin","EX"
"exsu037","EX",0,1,8,68,8,69,70,5,2089,417.8,0.2,0,0,0.117647058823529,0.0144927536231884,0.00289855072463768,0,0,0,"f_behav","primary_kin","EX"
"exsu038","EX",1,4,9,65,10,69,70,6,2700.6,450.1,0.666666666666667,0.166666666666667,0.25,0.138461538461538,0.0579710144927536,0.00966183574879227,0.1,0.0166666666666667,1.80555555555556,"f_behav","primary_kin","EX"
"exsu039","EX",0,2,6,67,6,69,70,5,829.8,165.96,0.4,0,0,0.0895522388059701,0.0289855072463768,0.00579710144927536,0,0,0,"f_behav","primary_kin","EX"
"exsu040","EX",0,1,11,68,11,69,70,7,4904,700.571428571429,0.142857142857143,0,0,0.161764705882353,0.0144927536231884,0.0020703933747412,0,0,0,"f_behav","primary_kin","EX"
"exsu041","EX",0,2,9,67,9,69,70,5,6487.8,1297.56,0.4,0,0,0.134328358208955,0.0289855072463768,0.00579710144927536,0,0,0,"f_behav","primary_kin","EX"
"exsu042","EX",0,2,5,67,5,69,70,6,3818.6,636.433333333333,0.333333333333333,0,0,0.0746268656716418,0.0289855072463768,0.00483091787439614,0,0,0,"f_behav","primary_kin","EX"
"exsu043","EX",0,2,8,67,8,69,70,3,2621,873.666666666667,0.666666666666667,0,0,0.119402985074627,0.0289855072463768,0.00966183574879227,0,0,0,"f_behav","primary_kin","EX"
"exsu044","EX",0,4,4,65,4,69,70,6,1032,172,0.666666666666667,0,0,0.0615384615384615,0.0579710144927536,0.00966183574879227,0,0,0,"f_behav","primary_kin","EX"
"exsu045","EX",0,1,1,68,1,69,70,6,1933,322.166666666667,0.166666666666667,0,0,0.0147058823529412,0.0144927536231884,0.00241545893719807,0,0,0,"f_behav","primary_kin","EX"
"exsu046","EX",0,2,5,67,5,69,70,7,494,70.5714285714286,0.285714285714286,0,0,0.0746268656716418,0.0289855072463768,0.0041407867494824,0,0,0,"f_behav","primary_kin","EX"
"exsu047","EX",0,3,2,66,2,69,70,3,943.2,314.4,1,0,0,0.0303030303030303,0.0434782608695652,0.0144927536231884,0,0,0,"f_behav","primary_kin","EX"
"exsu048","EX",0,1,4,68,4,69,70,6,2850,475,0.166666666666667,0,0,0.0588235294117647,0.0144927536231884,0.00241545893719807,0,0,0,"f_behav","primary_kin","EX"
"exsu049","EX",0,2,5,67,5,69,70,4,1072,268,0.5,0,0,0.0746268656716418,0.0289855072463768,0.0072463768115942,0,0,0,"f_behav","primary_kin","EX"
"exsu050","EX",0,2,4,67,4,69,70,4,572,143,0.5,0,0,0.0597014925373134,0.0289855072463768,0.0072463768115942,0,0,0,"f_behav","primary_kin","EX"
"exsu051","EX",0,1,3,68,3,69,70,7,2877.6,411.085714285714,0.142857142857143,0,0,0.0441176470588235,0.0144927536231884,0.0020703933747412,0,0,0,"f_behav","primary_kin","EX"
"exsu052","EX",0,1,8,68,8,69,70,7,2012,287.428571428571,0.142857142857143,0,0,0.117647058823529,0.0144927536231884,0.0020703933747412,0,0,0,"f_behav","primary_kin","EX"
"exsu053","EX",0,1,9,68,9,69,70,6,6528.6,1088.1,0.166666666666667,0,0,0.132352941176471,0.0144927536231884,0.00241545893719807,0,0,0,"f_behav","primary_kin","EX"
"exsu054","EX",1,2,9,67,10,69,70,6,1739.8,289.966666666667,0.333333333333333,0.166666666666667,0.5,0.134328358208955,0.0289855072463768,0.00483091787439614,0.1,0.0166666666666667,3.72222222222222,"f_behav","primary_kin","EX"
"exsu055","EX",0,0,7,69,7,69,70,3,3019.6,1006.53333333333,0,0,NA,0.101449275362319,0,0,0,0,NA,"f_behav","primary_kin","EX"
"exsu056","EX",0,3,2,66,2,69,70,5,2649,529.8,0.6,0,0,0.0303030303030303,0.0434782608695652,0.00869565217391304,0,0,0,"f_behav","primary_kin","EX"
"exsu057","EX",1,6,10,63,11,69,70,7,3864.6,552.085714285714,0.857142857142857,0.142857142857143,0.166666666666667,0.158730158730159,0.0869565217391304,0.0124223602484472,0.0909090909090909,0.012987012987013,1.05,"f_behav","primary_kin","EX"
"exsu058","EX",1,1,4,68,5,69,70,5,938,187.6,0.2,0.2,1,0.0588235294117647,0.0144927536231884,0.00289855072463768,0.2,0.04,17,"f_behav","primary_kin","EX"
"exsu059","EX",0,2,3,67,3,69,70,3,4723.6,1574.53333333333,0.666666666666667,0,0,0.0447761194029851,0.0289855072463768,0.00966183574879227,0,0,0,"f_behav","primary_kin","EX"
"exsu060","EX",0,2,13,67,13,69,70,5,3658.2,731.64,0.4,0,0,0.194029850746269,0.0289855072463768,0.00579710144927536,0,0,0,"f_behav","primary_kin","EX"
"exsu061","EX",0,1,5,68,5,69,70,7,1931.6,275.942857142857,0.142857142857143,0,0,0.0735294117647059,0.0144927536231884,0.0020703933747412,0,0,0,"f_behav","primary_kin","EX"
"exsu062","EX",0,2,7,67,7,69,70,7,5784,826.285714285714,0.285714285714286,0,0,0.104477611940299,0.0289855072463768,0.0041407867494824,0,0,0,"f_behav","primary_kin","EX"
"exsu063","EX",0,1,5,68,5,69,70,4,4085.6,1021.4,0.25,0,0,0.0735294117647059,0.0144927536231884,0.0036231884057971,0,0,0,"f_behav","primary_kin","EX"
"exsu064","EX",1,2,4,67,5,69,70,6,2867.6,477.933333333333,0.333333333333333,0.166666666666667,0.5,0.0597014925373134,0.0289855072463768,0.00483091787439614,0.2,0.0333333333333333,8.375,"f_behav","primary_kin","EX"
"exsu065","EX",0,3,4,66,4,69,70,5,2715.6,543.12,0.6,0,0,0.0606060606060606,0.0434782608695652,0.00869565217391304,0,0,0,"f_behav","primary_kin","EX"
"exsu066","EX",0,3,7,66,7,69,70,6,3046.6,507.766666666667,0.5,0,0,0.106060606060606,0.0434782608695652,0.0072463768115942,0,0,0,"f_behav","primary_kin","EX"
"exsu067","EX",2,3,9,66,11,69,70,4,1578,394.5,0.75,0.5,0.666666666666667,0.136363636363636,0.0434782608695652,0.0108695652173913,0.181818181818182,0.0454545454545455,4.88888888888889,"f_behav","primary_kin","EX"
"exsu068","EX",0,3,0,66,0,69,70,3,3075,1025,1,0,0,0,0.0434782608695652,0.0144927536231884,NA,NA,NA,"f_behav","primary_kin","EX"
"exsu069","EX",0,2,9,67,9,69,70,4,3305,826.25,0.5,0,0,0.134328358208955,0.0289855072463768,0.0072463768115942,0,0,0,"f_behav","primary_kin","EX"
"exsu070","EX",0,3,6,66,6,69,70,3,2335.8,778.6,1,0,0,0.0909090909090909,0.0434782608695652,0.0144927536231884,0,0,0,"f_behav","primary_kin","EX"
"sisu001","SI",1,1,7,38,8,39,40,7,6725.2,960.742857142857,0.142857142857143,0.142857142857143,1,0.184210526315789,0.0256410256410256,0.00366300366300366,0.125,0.0178571428571429,5.42857142857143,"f_behav","primary_kin","SI"
"sisu002","SI",1,2,8,37,9,39,40,6,4015.6,669.266666666667,0.333333333333333,0.166666666666667,0.5,0.216216216216216,0.0512820512820513,0.00854700854700855,0.111111111111111,0.0185185185185185,2.3125,"f_behav","primary_kin","SI"
"sisu003","SI",0,4,7,35,7,39,40,3,3457.2,1152.4,1.33333333333333,0,0,0.2,0.102564102564103,0.0341880341880342,0,0,0,"f_behav","primary_kin","SI"
"sisu004","SI",0,6,3,33,3,39,40,3,3015.8,1005.26666666667,2,0,0,0.0909090909090909,0.153846153846154,0.0512820512820513,0,0,0,"f_behav","primary_kin","SI"
"sisu005","SI",0,2,5,37,5,39,40,3,957.6,319.2,0.666666666666667,0,0,0.135135135135135,0.0512820512820513,0.0170940170940171,0,0,0,"f_behav","primary_kin","SI"
"sisu006","SI",0,2,4,37,4,39,40,3,1668,556,0.666666666666667,0,0,0.108108108108108,0.0512820512820513,0.0170940170940171,0,0,0,"f_behav","primary_kin","SI"
"sisu007","SI",1,5,8,34,9,39,40,4,1634,408.5,1.25,0.25,0.2,0.235294117647059,0.128205128205128,0.032051282051282,0.111111111111111,0.0277777777777778,0.85,"f_behav","primary_kin","SI"
"sisu008","SI",1,3,3,36,4,39,40,4,1773.2,443.3,0.75,0.25,0.333333333333333,0.0833333333333333,0.0769230769230769,0.0192307692307692,0.25,0.0625,4,"f_behav","primary_kin","SI"
"sisu009","SI",0,4,3,35,3,39,40,4,2157,539.25,1,0,0,0.0857142857142857,0.102564102564103,0.0256410256410256,0,0,0,"f_behav","primary_kin","SI"
"sisu010","SI",0,0,7,39,7,39,40,4,2569,642.25,0,0,NA,0.17948717948718,0,0,0,0,NA,"f_behav","primary_kin","SI"
"sisu011","SI",0,1,4,38,4,39,40,3,3492.6,1164.2,0.333333333333333,0,0,0.105263157894737,0.0256410256410256,0.00854700854700855,0,0,0,"f_behav","primary_kin","SI"
"sisu012","SI",0,4,1,35,1,39,40,3,3090.2,1030.06666666667,1.33333333333333,0,0,0.0285714285714286,0.102564102564103,0.0341880341880342,0,0,0,"f_behav","primary_kin","SI"
"sisu013","SI",0,2,6,37,6,39,40,3,2711.2,903.733333333333,0.666666666666667,0,0,0.162162162162162,0.0512820512820513,0.0170940170940171,0,0,0,"f_behav","primary_kin","SI"
"sisu014","SI",0,0,7,39,7,39,40,5,3955.2,791.04,0,0,NA,0.17948717948718,0,0,0,0,NA,"f_behav","primary_kin","SI"
"sisu015","SI",0,3,10,36,10,39,40,7,5079.6,725.657142857143,0.428571428571429,0,0,0.277777777777778,0.0769230769230769,0.010989010989011,0,0,0,"f_behav","primary_kin","SI"
"sisu016","SI",2,3,5,36,7,39,40,6,3258.6,543.1,0.5,0.333333333333333,0.666666666666667,0.138888888888889,0.0769230769230769,0.0128205128205128,0.285714285714286,0.0476190476190476,4.8,"f_behav","primary_kin","SI"
"sisu017","SI",0,1,7,38,7,39,40,7,5293.6,756.228571428572,0.142857142857143,0,0,0.184210526315789,0.0256410256410256,0.00366300366300366,0,0,0,"f_behav","primary_kin","SI"
"sisu018","SI",0,2,3,37,3,39,40,3,980,326.666666666667,0.666666666666667,0,0,0.0810810810810811,0.0512820512820513,0.0170940170940171,0,0,0,"f_behav","primary_kin","SI"
"sisu019","SI",1,4,3,35,4,39,40,3,1973,657.666666666667,1.33333333333333,0.333333333333333,0.25,0.0857142857142857,0.102564102564103,0.0341880341880342,0.25,0.0833333333333333,2.91666666666667,"f_behav","primary_kin","SI"
"sisu020","SI",1,3,4,36,5,39,40,4,2122.2,530.55,0.75,0.25,0.333333333333333,0.111111111111111,0.0769230769230769,0.0192307692307692,0.2,0.05,3,"f_behav","primary_kin","SI"
"sisu021","SI",0,1,10,38,10,39,40,7,2010,287.142857142857,0.142857142857143,0,0,0.263157894736842,0.0256410256410256,0.00366300366300366,0,0,0,"f_behav","primary_kin","SI"
"sisu022","SI",0,2,4,37,4,39,40,4,2600.2,650.05,0.5,0,0,0.108108108108108,0.0512820512820513,0.0128205128205128,0,0,0,"f_behav","primary_kin","SI"
"sisu023","SI",0,2,7,37,7,39,40,5,3122.2,624.44,0.4,0,0,0.189189189189189,0.0512820512820513,0.0102564102564103,0,0,0,"f_behav","primary_kin","SI"
"sisu024","SI",0,3,4,36,4,39,40,3,1423.6,474.533333333333,1,0,0,0.111111111111111,0.0769230769230769,0.0256410256410256,0,0,0,"f_behav","primary_kin","SI"
"sisu025","SI",1,4,7,35,8,39,40,3,1945.2,648.4,1.33333333333333,0.333333333333333,0.25,0.2,0.102564102564103,0.0341880341880342,0.125,0.0416666666666667,1.25,"f_behav","primary_kin","SI"
"sisu026","SI",2,5,3,34,5,39,40,3,3222,1074,1.66666666666667,0.666666666666667,0.4,0.0882352941176471,0.128205128205128,0.0427350427350427,0.4,0.133333333333333,4.53333333333333,"f_behav","primary_kin","SI"
"sisu027","SI",1,4,9,35,10,39,40,4,5309.2,1327.3,1,0.25,0.25,0.257142857142857,0.102564102564103,0.0256410256410256,0.1,0.025,0.972222222222222,"f_behav","primary_kin","SI"
"sisu028","SI",2,3,3,36,5,39,40,6,3121,520.166666666667,0.5,0.333333333333333,0.666666666666667,0.0833333333333333,0.0769230769230769,0.0128205128205128,0.4,0.0666666666666667,8,"f_behav","primary_kin","SI"
"sisu029","SI",1,2,5,37,6,39,40,5,5283.2,1056.64,0.4,0.2,0.5,0.135135135135135,0.0512820512820513,0.0102564102564103,0.166666666666667,0.0333333333333333,3.7,"f_behav","primary_kin","SI"
"sisu030","SI",1,4,5,35,6,39,40,7,3370,481.428571428571,0.571428571428571,0.142857142857143,0.25,0.142857142857143,0.102564102564103,0.0146520146520147,0.166666666666667,0.0238095238095238,1.75,"f_behav","primary_kin","SI"
"sisu031","SI",0,2,3,37,3,39,40,5,2474,494.8,0.4,0,0,0.0810810810810811,0.0512820512820513,0.0102564102564103,0,0,0,"f_behav","primary_kin","SI"
"sisu032","SI",0,1,8,38,8,39,40,5,359,71.8,0.2,0,0,0.210526315789474,0.0256410256410256,0.00512820512820513,0,0,0,"f_behav","primary_kin","SI"
"sisu033","SI",0,3,4,36,4,39,40,5,4396,879.2,0.6,0,0,0.111111111111111,0.0769230769230769,0.0153846153846154,0,0,0,"f_behav","primary_kin","SI"
"sisu034","SI",0,1,10,38,10,39,40,6,2779,463.166666666667,0.166666666666667,0,0,0.263157894736842,0.0256410256410256,0.00427350427350427,0,0,0,"f_behav","primary_kin","SI"
"sisu035","SI",1,2,6,37,7,39,40,7,4425,632.142857142857,0.285714285714286,0.142857142857143,0.5,0.162162162162162,0.0512820512820513,0.00732600732600733,0.142857142857143,0.0204081632653061,3.08333333333333,"f_behav","primary_kin","SI"
"sisu036","SI",1,3,7,36,8,39,40,4,2113.6,528.4,0.75,0.25,0.333333333333333,0.194444444444444,0.0769230769230769,0.0192307692307692,0.125,0.03125,1.71428571428571,"f_behav","primary_kin","SI"
"sisu037","SI",0,2,5,37,5,39,40,6,712.6,118.766666666667,0.333333333333333,0,0,0.135135135135135,0.0512820512820513,0.00854700854700855,0,0,0,"f_behav","primary_kin","SI"
"sisu038","SI",0,0,6,39,6,39,40,5,4104,820.8,0,0,NA,0.153846153846154,0,0,0,0,NA,"f_behav","primary_kin","SI"
"sisu039","SI",0,3,2,36,2,39,40,4,3582.6,895.65,0.75,0,0,0.0555555555555556,0.0769230769230769,0.0192307692307692,0,0,0,"f_behav","primary_kin","SI"
"sisu040","SI",2,3,4,36,6,39,40,7,1867,266.714285714286,0.428571428571429,0.285714285714286,0.666666666666667,0.111111111111111,0.0769230769230769,0.010989010989011,0.333333333333333,0.0476190476190476,6,"f_behav","primary_kin","SI"
"smsu001","SM",0,3,8,96,8,99,100,5,5400,1080,0.6,0,0,0.0833333333333333,0.0303030303030303,0.00606060606060606,0,0,0,"f_behav","primary_kin","SM"
"smsu002","SM",0,2,11,97,11,99,100,6,3285.6,547.6,0.333333333333333,0,0,0.11340206185567,0.0202020202020202,0.00336700336700337,0,0,0,"f_behav","primary_kin","SM"
"smsu003","SM",0,2,5,97,5,99,100,4,1157,289.25,0.5,0,0,0.0515463917525773,0.0202020202020202,0.00505050505050505,0,0,0,"f_behav","primary_kin","SM"
"smsu004","SM",0,2,7,97,7,99,100,4,3386,846.5,0.5,0,0,0.0721649484536082,0.0202020202020202,0.00505050505050505,0,0,0,"f_behav","primary_kin","SM"
"smsu005","SM",0,3,6,96,6,99,100,4,3342.2,835.55,0.75,0,0,0.0625,0.0303030303030303,0.00757575757575758,0,0,0,"f_behav","primary_kin","SM"
"smsu006","SM",0,1,10,98,10,99,100,5,3328,665.6,0.2,0,0,0.102040816326531,0.0101010101010101,0.00202020202020202,0,0,0,"f_behav","primary_kin","SM"
"smsu007","SM",0,6,17,93,17,99,100,7,649,92.7142857142857,0.857142857142857,0,0,0.182795698924731,0.0606060606060606,0.00865800865800866,0,0,0,"f_behav","primary_kin","SM"
"smsu008","SM",0,3,11,96,11,99,100,4,384,96,0.75,0,0,0.114583333333333,0.0303030303030303,0.00757575757575758,0,0,0,"f_behav","primary_kin","SM"
"smsu009","SM",0,3,9,96,9,99,100,6,2672.8,445.466666666667,0.5,0,0,0.09375,0.0303030303030303,0.00505050505050505,0,0,0,"f_behav","primary_kin","SM"
"smsu010","SM",1,5,2,94,3,99,100,5,3025.2,605.04,1,0.2,0.2,0.0212765957446809,0.0505050505050505,0.0101010101010101,0.333333333333333,0.0666666666666667,9.4,"f_behav","primary_kin","SM"
"smsu011","SM",0,2,10,97,10,99,100,7,2042,291.714285714286,0.285714285714286,0,0,0.103092783505155,0.0202020202020202,0.00288600288600289,0,0,0,"f_behav","primary_kin","SM"
"smsu012","SM",0,1,7,98,7,99,100,4,2378,594.5,0.25,0,0,0.0714285714285714,0.0101010101010101,0.00252525252525253,0,0,0,"f_behav","primary_kin","SM"
"smsu013","SM",0,2,5,97,5,99,100,5,673,134.6,0.4,0,0,0.0515463917525773,0.0202020202020202,0.00404040404040404,0,0,0,"f_behav","primary_kin","SM"
"smsu014","SM",0,1,1,98,1,99,100,4,404,101,0.25,0,0,0.0102040816326531,0.0101010101010101,0.00252525252525253,0,0,0,"f_behav","primary_kin","SM"
"smsu015","SM",0,3,6,96,6,99,100,5,1835,367,0.6,0,0,0.0625,0.0303030303030303,0.00606060606060606,0,0,0,"f_behav","primary_kin","SM"
"smsu016","SM",0,1,4,98,4,99,100,3,615,205,0.333333333333333,0,0,0.0408163265306122,0.0101010101010101,0.00336700336700337,0,0,0,"f_behav","primary_kin","SM"
"smsu017","SM",0,0,8,99,8,99,100,7,2885,412.142857142857,0,0,NA,0.0808080808080808,0,0,0,0,NA,"f_behav","primary_kin","SM"
"smsu018","SM",0,1,12,98,12,99,100,7,1607.8,229.685714285714,0.142857142857143,0,0,0.122448979591837,0.0101010101010101,0.00144300144300144,0,0,0,"f_behav","primary_kin","SM"
"smsu019","SM",1,3,2,96,3,99,100,7,6534,933.428571428571,0.428571428571429,0.142857142857143,0.333333333333333,0.0208333333333333,0.0303030303030303,0.00432900432900433,0.333333333333333,0.0476190476190476,16,"f_behav","primary_kin","SM"
"smsu020","SM",0,4,4,95,4,99,100,5,749,149.8,0.8,0,0,0.0421052631578947,0.0404040404040404,0.00808080808080808,0,0,0,"f_behav","primary_kin","SM"
"smsu021","SM",1,1,10,98,11,99,100,7,994,142,0.142857142857143,0.142857142857143,1,0.102040816326531,0.0101010101010101,0.00144300144300144,0.0909090909090909,0.012987012987013,9.8,"f_behav","primary_kin","SM"
"smsu022","SM",0,7,4,92,4,99,100,4,2656.6,664.15,1.75,0,0,0.0434782608695652,0.0707070707070707,0.0176767676767677,0,0,0,"f_behav","primary_kin","SM"
"smsu023","SM",0,1,7,98,7,99,100,4,4842,1210.5,0.25,0,0,0.0714285714285714,0.0101010101010101,0.00252525252525253,0,0,0,"f_behav","primary_kin","SM"
"smsu024","SM",0,1,5,98,5,99,100,3,3327.6,1109.2,0.333333333333333,0,0,0.0510204081632653,0.0101010101010101,0.00336700336700337,0,0,0,"f_behav","primary_kin","SM"
"smsu025","SM",0,1,5,98,5,99,100,4,1977,494.25,0.25,0,0,0.0510204081632653,0.0101010101010101,0.00252525252525253,0,0,0,"f_behav","primary_kin","SM"
"smsu026","SM",0,2,6,97,6,99,100,5,894.2,178.84,0.4,0,0,0.0618556701030928,0.0202020202020202,0.00404040404040404,0,0,0,"f_behav","primary_kin","SM"
"smsu027","SM",0,1,5,98,5,99,100,6,550,91.6666666666667,0.166666666666667,0,0,0.0510204081632653,0.0101010101010101,0.00168350168350168,0,0,0,"f_behav","primary_kin","SM"
"smsu028","SM",1,3,4,96,5,99,100,5,3705.6,741.12,0.6,0.2,0.333333333333333,0.0416666666666667,0.0303030303030303,0.00606060606060606,0.2,0.04,8,"f_behav","primary_kin","SM"
"smsu029","SM",0,2,3,97,3,99,100,4,2180.6,545.15,0.5,0,0,0.0309278350515464,0.0202020202020202,0.00505050505050505,0,0,0,"f_behav","primary_kin","SM"
"smsu030","SM",0,2,6,97,6,99,100,5,1405.2,281.04,0.4,0,0,0.0618556701030928,0.0202020202020202,0.00404040404040404,0,0,0,"f_behav","primary_kin","SM"
"smsu031","SM",0,2,12,97,12,99,100,7,618.2,88.3142857142857,0.285714285714286,0,0,0.123711340206186,0.0202020202020202,0.00288600288600289,0,0,0,"f_behav","primary_kin","SM"
"smsu032","SM",0,1,3,98,3,99,100,4,967,241.75,0.25,0,0,0.0306122448979592,0.0101010101010101,0.00252525252525253,0,0,0,"f_behav","primary_kin","SM"
"smsu033","SM",0,2,8,97,8,99,100,6,1035,172.5,0.333333333333333,0,0,0.0824742268041237,0.0202020202020202,0.00336700336700337,0,0,0,"f_behav","primary_kin","SM"
"smsu034","SM",0,3,2,96,2,99,100,6,3962.2,660.366666666667,0.5,0,0,0.0208333333333333,0.0303030303030303,0.00505050505050505,0,0,0,"f_behav","primary_kin","SM"
"smsu035","SM",0,1,6,98,6,99,100,5,1059,211.8,0.2,0,0,0.0612244897959184,0.0101010101010101,0.00202020202020202,0,0,0,"f_behav","primary_kin","SM"
"smsu036","SM",0,4,10,95,10,99,100,6,1699,283.166666666667,0.666666666666667,0,0,0.105263157894737,0.0404040404040404,0.00673400673400673,0,0,0,"f_behav","primary_kin","SM"
"smsu037","SM",0,2,9,97,9,99,100,5,4389,877.8,0.4,0,0,0.0927835051546392,0.0202020202020202,0.00404040404040404,0,0,0,"f_behav","primary_kin","SM"
"smsu038","SM",0,1,10,98,10,99,100,6,1868,311.333333333333,0.166666666666667,0,0,0.102040816326531,0.0101010101010101,0.00168350168350168,0,0,0,"f_behav","primary_kin","SM"
"smsu039","SM",0,4,7,95,7,99,100,6,374,62.3333333333333,0.666666666666667,0,0,0.0736842105263158,0.0404040404040404,0.00673400673400673,0,0,0,"f_behav","primary_kin","SM"
"smsu040","SM",0,2,4,97,4,99,100,6,3031,505.166666666667,0.333333333333333,0,0,0.0412371134020619,0.0202020202020202,0.00336700336700337,0,0,0,"f_behav","primary_kin","SM"
"smsu041","SM",0,4,5,95,5,99,100,3,2200.6,733.533333333333,1.33333333333333,0,0,0.0526315789473684,0.0404040404040404,0.0134680134680135,0,0,0,"f_behav","primary_kin","SM"
"smsu042","SM",0,3,2,96,2,99,100,5,2348,469.6,0.6,0,0,0.0208333333333333,0.0303030303030303,0.00606060606060606,0,0,0,"f_behav","primary_kin","SM"
"smsu043","SM",0,4,10,95,10,99,100,5,1986.8,397.36,0.8,0,0,0.105263157894737,0.0404040404040404,0.00808080808080808,0,0,0,"f_behav","primary_kin","SM"
"smsu044","SM",0,1,9,98,9,99,100,6,804,134,0.166666666666667,0,0,0.0918367346938776,0.0101010101010101,0.00168350168350168,0,0,0,"f_behav","primary_kin","SM"
"smsu045","SM",0,1,8,98,8,99,100,4,496.6,124.15,0.25,0,0,0.0816326530612245,0.0101010101010101,0.00252525252525253,0,0,0,"f_behav","primary_kin","SM"
"smsu046","SM",0,2,6,97,6,99,100,5,1821.2,364.24,0.4,0,0,0.0618556701030928,0.0202020202020202,0.00404040404040404,0,0,0,"f_behav","primary_kin","SM"
"smsu047","SM",0,2,5,97,5,99,100,5,4280.2,856.04,0.4,0,0,0.0515463917525773,0.0202020202020202,0.00404040404040404,0,0,0,"f_behav","primary_kin","SM"
"smsu048","SM",0,2,4,97,4,99,100,5,2620.2,524.04,0.4,0,0,0.0412371134020619,0.0202020202020202,0.00404040404040404,0,0,0,"f_behav","primary_kin","SM"
"smsu049","SM",0,2,10,97,10,99,100,3,1189.6,396.533333333333,0.666666666666667,0,0,0.103092783505155,0.0202020202020202,0.00673400673400673,0,0,0,"f_behav","primary_kin","SM"
"smsu050","SM",0,1,5,98,5,99,100,3,1979.2,659.733333333333,0.333333333333333,0,0,0.0510204081632653,0.0101010101010101,0.00336700336700337,0,0,0,"f_behav","primary_kin","SM"
"smsu051","SM",0,2,12,97,12,99,100,5,2385,477,0.4,0,0,0.123711340206186,0.0202020202020202,0.00404040404040404,0,0,0,"f_behav","primary_kin","SM"
"smsu052","SM",0,2,10,97,10,99,100,5,956,191.2,0.4,0,0,0.103092783505155,0.0202020202020202,0.00404040404040404,0,0,0,"f_behav","primary_kin","SM"
"smsu053","SM",0,6,9,93,9,99,100,6,3965,660.833333333333,1,0,0,0.0967741935483871,0.0606060606060606,0.0101010101010101,0,0,0,"f_behav","primary_kin","SM"
"smsu054","SM",0,2,7,97,7,99,100,6,2622,437,0.333333333333333,0,0,0.0721649484536082,0.0202020202020202,0.00336700336700337,0,0,0,"f_behav","primary_kin","SM"
"smsu055","SM",0,0,8,99,8,99,100,6,2952.2,492.033333333333,0,0,NA,0.0808080808080808,0,0,0,0,NA,"f_behav","primary_kin","SM"
"smsu056","SM",0,3,4,96,4,99,100,7,968.2,138.314285714286,0.428571428571429,0,0,0.0416666666666667,0.0303030303030303,0.00432900432900433,0,0,0,"f_behav","primary_kin","SM"
"smsu057","SM",1,3,5,96,6,99,100,5,3231,646.2,0.6,0.2,0.333333333333333,0.0520833333333333,0.0303030303030303,0.00606060606060606,0.166666666666667,0.0333333333333333,6.4,"f_behav","primary_kin","SM"
"smsu058","SM",0,2,2,97,2,99,100,5,3001.6,600.32,0.4,0,0,0.0206185567010309,0.0202020202020202,0.00404040404040404,0,0,0,"f_behav","primary_kin","SM"
"smsu059","SM",0,2,7,97,7,99,100,3,1883,627.666666666667,0.666666666666667,0,0,0.0721649484536082,0.0202020202020202,0.00673400673400673,0,0,0,"f_behav","primary_kin","SM"
"smsu060","SM",1,4,4,95,5,99,100,7,3673,524.714285714286,0.571428571428571,0.142857142857143,0.25,0.0421052631578947,0.0404040404040404,0.00577200577200577,0.2,0.0285714285714286,5.9375,"f_behav","primary_kin","SM"
"smsu061","SM",0,2,4,97,4,99,100,4,2846.6,711.65,0.5,0,0,0.0412371134020619,0.0202020202020202,0.00505050505050505,0,0,0,"f_behav","primary_kin","SM"
"smsu062","SM",0,2,6,97,6,99,100,4,1748.6,437.15,0.5,0,0,0.0618556701030928,0.0202020202020202,0.00505050505050505,0,0,0,"f_behav","primary_kin","SM"
"smsu063","SM",0,1,0,98,0,99,100,5,1671.6,334.32,0.2,0,0,0,0.0101010101010101,0.00202020202020202,NA,NA,NA,"f_behav","primary_kin","SM"
"smsu064","SM",0,1,1,98,1,99,100,3,2160,720,0.333333333333333,0,0,0.0102040816326531,0.0101010101010101,0.00336700336700337,0,0,0,"f_behav","primary_kin","SM"
"smsu065","SM",2,3,10,96,12,99,100,5,910,182,0.6,0.4,0.666666666666667,0.104166666666667,0.0303030303030303,0.00606060606060606,0.166666666666667,0.0333333333333333,6.4,"f_behav","primary_kin","SM"
"smsu066","SM",0,3,5,96,5,99,100,3,2907,969,1,0,0,0.0520833333333333,0.0303030303030303,0.0101010101010101,0,0,0,"f_behav","primary_kin","SM"
"smsu067","SM",1,2,1,97,2,99,100,7,1810.6,258.657142857143,0.285714285714286,0.142857142857143,0.5,0.0103092783505155,0.0202020202020202,0.00288600288600289,0.5,0.0714285714285714,48.5,"f_behav","primary_kin","SM"
"smsu068","SM",0,4,5,95,5,99,100,3,4634,1544.66666666667,1.33333333333333,0,0,0.0526315789473684,0.0404040404040404,0.0134680134680135,0,0,0,"f_behav","primary_kin","SM"
"smsu069","SM",0,1,5,98,5,99,100,6,395.6,65.9333333333333,0.166666666666667,0,0,0.0510204081632653,0.0101010101010101,0.00168350168350168,0,0,0,"f_behav","primary_kin","SM"
"smsu070","SM",0,2,8,97,8,99,100,6,6160.6,1026.76666666667,0.333333333333333,0,0,0.0824742268041237,0.0202020202020202,0.00336700336700337,0,0,0,"f_behav","primary_kin","SM"
"smsu071","SM",2,4,7,95,9,99,100,5,1376,275.2,0.8,0.4,0.5,0.0736842105263158,0.0404040404040404,0.00808080808080808,0.222222222222222,0.0444444444444444,6.78571428571429,"f_behav","primary_kin","SM"
"smsu072","SM",0,2,3,97,3,99,100,4,2077.2,519.3,0.5,0,0,0.0309278350515464,0.0202020202020202,0.00505050505050505,0,0,0,"f_behav","primary_kin","SM"
"smsu073","SM",0,2,6,97,6,99,100,3,4405.8,1468.6,0.666666666666667,0,0,0.0618556701030928,0.0202020202020202,0.00673400673400673,0,0,0,"f_behav","primary_kin","SM"
"smsu074","SM",0,1,3,98,3,99,100,4,2508.2,627.05,0.25,0,0,0.0306122448979592,0.0101010101010101,0.00252525252525253,0,0,0,"f_behav","primary_kin","SM"
"smsu075","SM",0,3,13,96,13,99,100,7,2496.8,356.685714285714,0.428571428571429,0,0,0.135416666666667,0.0303030303030303,0.00432900432900433,0,0,0,"f_behav","primary_kin","SM"
"smsu076","SM",1,3,16,96,17,99,100,7,670,95.7142857142857,0.428571428571429,0.142857142857143,0.333333333333333,0.166666666666667,0.0303030303030303,0.00432900432900433,0.0588235294117647,0.00840336134453781,2,"f_behav","primary_kin","SM"
"smsu077","SM",1,5,5,94,6,99,100,5,6092,1218.4,1,0.2,0.2,0.0531914893617021,0.0505050505050505,0.0101010101010101,0.166666666666667,0.0333333333333333,3.76,"f_behav","primary_kin","SM"
"smsu078","SM",1,1,3,98,4,99,100,4,3154.2,788.55,0.25,0.25,1,0.0306122448979592,0.0101010101010101,0.00252525252525253,0.25,0.0625,32.6666666666667,"f_behav","primary_kin","SM"
"smsu079","SM",0,3,11,96,11,99,100,7,4164,594.857142857143,0.428571428571429,0,0,0.114583333333333,0.0303030303030303,0.00432900432900433,0,0,0,"f_behav","primary_kin","SM"
"smsu080","SM",0,1,4,98,4,99,100,4,1439,359.75,0.25,0,0,0.0408163265306122,0.0101010101010101,0.00252525252525253,0,0,0,"f_behav","primary_kin","SM"
"smsu081","SM",0,2,3,97,3,99,100,6,2253.6,375.6,0.333333333333333,0,0,0.0309278350515464,0.0202020202020202,0.00336700336700337,0,0,0,"f_behav","primary_kin","SM"
"smsu082","SM",1,4,5,95,6,99,100,3,849.8,283.266666666667,1.33333333333333,0.333333333333333,0.25,0.0526315789473684,0.0404040404040404,0.0134680134680135,0.166666666666667,0.0555555555555556,4.75,"f_behav","primary_kin","SM"
"smsu083","SM",0,1,7,98,7,99,100,3,3770,1256.66666666667,0.333333333333333,0,0,0.0714285714285714,0.0101010101010101,0.00336700336700337,0,0,0,"f_behav","primary_kin","SM"
"smsu084","SM",0,4,7,95,7,99,100,4,5449,1362.25,1,0,0,0.0736842105263158,0.0404040404040404,0.0101010101010101,0,0,0,"f_behav","primary_kin","SM"
"smsu085","SM",0,3,8,96,8,99,100,5,2886.2,577.24,0.6,0,0,0.0833333333333333,0.0303030303030303,0.00606060606060606,0,0,0,"f_behav","primary_kin","SM"
"smsu086","SM",0,2,11,97,11,99,100,6,2650.6,441.766666666667,0.333333333333333,0,0,0.11340206185567,0.0202020202020202,0.00336700336700337,0,0,0,"f_behav","primary_kin","SM"
"smsu087","SM",0,1,4,98,4,99,100,3,3232,1077.33333333333,0.333333333333333,0,0,0.0408163265306122,0.0101010101010101,0.00336700336700337,0,0,0,"f_behav","primary_kin","SM"
"smsu088","SM",0,4,0,95,0,99,100,3,1344.6,448.2,1.33333333333333,0,0,0,0.0404040404040404,0.0134680134680135,NA,NA,NA,"f_behav","primary_kin","SM"
"smsu089","SM",0,1,6,98,6,99,100,7,3185,455,0.142857142857143,0,0,0.0612244897959184,0.0101010101010101,0.00144300144300144,0,0,0,"f_behav","primary_kin","SM"
"smsu090","SM",0,2,12,97,12,99,100,7,609.6,87.0857142857143,0.285714285714286,0,0,0.123711340206186,0.0202020202020202,0.00288600288600289,0,0,0,"f_behav","primary_kin","SM"
"smsu091","SM",1,1,4,98,5,99,100,6,5777,962.833333333333,0.166666666666667,0.166666666666667,1,0.0408163265306122,0.0101010101010101,0.00168350168350168,0.2,0.0333333333333333,24.5,"f_behav","primary_kin","SM"
"smsu092","SM",0,3,7,96,7,99,100,4,1826.6,456.65,0.75,0,0,0.0729166666666667,0.0303030303030303,0.00757575757575758,0,0,0,"f_behav","primary_kin","SM"
"smsu093","SM",0,3,10,96,10,99,100,4,1200,300,0.75,0,0,0.104166666666667,0.0303030303030303,0.00757575757575758,0,0,0,"f_behav","primary_kin","SM"
"smsu094","SM",0,1,6,98,6,99,100,3,2658,886,0.333333333333333,0,0,0.0612244897959184,0.0101010101010101,0.00336700336700337,0,0,0,"f_behav","primary_kin","SM"
"smsu095","SM",0,1,4,98,4,99,100,5,3604.6,720.92,0.2,0,0,0.0408163265306122,0.0101010101010101,0.00202020202020202,0,0,0,"f_behav","primary_kin","SM"
"smsu096","SM",0,2,7,97,7,99,100,4,2301,575.25,0.5,0,0,0.0721649484536082,0.0202020202020202,0.00505050505050505,0,0,0,"f_behav","primary_kin","SM"
"smsu097","SM",0,3,5,96,5,99,100,6,3253,542.166666666667,0.5,0,0,0.0520833333333333,0.0303030303030303,0.00505050505050505,0,0,0,"f_behav","primary_kin","SM"
"smsu098","SM",0,2,2,97,2,99,100,5,3177.2,635.44,0.4,0,0,0.0206185567010309,0.0202020202020202,0.00404040404040404,0,0,0,"f_behav","primary_kin","SM"
"smsu099","SM",0,2,5,97,5,99,100,6,621,103.5,0.333333333333333,0,0,0.0515463917525773,0.0202020202020202,0.00336700336700337,0,0,0,"f_behav","primary_kin","SM"
"smsu100","SM",0,1,8,98,8,99,100,5,673.6,134.72,0.2,0,0,0.0816326530612245,0.0101010101010101,0.00202020202020202,0,0,0,"f_behav","primary_kin","SM"
"egsu001","EG",0,4,7,55,7,59,60,6,4266.6,711.1,0.666666666666667,0,0,0.127272727272727,0.0677966101694915,0.0112994350282486,0,0,0,"m_behav","primary_kin","EG"
"egsu002","EG",0,4,6,55,6,59,60,4,2144,536,1,0,0,0.109090909090909,0.0677966101694915,0.0169491525423729,0,0,0,"m_behav","primary_kin","EG"
"egsu003","EG",1,2,9,57,10,59,60,7,4821.6,688.8,0.285714285714286,0.142857142857143,0.5,0.157894736842105,0.0338983050847458,0.00484261501210654,0.1,0.0142857142857143,3.16666666666667,"m_behav","primary_kin","EG"
"egsu004","EG",0,5,5,54,5,59,60,7,494,70.5714285714286,0.714285714285714,0,0,0.0925925925925926,0.0847457627118644,0.0121065375302663,0,0,0,"m_behav","primary_kin","EG"
"egsu005","EG",0,3,6,56,6,59,60,5,1068,213.6,0.6,0,0,0.107142857142857,0.0508474576271186,0.0101694915254237,0,0,0,"m_behav","primary_kin","EG"
"egsu006","EG",0,1,4,58,4,59,60,5,2355,471,0.2,0,0,0.0689655172413793,0.0169491525423729,0.00338983050847458,0,0,0,"m_behav","primary_kin","EG"
"egsu007","EG",0,2,2,57,2,59,60,7,3493,499,0.285714285714286,0,0,0.0350877192982456,0.0338983050847458,0.00484261501210654,0,0,0,"m_behav","primary_kin","EG"
"egsu008","EG",0,4,10,55,10,59,60,5,4806,961.2,0.8,0,0,0.181818181818182,0.0677966101694915,0.0135593220338983,0,0,0,"m_behav","primary_kin","EG"
"egsu009","EG",0,1,3,58,3,59,60,4,1642.6,410.65,0.25,0,0,0.0517241379310345,0.0169491525423729,0.00423728813559322,0,0,0,"m_behav","primary_kin","EG"
"egsu010","EG",0,4,6,55,6,59,60,5,2292.6,458.52,0.8,0,0,0.109090909090909,0.0677966101694915,0.0135593220338983,0,0,0,"m_behav","primary_kin","EG"
"egsu011","EG",0,1,6,58,6,59,60,3,3093.6,1031.2,0.333333333333333,0,0,0.103448275862069,0.0169491525423729,0.00564971751412429,0,0,0,"m_behav","primary_kin","EG"
"egsu012","EG",0,3,2,56,2,59,60,3,780,260,1,0,0,0.0357142857142857,0.0508474576271186,0.0169491525423729,0,0,0,"m_behav","primary_kin","EG"
"egsu013","EG",0,1,8,58,8,59,60,5,3031,606.2,0.2,0,0,0.137931034482759,0.0169491525423729,0.00338983050847458,0,0,0,"m_behav","primary_kin","EG"
"egsu014","EG",0,2,3,57,3,59,60,5,934,186.8,0.4,0,0,0.0526315789473684,0.0338983050847458,0.00677966101694915,0,0,0,"m_behav","primary_kin","EG"
"egsu015","EG",1,1,6,58,7,59,60,5,4019.6,803.92,0.2,0.2,1,0.103448275862069,0.0169491525423729,0.00338983050847458,0.142857142857143,0.0285714285714286,9.66666666666667,"m_behav","primary_kin","EG"
"egsu016","EG",0,3,2,56,2,59,60,7,1592.6,227.514285714286,0.428571428571429,0,0,0.0357142857142857,0.0508474576271186,0.00726392251815981,0,0,0,"m_behav","primary_kin","EG"
"egsu017","EG",1,2,9,57,10,59,60,5,3001,600.2,0.4,0.2,0.5,0.157894736842105,0.0338983050847458,0.00677966101694915,0.1,0.02,3.16666666666667,"m_behav","primary_kin","EG"
"egsu018","EG",1,6,6,53,7,59,60,7,2192,313.142857142857,0.857142857142857,0.142857142857143,0.166666666666667,0.113207547169811,0.101694915254237,0.0145278450363196,0.142857142857143,0.0204081632653061,1.47222222222222,"m_behav","primary_kin","EG"
"egsu019","EG",0,3,4,56,4,59,60,3,4701,1567,1,0,0,0.0714285714285714,0.0508474576271186,0.0169491525423729,0,0,0,"m_behav","primary_kin","EG"
"egsu020","EG",0,1,3,58,3,59,60,5,1875.6,375.12,0.2,0,0,0.0517241379310345,0.0169491525423729,0.00338983050847458,0,0,0,"m_behav","primary_kin","EG"
"egsu021","EG",0,2,5,57,5,59,60,6,3349,558.166666666667,0.333333333333333,0,0,0.087719298245614,0.0338983050847458,0.00564971751412429,0,0,0,"m_behav","primary_kin","EG"
"egsu022","EG",1,3,9,56,10,59,60,4,827,206.75,0.75,0.25,0.333333333333333,0.160714285714286,0.0508474576271186,0.0127118644067797,0.1,0.025,2.07407407407407,"m_behav","primary_kin","EG"
"egsu023","EG",0,4,7,55,7,59,60,3,1603.6,534.533333333333,1.33333333333333,0,0,0.127272727272727,0.0677966101694915,0.0225988700564972,0,0,0,"m_behav","primary_kin","EG"
"egsu024","EG",0,2,4,57,4,59,60,3,6942,2314,0.666666666666667,0,0,0.0701754385964912,0.0338983050847458,0.0112994350282486,0,0,0,"m_behav","primary_kin","EG"
"egsu025","EG",0,3,7,56,7,59,60,3,4155,1385,1,0,0,0.125,0.0508474576271186,0.0169491525423729,0,0,0,"m_behav","primary_kin","EG"
"egsu026","EG",0,1,6,58,6,59,60,5,2793,558.6,0.2,0,0,0.103448275862069,0.0169491525423729,0.00338983050847458,0,0,0,"m_behav","primary_kin","EG"
"egsu027","EG",0,1,5,58,5,59,60,4,1723,430.75,0.25,0,0,0.0862068965517241,0.0169491525423729,0.00423728813559322,0,0,0,"m_behav","primary_kin","EG"
"egsu028","EG",0,1,4,58,4,59,60,6,264.2,44.0333333333333,0.166666666666667,0,0,0.0689655172413793,0.0169491525423729,0.00282485875706215,0,0,0,"m_behav","primary_kin","EG"
"egsu029","EG",0,1,5,58,5,59,60,7,609.2,87.0285714285714,0.142857142857143,0,0,0.0862068965517241,0.0169491525423729,0.00242130750605327,0,0,0,"m_behav","primary_kin","EG"
"egsu030","EG",0,1,5,58,5,59,60,3,2977,992.333333333333,0.333333333333333,0,0,0.0862068965517241,0.0169491525423729,0.00564971751412429,0,0,0,"m_behav","primary_kin","EG"
"egsu031","EG",3,3,3,56,6,59,60,5,2813.2,562.64,0.6,0.6,1,0.0535714285714286,0.0508474576271186,0.0101694915254237,0.5,0.1,18.6666666666667,"m_behav","primary_kin","EG"
"egsu032","EG",1,3,12,56,13,59,60,6,3550,591.666666666667,0.5,0.166666666666667,0.333333333333333,0.214285714285714,0.0508474576271186,0.00847457627118644,0.0769230769230769,0.0128205128205128,1.55555555555556,"m_behav","primary_kin","EG"
"egsu033","EG",0,1,9,58,9,59,60,5,2542.6,508.52,0.2,0,0,0.155172413793103,0.0169491525423729,0.00338983050847458,0,0,0,"m_behav","primary_kin","EG"
"egsu034","EG",1,4,4,55,5,59,60,3,1328.8,442.933333333333,1.33333333333333,0.333333333333333,0.25,0.0727272727272727,0.0677966101694915,0.0225988700564972,0.2,0.0666666666666667,3.4375,"m_behav","primary_kin","EG"
"egsu035","EG",0,1,8,58,8,59,60,5,4859,971.8,0.2,0,0,0.137931034482759,0.0169491525423729,0.00338983050847458,0,0,0,"m_behav","primary_kin","EG"
"egsu036","EG",1,1,5,58,6,59,60,3,2867.6,955.866666666667,0.333333333333333,0.333333333333333,1,0.0862068965517241,0.0169491525423729,0.00564971751412429,0.166666666666667,0.0555555555555556,11.6,"m_behav","primary_kin","EG"
"egsu037","EG",0,3,4,56,4,59,60,3,3852.8,1284.26666666667,1,0,0,0.0714285714285714,0.0508474576271186,0.0169491525423729,0,0,0,"m_behav","primary_kin","EG"
"egsu038","EG",0,1,11,58,11,59,60,7,1392.6,198.942857142857,0.142857142857143,0,0,0.189655172413793,0.0169491525423729,0.00242130750605327,0,0,0,"m_behav","primary_kin","EG"
"egsu039","EG",1,4,7,55,8,59,60,3,2142,714,1.33333333333333,0.333333333333333,0.25,0.127272727272727,0.0677966101694915,0.0225988700564972,0.125,0.0416666666666667,1.96428571428571,"m_behav","primary_kin","EG"
"egsu040","EG",0,3,8,56,8,59,60,6,1878.8,313.133333333333,0.5,0,0,0.142857142857143,0.0508474576271186,0.00847457627118644,0,0,0,"m_behav","primary_kin","EG"
"egsu041","EG",0,0,8,59,8,59,60,3,2127.6,709.2,0,0,NA,0.135593220338983,0,0,0,0,NA,"m_behav","primary_kin","EG"
"egsu042","EG",0,3,7,56,7,59,60,6,634.6,105.766666666667,0.5,0,0,0.125,0.0508474576271186,0.00847457627118644,0,0,0,"m_behav","primary_kin","EG"
"egsu043","EG",1,7,6,52,7,59,60,4,1585.2,396.3,1.75,0.25,0.142857142857143,0.115384615384615,0.11864406779661,0.0296610169491525,0.142857142857143,0.0357142857142857,1.23809523809524,"m_behav","primary_kin","EG"
"egsu044","EG",0,2,6,57,6,59,60,4,2238.8,559.7,0.5,0,0,0.105263157894737,0.0338983050847458,0.00847457627118644,0,0,0,"m_behav","primary_kin","EG"
"egsu045","EG",0,3,8,56,8,59,60,5,2421,484.2,0.6,0,0,0.142857142857143,0.0508474576271186,0.0101694915254237,0,0,0,"m_behav","primary_kin","EG"
"egsu046","EG",0,1,7,58,7,59,60,3,1830,610,0.333333333333333,0,0,0.120689655172414,0.0169491525423729,0.00564971751412429,0,0,0,"m_behav","primary_kin","EG"
"egsu047","EG",0,5,5,54,5,59,60,3,2739.6,913.2,1.66666666666667,0,0,0.0925925925925926,0.0847457627118644,0.0282485875706215,0,0,0,"m_behav","primary_kin","EG"
"egsu048","EG",0,3,8,56,8,59,60,4,4753.2,1188.3,0.75,0,0,0.142857142857143,0.0508474576271186,0.0127118644067797,0,0,0,"m_behav","primary_kin","EG"
"egsu049","EG",1,2,9,57,10,59,60,6,538.6,89.7666666666667,0.333333333333333,0.166666666666667,0.5,0.157894736842105,0.0338983050847458,0.00564971751412429,0.1,0.0166666666666667,3.16666666666667,"m_behav","primary_kin","EG"
"egsu050","EG",0,1,4,58,4,59,60,5,3703,740.6,0.2,0,0,0.0689655172413793,0.0169491525423729,0.00338983050847458,0,0,0,"m_behav","primary_kin","EG"
"egsu051","EG",1,4,6,55,7,59,60,7,1771.6,253.085714285714,0.571428571428571,0.142857142857143,0.25,0.109090909090909,0.0677966101694915,0.00968523002421307,0.142857142857143,0.0204081632653061,2.29166666666667,"m_behav","primary_kin","EG"
"egsu052","EG",0,3,8,56,8,59,60,7,801.6,114.514285714286,0.428571428571429,0,0,0.142857142857143,0.0508474576271186,0.00726392251815981,0,0,0,"m_behav","primary_kin","EG"
"egsu053","EG",0,2,2,57,2,59,60,6,3997.2,666.2,0.333333333333333,0,0,0.0350877192982456,0.0338983050847458,0.00564971751412429,0,0,0,"m_behav","primary_kin","EG"
"egsu054","EG",0,1,4,58,4,59,60,7,3863,551.857142857143,0.142857142857143,0,0,0.0689655172413793,0.0169491525423729,0.00242130750605327,0,0,0,"m_behav","primary_kin","EG"
"egsu055","EG",1,2,8,57,9,59,60,5,2177.6,435.52,0.4,0.2,0.5,0.140350877192982,0.0338983050847458,0.00677966101694915,0.111111111111111,0.0222222222222222,3.5625,"m_behav","primary_kin","EG"
"egsu056","EG",0,4,3,55,3,59,60,5,5283,1056.6,0.8,0,0,0.0545454545454545,0.0677966101694915,0.0135593220338983,0,0,0,"m_behav","primary_kin","EG"
"egsu057","EG",0,2,2,57,2,59,60,3,2256.6,752.2,0.666666666666667,0,0,0.0350877192982456,0.0338983050847458,0.0112994350282486,0,0,0,"m_behav","primary_kin","EG"
"egsu058","EG",0,1,9,58,9,59,60,7,4654.6,664.942857142857,0.142857142857143,0,0,0.155172413793103,0.0169491525423729,0.00242130750605327,0,0,0,"m_behav","primary_kin","EG"
"egsu059","EG",0,1,9,58,9,59,60,5,3104.2,620.84,0.2,0,0,0.155172413793103,0.0169491525423729,0.00338983050847458,0,0,0,"m_behav","primary_kin","EG"
"egsu060","EG",1,3,5,56,6,59,60,5,2399.8,479.96,0.6,0.2,0.333333333333333,0.0892857142857143,0.0508474576271186,0.0101694915254237,0.166666666666667,0.0333333333333333,3.73333333333333,"m_behav","primary_kin","EG"
"exsu001","EX",0,5,4,64,4,69,70,7,3039.6,434.228571428571,0.714285714285714,0,0,0.0625,0.072463768115942,0.010351966873706,0,0,0,"m_behav","primary_kin","EX"
"exsu002","EX",0,5,7,64,7,69,70,3,2089,696.333333333333,1.66666666666667,0,0,0.109375,0.072463768115942,0.0241545893719807,0,0,0,"m_behav","primary_kin","EX"
"exsu003","EX",0,3,8,66,8,69,70,5,990,198,0.6,0,0,0.121212121212121,0.0434782608695652,0.00869565217391304,0,0,0,"m_behav","primary_kin","EX"
"exsu004","EX",1,4,4,65,5,69,70,3,5493.6,1831.2,1.33333333333333,0.333333333333333,0.25,0.0615384615384615,0.0579710144927536,0.0193236714975845,0.2,0.0666666666666667,4.0625,"m_behav","primary_kin","EX"
"exsu005","EX",0,1,5,68,5,69,70,3,3065.2,1021.73333333333,0.333333333333333,0,0,0.0735294117647059,0.0144927536231884,0.00483091787439614,0,0,0,"m_behav","primary_kin","EX"
"exsu006","EX",0,3,10,66,10,69,70,7,6047.6,863.942857142857,0.428571428571429,0,0,0.151515151515152,0.0434782608695652,0.0062111801242236,0,0,0,"m_behav","primary_kin","EX"
"exsu007","EX",1,3,12,66,13,69,70,7,1989,284.142857142857,0.428571428571429,0.142857142857143,0.333333333333333,0.181818181818182,0.0434782608695652,0.0062111801242236,0.0769230769230769,0.010989010989011,1.83333333333333,"m_behav","primary_kin","EX"
"exsu008","EX",0,2,11,67,11,69,70,5,3437,687.4,0.4,0,0,0.164179104477612,0.0289855072463768,0.00579710144927536,0,0,0,"m_behav","primary_kin","EX"
"exsu009","EX",1,3,5,66,6,69,70,5,1999.6,399.92,0.6,0.2,0.333333333333333,0.0757575757575758,0.0434782608695652,0.00869565217391304,0.166666666666667,0.0333333333333333,4.4,"m_behav","primary_kin","EX"
"exsu010","EX",1,3,10,66,11,69,70,4,1860,465,0.75,0.25,0.333333333333333,0.151515151515152,0.0434782608695652,0.0108695652173913,0.0909090909090909,0.0227272727272727,2.2,"m_behav","primary_kin","EX"
"exsu011","EX",0,2,7,67,7,69,70,6,1969.2,328.2,0.333333333333333,0,0,0.104477611940299,0.0289855072463768,0.00483091787439614,0,0,0,"m_behav","primary_kin","EX"
"exsu012","EX",0,1,9,68,9,69,70,4,1686.6,421.65,0.25,0,0,0.132352941176471,0.0144927536231884,0.0036231884057971,0,0,0,"m_behav","primary_kin","EX"
"exsu013","EX",0,2,4,67,4,69,70,7,4188,598.285714285714,0.285714285714286,0,0,0.0597014925373134,0.0289855072463768,0.0041407867494824,0,0,0,"m_behav","primary_kin","EX"
"exsu014","EX",0,4,7,65,7,69,70,7,2161,308.714285714286,0.571428571428571,0,0,0.107692307692308,0.0579710144927536,0.0082815734989648,0,0,0,"m_behav","primary_kin","EX"
"exsu015","EX",0,1,5,68,5,69,70,4,407,101.75,0.25,0,0,0.0735294117647059,0.0144927536231884,0.0036231884057971,0,0,0,"m_behav","primary_kin","EX"
"exsu016","EX",1,3,1,66,2,69,70,6,1607,267.833333333333,0.5,0.166666666666667,0.333333333333333,0.0151515151515152,0.0434782608695652,0.0072463768115942,0.5,0.0833333333333333,22,"m_behav","primary_kin","EX"
"exsu017","EX",0,2,6,67,6,69,70,4,4368.2,1092.05,0.5,0,0,0.0895522388059701,0.0289855072463768,0.0072463768115942,0,0,0,"m_behav","primary_kin","EX"
"exsu018","EX",0,3,4,66,4,69,70,3,3123,1041,1,0,0,0.0606060606060606,0.0434782608695652,0.0144927536231884,0,0,0,"m_behav","primary_kin","EX"
"exsu019","EX",0,2,9,67,9,69,70,7,1626.6,232.371428571429,0.285714285714286,0,0,0.134328358208955,0.0289855072463768,0.0041407867494824,0,0,0,"m_behav","primary_kin","EX"
"exsu020","EX",0,3,6,66,6,69,70,5,3081,616.2,0.6,0,0,0.0909090909090909,0.0434782608695652,0.00869565217391304,0,0,0,"m_behav","primary_kin","EX"
"exsu021","EX",0,3,2,66,2,69,70,5,2349.6,469.92,0.6,0,0,0.0303030303030303,0.0434782608695652,0.00869565217391304,0,0,0,"m_behav","primary_kin","EX"
"exsu022","EX",0,2,4,67,4,69,70,7,759,108.428571428571,0.285714285714286,0,0,0.0597014925373134,0.0289855072463768,0.0041407867494824,0,0,0,"m_behav","primary_kin","EX"
"exsu023","EX",0,1,7,68,7,69,70,6,1118,186.333333333333,0.166666666666667,0,0,0.102941176470588,0.0144927536231884,0.00241545893719807,0,0,0,"m_behav","primary_kin","EX"
"exsu024","EX",0,1,6,68,6,69,70,6,1522,253.666666666667,0.166666666666667,0,0,0.0882352941176471,0.0144927536231884,0.00241545893719807,0,0,0,"m_behav","primary_kin","EX"
"exsu025","EX",2,6,8,63,10,69,70,6,4654.6,775.766666666667,1,0.333333333333333,0.333333333333333,0.126984126984127,0.0869565217391304,0.0144927536231884,0.2,0.0333333333333333,2.625,"m_behav","primary_kin","EX"
"exsu026","EX",0,1,10,68,10,69,70,6,1421.6,236.933333333333,0.166666666666667,0,0,0.147058823529412,0.0144927536231884,0.00241545893719807,0,0,0,"m_behav","primary_kin","EX"
"exsu027","EX",0,2,14,67,14,69,70,7,3225.6,460.8,0.285714285714286,0,0,0.208955223880597,0.0289855072463768,0.0041407867494824,0,0,0,"m_behav","primary_kin","EX"
"exsu028","EX",0,4,4,65,4,69,70,3,1498,499.333333333333,1.33333333333333,0,0,0.0615384615384615,0.0579710144927536,0.0193236714975845,0,0,0,"m_behav","primary_kin","EX"
"exsu029","EX",0,1,2,68,2,69,70,5,1826.8,365.36,0.2,0,0,0.0294117647058824,0.0144927536231884,0.00289855072463768,0,0,0,"m_behav","primary_kin","EX"
"exsu030","EX",0,1,3,68,3,69,70,6,3297,549.5,0.166666666666667,0,0,0.0441176470588235,0.0144927536231884,0.00241545893719807,0,0,0,"m_behav","primary_kin","EX"
"exsu031","EX",0,5,7,64,7,69,70,7,945.2,135.028571428571,0.714285714285714,0,0,0.109375,0.072463768115942,0.010351966873706,0,0,0,"m_behav","primary_kin","EX"
"exsu032","EX",0,1,0,68,0,69,70,3,1461,487,0.333333333333333,0,0,0,0.0144927536231884,0.00483091787439614,NA,NA,NA,"m_behav","primary_kin","EX"
"exsu033","EX",0,2,8,67,8,69,70,6,1781.2,296.866666666667,0.333333333333333,0,0,0.119402985074627,0.0289855072463768,0.00483091787439614,0,0,0,"m_behav","primary_kin","EX"
"exsu034","EX",0,3,3,66,3,69,70,4,2898.6,724.65,0.75,0,0,0.0454545454545455,0.0434782608695652,0.0108695652173913,0,0,0,"m_behav","primary_kin","EX"
"exsu035","EX",0,2,9,67,9,69,70,7,1402.6,200.371428571429,0.285714285714286,0,0,0.134328358208955,0.0289855072463768,0.0041407867494824,0,0,0,"m_behav","primary_kin","EX"
"exsu036","EX",1,3,12,66,13,69,70,6,4938,823,0.5,0.166666666666667,0.333333333333333,0.181818181818182,0.0434782608695652,0.0072463768115942,0.0769230769230769,0.0128205128205128,1.83333333333333,"m_behav","primary_kin","EX"
"exsu037","EX",0,1,8,68,8,69,70,5,2089,417.8,0.2,0,0,0.117647058823529,0.0144927536231884,0.00289855072463768,0,0,0,"m_behav","primary_kin","EX"
"exsu038","EX",2,4,9,65,11,69,70,6,2700.6,450.1,0.666666666666667,0.333333333333333,0.5,0.138461538461538,0.0579710144927536,0.00966183574879227,0.181818181818182,0.0303030303030303,3.61111111111111,"m_behav","primary_kin","EX"
"exsu039","EX",0,2,3,67,3,69,70,5,829.8,165.96,0.4,0,0,0.0447761194029851,0.0289855072463768,0.00579710144927536,0,0,0,"m_behav","primary_kin","EX"
"exsu040","EX",0,1,7,68,7,69,70,7,4904,700.571428571429,0.142857142857143,0,0,0.102941176470588,0.0144927536231884,0.0020703933747412,0,0,0,"m_behav","primary_kin","EX"
"exsu041","EX",0,2,5,67,5,69,70,5,6487.8,1297.56,0.4,0,0,0.0746268656716418,0.0289855072463768,0.00579710144927536,0,0,0,"m_behav","primary_kin","EX"
"exsu042","EX",1,2,4,67,5,69,70,6,3818.6,636.433333333333,0.333333333333333,0.166666666666667,0.5,0.0597014925373134,0.0289855072463768,0.00483091787439614,0.2,0.0333333333333333,8.375,"m_behav","primary_kin","EX"
"exsu043","EX",0,2,2,67,2,69,70,3,2621,873.666666666667,0.666666666666667,0,0,0.0298507462686567,0.0289855072463768,0.00966183574879227,0,0,0,"m_behav","primary_kin","EX"
"exsu044","EX",0,4,3,65,3,69,70,6,1032,172,0.666666666666667,0,0,0.0461538461538462,0.0579710144927536,0.00966183574879227,0,0,0,"m_behav","primary_kin","EX"
"exsu045","EX",0,1,5,68,5,69,70,6,1933,322.166666666667,0.166666666666667,0,0,0.0735294117647059,0.0144927536231884,0.00241545893719807,0,0,0,"m_behav","primary_kin","EX"
"exsu046","EX",1,2,6,67,7,69,70,7,494,70.5714285714286,0.285714285714286,0.142857142857143,0.5,0.0895522388059701,0.0289855072463768,0.0041407867494824,0.142857142857143,0.0204081632653061,5.58333333333333,"m_behav","primary_kin","EX"
"exsu047","EX",0,3,8,66,8,69,70,3,943.2,314.4,1,0,0,0.121212121212121,0.0434782608695652,0.0144927536231884,0,0,0,"m_behav","primary_kin","EX"
"exsu048","EX",0,1,6,68,6,69,70,6,2850,475,0.166666666666667,0,0,0.0882352941176471,0.0144927536231884,0.00241545893719807,0,0,0,"m_behav","primary_kin","EX"
"exsu049","EX",0,2,7,67,7,69,70,4,1072,268,0.5,0,0,0.104477611940299,0.0289855072463768,0.0072463768115942,0,0,0,"m_behav","primary_kin","EX"
"exsu050","EX",1,2,6,67,7,69,70,4,572,143,0.5,0.25,0.5,0.0895522388059701,0.0289855072463768,0.0072463768115942,0.142857142857143,0.0357142857142857,5.58333333333333,"m_behav","primary_kin","EX"
"exsu051","EX",0,1,12,68,12,69,70,7,2877.6,411.085714285714,0.142857142857143,0,0,0.176470588235294,0.0144927536231884,0.0020703933747412,0,0,0,"m_behav","primary_kin","EX"
"exsu052","EX",0,1,10,68,10,69,70,7,2012,287.428571428571,0.142857142857143,0,0,0.147058823529412,0.0144927536231884,0.0020703933747412,0,0,0,"m_behav","primary_kin","EX"
"exsu053","EX",0,1,9,68,9,69,70,6,6528.6,1088.1,0.166666666666667,0,0,0.132352941176471,0.0144927536231884,0.00241545893719807,0,0,0,"m_behav","primary_kin","EX"
"exsu054","EX",0,2,8,67,8,69,70,6,1739.8,289.966666666667,0.333333333333333,0,0,0.119402985074627,0.0289855072463768,0.00483091787439614,0,0,0,"m_behav","primary_kin","EX"
"exsu055","EX",0,0,4,69,4,69,70,3,3019.6,1006.53333333333,0,0,NA,0.0579710144927536,0,0,0,0,NA,"m_behav","primary_kin","EX"
"exsu056","EX",0,3,12,66,12,69,70,5,2649,529.8,0.6,0,0,0.181818181818182,0.0434782608695652,0.00869565217391304,0,0,0,"m_behav","primary_kin","EX"
"exsu057","EX",0,6,5,63,5,69,70,7,3864.6,552.085714285714,0.857142857142857,0,0,0.0793650793650794,0.0869565217391304,0.0124223602484472,0,0,0,"m_behav","primary_kin","EX"
"exsu058","EX",0,1,5,68,5,69,70,5,938,187.6,0.2,0,0,0.0735294117647059,0.0144927536231884,0.00289855072463768,0,0,0,"m_behav","primary_kin","EX"
"exsu059","EX",0,2,3,67,3,69,70,3,4723.6,1574.53333333333,0.666666666666667,0,0,0.0447761194029851,0.0289855072463768,0.00966183574879227,0,0,0,"m_behav","primary_kin","EX"
"exsu060","EX",0,2,8,67,8,69,70,5,3658.2,731.64,0.4,0,0,0.119402985074627,0.0289855072463768,0.00579710144927536,0,0,0,"m_behav","primary_kin","EX"
"exsu061","EX",0,1,3,68,3,69,70,7,1931.6,275.942857142857,0.142857142857143,0,0,0.0441176470588235,0.0144927536231884,0.0020703933747412,0,0,0,"m_behav","primary_kin","EX"
"exsu062","EX",0,2,6,67,6,69,70,7,5784,826.285714285714,0.285714285714286,0,0,0.0895522388059701,0.0289855072463768,0.0041407867494824,0,0,0,"m_behav","primary_kin","EX"
"exsu063","EX",0,1,3,68,3,69,70,4,4085.6,1021.4,0.25,0,0,0.0441176470588235,0.0144927536231884,0.0036231884057971,0,0,0,"m_behav","primary_kin","EX"
"exsu064","EX",0,2,7,67,7,69,70,6,2867.6,477.933333333333,0.333333333333333,0,0,0.104477611940299,0.0289855072463768,0.00483091787439614,0,0,0,"m_behav","primary_kin","EX"
"exsu065","EX",0,3,4,66,4,69,70,5,2715.6,543.12,0.6,0,0,0.0606060606060606,0.0434782608695652,0.00869565217391304,0,0,0,"m_behav","primary_kin","EX"
"exsu066","EX",0,3,3,66,3,69,70,6,3046.6,507.766666666667,0.5,0,0,0.0454545454545455,0.0434782608695652,0.0072463768115942,0,0,0,"m_behav","primary_kin","EX"
"exsu067","EX",0,3,11,66,11,69,70,4,1578,394.5,0.75,0,0,0.166666666666667,0.0434782608695652,0.0108695652173913,0,0,0,"m_behav","primary_kin","EX"
"exsu068","EX",0,3,4,66,4,69,70,3,3075,1025,1,0,0,0.0606060606060606,0.0434782608695652,0.0144927536231884,0,0,0,"m_behav","primary_kin","EX"
"exsu069","EX",0,2,6,67,6,69,70,4,3305,826.25,0.5,0,0,0.0895522388059701,0.0289855072463768,0.0072463768115942,0,0,0,"m_behav","primary_kin","EX"
"exsu070","EX",0,3,5,66,5,69,70,3,2335.8,778.6,1,0,0,0.0757575757575758,0.0434782608695652,0.0144927536231884,0,0,0,"m_behav","primary_kin","EX"
"sisu001","SI",1,1,9,38,10,39,40,7,6725.2,960.742857142857,0.142857142857143,0.142857142857143,1,0.236842105263158,0.0256410256410256,0.00366300366300366,0.1,0.0142857142857143,4.22222222222222,"m_behav","primary_kin","SI"
"sisu002","SI",0,2,11,37,11,39,40,6,4015.6,669.266666666667,0.333333333333333,0,0,0.297297297297297,0.0512820512820513,0.00854700854700855,0,0,0,"m_behav","primary_kin","SI"
"sisu003","SI",0,4,5,35,5,39,40,3,3457.2,1152.4,1.33333333333333,0,0,0.142857142857143,0.102564102564103,0.0341880341880342,0,0,0,"m_behav","primary_kin","SI"
"sisu004","SI",0,6,6,33,6,39,40,3,3015.8,1005.26666666667,2,0,0,0.181818181818182,0.153846153846154,0.0512820512820513,0,0,0,"m_behav","primary_kin","SI"
"sisu005","SI",0,2,5,37,5,39,40,3,957.6,319.2,0.666666666666667,0,0,0.135135135135135,0.0512820512820513,0.0170940170940171,0,0,0,"m_behav","primary_kin","SI"
"sisu006","SI",0,2,4,37,4,39,40,3,1668,556,0.666666666666667,0,0,0.108108108108108,0.0512820512820513,0.0170940170940171,0,0,0,"m_behav","primary_kin","SI"
"sisu007","SI",1,5,7,34,8,39,40,4,1634,408.5,1.25,0.25,0.2,0.205882352941176,0.128205128205128,0.032051282051282,0.125,0.03125,0.971428571428572,"m_behav","primary_kin","SI"
"sisu008","SI",0,3,1,36,1,39,40,4,1773.2,443.3,0.75,0,0,0.0277777777777778,0.0769230769230769,0.0192307692307692,0,0,0,"m_behav","primary_kin","SI"
"sisu009","SI",0,4,4,35,4,39,40,4,2157,539.25,1,0,0,0.114285714285714,0.102564102564103,0.0256410256410256,0,0,0,"m_behav","primary_kin","SI"
"sisu010","SI",0,0,6,39,6,39,40,4,2569,642.25,0,0,NA,0.153846153846154,0,0,0,0,NA,"m_behav","primary_kin","SI"
"sisu011","SI",0,1,6,38,6,39,40,3,3492.6,1164.2,0.333333333333333,0,0,0.157894736842105,0.0256410256410256,0.00854700854700855,0,0,0,"m_behav","primary_kin","SI"
"sisu012","SI",1,4,2,35,3,39,40,3,3090.2,1030.06666666667,1.33333333333333,0.333333333333333,0.25,0.0571428571428571,0.102564102564103,0.0341880341880342,0.333333333333333,0.111111111111111,4.375,"m_behav","primary_kin","SI"
"sisu013","SI",0,2,7,37,7,39,40,3,2711.2,903.733333333333,0.666666666666667,0,0,0.189189189189189,0.0512820512820513,0.0170940170940171,0,0,0,"m_behav","primary_kin","SI"
"sisu014","SI",0,0,8,39,8,39,40,5,3955.2,791.04,0,0,NA,0.205128205128205,0,0,0,0,NA,"m_behav","primary_kin","SI"
"sisu015","SI",1,3,6,36,7,39,40,7,5079.6,725.657142857143,0.428571428571429,0.142857142857143,0.333333333333333,0.166666666666667,0.0769230769230769,0.010989010989011,0.142857142857143,0.0204081632653061,2,"m_behav","primary_kin","SI"
"sisu016","SI",0,3,1,36,1,39,40,6,3258.6,543.1,0.5,0,0,0.0277777777777778,0.0769230769230769,0.0128205128205128,0,0,0,"m_behav","primary_kin","SI"
"sisu017","SI",0,1,12,38,12,39,40,7,5293.6,756.228571428572,0.142857142857143,0,0,0.31578947368421,0.0256410256410256,0.00366300366300366,0,0,0,"m_behav","primary_kin","SI"
"sisu018","SI",0,2,8,37,8,39,40,3,980,326.666666666667,0.666666666666667,0,0,0.216216216216216,0.0512820512820513,0.0170940170940171,0,0,0,"m_behav","primary_kin","SI"
"sisu019","SI",1,4,3,35,4,39,40,3,1973,657.666666666667,1.33333333333333,0.333333333333333,0.25,0.0857142857142857,0.102564102564103,0.0341880341880342,0.25,0.0833333333333333,2.91666666666667,"m_behav","primary_kin","SI"
"sisu020","SI",0,3,2,36,2,39,40,4,2122.2,530.55,0.75,0,0,0.0555555555555556,0.0769230769230769,0.0192307692307692,0,0,0,"m_behav","primary_kin","SI"
"sisu021","SI",0,1,1,38,1,39,40,7,2010,287.142857142857,0.142857142857143,0,0,0.0263157894736842,0.0256410256410256,0.00366300366300366,0,0,0,"m_behav","primary_kin","SI"
"sisu022","SI",0,2,7,37,7,39,40,4,2600.2,650.05,0.5,0,0,0.189189189189189,0.0512820512820513,0.0128205128205128,0,0,0,"m_behav","primary_kin","SI"
"sisu023","SI",0,2,6,37,6,39,40,5,3122.2,624.44,0.4,0,0,0.162162162162162,0.0512820512820513,0.0102564102564103,0,0,0,"m_behav","primary_kin","SI"
"sisu024","SI",0,3,1,36,1,39,40,3,1423.6,474.533333333333,1,0,0,0.0277777777777778,0.0769230769230769,0.0256410256410256,0,0,0,"m_behav","primary_kin","SI"
"sisu025","SI",0,4,2,35,2,39,40,3,1945.2,648.4,1.33333333333333,0,0,0.0571428571428571,0.102564102564103,0.0341880341880342,0,0,0,"m_behav","primary_kin","SI"
"sisu026","SI",0,5,2,34,2,39,40,3,3222,1074,1.66666666666667,0,0,0.0588235294117647,0.128205128205128,0.0427350427350427,0,0,0,"m_behav","primary_kin","SI"
"sisu027","SI",0,4,8,35,8,39,40,4,5309.2,1327.3,1,0,0,0.228571428571429,0.102564102564103,0.0256410256410256,0,0,0,"m_behav","primary_kin","SI"
"sisu028","SI",0,3,7,36,7,39,40,6,3121,520.166666666667,0.5,0,0,0.194444444444444,0.0769230769230769,0.0128205128205128,0,0,0,"m_behav","primary_kin","SI"
"sisu029","SI",0,2,10,37,10,39,40,5,5283.2,1056.64,0.4,0,0,0.27027027027027,0.0512820512820513,0.0102564102564103,0,0,0,"m_behav","primary_kin","SI"
"sisu030","SI",0,4,5,35,5,39,40,7,3370,481.428571428571,0.571428571428571,0,0,0.142857142857143,0.102564102564103,0.0146520146520147,0,0,0,"m_behav","primary_kin","SI"
"sisu031","SI",1,2,7,37,8,39,40,5,2474,494.8,0.4,0.2,0.5,0.189189189189189,0.0512820512820513,0.0102564102564103,0.125,0.025,2.64285714285714,"m_behav","primary_kin","SI"
"sisu032","SI",0,1,7,38,7,39,40,5,359,71.8,0.2,0,0,0.184210526315789,0.0256410256410256,0.00512820512820513,0,0,0,"m_behav","primary_kin","SI"
"sisu033","SI",0,3,8,36,8,39,40,5,4396,879.2,0.6,0,0,0.222222222222222,0.0769230769230769,0.0153846153846154,0,0,0,"m_behav","primary_kin","SI"
"sisu034","SI",0,1,5,38,5,39,40,6,2779,463.166666666667,0.166666666666667,0,0,0.131578947368421,0.0256410256410256,0.00427350427350427,0,0,0,"m_behav","primary_kin","SI"
"sisu035","SI",0,2,6,37,6,39,40,7,4425,632.142857142857,0.285714285714286,0,0,0.162162162162162,0.0512820512820513,0.00732600732600733,0,0,0,"m_behav","primary_kin","SI"
"sisu036","SI",2,3,5,36,7,39,40,4,2113.6,528.4,0.75,0.5,0.666666666666667,0.138888888888889,0.0769230769230769,0.0192307692307692,0.285714285714286,0.0714285714285714,4.8,"m_behav","primary_kin","SI"
"sisu037","SI",0,2,6,37,6,39,40,6,712.6,118.766666666667,0.333333333333333,0,0,0.162162162162162,0.0512820512820513,0.00854700854700855,0,0,0,"m_behav","primary_kin","SI"
"sisu038","SI",0,0,7,39,7,39,40,5,4104,820.8,0,0,NA,0.17948717948718,0,0,0,0,NA,"m_behav","primary_kin","SI"
"sisu039","SI",0,3,5,36,5,39,40,4,3582.6,895.65,0.75,0,0,0.138888888888889,0.0769230769230769,0.0192307692307692,0,0,0,"m_behav","primary_kin","SI"
"sisu040","SI",0,3,11,36,11,39,40,7,1867,266.714285714286,0.428571428571429,0,0,0.305555555555556,0.0769230769230769,0.010989010989011,0,0,0,"m_behav","primary_kin","SI"
"smsu001","SM",0,3,8,96,8,99,100,5,5400,1080,0.6,0,0,0.0833333333333333,0.0303030303030303,0.00606060606060606,0,0,0,"m_behav","primary_kin","SM"
"smsu002","SM",0,2,6,97,6,99,100,6,3285.6,547.6,0.333333333333333,0,0,0.0618556701030928,0.0202020202020202,0.00336700336700337,0,0,0,"m_behav","primary_kin","SM"
"smsu003","SM",0,2,6,97,6,99,100,4,1157,289.25,0.5,0,0,0.0618556701030928,0.0202020202020202,0.00505050505050505,0,0,0,"m_behav","primary_kin","SM"
"smsu004","SM",0,2,5,97,5,99,100,4,3386,846.5,0.5,0,0,0.0515463917525773,0.0202020202020202,0.00505050505050505,0,0,0,"m_behav","primary_kin","SM"
"smsu005","SM",0,3,4,96,4,99,100,4,3342.2,835.55,0.75,0,0,0.0416666666666667,0.0303030303030303,0.00757575757575758,0,0,0,"m_behav","primary_kin","SM"
"smsu006","SM",0,1,5,98,5,99,100,5,3328,665.6,0.2,0,0,0.0510204081632653,0.0101010101010101,0.00202020202020202,0,0,0,"m_behav","primary_kin","SM"
"smsu007","SM",1,6,9,93,10,99,100,7,649,92.7142857142857,0.857142857142857,0.142857142857143,0.166666666666667,0.0967741935483871,0.0606060606060606,0.00865800865800866,0.1,0.0142857142857143,1.72222222222222,"m_behav","primary_kin","SM"
"smsu008","SM",0,3,5,96,5,99,100,4,384,96,0.75,0,0,0.0520833333333333,0.0303030303030303,0.00757575757575758,0,0,0,"m_behav","primary_kin","SM"
"smsu009","SM",0,3,2,96,2,99,100,6,2672.8,445.466666666667,0.5,0,0,0.0208333333333333,0.0303030303030303,0.00505050505050505,0,0,0,"m_behav","primary_kin","SM"
"smsu010","SM",1,5,4,94,5,99,100,5,3025.2,605.04,1,0.2,0.2,0.0425531914893617,0.0505050505050505,0.0101010101010101,0.2,0.04,4.7,"m_behav","primary_kin","SM"
"smsu011","SM",0,2,14,97,14,99,100,7,2042,291.714285714286,0.285714285714286,0,0,0.144329896907216,0.0202020202020202,0.00288600288600289,0,0,0,"m_behav","primary_kin","SM"
"smsu012","SM",0,1,6,98,6,99,100,4,2378,594.5,0.25,0,0,0.0612244897959184,0.0101010101010101,0.00252525252525253,0,0,0,"m_behav","primary_kin","SM"
"smsu013","SM",0,2,6,97,6,99,100,5,673,134.6,0.4,0,0,0.0618556701030928,0.0202020202020202,0.00404040404040404,0,0,0,"m_behav","primary_kin","SM"
"smsu014","SM",0,1,5,98,5,99,100,4,404,101,0.25,0,0,0.0510204081632653,0.0101010101010101,0.00252525252525253,0,0,0,"m_behav","primary_kin","SM"
"smsu015","SM",1,3,5,96,6,99,100,5,1835,367,0.6,0.2,0.333333333333333,0.0520833333333333,0.0303030303030303,0.00606060606060606,0.166666666666667,0.0333333333333333,6.4,"m_behav","primary_kin","SM"
"smsu016","SM",0,1,5,98,5,99,100,3,615,205,0.333333333333333,0,0,0.0510204081632653,0.0101010101010101,0.00336700336700337,0,0,0,"m_behav","primary_kin","SM"
"smsu017","SM",0,0,10,99,10,99,100,7,2885,412.142857142857,0,0,NA,0.101010101010101,0,0,0,0,NA,"m_behav","primary_kin","SM"
"smsu018","SM",0,1,8,98,8,99,100,7,1607.8,229.685714285714,0.142857142857143,0,0,0.0816326530612245,0.0101010101010101,0.00144300144300144,0,0,0,"m_behav","primary_kin","SM"
"smsu019","SM",0,3,5,96,5,99,100,7,6534,933.428571428571,0.428571428571429,0,0,0.0520833333333333,0.0303030303030303,0.00432900432900433,0,0,0,"m_behav","primary_kin","SM"
"smsu020","SM",0,4,8,95,8,99,100,5,749,149.8,0.8,0,0,0.0842105263157895,0.0404040404040404,0.00808080808080808,0,0,0,"m_behav","primary_kin","SM"
"smsu021","SM",0,1,7,98,7,99,100,7,994,142,0.142857142857143,0,0,0.0714285714285714,0.0101010101010101,0.00144300144300144,0,0,0,"m_behav","primary_kin","SM"
"smsu022","SM",0,7,6,92,6,99,100,4,2656.6,664.15,1.75,0,0,0.0652173913043478,0.0707070707070707,0.0176767676767677,0,0,0,"m_behav","primary_kin","SM"
"smsu023","SM",0,1,9,98,9,99,100,4,4842,1210.5,0.25,0,0,0.0918367346938776,0.0101010101010101,0.00252525252525253,0,0,0,"m_behav","primary_kin","SM"
"smsu024","SM",0,1,4,98,4,99,100,3,3327.6,1109.2,0.333333333333333,0,0,0.0408163265306122,0.0101010101010101,0.00336700336700337,0,0,0,"m_behav","primary_kin","SM"
"smsu025","SM",0,1,6,98,6,99,100,4,1977,494.25,0.25,0,0,0.0612244897959184,0.0101010101010101,0.00252525252525253,0,0,0,"m_behav","primary_kin","SM"
"smsu026","SM",0,2,9,97,9,99,100,5,894.2,178.84,0.4,0,0,0.0927835051546392,0.0202020202020202,0.00404040404040404,0,0,0,"m_behav","primary_kin","SM"
"smsu027","SM",0,1,6,98,6,99,100,6,550,91.6666666666667,0.166666666666667,0,0,0.0612244897959184,0.0101010101010101,0.00168350168350168,0,0,0,"m_behav","primary_kin","SM"
"smsu028","SM",0,3,8,96,8,99,100,5,3705.6,741.12,0.6,0,0,0.0833333333333333,0.0303030303030303,0.00606060606060606,0,0,0,"m_behav","primary_kin","SM"
"smsu029","SM",0,2,4,97,4,99,100,4,2180.6,545.15,0.5,0,0,0.0412371134020619,0.0202020202020202,0.00505050505050505,0,0,0,"m_behav","primary_kin","SM"
"smsu030","SM",0,2,1,97,1,99,100,5,1405.2,281.04,0.4,0,0,0.0103092783505155,0.0202020202020202,0.00404040404040404,0,0,0,"m_behav","primary_kin","SM"
"smsu031","SM",0,2,11,97,11,99,100,7,618.2,88.3142857142857,0.285714285714286,0,0,0.11340206185567,0.0202020202020202,0.00288600288600289,0,0,0,"m_behav","primary_kin","SM"
"smsu032","SM",0,1,4,98,4,99,100,4,967,241.75,0.25,0,0,0.0408163265306122,0.0101010101010101,0.00252525252525253,0,0,0,"m_behav","primary_kin","SM"
"smsu033","SM",0,2,7,97,7,99,100,6,1035,172.5,0.333333333333333,0,0,0.0721649484536082,0.0202020202020202,0.00336700336700337,0,0,0,"m_behav","primary_kin","SM"
"smsu034","SM",2,3,5,96,7,99,100,6,3962.2,660.366666666667,0.5,0.333333333333333,0.666666666666667,0.0520833333333333,0.0303030303030303,0.00505050505050505,0.285714285714286,0.0476190476190476,12.8,"m_behav","primary_kin","SM"
"smsu035","SM",0,1,5,98,5,99,100,5,1059,211.8,0.2,0,0,0.0510204081632653,0.0101010101010101,0.00202020202020202,0,0,0,"m_behav","primary_kin","SM"
"smsu036","SM",0,4,14,95,14,99,100,6,1699,283.166666666667,0.666666666666667,0,0,0.147368421052632,0.0404040404040404,0.00673400673400673,0,0,0,"m_behav","primary_kin","SM"
"smsu037","SM",0,2,4,97,4,99,100,5,4389,877.8,0.4,0,0,0.0412371134020619,0.0202020202020202,0.00404040404040404,0,0,0,"m_behav","primary_kin","SM"
"smsu038","SM",0,1,5,98,5,99,100,6,1868,311.333333333333,0.166666666666667,0,0,0.0510204081632653,0.0101010101010101,0.00168350168350168,0,0,0,"m_behav","primary_kin","SM"
"smsu039","SM",0,4,8,95,8,99,100,6,374,62.3333333333333,0.666666666666667,0,0,0.0842105263157895,0.0404040404040404,0.00673400673400673,0,0,0,"m_behav","primary_kin","SM"
"smsu040","SM",0,2,6,97,6,99,100,6,3031,505.166666666667,0.333333333333333,0,0,0.0618556701030928,0.0202020202020202,0.00336700336700337,0,0,0,"m_behav","primary_kin","SM"
"smsu041","SM",1,4,5,95,6,99,100,3,2200.6,733.533333333333,1.33333333333333,0.333333333333333,0.25,0.0526315789473684,0.0404040404040404,0.0134680134680135,0.166666666666667,0.0555555555555556,4.75,"m_behav","primary_kin","SM"
"smsu042","SM",0,3,6,96,6,99,100,5,2348,469.6,0.6,0,0,0.0625,0.0303030303030303,0.00606060606060606,0,0,0,"m_behav","primary_kin","SM"
"smsu043","SM",0,4,6,95,6,99,100,5,1986.8,397.36,0.8,0,0,0.0631578947368421,0.0404040404040404,0.00808080808080808,0,0,0,"m_behav","primary_kin","SM"
"smsu044","SM",0,1,8,98,8,99,100,6,804,134,0.166666666666667,0,0,0.0816326530612245,0.0101010101010101,0.00168350168350168,0,0,0,"m_behav","primary_kin","SM"
"smsu045","SM",1,1,9,98,10,99,100,4,496.6,124.15,0.25,0.25,1,0.0918367346938776,0.0101010101010101,0.00252525252525253,0.1,0.025,10.8888888888889,"m_behav","primary_kin","SM"
"smsu046","SM",0,2,6,97,6,99,100,5,1821.2,364.24,0.4,0,0,0.0618556701030928,0.0202020202020202,0.00404040404040404,0,0,0,"m_behav","primary_kin","SM"
"smsu047","SM",0,2,3,97,3,99,100,5,4280.2,856.04,0.4,0,0,0.0309278350515464,0.0202020202020202,0.00404040404040404,0,0,0,"m_behav","primary_kin","SM"
"smsu048","SM",0,2,4,97,4,99,100,5,2620.2,524.04,0.4,0,0,0.0412371134020619,0.0202020202020202,0.00404040404040404,0,0,0,"m_behav","primary_kin","SM"
"smsu049","SM",0,2,5,97,5,99,100,3,1189.6,396.533333333333,0.666666666666667,0,0,0.0515463917525773,0.0202020202020202,0.00673400673400673,0,0,0,"m_behav","primary_kin","SM"
"smsu050","SM",0,1,5,98,5,99,100,3,1979.2,659.733333333333,0.333333333333333,0,0,0.0510204081632653,0.0101010101010101,0.00336700336700337,0,0,0,"m_behav","primary_kin","SM"
"smsu051","SM",0,2,10,97,10,99,100,5,2385,477,0.4,0,0,0.103092783505155,0.0202020202020202,0.00404040404040404,0,0,0,"m_behav","primary_kin","SM"
"smsu052","SM",0,2,8,97,8,99,100,5,956,191.2,0.4,0,0,0.0824742268041237,0.0202020202020202,0.00404040404040404,0,0,0,"m_behav","primary_kin","SM"
"smsu053","SM",2,6,3,93,5,99,100,6,3965,660.833333333333,1,0.333333333333333,0.333333333333333,0.032258064516129,0.0606060606060606,0.0101010101010101,0.4,0.0666666666666667,10.3333333333333,"m_behav","primary_kin","SM"
"smsu054","SM",0,2,4,97,4,99,100,6,2622,437,0.333333333333333,0,0,0.0412371134020619,0.0202020202020202,0.00336700336700337,0,0,0,"m_behav","primary_kin","SM"
"smsu055","SM",0,0,6,99,6,99,100,6,2952.2,492.033333333333,0,0,NA,0.0606060606060606,0,0,0,0,NA,"m_behav","primary_kin","SM"
"smsu056","SM",1,3,4,96,5,99,100,7,968.2,138.314285714286,0.428571428571429,0.142857142857143,0.333333333333333,0.0416666666666667,0.0303030303030303,0.00432900432900433,0.2,0.0285714285714286,8,"m_behav","primary_kin","SM"
"smsu057","SM",0,3,9,96,9,99,100,5,3231,646.2,0.6,0,0,0.09375,0.0303030303030303,0.00606060606060606,0,0,0,"m_behav","primary_kin","SM"
"smsu058","SM",0,2,5,97,5,99,100,5,3001.6,600.32,0.4,0,0,0.0515463917525773,0.0202020202020202,0.00404040404040404,0,0,0,"m_behav","primary_kin","SM"
"smsu059","SM",1,2,6,97,7,99,100,3,1883,627.666666666667,0.666666666666667,0.333333333333333,0.5,0.0618556701030928,0.0202020202020202,0.00673400673400673,0.142857142857143,0.0476190476190476,8.08333333333333,"m_behav","primary_kin","SM"
"smsu060","SM",0,4,6,95,6,99,100,7,3673,524.714285714286,0.571428571428571,0,0,0.0631578947368421,0.0404040404040404,0.00577200577200577,0,0,0,"m_behav","primary_kin","SM"
"smsu061","SM",0,2,7,97,7,99,100,4,2846.6,711.65,0.5,0,0,0.0721649484536082,0.0202020202020202,0.00505050505050505,0,0,0,"m_behav","primary_kin","SM"
"smsu062","SM",0,2,5,97,5,99,100,4,1748.6,437.15,0.5,0,0,0.0515463917525773,0.0202020202020202,0.00505050505050505,0,0,0,"m_behav","primary_kin","SM"
"smsu063","SM",0,1,6,98,6,99,100,5,1671.6,334.32,0.2,0,0,0.0612244897959184,0.0101010101010101,0.00202020202020202,0,0,0,"m_behav","primary_kin","SM"
"smsu064","SM",0,1,0,98,0,99,100,3,2160,720,0.333333333333333,0,0,0,0.0101010101010101,0.00336700336700337,NA,NA,NA,"m_behav","primary_kin","SM"
"smsu065","SM",0,3,3,96,3,99,100,5,910,182,0.6,0,0,0.03125,0.0303030303030303,0.00606060606060606,0,0,0,"m_behav","primary_kin","SM"
"smsu066","SM",0,3,3,96,3,99,100,3,2907,969,1,0,0,0.03125,0.0303030303030303,0.0101010101010101,0,0,0,"m_behav","primary_kin","SM"
"smsu067","SM",0,2,6,97,6,99,100,7,1810.6,258.657142857143,0.285714285714286,0,0,0.0618556701030928,0.0202020202020202,0.00288600288600289,0,0,0,"m_behav","primary_kin","SM"
"smsu068","SM",0,4,2,95,2,99,100,3,4634,1544.66666666667,1.33333333333333,0,0,0.0210526315789474,0.0404040404040404,0.0134680134680135,0,0,0,"m_behav","primary_kin","SM"
"smsu069","SM",0,1,11,98,11,99,100,6,395.6,65.9333333333333,0.166666666666667,0,0,0.112244897959184,0.0101010101010101,0.00168350168350168,0,0,0,"m_behav","primary_kin","SM"
"smsu070","SM",0,2,5,97,5,99,100,6,6160.6,1026.76666666667,0.333333333333333,0,0,0.0515463917525773,0.0202020202020202,0.00336700336700337,0,0,0,"m_behav","primary_kin","SM"
"smsu071","SM",0,4,8,95,8,99,100,5,1376,275.2,0.8,0,0,0.0842105263157895,0.0404040404040404,0.00808080808080808,0,0,0,"m_behav","primary_kin","SM"
"smsu072","SM",1,2,3,97,4,99,100,4,2077.2,519.3,0.5,0.25,0.5,0.0309278350515464,0.0202020202020202,0.00505050505050505,0.25,0.0625,16.1666666666667,"m_behav","primary_kin","SM"
"smsu073","SM",0,2,7,97,7,99,100,3,4405.8,1468.6,0.666666666666667,0,0,0.0721649484536082,0.0202020202020202,0.00673400673400673,0,0,0,"m_behav","primary_kin","SM"
"smsu074","SM",0,1,3,98,3,99,100,4,2508.2,627.05,0.25,0,0,0.0306122448979592,0.0101010101010101,0.00252525252525253,0,0,0,"m_behav","primary_kin","SM"
"smsu075","SM",1,3,8,96,9,99,100,7,2496.8,356.685714285714,0.428571428571429,0.142857142857143,0.333333333333333,0.0833333333333333,0.0303030303030303,0.00432900432900433,0.111111111111111,0.0158730158730159,4,"m_behav","primary_kin","SM"
"smsu076","SM",0,3,13,96,13,99,100,7,670,95.7142857142857,0.428571428571429,0,0,0.135416666666667,0.0303030303030303,0.00432900432900433,0,0,0,"m_behav","primary_kin","SM"
"smsu077","SM",0,5,5,94,5,99,100,5,6092,1218.4,1,0,0,0.0531914893617021,0.0505050505050505,0.0101010101010101,0,0,0,"m_behav","primary_kin","SM"
"smsu078","SM",0,1,4,98,4,99,100,4,3154.2,788.55,0.25,0,0,0.0408163265306122,0.0101010101010101,0.00252525252525253,0,0,0,"m_behav","primary_kin","SM"
"smsu079","SM",0,3,3,96,3,99,100,7,4164,594.857142857143,0.428571428571429,0,0,0.03125,0.0303030303030303,0.00432900432900433,0,0,0,"m_behav","primary_kin","SM"
"smsu080","SM",0,1,7,98,7,99,100,4,1439,359.75,0.25,0,0,0.0714285714285714,0.0101010101010101,0.00252525252525253,0,0,0,"m_behav","primary_kin","SM"
"smsu081","SM",0,2,7,97,7,99,100,6,2253.6,375.6,0.333333333333333,0,0,0.0721649484536082,0.0202020202020202,0.00336700336700337,0,0,0,"m_behav","primary_kin","SM"
"smsu082","SM",0,4,2,95,2,99,100,3,849.8,283.266666666667,1.33333333333333,0,0,0.0210526315789474,0.0404040404040404,0.0134680134680135,0,0,0,"m_behav","primary_kin","SM"
"smsu083","SM",0,1,5,98,5,99,100,3,3770,1256.66666666667,0.333333333333333,0,0,0.0510204081632653,0.0101010101010101,0.00336700336700337,0,0,0,"m_behav","primary_kin","SM"
"smsu084","SM",0,4,4,95,4,99,100,4,5449,1362.25,1,0,0,0.0421052631578947,0.0404040404040404,0.0101010101010101,0,0,0,"m_behav","primary_kin","SM"
"smsu085","SM",0,3,12,96,12,99,100,5,2886.2,577.24,0.6,0,0,0.125,0.0303030303030303,0.00606060606060606,0,0,0,"m_behav","primary_kin","SM"
"smsu086","SM",0,2,7,97,7,99,100,6,2650.6,441.766666666667,0.333333333333333,0,0,0.0721649484536082,0.0202020202020202,0.00336700336700337,0,0,0,"m_behav","primary_kin","SM"
"smsu087","SM",0,1,1,98,1,99,100,3,3232,1077.33333333333,0.333333333333333,0,0,0.0102040816326531,0.0101010101010101,0.00336700336700337,0,0,0,"m_behav","primary_kin","SM"
"smsu088","SM",0,4,1,95,1,99,100,3,1344.6,448.2,1.33333333333333,0,0,0.0105263157894737,0.0404040404040404,0.0134680134680135,0,0,0,"m_behav","primary_kin","SM"
"smsu089","SM",0,1,9,98,9,99,100,7,3185,455,0.142857142857143,0,0,0.0918367346938776,0.0101010101010101,0.00144300144300144,0,0,0,"m_behav","primary_kin","SM"
"smsu090","SM",1,2,8,97,9,99,100,7,609.6,87.0857142857143,0.285714285714286,0.142857142857143,0.5,0.0824742268041237,0.0202020202020202,0.00288600288600289,0.111111111111111,0.0158730158730159,6.0625,"m_behav","primary_kin","SM"
"smsu091","SM",0,1,11,98,11,99,100,6,5777,962.833333333333,0.166666666666667,0,0,0.112244897959184,0.0101010101010101,0.00168350168350168,0,0,0,"m_behav","primary_kin","SM"
"smsu092","SM",0,3,6,96,6,99,100,4,1826.6,456.65,0.75,0,0,0.0625,0.0303030303030303,0.00757575757575758,0,0,0,"m_behav","primary_kin","SM"
"smsu093","SM",0,3,9,96,9,99,100,4,1200,300,0.75,0,0,0.09375,0.0303030303030303,0.00757575757575758,0,0,0,"m_behav","primary_kin","SM"
"smsu094","SM",0,1,1,98,1,99,100,3,2658,886,0.333333333333333,0,0,0.0102040816326531,0.0101010101010101,0.00336700336700337,0,0,0,"m_behav","primary_kin","SM"
"smsu095","SM",1,1,6,98,7,99,100,5,3604.6,720.92,0.2,0.2,1,0.0612244897959184,0.0101010101010101,0.00202020202020202,0.142857142857143,0.0285714285714286,16.3333333333333,"m_behav","primary_kin","SM"
"smsu096","SM",1,2,3,97,4,99,100,4,2301,575.25,0.5,0.25,0.5,0.0309278350515464,0.0202020202020202,0.00505050505050505,0.25,0.0625,16.1666666666667,"m_behav","primary_kin","SM"
"smsu097","SM",0,3,7,96,7,99,100,6,3253,542.166666666667,0.5,0,0,0.0729166666666667,0.0303030303030303,0.00505050505050505,0,0,0,"m_behav","primary_kin","SM"
"smsu098","SM",0,2,6,97,6,99,100,5,3177.2,635.44,0.4,0,0,0.0618556701030928,0.0202020202020202,0.00404040404040404,0,0,0,"m_behav","primary_kin","SM"
"smsu099","SM",0,2,6,97,6,99,100,6,621,103.5,0.333333333333333,0,0,0.0618556701030928,0.0202020202020202,0.00336700336700337,0,0,0,"m_behav","primary_kin","SM"
"smsu100","SM",0,1,9,98,9,99,100,5,673.6,134.72,0.2,0,0,0.0918367346938776,0.0101010101010101,0.00202020202020202,0,0,0,"m_behav","primary_kin","SM"
"egsu001","EG",1,4,17,55,18,59,60,6,4266.6,711.1,0.666666666666667,0.166666666666667,0.25,0.309090909090909,0.0677966101694915,0.0112994350282486,0.0555555555555556,0.00925925925925926,0.808823529411765,"behav","primary_kin","EG"
"egsu002","EG",0,4,11,55,11,59,60,4,2144,536,1,0,0,0.2,0.0677966101694915,0.0169491525423729,0,0,0,"behav","primary_kin","EG"
"egsu003","EG",1,2,15,57,16,59,60,7,4821.6,688.8,0.285714285714286,0.142857142857143,0.5,0.263157894736842,0.0338983050847458,0.00484261501210654,0.0625,0.00892857142857143,1.9,"behav","primary_kin","EG"
"egsu004","EG",3,5,10,54,13,59,60,7,494,70.5714285714286,0.714285714285714,0.428571428571429,0.6,0.185185185185185,0.0847457627118644,0.0121065375302663,0.230769230769231,0.032967032967033,3.24,"behav","primary_kin","EG"
"egsu005","EG",0,3,15,56,15,59,60,5,1068,213.6,0.6,0,0,0.267857142857143,0.0508474576271186,0.0101694915254237,0,0,0,"behav","primary_kin","EG"
"egsu006","EG",0,1,10,58,10,59,60,5,2355,471,0.2,0,0,0.172413793103448,0.0169491525423729,0.00338983050847458,0,0,0,"behav","primary_kin","EG"
"egsu007","EG",0,2,9,57,9,59,60,7,3493,499,0.285714285714286,0,0,0.157894736842105,0.0338983050847458,0.00484261501210654,0,0,0,"behav","primary_kin","EG"
"egsu008","EG",0,4,19,55,19,59,60,5,4806,961.2,0.8,0,0,0.345454545454545,0.0677966101694915,0.0135593220338983,0,0,0,"behav","primary_kin","EG"
"egsu009","EG",0,1,10,58,10,59,60,4,1642.6,410.65,0.25,0,0,0.172413793103448,0.0169491525423729,0.00423728813559322,0,0,0,"behav","primary_kin","EG"
"egsu010","EG",2,4,9,55,11,59,60,5,2292.6,458.52,0.8,0.4,0.5,0.163636363636364,0.0677966101694915,0.0135593220338983,0.181818181818182,0.0363636363636364,3.05555555555556,"behav","primary_kin","EG"
"egsu011","EG",0,1,8,58,8,59,60,3,3093.6,1031.2,0.333333333333333,0,0,0.137931034482759,0.0169491525423729,0.00564971751412429,0,0,0,"behav","primary_kin","EG"
"egsu012","EG",0,3,11,56,11,59,60,3,780,260,1,0,0,0.196428571428571,0.0508474576271186,0.0169491525423729,0,0,0,"behav","primary_kin","EG"
"egsu013","EG",0,1,14,58,14,59,60,5,3031,606.2,0.2,0,0,0.241379310344828,0.0169491525423729,0.00338983050847458,0,0,0,"behav","primary_kin","EG"
"egsu014","EG",0,2,7,57,7,59,60,5,934,186.8,0.4,0,0,0.12280701754386,0.0338983050847458,0.00677966101694915,0,0,0,"behav","primary_kin","EG"
"egsu015","EG",1,1,11,58,12,59,60,5,4019.6,803.92,0.2,0.2,1,0.189655172413793,0.0169491525423729,0.00338983050847458,0.0833333333333333,0.0166666666666667,5.27272727272727,"behav","primary_kin","EG"
"egsu016","EG",0,3,4,56,4,59,60,7,1592.6,227.514285714286,0.428571428571429,0,0,0.0714285714285714,0.0508474576271186,0.00726392251815981,0,0,0,"behav","primary_kin","EG"
"egsu017","EG",1,2,15,57,16,59,60,5,3001,600.2,0.4,0.2,0.5,0.263157894736842,0.0338983050847458,0.00677966101694915,0.0625,0.0125,1.9,"behav","primary_kin","EG"
"egsu018","EG",1,6,13,53,14,59,60,7,2192,313.142857142857,0.857142857142857,0.142857142857143,0.166666666666667,0.245283018867925,0.101694915254237,0.0145278450363196,0.0714285714285714,0.0102040816326531,0.679487179487179,"behav","primary_kin","EG"
"egsu019","EG",0,3,6,56,6,59,60,3,4701,1567,1,0,0,0.107142857142857,0.0508474576271186,0.0169491525423729,0,0,0,"behav","primary_kin","EG"
"egsu020","EG",0,1,7,58,7,59,60,5,1875.6,375.12,0.2,0,0,0.120689655172414,0.0169491525423729,0.00338983050847458,0,0,0,"behav","primary_kin","EG"
"egsu021","EG",0,2,16,57,16,59,60,6,3349,558.166666666667,0.333333333333333,0,0,0.280701754385965,0.0338983050847458,0.00564971751412429,0,0,0,"behav","primary_kin","EG"
"egsu022","EG",1,3,16,56,17,59,60,4,827,206.75,0.75,0.25,0.333333333333333,0.285714285714286,0.0508474576271186,0.0127118644067797,0.0588235294117647,0.0147058823529412,1.16666666666667,"behav","primary_kin","EG"
"egsu023","EG",1,4,12,55,13,59,60,3,1603.6,534.533333333333,1.33333333333333,0.333333333333333,0.25,0.218181818181818,0.0677966101694915,0.0225988700564972,0.0769230769230769,0.0256410256410256,1.14583333333333,"behav","primary_kin","EG"
"egsu024","EG",0,2,7,57,7,59,60,3,6942,2314,0.666666666666667,0,0,0.12280701754386,0.0338983050847458,0.0112994350282486,0,0,0,"behav","primary_kin","EG"
"egsu025","EG",0,3,14,56,14,59,60,3,4155,1385,1,0,0,0.25,0.0508474576271186,0.0169491525423729,0,0,0,"behav","primary_kin","EG"
"egsu026","EG",1,1,11,58,12,59,60,5,2793,558.6,0.2,0.2,1,0.189655172413793,0.0169491525423729,0.00338983050847458,0.0833333333333333,0.0166666666666667,5.27272727272727,"behav","primary_kin","EG"
"egsu027","EG",0,1,11,58,11,59,60,4,1723,430.75,0.25,0,0,0.189655172413793,0.0169491525423729,0.00423728813559322,0,0,0,"behav","primary_kin","EG"
"egsu028","EG",0,1,9,58,9,59,60,6,264.2,44.0333333333333,0.166666666666667,0,0,0.155172413793103,0.0169491525423729,0.00282485875706215,0,0,0,"behav","primary_kin","EG"
"egsu029","EG",0,1,11,58,11,59,60,7,609.2,87.0285714285714,0.142857142857143,0,0,0.189655172413793,0.0169491525423729,0.00242130750605327,0,0,0,"behav","primary_kin","EG"
"egsu030","EG",0,1,8,58,8,59,60,3,2977,992.333333333333,0.333333333333333,0,0,0.137931034482759,0.0169491525423729,0.00564971751412429,0,0,0,"behav","primary_kin","EG"
"egsu031","EG",3,3,5,56,8,59,60,5,2813.2,562.64,0.6,0.6,1,0.0892857142857143,0.0508474576271186,0.0101694915254237,0.375,0.075,11.2,"behav","primary_kin","EG"
"egsu032","EG",1,3,20,56,21,59,60,6,3550,591.666666666667,0.5,0.166666666666667,0.333333333333333,0.357142857142857,0.0508474576271186,0.00847457627118644,0.0476190476190476,0.00793650793650794,0.933333333333333,"behav","primary_kin","EG"
"egsu033","EG",1,1,15,58,16,59,60,5,2542.6,508.52,0.2,0.2,1,0.258620689655172,0.0169491525423729,0.00338983050847458,0.0625,0.0125,3.86666666666667,"behav","primary_kin","EG"
"egsu034","EG",1,4,10,55,11,59,60,3,1328.8,442.933333333333,1.33333333333333,0.333333333333333,0.25,0.181818181818182,0.0677966101694915,0.0225988700564972,0.0909090909090909,0.0303030303030303,1.375,"behav","primary_kin","EG"
"egsu035","EG",0,1,12,58,12,59,60,5,4859,971.8,0.2,0,0,0.206896551724138,0.0169491525423729,0.00338983050847458,0,0,0,"behav","primary_kin","EG"
"egsu036","EG",1,1,11,58,12,59,60,3,2867.6,955.866666666667,0.333333333333333,0.333333333333333,1,0.189655172413793,0.0169491525423729,0.00564971751412429,0.0833333333333333,0.0277777777777778,5.27272727272727,"behav","primary_kin","EG"
"egsu037","EG",0,3,8,56,8,59,60,3,3852.8,1284.26666666667,1,0,0,0.142857142857143,0.0508474576271186,0.0169491525423729,0,0,0,"behav","primary_kin","EG"
"egsu038","EG",0,1,15,58,15,59,60,7,1392.6,198.942857142857,0.142857142857143,0,0,0.258620689655172,0.0169491525423729,0.00242130750605327,0,0,0,"behav","primary_kin","EG"
"egsu039","EG",1,4,14,55,15,59,60,3,2142,714,1.33333333333333,0.333333333333333,0.25,0.254545454545455,0.0677966101694915,0.0225988700564972,0.0666666666666667,0.0222222222222222,0.982142857142857,"behav","primary_kin","EG"
"egsu040","EG",0,3,14,56,14,59,60,6,1878.8,313.133333333333,0.5,0,0,0.25,0.0508474576271186,0.00847457627118644,0,0,0,"behav","primary_kin","EG"
"egsu041","EG",0,0,11,59,11,59,60,3,2127.6,709.2,0,0,NA,0.186440677966102,0,0,0,0,NA,"behav","primary_kin","EG"
"egsu042","EG",1,3,14,56,15,59,60,6,634.6,105.766666666667,0.5,0.166666666666667,0.333333333333333,0.25,0.0508474576271186,0.00847457627118644,0.0666666666666667,0.0111111111111111,1.33333333333333,"behav","primary_kin","EG"
"egsu043","EG",1,7,10,52,11,59,60,4,1585.2,396.3,1.75,0.25,0.142857142857143,0.192307692307692,0.11864406779661,0.0296610169491525,0.0909090909090909,0.0227272727272727,0.742857142857143,"behav","primary_kin","EG"
"egsu044","EG",1,2,15,57,16,59,60,4,2238.8,559.7,0.5,0.25,0.5,0.263157894736842,0.0338983050847458,0.00847457627118644,0.0625,0.015625,1.9,"behav","primary_kin","EG"
"egsu045","EG",0,3,16,56,16,59,60,5,2421,484.2,0.6,0,0,0.285714285714286,0.0508474576271186,0.0101694915254237,0,0,0,"behav","primary_kin","EG"
"egsu046","EG",0,1,10,58,10,59,60,3,1830,610,0.333333333333333,0,0,0.172413793103448,0.0169491525423729,0.00564971751412429,0,0,0,"behav","primary_kin","EG"
"egsu047","EG",3,5,12,54,15,59,60,3,2739.6,913.2,1.66666666666667,1,0.6,0.222222222222222,0.0847457627118644,0.0282485875706215,0.2,0.0666666666666667,2.7,"behav","primary_kin","EG"
"egsu048","EG",1,3,13,56,14,59,60,4,4753.2,1188.3,0.75,0.25,0.333333333333333,0.232142857142857,0.0508474576271186,0.0127118644067797,0.0714285714285714,0.0178571428571429,1.43589743589744,"behav","primary_kin","EG"
"egsu049","EG",1,2,19,57,20,59,60,6,538.6,89.7666666666667,0.333333333333333,0.166666666666667,0.5,0.333333333333333,0.0338983050847458,0.00564971751412429,0.05,0.00833333333333333,1.5,"behav","primary_kin","EG"
"egsu050","EG",1,1,8,58,9,59,60,5,3703,740.6,0.2,0.2,1,0.137931034482759,0.0169491525423729,0.00338983050847458,0.111111111111111,0.0222222222222222,7.25,"behav","primary_kin","EG"
"egsu051","EG",1,4,8,55,9,59,60,7,1771.6,253.085714285714,0.571428571428571,0.142857142857143,0.25,0.145454545454545,0.0677966101694915,0.00968523002421307,0.111111111111111,0.0158730158730159,1.71875,"behav","primary_kin","EG"
"egsu052","EG",0,3,9,56,9,59,60,7,801.6,114.514285714286,0.428571428571429,0,0,0.160714285714286,0.0508474576271186,0.00726392251815981,0,0,0,"behav","primary_kin","EG"
"egsu053","EG",0,2,5,57,5,59,60,6,3997.2,666.2,0.333333333333333,0,0,0.087719298245614,0.0338983050847458,0.00564971751412429,0,0,0,"behav","primary_kin","EG"
"egsu054","EG",0,1,11,58,11,59,60,7,3863,551.857142857143,0.142857142857143,0,0,0.189655172413793,0.0169491525423729,0.00242130750605327,0,0,0,"behav","primary_kin","EG"
"egsu055","EG",1,2,14,57,15,59,60,5,2177.6,435.52,0.4,0.2,0.5,0.245614035087719,0.0338983050847458,0.00677966101694915,0.0666666666666667,0.0133333333333333,2.03571428571429,"behav","primary_kin","EG"
"egsu056","EG",0,4,7,55,7,59,60,5,5283,1056.6,0.8,0,0,0.127272727272727,0.0677966101694915,0.0135593220338983,0,0,0,"behav","primary_kin","EG"
"egsu057","EG",0,2,7,57,7,59,60,3,2256.6,752.2,0.666666666666667,0,0,0.12280701754386,0.0338983050847458,0.0112994350282486,0,0,0,"behav","primary_kin","EG"
"egsu058","EG",0,1,22,58,22,59,60,7,4654.6,664.942857142857,0.142857142857143,0,0,0.379310344827586,0.0169491525423729,0.00242130750605327,0,0,0,"behav","primary_kin","EG"
"egsu059","EG",1,1,16,58,17,59,60,5,3104.2,620.84,0.2,0.2,1,0.275862068965517,0.0169491525423729,0.00338983050847458,0.0588235294117647,0.0117647058823529,3.625,"behav","primary_kin","EG"
"egsu060","EG",1,3,11,56,12,59,60,5,2399.8,479.96,0.6,0.2,0.333333333333333,0.196428571428571,0.0508474576271186,0.0101694915254237,0.0833333333333333,0.0166666666666667,1.6969696969697,"behav","primary_kin","EG"
"exsu001","EX",0,5,11,64,11,69,70,7,3039.6,434.228571428571,0.714285714285714,0,0,0.171875,0.072463768115942,0.010351966873706,0,0,0,"behav","primary_kin","EX"
"exsu002","EX",0,5,13,64,13,69,70,3,2089,696.333333333333,1.66666666666667,0,0,0.203125,0.072463768115942,0.0241545893719807,0,0,0,"behav","primary_kin","EX"
"exsu003","EX",1,3,11,66,12,69,70,5,990,198,0.6,0.2,0.333333333333333,0.166666666666667,0.0434782608695652,0.00869565217391304,0.0833333333333333,0.0166666666666667,2,"behav","primary_kin","EX"
"exsu004","EX",1,4,11,65,12,69,70,3,5493.6,1831.2,1.33333333333333,0.333333333333333,0.25,0.169230769230769,0.0579710144927536,0.0193236714975845,0.0833333333333333,0.0277777777777778,1.47727272727273,"behav","primary_kin","EX"
"exsu005","EX",0,1,11,68,11,69,70,3,3065.2,1021.73333333333,0.333333333333333,0,0,0.161764705882353,0.0144927536231884,0.00483091787439614,0,0,0,"behav","primary_kin","EX"
"exsu006","EX",1,3,19,66,20,69,70,7,6047.6,863.942857142857,0.428571428571429,0.142857142857143,0.333333333333333,0.287878787878788,0.0434782608695652,0.0062111801242236,0.05,0.00714285714285714,1.15789473684211,"behav","primary_kin","EX"
"exsu007","EX",1,3,20,66,21,69,70,7,1989,284.142857142857,0.428571428571429,0.142857142857143,0.333333333333333,0.303030303030303,0.0434782608695652,0.0062111801242236,0.0476190476190476,0.00680272108843537,1.1,"behav","primary_kin","EX"
"exsu008","EX",0,2,14,67,14,69,70,5,3437,687.4,0.4,0,0,0.208955223880597,0.0289855072463768,0.00579710144927536,0,0,0,"behav","primary_kin","EX"
"exsu009","EX",1,3,16,66,17,69,70,5,1999.6,399.92,0.6,0.2,0.333333333333333,0.242424242424242,0.0434782608695652,0.00869565217391304,0.0588235294117647,0.0117647058823529,1.375,"behav","primary_kin","EX"
"exsu010","EX",1,3,14,66,15,69,70,4,1860,465,0.75,0.25,0.333333333333333,0.212121212121212,0.0434782608695652,0.0108695652173913,0.0666666666666667,0.0166666666666667,1.57142857142857,"behav","primary_kin","EX"
"exsu011","EX",0,2,12,67,12,69,70,6,1969.2,328.2,0.333333333333333,0,0,0.17910447761194,0.0289855072463768,0.00483091787439614,0,0,0,"behav","primary_kin","EX"
"exsu012","EX",0,1,15,68,15,69,70,4,1686.6,421.65,0.25,0,0,0.220588235294118,0.0144927536231884,0.0036231884057971,0,0,0,"behav","primary_kin","EX"
"exsu013","EX",0,2,4,67,4,69,70,7,4188,598.285714285714,0.285714285714286,0,0,0.0597014925373134,0.0289855072463768,0.0041407867494824,0,0,0,"behav","primary_kin","EX"
"exsu014","EX",0,4,9,65,9,69,70,7,2161,308.714285714286,0.571428571428571,0,0,0.138461538461538,0.0579710144927536,0.0082815734989648,0,0,0,"behav","primary_kin","EX"
"exsu015","EX",0,1,11,68,11,69,70,4,407,101.75,0.25,0,0,0.161764705882353,0.0144927536231884,0.0036231884057971,0,0,0,"behav","primary_kin","EX"
"exsu016","EX",1,3,5,66,6,69,70,6,1607,267.833333333333,0.5,0.166666666666667,0.333333333333333,0.0757575757575758,0.0434782608695652,0.0072463768115942,0.166666666666667,0.0277777777777778,4.4,"behav","primary_kin","EX"
"exsu017","EX",1,2,10,67,11,69,70,4,4368.2,1092.05,0.5,0.25,0.5,0.149253731343284,0.0289855072463768,0.0072463768115942,0.0909090909090909,0.0227272727272727,3.35,"behav","primary_kin","EX"
"exsu018","EX",2,3,7,66,9,69,70,3,3123,1041,1,0.666666666666667,0.666666666666667,0.106060606060606,0.0434782608695652,0.0144927536231884,0.222222222222222,0.0740740740740741,6.28571428571429,"behav","primary_kin","EX"
"exsu019","EX",0,2,16,67,16,69,70,7,1626.6,232.371428571429,0.285714285714286,0,0,0.238805970149254,0.0289855072463768,0.0041407867494824,0,0,0,"behav","primary_kin","EX"
"exsu020","EX",0,3,11,66,11,69,70,5,3081,616.2,0.6,0,0,0.166666666666667,0.0434782608695652,0.00869565217391304,0,0,0,"behav","primary_kin","EX"
"exsu021","EX",0,3,10,66,10,69,70,5,2349.6,469.92,0.6,0,0,0.151515151515152,0.0434782608695652,0.00869565217391304,0,0,0,"behav","primary_kin","EX"
"exsu022","EX",0,2,9,67,9,69,70,7,759,108.428571428571,0.285714285714286,0,0,0.134328358208955,0.0289855072463768,0.0041407867494824,0,0,0,"behav","primary_kin","EX"
"exsu023","EX",0,1,14,68,14,69,70,6,1118,186.333333333333,0.166666666666667,0,0,0.205882352941176,0.0144927536231884,0.00241545893719807,0,0,0,"behav","primary_kin","EX"
"exsu024","EX",0,1,17,68,17,69,70,6,1522,253.666666666667,0.166666666666667,0,0,0.25,0.0144927536231884,0.00241545893719807,0,0,0,"behav","primary_kin","EX"
"exsu025","EX",2,6,13,63,15,69,70,6,4654.6,775.766666666667,1,0.333333333333333,0.333333333333333,0.206349206349206,0.0869565217391304,0.0144927536231884,0.133333333333333,0.0222222222222222,1.61538461538462,"behav","primary_kin","EX"
"exsu026","EX",0,1,16,68,16,69,70,6,1421.6,236.933333333333,0.166666666666667,0,0,0.235294117647059,0.0144927536231884,0.00241545893719807,0,0,0,"behav","primary_kin","EX"
"exsu027","EX",0,2,23,67,23,69,70,7,3225.6,460.8,0.285714285714286,0,0,0.343283582089552,0.0289855072463768,0.0041407867494824,0,0,0,"behav","primary_kin","EX"
"exsu028","EX",1,4,7,65,8,69,70,3,1498,499.333333333333,1.33333333333333,0.333333333333333,0.25,0.107692307692308,0.0579710144927536,0.0193236714975845,0.125,0.0416666666666667,2.32142857142857,"behav","primary_kin","EX"
"exsu029","EX",0,1,6,68,6,69,70,5,1826.8,365.36,0.2,0,0,0.0882352941176471,0.0144927536231884,0.00289855072463768,0,0,0,"behav","primary_kin","EX"
"exsu030","EX",0,1,5,68,5,69,70,6,3297,549.5,0.166666666666667,0,0,0.0735294117647059,0.0144927536231884,0.00241545893719807,0,0,0,"behav","primary_kin","EX"
"exsu031","EX",0,5,11,64,11,69,70,7,945.2,135.028571428571,0.714285714285714,0,0,0.171875,0.072463768115942,0.010351966873706,0,0,0,"behav","primary_kin","EX"
"exsu032","EX",0,1,4,68,4,69,70,3,1461,487,0.333333333333333,0,0,0.0588235294117647,0.0144927536231884,0.00483091787439614,0,0,0,"behav","primary_kin","EX"
"exsu033","EX",0,2,8,67,8,69,70,6,1781.2,296.866666666667,0.333333333333333,0,0,0.119402985074627,0.0289855072463768,0.00483091787439614,0,0,0,"behav","primary_kin","EX"
"exsu034","EX",0,3,7,66,7,69,70,4,2898.6,724.65,0.75,0,0,0.106060606060606,0.0434782608695652,0.0108695652173913,0,0,0,"behav","primary_kin","EX"
"exsu035","EX",1,2,19,67,20,69,70,7,1402.6,200.371428571429,0.285714285714286,0.142857142857143,0.5,0.283582089552239,0.0289855072463768,0.0041407867494824,0.05,0.00714285714285714,1.76315789473684,"behav","primary_kin","EX"
"exsu036","EX",1,3,17,66,18,69,70,6,4938,823,0.5,0.166666666666667,0.333333333333333,0.257575757575758,0.0434782608695652,0.0072463768115942,0.0555555555555556,0.00925925925925926,1.29411764705882,"behav","primary_kin","EX"
"exsu037","EX",0,1,15,68,15,69,70,5,2089,417.8,0.2,0,0,0.220588235294118,0.0144927536231884,0.00289855072463768,0,0,0,"behav","primary_kin","EX"
"exsu038","EX",3,4,18,65,21,69,70,6,2700.6,450.1,0.666666666666667,0.5,0.75,0.276923076923077,0.0579710144927536,0.00966183574879227,0.142857142857143,0.0238095238095238,2.70833333333333,"behav","primary_kin","EX"
"exsu039","EX",0,2,8,67,8,69,70,5,829.8,165.96,0.4,0,0,0.119402985074627,0.0289855072463768,0.00579710144927536,0,0,0,"behav","primary_kin","EX"
"exsu040","EX",0,1,18,68,18,69,70,7,4904,700.571428571429,0.142857142857143,0,0,0.264705882352941,0.0144927536231884,0.0020703933747412,0,0,0,"behav","primary_kin","EX"
"exsu041","EX",0,2,13,67,13,69,70,5,6487.8,1297.56,0.4,0,0,0.194029850746269,0.0289855072463768,0.00579710144927536,0,0,0,"behav","primary_kin","EX"
"exsu042","EX",1,2,9,67,10,69,70,6,3818.6,636.433333333333,0.333333333333333,0.166666666666667,0.5,0.134328358208955,0.0289855072463768,0.00483091787439614,0.1,0.0166666666666667,3.72222222222222,"behav","primary_kin","EX"
"exsu043","EX",0,2,9,67,9,69,70,3,2621,873.666666666667,0.666666666666667,0,0,0.134328358208955,0.0289855072463768,0.00966183574879227,0,0,0,"behav","primary_kin","EX"
"exsu044","EX",0,4,7,65,7,69,70,6,1032,172,0.666666666666667,0,0,0.107692307692308,0.0579710144927536,0.00966183574879227,0,0,0,"behav","primary_kin","EX"
"exsu045","EX",0,1,6,68,6,69,70,6,1933,322.166666666667,0.166666666666667,0,0,0.0882352941176471,0.0144927536231884,0.00241545893719807,0,0,0,"behav","primary_kin","EX"
"exsu046","EX",1,2,11,67,12,69,70,7,494,70.5714285714286,0.285714285714286,0.142857142857143,0.5,0.164179104477612,0.0289855072463768,0.0041407867494824,0.0833333333333333,0.0119047619047619,3.04545454545455,"behav","primary_kin","EX"
"exsu047","EX",0,3,10,66,10,69,70,3,943.2,314.4,1,0,0,0.151515151515152,0.0434782608695652,0.0144927536231884,0,0,0,"behav","primary_kin","EX"
"exsu048","EX",0,1,10,68,10,69,70,6,2850,475,0.166666666666667,0,0,0.147058823529412,0.0144927536231884,0.00241545893719807,0,0,0,"behav","primary_kin","EX"
"exsu049","EX",0,2,12,67,12,69,70,4,1072,268,0.5,0,0,0.17910447761194,0.0289855072463768,0.0072463768115942,0,0,0,"behav","primary_kin","EX"
"exsu050","EX",1,2,10,67,11,69,70,4,572,143,0.5,0.25,0.5,0.149253731343284,0.0289855072463768,0.0072463768115942,0.0909090909090909,0.0227272727272727,3.35,"behav","primary_kin","EX"
"exsu051","EX",0,1,15,68,15,69,70,7,2877.6,411.085714285714,0.142857142857143,0,0,0.220588235294118,0.0144927536231884,0.0020703933747412,0,0,0,"behav","primary_kin","EX"
"exsu052","EX",0,1,17,68,17,69,70,7,2012,287.428571428571,0.142857142857143,0,0,0.25,0.0144927536231884,0.0020703933747412,0,0,0,"behav","primary_kin","EX"
"exsu053","EX",0,1,17,68,17,69,70,6,6528.6,1088.1,0.166666666666667,0,0,0.25,0.0144927536231884,0.00241545893719807,0,0,0,"behav","primary_kin","EX"
"exsu054","EX",1,2,16,67,17,69,70,6,1739.8,289.966666666667,0.333333333333333,0.166666666666667,0.5,0.238805970149254,0.0289855072463768,0.00483091787439614,0.0588235294117647,0.00980392156862745,2.09375,"behav","primary_kin","EX"
"exsu055","EX",0,0,8,69,8,69,70,3,3019.6,1006.53333333333,0,0,NA,0.115942028985507,0,0,0,0,NA,"behav","primary_kin","EX"
"exsu056","EX",0,3,13,66,13,69,70,5,2649,529.8,0.6,0,0,0.196969696969697,0.0434782608695652,0.00869565217391304,0,0,0,"behav","primary_kin","EX"
"exsu057","EX",1,6,15,63,16,69,70,7,3864.6,552.085714285714,0.857142857142857,0.142857142857143,0.166666666666667,0.238095238095238,0.0869565217391304,0.0124223602484472,0.0625,0.00892857142857143,0.7,"behav","primary_kin","EX"
"exsu058","EX",1,1,9,68,10,69,70,5,938,187.6,0.2,0.2,1,0.132352941176471,0.0144927536231884,0.00289855072463768,0.1,0.02,7.55555555555556,"behav","primary_kin","EX"
"exsu059","EX",0,2,6,67,6,69,70,3,4723.6,1574.53333333333,0.666666666666667,0,0,0.0895522388059701,0.0289855072463768,0.00966183574879227,0,0,0,"behav","primary_kin","EX"
"exsu060","EX",0,2,20,67,20,69,70,5,3658.2,731.64,0.4,0,0,0.298507462686567,0.0289855072463768,0.00579710144927536,0,0,0,"behav","primary_kin","EX"
"exsu061","EX",0,1,8,68,8,69,70,7,1931.6,275.942857142857,0.142857142857143,0,0,0.117647058823529,0.0144927536231884,0.0020703933747412,0,0,0,"behav","primary_kin","EX"
"exsu062","EX",0,2,13,67,13,69,70,7,5784,826.285714285714,0.285714285714286,0,0,0.194029850746269,0.0289855072463768,0.0041407867494824,0,0,0,"behav","primary_kin","EX"
"exsu063","EX",0,1,8,68,8,69,70,4,4085.6,1021.4,0.25,0,0,0.117647058823529,0.0144927536231884,0.0036231884057971,0,0,0,"behav","primary_kin","EX"
"exsu064","EX",1,2,10,67,11,69,70,6,2867.6,477.933333333333,0.333333333333333,0.166666666666667,0.5,0.149253731343284,0.0289855072463768,0.00483091787439614,0.0909090909090909,0.0151515151515152,3.35,"behav","primary_kin","EX"
"exsu065","EX",0,3,8,66,8,69,70,5,2715.6,543.12,0.6,0,0,0.121212121212121,0.0434782608695652,0.00869565217391304,0,0,0,"behav","primary_kin","EX"
"exsu066","EX",0,3,9,66,9,69,70,6,3046.6,507.766666666667,0.5,0,0,0.136363636363636,0.0434782608695652,0.0072463768115942,0,0,0,"behav","primary_kin","EX"
"exsu067","EX",2,3,18,66,20,69,70,4,1578,394.5,0.75,0.5,0.666666666666667,0.272727272727273,0.0434782608695652,0.0108695652173913,0.1,0.025,2.44444444444444,"behav","primary_kin","EX"
"exsu068","EX",0,3,4,66,4,69,70,3,3075,1025,1,0,0,0.0606060606060606,0.0434782608695652,0.0144927536231884,0,0,0,"behav","primary_kin","EX"
"exsu069","EX",0,2,15,67,15,69,70,4,3305,826.25,0.5,0,0,0.223880597014925,0.0289855072463768,0.0072463768115942,0,0,0,"behav","primary_kin","EX"
"exsu070","EX",0,3,9,66,9,69,70,3,2335.8,778.6,1,0,0,0.136363636363636,0.0434782608695652,0.0144927536231884,0,0,0,"behav","primary_kin","EX"
"sisu001","SI",1,1,14,38,15,39,40,7,6725.2,960.742857142857,0.142857142857143,0.142857142857143,1,0.368421052631579,0.0256410256410256,0.00366300366300366,0.0666666666666667,0.00952380952380952,2.71428571428571,"behav","primary_kin","SI"
"sisu002","SI",1,2,16,37,17,39,40,6,4015.6,669.266666666667,0.333333333333333,0.166666666666667,0.5,0.432432432432432,0.0512820512820513,0.00854700854700855,0.0588235294117647,0.00980392156862745,1.15625,"behav","primary_kin","SI"
"sisu003","SI",0,4,10,35,10,39,40,3,3457.2,1152.4,1.33333333333333,0,0,0.285714285714286,0.102564102564103,0.0341880341880342,0,0,0,"behav","primary_kin","SI"
"sisu004","SI",0,6,9,33,9,39,40,3,3015.8,1005.26666666667,2,0,0,0.272727272727273,0.153846153846154,0.0512820512820513,0,0,0,"behav","primary_kin","SI"
"sisu005","SI",0,2,10,37,10,39,40,3,957.6,319.2,0.666666666666667,0,0,0.27027027027027,0.0512820512820513,0.0170940170940171,0,0,0,"behav","primary_kin","SI"
"sisu006","SI",0,2,7,37,7,39,40,3,1668,556,0.666666666666667,0,0,0.189189189189189,0.0512820512820513,0.0170940170940171,0,0,0,"behav","primary_kin","SI"
"sisu007","SI",2,5,15,34,17,39,40,4,1634,408.5,1.25,0.5,0.4,0.441176470588235,0.128205128205128,0.032051282051282,0.117647058823529,0.0294117647058824,0.906666666666667,"behav","primary_kin","SI"
"sisu008","SI",1,3,4,36,5,39,40,4,1773.2,443.3,0.75,0.25,0.333333333333333,0.111111111111111,0.0769230769230769,0.0192307692307692,0.2,0.05,3,"behav","primary_kin","SI"
"sisu009","SI",0,4,6,35,6,39,40,4,2157,539.25,1,0,0,0.171428571428571,0.102564102564103,0.0256410256410256,0,0,0,"behav","primary_kin","SI"
"sisu010","SI",0,0,10,39,10,39,40,4,2569,642.25,0,0,NA,0.256410256410256,0,0,0,0,NA,"behav","primary_kin","SI"
"sisu011","SI",0,1,8,38,8,39,40,3,3492.6,1164.2,0.333333333333333,0,0,0.210526315789474,0.0256410256410256,0.00854700854700855,0,0,0,"behav","primary_kin","SI"
"sisu012","SI",1,4,3,35,4,39,40,3,3090.2,1030.06666666667,1.33333333333333,0.333333333333333,0.25,0.0857142857142857,0.102564102564103,0.0341880341880342,0.25,0.0833333333333333,2.91666666666667,"behav","primary_kin","SI"
"sisu013","SI",0,2,13,37,13,39,40,3,2711.2,903.733333333333,0.666666666666667,0,0,0.351351351351351,0.0512820512820513,0.0170940170940171,0,0,0,"behav","primary_kin","SI"
"sisu014","SI",0,0,14,39,14,39,40,5,3955.2,791.04,0,0,NA,0.358974358974359,0,0,0,0,NA,"behav","primary_kin","SI"
"sisu015","SI",1,3,13,36,14,39,40,7,5079.6,725.657142857143,0.428571428571429,0.142857142857143,0.333333333333333,0.361111111111111,0.0769230769230769,0.010989010989011,0.0714285714285714,0.0102040816326531,0.923076923076923,"behav","primary_kin","SI"
"sisu016","SI",2,3,6,36,8,39,40,6,3258.6,543.1,0.5,0.333333333333333,0.666666666666667,0.166666666666667,0.0769230769230769,0.0128205128205128,0.25,0.0416666666666667,4,"behav","primary_kin","SI"
"sisu017","SI",0,1,15,38,15,39,40,7,5293.6,756.228571428572,0.142857142857143,0,0,0.394736842105263,0.0256410256410256,0.00366300366300366,0,0,0,"behav","primary_kin","SI"
"sisu018","SI",0,2,10,37,10,39,40,3,980,326.666666666667,0.666666666666667,0,0,0.27027027027027,0.0512820512820513,0.0170940170940171,0,0,0,"behav","primary_kin","SI"
"sisu019","SI",2,4,6,35,8,39,40,3,1973,657.666666666667,1.33333333333333,0.666666666666667,0.5,0.171428571428571,0.102564102564103,0.0341880341880342,0.25,0.0833333333333333,2.91666666666667,"behav","primary_kin","SI"
"sisu020","SI",1,3,5,36,6,39,40,4,2122.2,530.55,0.75,0.25,0.333333333333333,0.138888888888889,0.0769230769230769,0.0192307692307692,0.166666666666667,0.0416666666666667,2.4,"behav","primary_kin","SI"
"sisu021","SI",0,1,11,38,11,39,40,7,2010,287.142857142857,0.142857142857143,0,0,0.289473684210526,0.0256410256410256,0.00366300366300366,0,0,0,"behav","primary_kin","SI"
"sisu022","SI",0,2,11,37,11,39,40,4,2600.2,650.05,0.5,0,0,0.297297297297297,0.0512820512820513,0.0128205128205128,0,0,0,"behav","primary_kin","SI"
"sisu023","SI",0,2,12,37,12,39,40,5,3122.2,624.44,0.4,0,0,0.324324324324324,0.0512820512820513,0.0102564102564103,0,0,0,"behav","primary_kin","SI"
"sisu024","SI",0,3,5,36,5,39,40,3,1423.6,474.533333333333,1,0,0,0.138888888888889,0.0769230769230769,0.0256410256410256,0,0,0,"behav","primary_kin","SI"
"sisu025","SI",1,4,9,35,10,39,40,3,1945.2,648.4,1.33333333333333,0.333333333333333,0.25,0.257142857142857,0.102564102564103,0.0341880341880342,0.1,0.0333333333333333,0.972222222222222,"behav","primary_kin","SI"
"sisu026","SI",2,5,4,34,6,39,40,3,3222,1074,1.66666666666667,0.666666666666667,0.4,0.117647058823529,0.128205128205128,0.0427350427350427,0.333333333333333,0.111111111111111,3.4,"behav","primary_kin","SI"
"sisu027","SI",1,4,17,35,18,39,40,4,5309.2,1327.3,1,0.25,0.25,0.485714285714286,0.102564102564103,0.0256410256410256,0.0555555555555556,0.0138888888888889,0.514705882352941,"behav","primary_kin","SI"
"sisu028","SI",2,3,10,36,12,39,40,6,3121,520.166666666667,0.5,0.333333333333333,0.666666666666667,0.277777777777778,0.0769230769230769,0.0128205128205128,0.166666666666667,0.0277777777777778,2.4,"behav","primary_kin","SI"
"sisu029","SI",1,2,13,37,14,39,40,5,5283.2,1056.64,0.4,0.2,0.5,0.351351351351351,0.0512820512820513,0.0102564102564103,0.0714285714285714,0.0142857142857143,1.42307692307692,"behav","primary_kin","SI"
"sisu030","SI",1,4,9,35,10,39,40,7,3370,481.428571428571,0.571428571428571,0.142857142857143,0.25,0.257142857142857,0.102564102564103,0.0146520146520147,0.1,0.0142857142857143,0.972222222222222,"behav","primary_kin","SI"
"sisu031","SI",1,2,9,37,10,39,40,5,2474,494.8,0.4,0.2,0.5,0.243243243243243,0.0512820512820513,0.0102564102564103,0.1,0.02,2.05555555555556,"behav","primary_kin","SI"
"sisu032","SI",0,1,11,38,11,39,40,5,359,71.8,0.2,0,0,0.289473684210526,0.0256410256410256,0.00512820512820513,0,0,0,"behav","primary_kin","SI"
"sisu033","SI",0,3,11,36,11,39,40,5,4396,879.2,0.6,0,0,0.305555555555556,0.0769230769230769,0.0153846153846154,0,0,0,"behav","primary_kin","SI"
"sisu034","SI",0,1,13,38,13,39,40,6,2779,463.166666666667,0.166666666666667,0,0,0.342105263157895,0.0256410256410256,0.00427350427350427,0,0,0,"behav","primary_kin","SI"
"sisu035","SI",1,2,11,37,12,39,40,7,4425,632.142857142857,0.285714285714286,0.142857142857143,0.5,0.297297297297297,0.0512820512820513,0.00732600732600733,0.0833333333333333,0.0119047619047619,1.68181818181818,"behav","primary_kin","SI"
"sisu036","SI",2,3,11,36,13,39,40,4,2113.6,528.4,0.75,0.5,0.666666666666667,0.305555555555556,0.0769230769230769,0.0192307692307692,0.153846153846154,0.0384615384615385,2.18181818181818,"behav","primary_kin","SI"
"sisu037","SI",0,2,9,37,9,39,40,6,712.6,118.766666666667,0.333333333333333,0,0,0.243243243243243,0.0512820512820513,0.00854700854700855,0,0,0,"behav","primary_kin","SI"
"sisu038","SI",0,0,12,39,12,39,40,5,4104,820.8,0,0,NA,0.307692307692308,0,0,0,0,NA,"behav","primary_kin","SI"
"sisu039","SI",0,3,7,36,7,39,40,4,3582.6,895.65,0.75,0,0,0.194444444444444,0.0769230769230769,0.0192307692307692,0,0,0,"behav","primary_kin","SI"
"sisu040","SI",2,3,14,36,16,39,40,7,1867,266.714285714286,0.428571428571429,0.285714285714286,0.666666666666667,0.388888888888889,0.0769230769230769,0.010989010989011,0.125,0.0178571428571429,1.71428571428571,"behav","primary_kin","SI"
"smsu001","SM",0,3,16,96,16,99,100,5,5400,1080,0.6,0,0,0.166666666666667,0.0303030303030303,0.00606060606060606,0,0,0,"behav","primary_kin","SM"
"smsu002","SM",0,2,17,97,17,99,100,6,3285.6,547.6,0.333333333333333,0,0,0.175257731958763,0.0202020202020202,0.00336700336700337,0,0,0,"behav","primary_kin","SM"
"smsu003","SM",0,2,11,97,11,99,100,4,1157,289.25,0.5,0,0,0.11340206185567,0.0202020202020202,0.00505050505050505,0,0,0,"behav","primary_kin","SM"
"smsu004","SM",0,2,12,97,12,99,100,4,3386,846.5,0.5,0,0,0.123711340206186,0.0202020202020202,0.00505050505050505,0,0,0,"behav","primary_kin","SM"
"smsu005","SM",0,3,10,96,10,99,100,4,3342.2,835.55,0.75,0,0,0.104166666666667,0.0303030303030303,0.00757575757575758,0,0,0,"behav","primary_kin","SM"
"smsu006","SM",0,1,15,98,15,99,100,5,3328,665.6,0.2,0,0,0.153061224489796,0.0101010101010101,0.00202020202020202,0,0,0,"behav","primary_kin","SM"
"smsu007","SM",1,6,26,93,27,99,100,7,649,92.7142857142857,0.857142857142857,0.142857142857143,0.166666666666667,0.279569892473118,0.0606060606060606,0.00865800865800866,0.037037037037037,0.00529100529100529,0.596153846153846,"behav","primary_kin","SM"
"smsu008","SM",0,3,15,96,15,99,100,4,384,96,0.75,0,0,0.15625,0.0303030303030303,0.00757575757575758,0,0,0,"behav","primary_kin","SM"
"smsu009","SM",0,3,11,96,11,99,100,6,2672.8,445.466666666667,0.5,0,0,0.114583333333333,0.0303030303030303,0.00505050505050505,0,0,0,"behav","primary_kin","SM"
"smsu010","SM",1,5,6,94,7,99,100,5,3025.2,605.04,1,0.2,0.2,0.0638297872340425,0.0505050505050505,0.0101010101010101,0.142857142857143,0.0285714285714286,3.13333333333333,"behav","primary_kin","SM"
"smsu011","SM",0,2,22,97,22,99,100,7,2042,291.714285714286,0.285714285714286,0,0,0.22680412371134,0.0202020202020202,0.00288600288600289,0,0,0,"behav","primary_kin","SM"
"smsu012","SM",0,1,13,98,13,99,100,4,2378,594.5,0.25,0,0,0.13265306122449,0.0101010101010101,0.00252525252525253,0,0,0,"behav","primary_kin","SM"
"smsu013","SM",0,2,11,97,11,99,100,5,673,134.6,0.4,0,0,0.11340206185567,0.0202020202020202,0.00404040404040404,0,0,0,"behav","primary_kin","SM"
"smsu014","SM",0,1,6,98,6,99,100,4,404,101,0.25,0,0,0.0612244897959184,0.0101010101010101,0.00252525252525253,0,0,0,"behav","primary_kin","SM"
"smsu015","SM",1,3,11,96,12,99,100,5,1835,367,0.6,0.2,0.333333333333333,0.114583333333333,0.0303030303030303,0.00606060606060606,0.0833333333333333,0.0166666666666667,2.90909090909091,"behav","primary_kin","SM"
"smsu016","SM",0,1,9,98,9,99,100,3,615,205,0.333333333333333,0,0,0.0918367346938776,0.0101010101010101,0.00336700336700337,0,0,0,"behav","primary_kin","SM"
"smsu017","SM",0,0,17,99,17,99,100,7,2885,412.142857142857,0,0,NA,0.171717171717172,0,0,0,0,NA,"behav","primary_kin","SM"
"smsu018","SM",0,1,19,98,19,99,100,7,1607.8,229.685714285714,0.142857142857143,0,0,0.193877551020408,0.0101010101010101,0.00144300144300144,0,0,0,"behav","primary_kin","SM"
"smsu019","SM",1,3,6,96,7,99,100,7,6534,933.428571428571,0.428571428571429,0.142857142857143,0.333333333333333,0.0625,0.0303030303030303,0.00432900432900433,0.142857142857143,0.0204081632653061,5.33333333333333,"behav","primary_kin","SM"
"smsu020","SM",0,4,12,95,12,99,100,5,749,149.8,0.8,0,0,0.126315789473684,0.0404040404040404,0.00808080808080808,0,0,0,"behav","primary_kin","SM"
"smsu021","SM",1,1,17,98,18,99,100,7,994,142,0.142857142857143,0.142857142857143,1,0.173469387755102,0.0101010101010101,0.00144300144300144,0.0555555555555556,0.00793650793650794,5.76470588235294,"behav","primary_kin","SM"
"smsu022","SM",0,7,9,92,9,99,100,4,2656.6,664.15,1.75,0,0,0.0978260869565217,0.0707070707070707,0.0176767676767677,0,0,0,"behav","primary_kin","SM"
"smsu023","SM",0,1,14,98,14,99,100,4,4842,1210.5,0.25,0,0,0.142857142857143,0.0101010101010101,0.00252525252525253,0,0,0,"behav","primary_kin","SM"
"smsu024","SM",0,1,9,98,9,99,100,3,3327.6,1109.2,0.333333333333333,0,0,0.0918367346938776,0.0101010101010101,0.00336700336700337,0,0,0,"behav","primary_kin","SM"
"smsu025","SM",0,1,10,98,10,99,100,4,1977,494.25,0.25,0,0,0.102040816326531,0.0101010101010101,0.00252525252525253,0,0,0,"behav","primary_kin","SM"
"smsu026","SM",0,2,14,97,14,99,100,5,894.2,178.84,0.4,0,0,0.144329896907216,0.0202020202020202,0.00404040404040404,0,0,0,"behav","primary_kin","SM"
"smsu027","SM",0,1,11,98,11,99,100,6,550,91.6666666666667,0.166666666666667,0,0,0.112244897959184,0.0101010101010101,0.00168350168350168,0,0,0,"behav","primary_kin","SM"
"smsu028","SM",1,3,12,96,13,99,100,5,3705.6,741.12,0.6,0.2,0.333333333333333,0.125,0.0303030303030303,0.00606060606060606,0.0769230769230769,0.0153846153846154,2.66666666666667,"behav","primary_kin","SM"
"smsu029","SM",0,2,7,97,7,99,100,4,2180.6,545.15,0.5,0,0,0.0721649484536082,0.0202020202020202,0.00505050505050505,0,0,0,"behav","primary_kin","SM"
"smsu030","SM",0,2,7,97,7,99,100,5,1405.2,281.04,0.4,0,0,0.0721649484536082,0.0202020202020202,0.00404040404040404,0,0,0,"behav","primary_kin","SM"
"smsu031","SM",0,2,21,97,21,99,100,7,618.2,88.3142857142857,0.285714285714286,0,0,0.216494845360825,0.0202020202020202,0.00288600288600289,0,0,0,"behav","primary_kin","SM"
"smsu032","SM",0,1,7,98,7,99,100,4,967,241.75,0.25,0,0,0.0714285714285714,0.0101010101010101,0.00252525252525253,0,0,0,"behav","primary_kin","SM"
"smsu033","SM",0,2,15,97,15,99,100,6,1035,172.5,0.333333333333333,0,0,0.154639175257732,0.0202020202020202,0.00336700336700337,0,0,0,"behav","primary_kin","SM"
"smsu034","SM",2,3,7,96,9,99,100,6,3962.2,660.366666666667,0.5,0.333333333333333,0.666666666666667,0.0729166666666667,0.0303030303030303,0.00505050505050505,0.222222222222222,0.037037037037037,9.14285714285714,"behav","primary_kin","SM"
"smsu035","SM",0,1,10,98,10,99,100,5,1059,211.8,0.2,0,0,0.102040816326531,0.0101010101010101,0.00202020202020202,0,0,0,"behav","primary_kin","SM"
"smsu036","SM",0,4,23,95,23,99,100,6,1699,283.166666666667,0.666666666666667,0,0,0.242105263157895,0.0404040404040404,0.00673400673400673,0,0,0,"behav","primary_kin","SM"
"smsu037","SM",0,2,13,97,13,99,100,5,4389,877.8,0.4,0,0,0.134020618556701,0.0202020202020202,0.00404040404040404,0,0,0,"behav","primary_kin","SM"
"smsu038","SM",0,1,15,98,15,99,100,6,1868,311.333333333333,0.166666666666667,0,0,0.153061224489796,0.0101010101010101,0.00168350168350168,0,0,0,"behav","primary_kin","SM"
"smsu039","SM",0,4,14,95,14,99,100,6,374,62.3333333333333,0.666666666666667,0,0,0.147368421052632,0.0404040404040404,0.00673400673400673,0,0,0,"behav","primary_kin","SM"
"smsu040","SM",0,2,10,97,10,99,100,6,3031,505.166666666667,0.333333333333333,0,0,0.103092783505155,0.0202020202020202,0.00336700336700337,0,0,0,"behav","primary_kin","SM"
"smsu041","SM",1,4,10,95,11,99,100,3,2200.6,733.533333333333,1.33333333333333,0.333333333333333,0.25,0.105263157894737,0.0404040404040404,0.0134680134680135,0.0909090909090909,0.0303030303030303,2.375,"behav","primary_kin","SM"
"smsu042","SM",0,3,8,96,8,99,100,5,2348,469.6,0.6,0,0,0.0833333333333333,0.0303030303030303,0.00606060606060606,0,0,0,"behav","primary_kin","SM"
"smsu043","SM",0,4,16,95,16,99,100,5,1986.8,397.36,0.8,0,0,0.168421052631579,0.0404040404040404,0.00808080808080808,0,0,0,"behav","primary_kin","SM"
"smsu044","SM",0,1,17,98,17,99,100,6,804,134,0.166666666666667,0,0,0.173469387755102,0.0101010101010101,0.00168350168350168,0,0,0,"behav","primary_kin","SM"
"smsu045","SM",1,1,15,98,16,99,100,4,496.6,124.15,0.25,0.25,1,0.153061224489796,0.0101010101010101,0.00252525252525253,0.0625,0.015625,6.53333333333333,"behav","primary_kin","SM"
"smsu046","SM",0,2,12,97,12,99,100,5,1821.2,364.24,0.4,0,0,0.123711340206186,0.0202020202020202,0.00404040404040404,0,0,0,"behav","primary_kin","SM"
"smsu047","SM",0,2,7,97,7,99,100,5,4280.2,856.04,0.4,0,0,0.0721649484536082,0.0202020202020202,0.00404040404040404,0,0,0,"behav","primary_kin","SM"
"smsu048","SM",0,2,8,97,8,99,100,5,2620.2,524.04,0.4,0,0,0.0824742268041237,0.0202020202020202,0.00404040404040404,0,0,0,"behav","primary_kin","SM"
"smsu049","SM",0,2,15,97,15,99,100,3,1189.6,396.533333333333,0.666666666666667,0,0,0.154639175257732,0.0202020202020202,0.00673400673400673,0,0,0,"behav","primary_kin","SM"
"smsu050","SM",0,1,10,98,10,99,100,3,1979.2,659.733333333333,0.333333333333333,0,0,0.102040816326531,0.0101010101010101,0.00336700336700337,0,0,0,"behav","primary_kin","SM"
"smsu051","SM",0,2,21,97,21,99,100,5,2385,477,0.4,0,0,0.216494845360825,0.0202020202020202,0.00404040404040404,0,0,0,"behav","primary_kin","SM"
"smsu052","SM",0,2,16,97,16,99,100,5,956,191.2,0.4,0,0,0.164948453608247,0.0202020202020202,0.00404040404040404,0,0,0,"behav","primary_kin","SM"
"smsu053","SM",2,6,11,93,13,99,100,6,3965,660.833333333333,1,0.333333333333333,0.333333333333333,0.118279569892473,0.0606060606060606,0.0101010101010101,0.153846153846154,0.0256410256410256,2.81818181818182,"behav","primary_kin","SM"
"smsu054","SM",0,2,9,97,9,99,100,6,2622,437,0.333333333333333,0,0,0.0927835051546392,0.0202020202020202,0.00336700336700337,0,0,0,"behav","primary_kin","SM"
"smsu055","SM",0,0,14,99,14,99,100,6,2952.2,492.033333333333,0,0,NA,0.141414141414141,0,0,0,0,NA,"behav","primary_kin","SM"
"smsu056","SM",1,3,8,96,9,99,100,7,968.2,138.314285714286,0.428571428571429,0.142857142857143,0.333333333333333,0.0833333333333333,0.0303030303030303,0.00432900432900433,0.111111111111111,0.0158730158730159,4,"behav","primary_kin","SM"
"smsu057","SM",1,3,13,96,14,99,100,5,3231,646.2,0.6,0.2,0.333333333333333,0.135416666666667,0.0303030303030303,0.00606060606060606,0.0714285714285714,0.0142857142857143,2.46153846153846,"behav","primary_kin","SM"
"smsu058","SM",0,2,7,97,7,99,100,5,3001.6,600.32,0.4,0,0,0.0721649484536082,0.0202020202020202,0.00404040404040404,0,0,0,"behav","primary_kin","SM"
"smsu059","SM",1,2,13,97,14,99,100,3,1883,627.666666666667,0.666666666666667,0.333333333333333,0.5,0.134020618556701,0.0202020202020202,0.00673400673400673,0.0714285714285714,0.0238095238095238,3.73076923076923,"behav","primary_kin","SM"
"smsu060","SM",1,4,10,95,11,99,100,7,3673,524.714285714286,0.571428571428571,0.142857142857143,0.25,0.105263157894737,0.0404040404040404,0.00577200577200577,0.0909090909090909,0.012987012987013,2.375,"behav","primary_kin","SM"
"smsu061","SM",0,2,11,97,11,99,100,4,2846.6,711.65,0.5,0,0,0.11340206185567,0.0202020202020202,0.00505050505050505,0,0,0,"behav","primary_kin","SM"
"smsu062","SM",0,2,10,97,10,99,100,4,1748.6,437.15,0.5,0,0,0.103092783505155,0.0202020202020202,0.00505050505050505,0,0,0,"behav","primary_kin","SM"
"smsu063","SM",0,1,6,98,6,99,100,5,1671.6,334.32,0.2,0,0,0.0612244897959184,0.0101010101010101,0.00202020202020202,0,0,0,"behav","primary_kin","SM"
"smsu064","SM",0,1,1,98,1,99,100,3,2160,720,0.333333333333333,0,0,0.0102040816326531,0.0101010101010101,0.00336700336700337,0,0,0,"behav","primary_kin","SM"
"smsu065","SM",2,3,13,96,15,99,100,5,910,182,0.6,0.4,0.666666666666667,0.135416666666667,0.0303030303030303,0.00606060606060606,0.133333333333333,0.0266666666666667,4.92307692307692,"behav","primary_kin","SM"
"smsu066","SM",0,3,7,96,7,99,100,3,2907,969,1,0,0,0.0729166666666667,0.0303030303030303,0.0101010101010101,0,0,0,"behav","primary_kin","SM"
"smsu067","SM",1,2,7,97,8,99,100,7,1810.6,258.657142857143,0.285714285714286,0.142857142857143,0.5,0.0721649484536082,0.0202020202020202,0.00288600288600289,0.125,0.0178571428571429,6.92857142857143,"behav","primary_kin","SM"
"smsu068","SM",0,4,7,95,7,99,100,3,4634,1544.66666666667,1.33333333333333,0,0,0.0736842105263158,0.0404040404040404,0.0134680134680135,0,0,0,"behav","primary_kin","SM"
"smsu069","SM",0,1,16,98,16,99,100,6,395.6,65.9333333333333,0.166666666666667,0,0,0.163265306122449,0.0101010101010101,0.00168350168350168,0,0,0,"behav","primary_kin","SM"
"smsu070","SM",0,2,12,97,12,99,100,6,6160.6,1026.76666666667,0.333333333333333,0,0,0.123711340206186,0.0202020202020202,0.00336700336700337,0,0,0,"behav","primary_kin","SM"
"smsu071","SM",2,4,15,95,17,99,100,5,1376,275.2,0.8,0.4,0.5,0.157894736842105,0.0404040404040404,0.00808080808080808,0.117647058823529,0.0235294117647059,3.16666666666667,"behav","primary_kin","SM"
"smsu072","SM",1,2,6,97,7,99,100,4,2077.2,519.3,0.5,0.25,0.5,0.0618556701030928,0.0202020202020202,0.00505050505050505,0.142857142857143,0.0357142857142857,8.08333333333333,"behav","primary_kin","SM"
"smsu073","SM",0,2,12,97,12,99,100,3,4405.8,1468.6,0.666666666666667,0,0,0.123711340206186,0.0202020202020202,0.00673400673400673,0,0,0,"behav","primary_kin","SM"
"smsu074","SM",0,1,6,98,6,99,100,4,2508.2,627.05,0.25,0,0,0.0612244897959184,0.0101010101010101,0.00252525252525253,0,0,0,"behav","primary_kin","SM"
"smsu075","SM",1,3,20,96,21,99,100,7,2496.8,356.685714285714,0.428571428571429,0.142857142857143,0.333333333333333,0.208333333333333,0.0303030303030303,0.00432900432900433,0.0476190476190476,0.00680272108843537,1.6,"behav","primary_kin","SM"
"smsu076","SM",1,3,28,96,29,99,100,7,670,95.7142857142857,0.428571428571429,0.142857142857143,0.333333333333333,0.291666666666667,0.0303030303030303,0.00432900432900433,0.0344827586206897,0.00492610837438424,1.14285714285714,"behav","primary_kin","SM"
"smsu077","SM",1,5,9,94,10,99,100,5,6092,1218.4,1,0.2,0.2,0.0957446808510638,0.0505050505050505,0.0101010101010101,0.1,0.02,2.08888888888889,"behav","primary_kin","SM"
"smsu078","SM",1,1,7,98,8,99,100,4,3154.2,788.55,0.25,0.25,1,0.0714285714285714,0.0101010101010101,0.00252525252525253,0.125,0.03125,14,"behav","primary_kin","SM"
"smsu079","SM",0,3,14,96,14,99,100,7,4164,594.857142857143,0.428571428571429,0,0,0.145833333333333,0.0303030303030303,0.00432900432900433,0,0,0,"behav","primary_kin","SM"
"smsu080","SM",0,1,11,98,11,99,100,4,1439,359.75,0.25,0,0,0.112244897959184,0.0101010101010101,0.00252525252525253,0,0,0,"behav","primary_kin","SM"
"smsu081","SM",0,2,10,97,10,99,100,6,2253.6,375.6,0.333333333333333,0,0,0.103092783505155,0.0202020202020202,0.00336700336700337,0,0,0,"behav","primary_kin","SM"
"smsu082","SM",1,4,7,95,8,99,100,3,849.8,283.266666666667,1.33333333333333,0.333333333333333,0.25,0.0736842105263158,0.0404040404040404,0.0134680134680135,0.125,0.0416666666666667,3.39285714285714,"behav","primary_kin","SM"
"smsu083","SM",0,1,11,98,11,99,100,3,3770,1256.66666666667,0.333333333333333,0,0,0.112244897959184,0.0101010101010101,0.00336700336700337,0,0,0,"behav","primary_kin","SM"
"smsu084","SM",0,4,10,95,10,99,100,4,5449,1362.25,1,0,0,0.105263157894737,0.0404040404040404,0.0101010101010101,0,0,0,"behav","primary_kin","SM"
"smsu085","SM",0,3,20,96,20,99,100,5,2886.2,577.24,0.6,0,0,0.208333333333333,0.0303030303030303,0.00606060606060606,0,0,0,"behav","primary_kin","SM"
"smsu086","SM",0,2,17,97,17,99,100,6,2650.6,441.766666666667,0.333333333333333,0,0,0.175257731958763,0.0202020202020202,0.00336700336700337,0,0,0,"behav","primary_kin","SM"
"smsu087","SM",0,1,5,98,5,99,100,3,3232,1077.33333333333,0.333333333333333,0,0,0.0510204081632653,0.0101010101010101,0.00336700336700337,0,0,0,"behav","primary_kin","SM"
"smsu088","SM",0,4,1,95,1,99,100,3,1344.6,448.2,1.33333333333333,0,0,0.0105263157894737,0.0404040404040404,0.0134680134680135,0,0,0,"behav","primary_kin","SM"
"smsu089","SM",0,1,14,98,14,99,100,7,3185,455,0.142857142857143,0,0,0.142857142857143,0.0101010101010101,0.00144300144300144,0,0,0,"behav","primary_kin","SM"
"smsu090","SM",1,2,19,97,20,99,100,7,609.6,87.0857142857143,0.285714285714286,0.142857142857143,0.5,0.195876288659794,0.0202020202020202,0.00288600288600289,0.05,0.00714285714285714,2.55263157894737,"behav","primary_kin","SM"
"smsu091","SM",1,1,15,98,16,99,100,6,5777,962.833333333333,0.166666666666667,0.166666666666667,1,0.153061224489796,0.0101010101010101,0.00168350168350168,0.0625,0.0104166666666667,6.53333333333333,"behav","primary_kin","SM"
"smsu092","SM",0,3,12,96,12,99,100,4,1826.6,456.65,0.75,0,0,0.125,0.0303030303030303,0.00757575757575758,0,0,0,"behav","primary_kin","SM"
"smsu093","SM",0,3,18,96,18,99,100,4,1200,300,0.75,0,0,0.1875,0.0303030303030303,0.00757575757575758,0,0,0,"behav","primary_kin","SM"
"smsu094","SM",0,1,7,98,7,99,100,3,2658,886,0.333333333333333,0,0,0.0714285714285714,0.0101010101010101,0.00336700336700337,0,0,0,"behav","primary_kin","SM"
"smsu095","SM",1,1,10,98,11,99,100,5,3604.6,720.92,0.2,0.2,1,0.102040816326531,0.0101010101010101,0.00202020202020202,0.0909090909090909,0.0181818181818182,9.8,"behav","primary_kin","SM"
"smsu096","SM",1,2,10,97,11,99,100,4,2301,575.25,0.5,0.25,0.5,0.103092783505155,0.0202020202020202,0.00505050505050505,0.0909090909090909,0.0227272727272727,4.85,"behav","primary_kin","SM"
"smsu097","SM",0,3,11,96,11,99,100,6,3253,542.166666666667,0.5,0,0,0.114583333333333,0.0303030303030303,0.00505050505050505,0,0,0,"behav","primary_kin","SM"
"smsu098","SM",0,2,8,97,8,99,100,5,3177.2,635.44,0.4,0,0,0.0824742268041237,0.0202020202020202,0.00404040404040404,0,0,0,"behav","primary_kin","SM"
"smsu099","SM",0,2,11,97,11,99,100,6,621,103.5,0.333333333333333,0,0,0.11340206185567,0.0202020202020202,0.00336700336700337,0,0,0,"behav","primary_kin","SM"
"smsu100","SM",0,1,16,98,16,99,100,5,673.6,134.72,0.2,0,0,0.163265306122449,0.0101010101010101,0.00202020202020202,0,0,0,"behav","primary_kin","SM"
"egsu001","EG",0,4,12,55,12,59,60,6,4266.6,711.1,0.666666666666667,0,0,0.218181818181818,0.0677966101694915,0.0112994350282486,0,0,0,"f_info","primary_kin","EG"
"egsu002","EG",1,4,10,55,11,59,60,4,2144,536,1,0.25,0.25,0.181818181818182,0.0677966101694915,0.0169491525423729,0.0909090909090909,0.0227272727272727,1.375,"f_info","primary_kin","EG"
"egsu003","EG",0,2,10,57,10,59,60,7,4821.6,688.8,0.285714285714286,0,0,0.175438596491228,0.0338983050847458,0.00484261501210654,0,0,0,"f_info","primary_kin","EG"
"egsu004","EG",1,5,6,54,7,59,60,7,494,70.5714285714286,0.714285714285714,0.142857142857143,0.2,0.111111111111111,0.0847457627118644,0.0121065375302663,0.142857142857143,0.0204081632653061,1.8,"f_info","primary_kin","EG"
"egsu005","EG",0,3,5,56,5,59,60,5,1068,213.6,0.6,0,0,0.0892857142857143,0.0508474576271186,0.0101694915254237,0,0,0,"f_info","primary_kin","EG"
"egsu006","EG",0,1,4,58,4,59,60,5,2355,471,0.2,0,0,0.0689655172413793,0.0169491525423729,0.00338983050847458,0,0,0,"f_info","primary_kin","EG"
"egsu007","EG",0,2,2,57,2,59,60,7,3493,499,0.285714285714286,0,0,0.0350877192982456,0.0338983050847458,0.00484261501210654,0,0,0,"f_info","primary_kin","EG"
"egsu008","EG",0,4,5,55,5,59,60,5,4806,961.2,0.8,0,0,0.0909090909090909,0.0677966101694915,0.0135593220338983,0,0,0,"f_info","primary_kin","EG"
"egsu009","EG",0,1,7,58,7,59,60,4,1642.6,410.65,0.25,0,0,0.120689655172414,0.0169491525423729,0.00423728813559322,0,0,0,"f_info","primary_kin","EG"
"egsu010","EG",0,4,4,55,4,59,60,5,2292.6,458.52,0.8,0,0,0.0727272727272727,0.0677966101694915,0.0135593220338983,0,0,0,"f_info","primary_kin","EG"
"egsu011","EG",0,1,5,58,5,59,60,3,3093.6,1031.2,0.333333333333333,0,0,0.0862068965517241,0.0169491525423729,0.00564971751412429,0,0,0,"f_info","primary_kin","EG"
"egsu012","EG",0,3,5,56,5,59,60,3,780,260,1,0,0,0.0892857142857143,0.0508474576271186,0.0169491525423729,0,0,0,"f_info","primary_kin","EG"
"egsu013","EG",0,1,11,58,11,59,60,5,3031,606.2,0.2,0,0,0.189655172413793,0.0169491525423729,0.00338983050847458,0,0,0,"f_info","primary_kin","EG"
"egsu014","EG",0,2,1,57,1,59,60,5,934,186.8,0.4,0,0,0.0175438596491228,0.0338983050847458,0.00677966101694915,0,0,0,"f_info","primary_kin","EG"
"egsu015","EG",0,1,5,58,5,59,60,5,4019.6,803.92,0.2,0,0,0.0862068965517241,0.0169491525423729,0.00338983050847458,0,0,0,"f_info","primary_kin","EG"
"egsu016","EG",0,3,4,56,4,59,60,7,1592.6,227.514285714286,0.428571428571429,0,0,0.0714285714285714,0.0508474576271186,0.00726392251815981,0,0,0,"f_info","primary_kin","EG"
"egsu017","EG",0,2,9,57,9,59,60,5,3001,600.2,0.4,0,0,0.157894736842105,0.0338983050847458,0.00677966101694915,0,0,0,"f_info","primary_kin","EG"
"egsu018","EG",0,6,7,53,7,59,60,7,2192,313.142857142857,0.857142857142857,0,0,0.132075471698113,0.101694915254237,0.0145278450363196,0,0,0,"f_info","primary_kin","EG"
"egsu019","EG",0,3,3,56,3,59,60,3,4701,1567,1,0,0,0.0535714285714286,0.0508474576271186,0.0169491525423729,0,0,0,"f_info","primary_kin","EG"
"egsu020","EG",0,1,5,58,5,59,60,5,1875.6,375.12,0.2,0,0,0.0862068965517241,0.0169491525423729,0.00338983050847458,0,0,0,"f_info","primary_kin","EG"
"egsu021","EG",1,2,7,57,8,59,60,6,3349,558.166666666667,0.333333333333333,0.166666666666667,0.5,0.12280701754386,0.0338983050847458,0.00564971751412429,0.125,0.0208333333333333,4.07142857142857,"f_info","primary_kin","EG"
"egsu022","EG",0,3,6,56,6,59,60,4,827,206.75,0.75,0,0,0.107142857142857,0.0508474576271186,0.0127118644067797,0,0,0,"f_info","primary_kin","EG"
"egsu023","EG",0,4,4,55,4,59,60,3,1603.6,534.533333333333,1.33333333333333,0,0,0.0727272727272727,0.0677966101694915,0.0225988700564972,0,0,0,"f_info","primary_kin","EG"
"egsu024","EG",0,2,6,57,6,59,60,3,6942,2314,0.666666666666667,0,0,0.105263157894737,0.0338983050847458,0.0112994350282486,0,0,0,"f_info","primary_kin","EG"
"egsu025","EG",0,3,2,56,2,59,60,3,4155,1385,1,0,0,0.0357142857142857,0.0508474576271186,0.0169491525423729,0,0,0,"f_info","primary_kin","EG"
"egsu026","EG",0,1,6,58,6,59,60,5,2793,558.6,0.2,0,0,0.103448275862069,0.0169491525423729,0.00338983050847458,0,0,0,"f_info","primary_kin","EG"
"egsu027","EG",0,1,6,58,6,59,60,4,1723,430.75,0.25,0,0,0.103448275862069,0.0169491525423729,0.00423728813559322,0,0,0,"f_info","primary_kin","EG"
"egsu028","EG",0,1,5,58,5,59,60,6,264.2,44.0333333333333,0.166666666666667,0,0,0.0862068965517241,0.0169491525423729,0.00282485875706215,0,0,0,"f_info","primary_kin","EG"
"egsu029","EG",0,1,7,58,7,59,60,7,609.2,87.0285714285714,0.142857142857143,0,0,0.120689655172414,0.0169491525423729,0.00242130750605327,0,0,0,"f_info","primary_kin","EG"
"egsu030","EG",0,1,6,58,6,59,60,3,2977,992.333333333333,0.333333333333333,0,0,0.103448275862069,0.0169491525423729,0.00564971751412429,0,0,0,"f_info","primary_kin","EG"
"egsu031","EG",0,3,8,56,8,59,60,5,2813.2,562.64,0.6,0,0,0.142857142857143,0.0508474576271186,0.0101694915254237,0,0,0,"f_info","primary_kin","EG"
"egsu032","EG",0,3,13,56,13,59,60,6,3550,591.666666666667,0.5,0,0,0.232142857142857,0.0508474576271186,0.00847457627118644,0,0,0,"f_info","primary_kin","EG"
"egsu033","EG",0,1,7,58,7,59,60,5,2542.6,508.52,0.2,0,0,0.120689655172414,0.0169491525423729,0.00338983050847458,0,0,0,"f_info","primary_kin","EG"
"egsu034","EG",1,4,8,55,9,59,60,3,1328.8,442.933333333333,1.33333333333333,0.333333333333333,0.25,0.145454545454545,0.0677966101694915,0.0225988700564972,0.111111111111111,0.037037037037037,1.71875,"f_info","primary_kin","EG"
"egsu035","EG",0,1,13,58,13,59,60,5,4859,971.8,0.2,0,0,0.224137931034483,0.0169491525423729,0.00338983050847458,0,0,0,"f_info","primary_kin","EG"
"egsu036","EG",0,1,3,58,3,59,60,3,2867.6,955.866666666667,0.333333333333333,0,0,0.0517241379310345,0.0169491525423729,0.00564971751412429,0,0,0,"f_info","primary_kin","EG"
"egsu037","EG",0,3,1,56,1,59,60,3,3852.8,1284.26666666667,1,0,0,0.0178571428571429,0.0508474576271186,0.0169491525423729,0,0,0,"f_info","primary_kin","EG"
"egsu038","EG",0,1,9,58,9,59,60,7,1392.6,198.942857142857,0.142857142857143,0,0,0.155172413793103,0.0169491525423729,0.00242130750605327,0,0,0,"f_info","primary_kin","EG"
"egsu039","EG",1,4,5,55,6,59,60,3,2142,714,1.33333333333333,0.333333333333333,0.25,0.0909090909090909,0.0677966101694915,0.0225988700564972,0.166666666666667,0.0555555555555556,2.75,"f_info","primary_kin","EG"
"egsu040","EG",0,3,9,56,9,59,60,6,1878.8,313.133333333333,0.5,0,0,0.160714285714286,0.0508474576271186,0.00847457627118644,0,0,0,"f_info","primary_kin","EG"
"egsu041","EG",0,0,7,59,7,59,60,3,2127.6,709.2,0,0,NA,0.11864406779661,0,0,0,0,NA,"f_info","primary_kin","EG"
"egsu042","EG",0,3,7,56,7,59,60,6,634.6,105.766666666667,0.5,0,0,0.125,0.0508474576271186,0.00847457627118644,0,0,0,"f_info","primary_kin","EG"
"egsu043","EG",2,7,5,52,7,59,60,4,1585.2,396.3,1.75,0.5,0.285714285714286,0.0961538461538462,0.11864406779661,0.0296610169491525,0.285714285714286,0.0714285714285714,2.97142857142857,"f_info","primary_kin","EG"
"egsu044","EG",0,2,10,57,10,59,60,4,2238.8,559.7,0.5,0,0,0.175438596491228,0.0338983050847458,0.00847457627118644,0,0,0,"f_info","primary_kin","EG"
"egsu045","EG",0,3,10,56,10,59,60,5,2421,484.2,0.6,0,0,0.178571428571429,0.0508474576271186,0.0101694915254237,0,0,0,"f_info","primary_kin","EG"
"egsu046","EG",0,1,8,58,8,59,60,3,1830,610,0.333333333333333,0,0,0.137931034482759,0.0169491525423729,0.00564971751412429,0,0,0,"f_info","primary_kin","EG"
"egsu047","EG",2,5,4,54,6,59,60,3,2739.6,913.2,1.66666666666667,0.666666666666667,0.4,0.0740740740740741,0.0847457627118644,0.0282485875706215,0.333333333333333,0.111111111111111,5.4,"f_info","primary_kin","EG"
"egsu048","EG",0,3,7,56,7,59,60,4,4753.2,1188.3,0.75,0,0,0.125,0.0508474576271186,0.0127118644067797,0,0,0,"f_info","primary_kin","EG"
"egsu049","EG",0,2,12,57,12,59,60,6,538.6,89.7666666666667,0.333333333333333,0,0,0.210526315789474,0.0338983050847458,0.00564971751412429,0,0,0,"f_info","primary_kin","EG"
"egsu050","EG",0,1,7,58,7,59,60,5,3703,740.6,0.2,0,0,0.120689655172414,0.0169491525423729,0.00338983050847458,0,0,0,"f_info","primary_kin","EG"
"egsu051","EG",0,4,1,55,1,59,60,7,1771.6,253.085714285714,0.571428571428571,0,0,0.0181818181818182,0.0677966101694915,0.00968523002421307,0,0,0,"f_info","primary_kin","EG"
"egsu052","EG",1,3,7,56,8,59,60,7,801.6,114.514285714286,0.428571428571429,0.142857142857143,0.333333333333333,0.125,0.0508474576271186,0.00726392251815981,0.125,0.0178571428571429,2.66666666666667,"f_info","primary_kin","EG"
"egsu053","EG",0,2,6,57,6,59,60,6,3997.2,666.2,0.333333333333333,0,0,0.105263157894737,0.0338983050847458,0.00564971751412429,0,0,0,"f_info","primary_kin","EG"
"egsu054","EG",0,1,6,58,6,59,60,7,3863,551.857142857143,0.142857142857143,0,0,0.103448275862069,0.0169491525423729,0.00242130750605327,0,0,0,"f_info","primary_kin","EG"
"egsu055","EG",0,2,4,57,4,59,60,5,2177.6,435.52,0.4,0,0,0.0701754385964912,0.0338983050847458,0.00677966101694915,0,0,0,"f_info","primary_kin","EG"
"egsu056","EG",1,4,8,55,9,59,60,5,5283,1056.6,0.8,0.2,0.25,0.145454545454545,0.0677966101694915,0.0135593220338983,0.111111111111111,0.0222222222222222,1.71875,"f_info","primary_kin","EG"
"egsu057","EG",0,2,2,57,2,59,60,3,2256.6,752.2,0.666666666666667,0,0,0.0350877192982456,0.0338983050847458,0.0112994350282486,0,0,0,"f_info","primary_kin","EG"
"egsu058","EG",0,1,10,58,10,59,60,7,4654.6,664.942857142857,0.142857142857143,0,0,0.172413793103448,0.0169491525423729,0.00242130750605327,0,0,0,"f_info","primary_kin","EG"
"egsu059","EG",0,1,5,58,5,59,60,5,3104.2,620.84,0.2,0,0,0.0862068965517241,0.0169491525423729,0.00338983050847458,0,0,0,"f_info","primary_kin","EG"
"egsu060","EG",1,3,2,56,3,59,60,5,2399.8,479.96,0.6,0.2,0.333333333333333,0.0357142857142857,0.0508474576271186,0.0101694915254237,0.333333333333333,0.0666666666666667,9.33333333333333,"f_info","primary_kin","EG"
"exsu001","EX",0,5,7,64,7,69,70,7,3039.6,434.228571428571,0.714285714285714,0,0,0.109375,0.072463768115942,0.010351966873706,0,0,0,"f_info","primary_kin","EX"
"exsu002","EX",0,5,7,64,7,69,70,3,2089,696.333333333333,1.66666666666667,0,0,0.109375,0.072463768115942,0.0241545893719807,0,0,0,"f_info","primary_kin","EX"
"exsu003","EX",1,3,6,66,7,69,70,5,990,198,0.6,0.2,0.333333333333333,0.0909090909090909,0.0434782608695652,0.00869565217391304,0.142857142857143,0.0285714285714286,3.66666666666667,"f_info","primary_kin","EX"
"exsu004","EX",0,4,3,65,3,69,70,3,5493.6,1831.2,1.33333333333333,0,0,0.0461538461538462,0.0579710144927536,0.0193236714975845,0,0,0,"f_info","primary_kin","EX"
"exsu005","EX",0,1,5,68,5,69,70,3,3065.2,1021.73333333333,0.333333333333333,0,0,0.0735294117647059,0.0144927536231884,0.00483091787439614,0,0,0,"f_info","primary_kin","EX"
"exsu006","EX",0,3,11,66,11,69,70,7,6047.6,863.942857142857,0.428571428571429,0,0,0.166666666666667,0.0434782608695652,0.0062111801242236,0,0,0,"f_info","primary_kin","EX"
"exsu007","EX",0,3,8,66,8,69,70,7,1989,284.142857142857,0.428571428571429,0,0,0.121212121212121,0.0434782608695652,0.0062111801242236,0,0,0,"f_info","primary_kin","EX"
"exsu008","EX",0,2,3,67,3,69,70,5,3437,687.4,0.4,0,0,0.0447761194029851,0.0289855072463768,0.00579710144927536,0,0,0,"f_info","primary_kin","EX"
"exsu009","EX",1,3,4,66,5,69,70,5,1999.6,399.92,0.6,0.2,0.333333333333333,0.0606060606060606,0.0434782608695652,0.00869565217391304,0.2,0.04,5.5,"f_info","primary_kin","EX"
"exsu010","EX",0,3,2,66,2,69,70,4,1860,465,0.75,0,0,0.0303030303030303,0.0434782608695652,0.0108695652173913,0,0,0,"f_info","primary_kin","EX"
"exsu011","EX",0,2,8,67,8,69,70,6,1969.2,328.2,0.333333333333333,0,0,0.119402985074627,0.0289855072463768,0.00483091787439614,0,0,0,"f_info","primary_kin","EX"
"exsu012","EX",0,1,7,68,7,69,70,4,1686.6,421.65,0.25,0,0,0.102941176470588,0.0144927536231884,0.0036231884057971,0,0,0,"f_info","primary_kin","EX"
"exsu013","EX",0,2,8,67,8,69,70,7,4188,598.285714285714,0.285714285714286,0,0,0.119402985074627,0.0289855072463768,0.0041407867494824,0,0,0,"f_info","primary_kin","EX"
"exsu014","EX",1,4,5,65,6,69,70,7,2161,308.714285714286,0.571428571428571,0.142857142857143,0.25,0.0769230769230769,0.0579710144927536,0.0082815734989648,0.166666666666667,0.0238095238095238,3.25,"f_info","primary_kin","EX"
"exsu015","EX",0,1,7,68,7,69,70,4,407,101.75,0.25,0,0,0.102941176470588,0.0144927536231884,0.0036231884057971,0,0,0,"f_info","primary_kin","EX"
"exsu016","EX",0,3,9,66,9,69,70,6,1607,267.833333333333,0.5,0,0,0.136363636363636,0.0434782608695652,0.0072463768115942,0,0,0,"f_info","primary_kin","EX"
"exsu017","EX",0,2,4,67,4,69,70,4,4368.2,1092.05,0.5,0,0,0.0597014925373134,0.0289855072463768,0.0072463768115942,0,0,0,"f_info","primary_kin","EX"
"exsu018","EX",0,3,4,66,4,69,70,3,3123,1041,1,0,0,0.0606060606060606,0.0434782608695652,0.0144927536231884,0,0,0,"f_info","primary_kin","EX"
"exsu019","EX",0,2,11,67,11,69,70,7,1626.6,232.371428571429,0.285714285714286,0,0,0.164179104477612,0.0289855072463768,0.0041407867494824,0,0,0,"f_info","primary_kin","EX"
"exsu020","EX",0,3,7,66,7,69,70,5,3081,616.2,0.6,0,0,0.106060606060606,0.0434782608695652,0.00869565217391304,0,0,0,"f_info","primary_kin","EX"
"exsu021","EX",0,3,6,66,6,69,70,5,2349.6,469.92,0.6,0,0,0.0909090909090909,0.0434782608695652,0.00869565217391304,0,0,0,"f_info","primary_kin","EX"
"exsu022","EX",0,2,3,67,3,69,70,7,759,108.428571428571,0.285714285714286,0,0,0.0447761194029851,0.0289855072463768,0.0041407867494824,0,0,0,"f_info","primary_kin","EX"
"exsu023","EX",0,1,7,68,7,69,70,6,1118,186.333333333333,0.166666666666667,0,0,0.102941176470588,0.0144927536231884,0.00241545893719807,0,0,0,"f_info","primary_kin","EX"
"exsu024","EX",0,1,7,68,7,69,70,6,1522,253.666666666667,0.166666666666667,0,0,0.102941176470588,0.0144927536231884,0.00241545893719807,0,0,0,"f_info","primary_kin","EX"
"exsu025","EX",0,6,2,63,2,69,70,6,4654.6,775.766666666667,1,0,0,0.0317460317460317,0.0869565217391304,0.0144927536231884,0,0,0,"f_info","primary_kin","EX"
"exsu026","EX",0,1,9,68,9,69,70,6,1421.6,236.933333333333,0.166666666666667,0,0,0.132352941176471,0.0144927536231884,0.00241545893719807,0,0,0,"f_info","primary_kin","EX"
"exsu027","EX",0,2,7,67,7,69,70,7,3225.6,460.8,0.285714285714286,0,0,0.104477611940299,0.0289855072463768,0.0041407867494824,0,0,0,"f_info","primary_kin","EX"
"exsu028","EX",1,4,4,65,5,69,70,3,1498,499.333333333333,1.33333333333333,0.333333333333333,0.25,0.0615384615384615,0.0579710144927536,0.0193236714975845,0.2,0.0666666666666667,4.0625,"f_info","primary_kin","EX"
"exsu029","EX",0,1,5,68,5,69,70,5,1826.8,365.36,0.2,0,0,0.0735294117647059,0.0144927536231884,0.00289855072463768,0,0,0,"f_info","primary_kin","EX"
"exsu030","EX",0,1,6,68,6,69,70,6,3297,549.5,0.166666666666667,0,0,0.0882352941176471,0.0144927536231884,0.00241545893719807,0,0,0,"f_info","primary_kin","EX"
"exsu031","EX",0,5,1,64,1,69,70,7,945.2,135.028571428571,0.714285714285714,0,0,0.015625,0.072463768115942,0.010351966873706,0,0,0,"f_info","primary_kin","EX"
"exsu032","EX",0,1,3,68,3,69,70,3,1461,487,0.333333333333333,0,0,0.0441176470588235,0.0144927536231884,0.00483091787439614,0,0,0,"f_info","primary_kin","EX"
"exsu033","EX",0,2,5,67,5,69,70,6,1781.2,296.866666666667,0.333333333333333,0,0,0.0746268656716418,0.0289855072463768,0.00483091787439614,0,0,0,"f_info","primary_kin","EX"
"exsu034","EX",0,3,4,66,4,69,70,4,2898.6,724.65,0.75,0,0,0.0606060606060606,0.0434782608695652,0.0108695652173913,0,0,0,"f_info","primary_kin","EX"
"exsu035","EX",0,2,11,67,11,69,70,7,1402.6,200.371428571429,0.285714285714286,0,0,0.164179104477612,0.0289855072463768,0.0041407867494824,0,0,0,"f_info","primary_kin","EX"
"exsu036","EX",0,3,5,66,5,69,70,6,4938,823,0.5,0,0,0.0757575757575758,0.0434782608695652,0.0072463768115942,0,0,0,"f_info","primary_kin","EX"
"exsu037","EX",0,1,5,68,5,69,70,5,2089,417.8,0.2,0,0,0.0735294117647059,0.0144927536231884,0.00289855072463768,0,0,0,"f_info","primary_kin","EX"
"exsu038","EX",0,4,10,65,10,69,70,6,2700.6,450.1,0.666666666666667,0,0,0.153846153846154,0.0579710144927536,0.00966183574879227,0,0,0,"f_info","primary_kin","EX"
"exsu039","EX",1,2,6,67,7,69,70,5,829.8,165.96,0.4,0.2,0.5,0.0895522388059701,0.0289855072463768,0.00579710144927536,0.142857142857143,0.0285714285714286,5.58333333333333,"f_info","primary_kin","EX"
"exsu040","EX",0,1,8,68,8,69,70,7,4904,700.571428571429,0.142857142857143,0,0,0.117647058823529,0.0144927536231884,0.0020703933747412,0,0,0,"f_info","primary_kin","EX"
"exsu041","EX",0,2,10,67,10,69,70,5,6487.8,1297.56,0.4,0,0,0.149253731343284,0.0289855072463768,0.00579710144927536,0,0,0,"f_info","primary_kin","EX"
"exsu042","EX",0,2,5,67,5,69,70,6,3818.6,636.433333333333,0.333333333333333,0,0,0.0746268656716418,0.0289855072463768,0.00483091787439614,0,0,0,"f_info","primary_kin","EX"
"exsu043","EX",1,2,7,67,8,69,70,3,2621,873.666666666667,0.666666666666667,0.333333333333333,0.5,0.104477611940299,0.0289855072463768,0.00966183574879227,0.125,0.0416666666666667,4.78571428571429,"f_info","primary_kin","EX"
"exsu044","EX",0,4,1,65,1,69,70,6,1032,172,0.666666666666667,0,0,0.0153846153846154,0.0579710144927536,0.00966183574879227,0,0,0,"f_info","primary_kin","EX"
"exsu045","EX",0,1,8,68,8,69,70,6,1933,322.166666666667,0.166666666666667,0,0,0.117647058823529,0.0144927536231884,0.00241545893719807,0,0,0,"f_info","primary_kin","EX"
"exsu046","EX",0,2,7,67,7,69,70,7,494,70.5714285714286,0.285714285714286,0,0,0.104477611940299,0.0289855072463768,0.0041407867494824,0,0,0,"f_info","primary_kin","EX"
"exsu047","EX",1,3,3,66,4,69,70,3,943.2,314.4,1,0.333333333333333,0.333333333333333,0.0454545454545455,0.0434782608695652,0.0144927536231884,0.25,0.0833333333333333,7.33333333333333,"f_info","primary_kin","EX"
"exsu048","EX",0,1,5,68,5,69,70,6,2850,475,0.166666666666667,0,0,0.0735294117647059,0.0144927536231884,0.00241545893719807,0,0,0,"f_info","primary_kin","EX"
"exsu049","EX",0,2,4,67,4,69,70,4,1072,268,0.5,0,0,0.0597014925373134,0.0289855072463768,0.0072463768115942,0,0,0,"f_info","primary_kin","EX"
"exsu050","EX",0,2,4,67,4,69,70,4,572,143,0.5,0,0,0.0597014925373134,0.0289855072463768,0.0072463768115942,0,0,0,"f_info","primary_kin","EX"
"exsu051","EX",0,1,4,68,4,69,70,7,2877.6,411.085714285714,0.142857142857143,0,0,0.0588235294117647,0.0144927536231884,0.0020703933747412,0,0,0,"f_info","primary_kin","EX"
"exsu052","EX",0,1,10,68,10,69,70,7,2012,287.428571428571,0.142857142857143,0,0,0.147058823529412,0.0144927536231884,0.0020703933747412,0,0,0,"f_info","primary_kin","EX"
"exsu053","EX",0,1,10,68,10,69,70,6,6528.6,1088.1,0.166666666666667,0,0,0.147058823529412,0.0144927536231884,0.00241545893719807,0,0,0,"f_info","primary_kin","EX"
"exsu054","EX",0,2,7,67,7,69,70,6,1739.8,289.966666666667,0.333333333333333,0,0,0.104477611940299,0.0289855072463768,0.00483091787439614,0,0,0,"f_info","primary_kin","EX"
"exsu055","EX",0,0,1,69,1,69,70,3,3019.6,1006.53333333333,0,0,NA,0.0144927536231884,0,0,0,0,NA,"f_info","primary_kin","EX"
"exsu056","EX",0,3,10,66,10,69,70,5,2649,529.8,0.6,0,0,0.151515151515152,0.0434782608695652,0.00869565217391304,0,0,0,"f_info","primary_kin","EX"
"exsu057","EX",1,6,8,63,9,69,70,7,3864.6,552.085714285714,0.857142857142857,0.142857142857143,0.166666666666667,0.126984126984127,0.0869565217391304,0.0124223602484472,0.111111111111111,0.0158730158730159,1.3125,"f_info","primary_kin","EX"
"exsu058","EX",0,1,8,68,8,69,70,5,938,187.6,0.2,0,0,0.117647058823529,0.0144927536231884,0.00289855072463768,0,0,0,"f_info","primary_kin","EX"
"exsu059","EX",1,2,3,67,4,69,70,3,4723.6,1574.53333333333,0.666666666666667,0.333333333333333,0.5,0.0447761194029851,0.0289855072463768,0.00966183574879227,0.25,0.0833333333333333,11.1666666666667,"f_info","primary_kin","EX"
"exsu060","EX",0,2,14,67,14,69,70,5,3658.2,731.64,0.4,0,0,0.208955223880597,0.0289855072463768,0.00579710144927536,0,0,0,"f_info","primary_kin","EX"
"exsu061","EX",0,1,7,68,7,69,70,7,1931.6,275.942857142857,0.142857142857143,0,0,0.102941176470588,0.0144927536231884,0.0020703933747412,0,0,0,"f_info","primary_kin","EX"
"exsu062","EX",1,2,5,67,6,69,70,7,5784,826.285714285714,0.285714285714286,0.142857142857143,0.5,0.0746268656716418,0.0289855072463768,0.0041407867494824,0.166666666666667,0.0238095238095238,6.7,"f_info","primary_kin","EX"
"exsu063","EX",0,1,9,68,9,69,70,4,4085.6,1021.4,0.25,0,0,0.132352941176471,0.0144927536231884,0.0036231884057971,0,0,0,"f_info","primary_kin","EX"
"exsu064","EX",1,2,7,67,8,69,70,6,2867.6,477.933333333333,0.333333333333333,0.166666666666667,0.5,0.104477611940299,0.0289855072463768,0.00483091787439614,0.125,0.0208333333333333,4.78571428571429,"f_info","primary_kin","EX"
"exsu065","EX",0,3,5,66,5,69,70,5,2715.6,543.12,0.6,0,0,0.0757575757575758,0.0434782608695652,0.00869565217391304,0,0,0,"f_info","primary_kin","EX"
"exsu066","EX",0,3,4,66,4,69,70,6,3046.6,507.766666666667,0.5,0,0,0.0606060606060606,0.0434782608695652,0.0072463768115942,0,0,0,"f_info","primary_kin","EX"
"exsu067","EX",0,3,3,66,3,69,70,4,1578,394.5,0.75,0,0,0.0454545454545455,0.0434782608695652,0.0108695652173913,0,0,0,"f_info","primary_kin","EX"
"exsu068","EX",0,3,4,66,4,69,70,3,3075,1025,1,0,0,0.0606060606060606,0.0434782608695652,0.0144927536231884,0,0,0,"f_info","primary_kin","EX"
"exsu069","EX",0,2,7,67,7,69,70,4,3305,826.25,0.5,0,0,0.104477611940299,0.0289855072463768,0.0072463768115942,0,0,0,"f_info","primary_kin","EX"
"exsu070","EX",0,3,5,66,5,69,70,3,2335.8,778.6,1,0,0,0.0757575757575758,0.0434782608695652,0.0144927536231884,0,0,0,"f_info","primary_kin","EX"
"sisu001","SI",0,1,5,38,5,39,40,7,6725.2,960.742857142857,0.142857142857143,0,0,0.131578947368421,0.0256410256410256,0.00366300366300366,0,0,0,"f_info","primary_kin","SI"
"sisu002","SI",0,2,10,37,10,39,40,6,4015.6,669.266666666667,0.333333333333333,0,0,0.27027027027027,0.0512820512820513,0.00854700854700855,0,0,0,"f_info","primary_kin","SI"
"sisu003","SI",1,4,5,35,6,39,40,3,3457.2,1152.4,1.33333333333333,0.333333333333333,0.25,0.142857142857143,0.102564102564103,0.0341880341880342,0.166666666666667,0.0555555555555556,1.75,"f_info","primary_kin","SI"
"sisu004","SI",0,6,3,33,3,39,40,3,3015.8,1005.26666666667,2,0,0,0.0909090909090909,0.153846153846154,0.0512820512820513,0,0,0,"f_info","primary_kin","SI"
"sisu005","SI",0,2,6,37,6,39,40,3,957.6,319.2,0.666666666666667,0,0,0.162162162162162,0.0512820512820513,0.0170940170940171,0,0,0,"f_info","primary_kin","SI"
"sisu006","SI",0,2,9,37,9,39,40,3,1668,556,0.666666666666667,0,0,0.243243243243243,0.0512820512820513,0.0170940170940171,0,0,0,"f_info","primary_kin","SI"
"sisu007","SI",1,5,6,34,7,39,40,4,1634,408.5,1.25,0.25,0.2,0.176470588235294,0.128205128205128,0.032051282051282,0.142857142857143,0.0357142857142857,1.13333333333333,"f_info","primary_kin","SI"
"sisu008","SI",0,3,2,36,2,39,40,4,1773.2,443.3,0.75,0,0,0.0555555555555556,0.0769230769230769,0.0192307692307692,0,0,0,"f_info","primary_kin","SI"
"sisu009","SI",1,4,8,35,9,39,40,4,2157,539.25,1,0.25,0.25,0.228571428571429,0.102564102564103,0.0256410256410256,0.111111111111111,0.0277777777777778,1.09375,"f_info","primary_kin","SI"
"sisu010","SI",0,0,5,39,5,39,40,4,2569,642.25,0,0,NA,0.128205128205128,0,0,0,0,NA,"f_info","primary_kin","SI"
"sisu011","SI",0,1,5,38,5,39,40,3,3492.6,1164.2,0.333333333333333,0,0,0.131578947368421,0.0256410256410256,0.00854700854700855,0,0,0,"f_info","primary_kin","SI"
"sisu012","SI",2,4,3,35,5,39,40,3,3090.2,1030.06666666667,1.33333333333333,0.666666666666667,0.5,0.0857142857142857,0.102564102564103,0.0341880341880342,0.4,0.133333333333333,5.83333333333333,"f_info","primary_kin","SI"
"sisu013","SI",0,2,6,37,6,39,40,3,2711.2,903.733333333333,0.666666666666667,0,0,0.162162162162162,0.0512820512820513,0.0170940170940171,0,0,0,"f_info","primary_kin","SI"
"sisu014","SI",0,0,8,39,8,39,40,5,3955.2,791.04,0,0,NA,0.205128205128205,0,0,0,0,NA,"f_info","primary_kin","SI"
"sisu015","SI",1,3,11,36,12,39,40,7,5079.6,725.657142857143,0.428571428571429,0.142857142857143,0.333333333333333,0.305555555555556,0.0769230769230769,0.010989010989011,0.0833333333333333,0.0119047619047619,1.09090909090909,"f_info","primary_kin","SI"
"sisu016","SI",0,3,1,36,1,39,40,6,3258.6,543.1,0.5,0,0,0.0277777777777778,0.0769230769230769,0.0128205128205128,0,0,0,"f_info","primary_kin","SI"
"sisu017","SI",0,1,9,38,9,39,40,7,5293.6,756.228571428572,0.142857142857143,0,0,0.236842105263158,0.0256410256410256,0.00366300366300366,0,0,0,"f_info","primary_kin","SI"
"sisu018","SI",0,2,5,37,5,39,40,3,980,326.666666666667,0.666666666666667,0,0,0.135135135135135,0.0512820512820513,0.0170940170940171,0,0,0,"f_info","primary_kin","SI"
"sisu019","SI",0,4,1,35,1,39,40,3,1973,657.666666666667,1.33333333333333,0,0,0.0285714285714286,0.102564102564103,0.0341880341880342,0,0,0,"f_info","primary_kin","SI"
"sisu020","SI",0,3,1,36,1,39,40,4,2122.2,530.55,0.75,0,0,0.0277777777777778,0.0769230769230769,0.0192307692307692,0,0,0,"f_info","primary_kin","SI"
"sisu021","SI",0,1,11,38,11,39,40,7,2010,287.142857142857,0.142857142857143,0,0,0.289473684210526,0.0256410256410256,0.00366300366300366,0,0,0,"f_info","primary_kin","SI"
"sisu022","SI",0,2,5,37,5,39,40,4,2600.2,650.05,0.5,0,0,0.135135135135135,0.0512820512820513,0.0128205128205128,0,0,0,"f_info","primary_kin","SI"
"sisu023","SI",1,2,9,37,10,39,40,5,3122.2,624.44,0.4,0.2,0.5,0.243243243243243,0.0512820512820513,0.0102564102564103,0.1,0.02,2.05555555555556,"f_info","primary_kin","SI"
"sisu024","SI",0,3,0,36,0,39,40,3,1423.6,474.533333333333,1,0,0,0,0.0769230769230769,0.0256410256410256,NA,NA,NA,"f_info","primary_kin","SI"
"sisu025","SI",0,4,7,35,7,39,40,3,1945.2,648.4,1.33333333333333,0,0,0.2,0.102564102564103,0.0341880341880342,0,0,0,"f_info","primary_kin","SI"
"sisu026","SI",0,5,3,34,3,39,40,3,3222,1074,1.66666666666667,0,0,0.0882352941176471,0.128205128205128,0.0427350427350427,0,0,0,"f_info","primary_kin","SI"
"sisu027","SI",0,4,8,35,8,39,40,4,5309.2,1327.3,1,0,0,0.228571428571429,0.102564102564103,0.0256410256410256,0,0,0,"f_info","primary_kin","SI"
"sisu028","SI",1,3,9,36,10,39,40,6,3121,520.166666666667,0.5,0.166666666666667,0.333333333333333,0.25,0.0769230769230769,0.0128205128205128,0.1,0.0166666666666667,1.33333333333333,"f_info","primary_kin","SI"
"sisu029","SI",0,2,5,37,5,39,40,5,5283.2,1056.64,0.4,0,0,0.135135135135135,0.0512820512820513,0.0102564102564103,0,0,0,"f_info","primary_kin","SI"
"sisu030","SI",0,4,4,35,4,39,40,7,3370,481.428571428571,0.571428571428571,0,0,0.114285714285714,0.102564102564103,0.0146520146520147,0,0,0,"f_info","primary_kin","SI"
"sisu031","SI",0,2,6,37,6,39,40,5,2474,494.8,0.4,0,0,0.162162162162162,0.0512820512820513,0.0102564102564103,0,0,0,"f_info","primary_kin","SI"
"sisu032","SI",0,1,9,38,9,39,40,5,359,71.8,0.2,0,0,0.236842105263158,0.0256410256410256,0.00512820512820513,0,0,0,"f_info","primary_kin","SI"
"sisu033","SI",0,3,6,36,6,39,40,5,4396,879.2,0.6,0,0,0.166666666666667,0.0769230769230769,0.0153846153846154,0,0,0,"f_info","primary_kin","SI"
"sisu034","SI",0,1,9,38,9,39,40,6,2779,463.166666666667,0.166666666666667,0,0,0.236842105263158,0.0256410256410256,0.00427350427350427,0,0,0,"f_info","primary_kin","SI"
"sisu035","SI",1,2,5,37,6,39,40,7,4425,632.142857142857,0.285714285714286,0.142857142857143,0.5,0.135135135135135,0.0512820512820513,0.00732600732600733,0.166666666666667,0.0238095238095238,3.7,"f_info","primary_kin","SI"
"sisu036","SI",0,3,6,36,6,39,40,4,2113.6,528.4,0.75,0,0,0.166666666666667,0.0769230769230769,0.0192307692307692,0,0,0,"f_info","primary_kin","SI"
"sisu037","SI",1,2,6,37,7,39,40,6,712.6,118.766666666667,0.333333333333333,0.166666666666667,0.5,0.162162162162162,0.0512820512820513,0.00854700854700855,0.142857142857143,0.0238095238095238,3.08333333333333,"f_info","primary_kin","SI"
"sisu038","SI",0,0,9,39,9,39,40,5,4104,820.8,0,0,NA,0.230769230769231,0,0,0,0,NA,"f_info","primary_kin","SI"
"sisu039","SI",1,3,7,36,8,39,40,4,3582.6,895.65,0.75,0.25,0.333333333333333,0.194444444444444,0.0769230769230769,0.0192307692307692,0.125,0.03125,1.71428571428571,"f_info","primary_kin","SI"
"sisu040","SI",1,3,7,36,8,39,40,7,1867,266.714285714286,0.428571428571429,0.142857142857143,0.333333333333333,0.194444444444444,0.0769230769230769,0.010989010989011,0.125,0.0178571428571429,1.71428571428571,"f_info","primary_kin","SI"
"smsu001","SM",0,3,5,96,5,99,100,5,5400,1080,0.6,0,0,0.0520833333333333,0.0303030303030303,0.00606060606060606,0,0,0,"f_info","primary_kin","SM"
"smsu002","SM",0,2,0,97,0,99,100,6,3285.6,547.6,0.333333333333333,0,0,0,0.0202020202020202,0.00336700336700337,NA,NA,NA,"f_info","primary_kin","SM"
"smsu003","SM",0,2,6,97,6,99,100,4,1157,289.25,0.5,0,0,0.0618556701030928,0.0202020202020202,0.00505050505050505,0,0,0,"f_info","primary_kin","SM"
"smsu004","SM",0,2,10,97,10,99,100,4,3386,846.5,0.5,0,0,0.103092783505155,0.0202020202020202,0.00505050505050505,0,0,0,"f_info","primary_kin","SM"
"smsu005","SM",0,3,10,96,10,99,100,4,3342.2,835.55,0.75,0,0,0.104166666666667,0.0303030303030303,0.00757575757575758,0,0,0,"f_info","primary_kin","SM"
"smsu006","SM",0,1,2,98,2,99,100,5,3328,665.6,0.2,0,0,0.0204081632653061,0.0101010101010101,0.00202020202020202,0,0,0,"f_info","primary_kin","SM"
"smsu007","SM",0,6,12,93,12,99,100,7,649,92.7142857142857,0.857142857142857,0,0,0.129032258064516,0.0606060606060606,0.00865800865800866,0,0,0,"f_info","primary_kin","SM"
"smsu008","SM",0,3,5,96,5,99,100,4,384,96,0.75,0,0,0.0520833333333333,0.0303030303030303,0.00757575757575758,0,0,0,"f_info","primary_kin","SM"
"smsu009","SM",1,3,4,96,5,99,100,6,2672.8,445.466666666667,0.5,0.166666666666667,0.333333333333333,0.0416666666666667,0.0303030303030303,0.00505050505050505,0.2,0.0333333333333333,8,"f_info","primary_kin","SM"
"smsu010","SM",0,5,7,94,7,99,100,5,3025.2,605.04,1,0,0,0.074468085106383,0.0505050505050505,0.0101010101010101,0,0,0,"f_info","primary_kin","SM"
"smsu011","SM",0,2,9,97,9,99,100,7,2042,291.714285714286,0.285714285714286,0,0,0.0927835051546392,0.0202020202020202,0.00288600288600289,0,0,0,"f_info","primary_kin","SM"
"smsu012","SM",0,1,6,98,6,99,100,4,2378,594.5,0.25,0,0,0.0612244897959184,0.0101010101010101,0.00252525252525253,0,0,0,"f_info","primary_kin","SM"
"smsu013","SM",1,2,5,97,6,99,100,5,673,134.6,0.4,0.2,0.5,0.0515463917525773,0.0202020202020202,0.00404040404040404,0.166666666666667,0.0333333333333333,9.7,"f_info","primary_kin","SM"
"smsu014","SM",0,1,6,98,6,99,100,4,404,101,0.25,0,0,0.0612244897959184,0.0101010101010101,0.00252525252525253,0,0,0,"f_info","primary_kin","SM"
"smsu015","SM",0,3,5,96,5,99,100,5,1835,367,0.6,0,0,0.0520833333333333,0.0303030303030303,0.00606060606060606,0,0,0,"f_info","primary_kin","SM"
"smsu016","SM",0,1,2,98,2,99,100,3,615,205,0.333333333333333,0,0,0.0204081632653061,0.0101010101010101,0.00336700336700337,0,0,0,"f_info","primary_kin","SM"
"smsu017","SM",0,0,10,99,10,99,100,7,2885,412.142857142857,0,0,NA,0.101010101010101,0,0,0,0,NA,"f_info","primary_kin","SM"
"smsu018","SM",1,1,6,98,7,99,100,7,1607.8,229.685714285714,0.142857142857143,0.142857142857143,1,0.0612244897959184,0.0101010101010101,0.00144300144300144,0.142857142857143,0.0204081632653061,16.3333333333333,"f_info","primary_kin","SM"
"smsu019","SM",1,3,7,96,8,99,100,7,6534,933.428571428571,0.428571428571429,0.142857142857143,0.333333333333333,0.0729166666666667,0.0303030303030303,0.00432900432900433,0.125,0.0178571428571429,4.57142857142857,"f_info","primary_kin","SM"
"smsu020","SM",0,4,8,95,8,99,100,5,749,149.8,0.8,0,0,0.0842105263157895,0.0404040404040404,0.00808080808080808,0,0,0,"f_info","primary_kin","SM"
"smsu021","SM",0,1,7,98,7,99,100,7,994,142,0.142857142857143,0,0,0.0714285714285714,0.0101010101010101,0.00144300144300144,0,0,0,"f_info","primary_kin","SM"
"smsu022","SM",0,7,4,92,4,99,100,4,2656.6,664.15,1.75,0,0,0.0434782608695652,0.0707070707070707,0.0176767676767677,0,0,0,"f_info","primary_kin","SM"
"smsu023","SM",0,1,4,98,4,99,100,4,4842,1210.5,0.25,0,0,0.0408163265306122,0.0101010101010101,0.00252525252525253,0,0,0,"f_info","primary_kin","SM"
"smsu024","SM",0,1,7,98,7,99,100,3,3327.6,1109.2,0.333333333333333,0,0,0.0714285714285714,0.0101010101010101,0.00336700336700337,0,0,0,"f_info","primary_kin","SM"
"smsu025","SM",0,1,10,98,10,99,100,4,1977,494.25,0.25,0,0,0.102040816326531,0.0101010101010101,0.00252525252525253,0,0,0,"f_info","primary_kin","SM"
"smsu026","SM",0,2,8,97,8,99,100,5,894.2,178.84,0.4,0,0,0.0824742268041237,0.0202020202020202,0.00404040404040404,0,0,0,"f_info","primary_kin","SM"
"smsu027","SM",1,1,7,98,8,99,100,6,550,91.6666666666667,0.166666666666667,0.166666666666667,1,0.0714285714285714,0.0101010101010101,0.00168350168350168,0.125,0.0208333333333333,14,"f_info","primary_kin","SM"
"smsu028","SM",1,3,7,96,8,99,100,5,3705.6,741.12,0.6,0.2,0.333333333333333,0.0729166666666667,0.0303030303030303,0.00606060606060606,0.125,0.025,4.57142857142857,"f_info","primary_kin","SM"
"smsu029","SM",0,2,6,97,6,99,100,4,2180.6,545.15,0.5,0,0,0.0618556701030928,0.0202020202020202,0.00505050505050505,0,0,0,"f_info","primary_kin","SM"
"smsu030","SM",0,2,9,97,9,99,100,5,1405.2,281.04,0.4,0,0,0.0927835051546392,0.0202020202020202,0.00404040404040404,0,0,0,"f_info","primary_kin","SM"
"smsu031","SM",0,2,7,97,7,99,100,7,618.2,88.3142857142857,0.285714285714286,0,0,0.0721649484536082,0.0202020202020202,0.00288600288600289,0,0,0,"f_info","primary_kin","SM"
"smsu032","SM",0,1,8,98,8,99,100,4,967,241.75,0.25,0,0,0.0816326530612245,0.0101010101010101,0.00252525252525253,0,0,0,"f_info","primary_kin","SM"
"smsu033","SM",0,2,11,97,11,99,100,6,1035,172.5,0.333333333333333,0,0,0.11340206185567,0.0202020202020202,0.00336700336700337,0,0,0,"f_info","primary_kin","SM"
"smsu034","SM",0,3,3,96,3,99,100,6,3962.2,660.366666666667,0.5,0,0,0.03125,0.0303030303030303,0.00505050505050505,0,0,0,"f_info","primary_kin","SM"
"smsu035","SM",0,1,6,98,6,99,100,5,1059,211.8,0.2,0,0,0.0612244897959184,0.0101010101010101,0.00202020202020202,0,0,0,"f_info","primary_kin","SM"
"smsu036","SM",1,4,8,95,9,99,100,6,1699,283.166666666667,0.666666666666667,0.166666666666667,0.25,0.0842105263157895,0.0404040404040404,0.00673400673400673,0.111111111111111,0.0185185185185185,2.96875,"f_info","primary_kin","SM"
"smsu037","SM",0,2,5,97,5,99,100,5,4389,877.8,0.4,0,0,0.0515463917525773,0.0202020202020202,0.00404040404040404,0,0,0,"f_info","primary_kin","SM"
"smsu038","SM",0,1,4,98,4,99,100,6,1868,311.333333333333,0.166666666666667,0,0,0.0408163265306122,0.0101010101010101,0.00168350168350168,0,0,0,"f_info","primary_kin","SM"
"smsu039","SM",0,4,12,95,12,99,100,6,374,62.3333333333333,0.666666666666667,0,0,0.126315789473684,0.0404040404040404,0.00673400673400673,0,0,0,"f_info","primary_kin","SM"
"smsu040","SM",0,2,4,97,4,99,100,6,3031,505.166666666667,0.333333333333333,0,0,0.0412371134020619,0.0202020202020202,0.00336700336700337,0,0,0,"f_info","primary_kin","SM"
"smsu041","SM",0,4,2,95,2,99,100,3,2200.6,733.533333333333,1.33333333333333,0,0,0.0210526315789474,0.0404040404040404,0.0134680134680135,0,0,0,"f_info","primary_kin","SM"
"smsu042","SM",0,3,6,96,6,99,100,5,2348,469.6,0.6,0,0,0.0625,0.0303030303030303,0.00606060606060606,0,0,0,"f_info","primary_kin","SM"
"smsu043","SM",0,4,6,95,6,99,100,5,1986.8,397.36,0.8,0,0,0.0631578947368421,0.0404040404040404,0.00808080808080808,0,0,0,"f_info","primary_kin","SM"
"smsu044","SM",1,1,7,98,8,99,100,6,804,134,0.166666666666667,0.166666666666667,1,0.0714285714285714,0.0101010101010101,0.00168350168350168,0.125,0.0208333333333333,14,"f_info","primary_kin","SM"
"smsu045","SM",0,1,7,98,7,99,100,4,496.6,124.15,0.25,0,0,0.0714285714285714,0.0101010101010101,0.00252525252525253,0,0,0,"f_info","primary_kin","SM"
"smsu046","SM",0,2,2,97,2,99,100,5,1821.2,364.24,0.4,0,0,0.0206185567010309,0.0202020202020202,0.00404040404040404,0,0,0,"f_info","primary_kin","SM"
"smsu047","SM",0,2,6,97,6,99,100,5,4280.2,856.04,0.4,0,0,0.0618556701030928,0.0202020202020202,0.00404040404040404,0,0,0,"f_info","primary_kin","SM"
"smsu048","SM",0,2,2,97,2,99,100,5,2620.2,524.04,0.4,0,0,0.0206185567010309,0.0202020202020202,0.00404040404040404,0,0,0,"f_info","primary_kin","SM"
"smsu049","SM",0,2,9,97,9,99,100,3,1189.6,396.533333333333,0.666666666666667,0,0,0.0927835051546392,0.0202020202020202,0.00673400673400673,0,0,0,"f_info","primary_kin","SM"
"smsu050","SM",0,1,6,98,6,99,100,3,1979.2,659.733333333333,0.333333333333333,0,0,0.0612244897959184,0.0101010101010101,0.00336700336700337,0,0,0,"f_info","primary_kin","SM"
"smsu051","SM",0,2,11,97,11,99,100,5,2385,477,0.4,0,0,0.11340206185567,0.0202020202020202,0.00404040404040404,0,0,0,"f_info","primary_kin","SM"
"smsu052","SM",0,2,5,97,5,99,100,5,956,191.2,0.4,0,0,0.0515463917525773,0.0202020202020202,0.00404040404040404,0,0,0,"f_info","primary_kin","SM"
"smsu053","SM",1,6,9,93,10,99,100,6,3965,660.833333333333,1,0.166666666666667,0.166666666666667,0.0967741935483871,0.0606060606060606,0.0101010101010101,0.1,0.0166666666666667,1.72222222222222,"f_info","primary_kin","SM"
"smsu054","SM",0,2,4,97,4,99,100,6,2622,437,0.333333333333333,0,0,0.0412371134020619,0.0202020202020202,0.00336700336700337,0,0,0,"f_info","primary_kin","SM"
"smsu055","SM",0,0,10,99,10,99,100,6,2952.2,492.033333333333,0,0,NA,0.101010101010101,0,0,0,0,NA,"f_info","primary_kin","SM"
"smsu056","SM",1,3,2,96,3,99,100,7,968.2,138.314285714286,0.428571428571429,0.142857142857143,0.333333333333333,0.0208333333333333,0.0303030303030303,0.00432900432900433,0.333333333333333,0.0476190476190476,16,"f_info","primary_kin","SM"
"smsu057","SM",0,3,2,96,2,99,100,5,3231,646.2,0.6,0,0,0.0208333333333333,0.0303030303030303,0.00606060606060606,0,0,0,"f_info","primary_kin","SM"
"smsu058","SM",0,2,4,97,4,99,100,5,3001.6,600.32,0.4,0,0,0.0412371134020619,0.0202020202020202,0.00404040404040404,0,0,0,"f_info","primary_kin","SM"
"smsu059","SM",0,2,6,97,6,99,100,3,1883,627.666666666667,0.666666666666667,0,0,0.0618556701030928,0.0202020202020202,0.00673400673400673,0,0,0,"f_info","primary_kin","SM"
"smsu060","SM",0,4,13,95,13,99,100,7,3673,524.714285714286,0.571428571428571,0,0,0.136842105263158,0.0404040404040404,0.00577200577200577,0,0,0,"f_info","primary_kin","SM"
"smsu061","SM",0,2,2,97,2,99,100,4,2846.6,711.65,0.5,0,0,0.0206185567010309,0.0202020202020202,0.00505050505050505,0,0,0,"f_info","primary_kin","SM"
"smsu062","SM",0,2,2,97,2,99,100,4,1748.6,437.15,0.5,0,0,0.0206185567010309,0.0202020202020202,0.00505050505050505,0,0,0,"f_info","primary_kin","SM"
"smsu063","SM",0,1,3,98,3,99,100,5,1671.6,334.32,0.2,0,0,0.0306122448979592,0.0101010101010101,0.00202020202020202,0,0,0,"f_info","primary_kin","SM"
"smsu064","SM",0,1,7,98,7,99,100,3,2160,720,0.333333333333333,0,0,0.0714285714285714,0.0101010101010101,0.00336700336700337,0,0,0,"f_info","primary_kin","SM"
"smsu065","SM",0,3,11,96,11,99,100,5,910,182,0.6,0,0,0.114583333333333,0.0303030303030303,0.00606060606060606,0,0,0,"f_info","primary_kin","SM"
"smsu066","SM",0,3,4,96,4,99,100,3,2907,969,1,0,0,0.0416666666666667,0.0303030303030303,0.0101010101010101,0,0,0,"f_info","primary_kin","SM"
"smsu067","SM",0,2,8,97,8,99,100,7,1810.6,258.657142857143,0.285714285714286,0,0,0.0824742268041237,0.0202020202020202,0.00288600288600289,0,0,0,"f_info","primary_kin","SM"
"smsu068","SM",1,4,5,95,6,99,100,3,4634,1544.66666666667,1.33333333333333,0.333333333333333,0.25,0.0526315789473684,0.0404040404040404,0.0134680134680135,0.166666666666667,0.0555555555555556,4.75,"f_info","primary_kin","SM"
"smsu069","SM",0,1,9,98,9,99,100,6,395.6,65.9333333333333,0.166666666666667,0,0,0.0918367346938776,0.0101010101010101,0.00168350168350168,0,0,0,"f_info","primary_kin","SM"
"smsu070","SM",0,2,10,97,10,99,100,6,6160.6,1026.76666666667,0.333333333333333,0,0,0.103092783505155,0.0202020202020202,0.00336700336700337,0,0,0,"f_info","primary_kin","SM"
"smsu071","SM",0,4,6,95,6,99,100,5,1376,275.2,0.8,0,0,0.0631578947368421,0.0404040404040404,0.00808080808080808,0,0,0,"f_info","primary_kin","SM"
"smsu072","SM",0,2,4,97,4,99,100,4,2077.2,519.3,0.5,0,0,0.0412371134020619,0.0202020202020202,0.00505050505050505,0,0,0,"f_info","primary_kin","SM"
"smsu073","SM",0,2,5,97,5,99,100,3,4405.8,1468.6,0.666666666666667,0,0,0.0515463917525773,0.0202020202020202,0.00673400673400673,0,0,0,"f_info","primary_kin","SM"
"smsu074","SM",0,1,5,98,5,99,100,4,2508.2,627.05,0.25,0,0,0.0510204081632653,0.0101010101010101,0.00252525252525253,0,0,0,"f_info","primary_kin","SM"
"smsu075","SM",1,3,9,96,10,99,100,7,2496.8,356.685714285714,0.428571428571429,0.142857142857143,0.333333333333333,0.09375,0.0303030303030303,0.00432900432900433,0.1,0.0142857142857143,3.55555555555556,"f_info","primary_kin","SM"
"smsu076","SM",0,3,6,96,6,99,100,7,670,95.7142857142857,0.428571428571429,0,0,0.0625,0.0303030303030303,0.00432900432900433,0,0,0,"f_info","primary_kin","SM"
"smsu077","SM",0,5,6,94,6,99,100,5,6092,1218.4,1,0,0,0.0638297872340425,0.0505050505050505,0.0101010101010101,0,0,0,"f_info","primary_kin","SM"
"smsu078","SM",0,1,3,98,3,99,100,4,3154.2,788.55,0.25,0,0,0.0306122448979592,0.0101010101010101,0.00252525252525253,0,0,0,"f_info","primary_kin","SM"
"smsu079","SM",0,3,6,96,6,99,100,7,4164,594.857142857143,0.428571428571429,0,0,0.0625,0.0303030303030303,0.00432900432900433,0,0,0,"f_info","primary_kin","SM"
"smsu080","SM",0,1,4,98,4,99,100,4,1439,359.75,0.25,0,0,0.0408163265306122,0.0101010101010101,0.00252525252525253,0,0,0,"f_info","primary_kin","SM"
"smsu081","SM",0,2,9,97,9,99,100,6,2253.6,375.6,0.333333333333333,0,0,0.0927835051546392,0.0202020202020202,0.00336700336700337,0,0,0,"f_info","primary_kin","SM"
"smsu082","SM",0,4,4,95,4,99,100,3,849.8,283.266666666667,1.33333333333333,0,0,0.0421052631578947,0.0404040404040404,0.0134680134680135,0,0,0,"f_info","primary_kin","SM"
"smsu083","SM",0,1,5,98,5,99,100,3,3770,1256.66666666667,0.333333333333333,0,0,0.0510204081632653,0.0101010101010101,0.00336700336700337,0,0,0,"f_info","primary_kin","SM"
"smsu084","SM",0,4,4,95,4,99,100,4,5449,1362.25,1,0,0,0.0421052631578947,0.0404040404040404,0.0101010101010101,0,0,0,"f_info","primary_kin","SM"
"smsu085","SM",0,3,6,96,6,99,100,5,2886.2,577.24,0.6,0,0,0.0625,0.0303030303030303,0.00606060606060606,0,0,0,"f_info","primary_kin","SM"
"smsu086","SM",0,2,11,97,11,99,100,6,2650.6,441.766666666667,0.333333333333333,0,0,0.11340206185567,0.0202020202020202,0.00336700336700337,0,0,0,"f_info","primary_kin","SM"
"smsu087","SM",0,1,2,98,2,99,100,3,3232,1077.33333333333,0.333333333333333,0,0,0.0204081632653061,0.0101010101010101,0.00336700336700337,0,0,0,"f_info","primary_kin","SM"
"smsu088","SM",0,4,6,95,6,99,100,3,1344.6,448.2,1.33333333333333,0,0,0.0631578947368421,0.0404040404040404,0.0134680134680135,0,0,0,"f_info","primary_kin","SM"
"smsu089","SM",0,1,5,98,5,99,100,7,3185,455,0.142857142857143,0,0,0.0510204081632653,0.0101010101010101,0.00144300144300144,0,0,0,"f_info","primary_kin","SM"
"smsu090","SM",0,2,7,97,7,99,100,7,609.6,87.0857142857143,0.285714285714286,0,0,0.0721649484536082,0.0202020202020202,0.00288600288600289,0,0,0,"f_info","primary_kin","SM"
"smsu091","SM",0,1,2,98,2,99,100,6,5777,962.833333333333,0.166666666666667,0,0,0.0204081632653061,0.0101010101010101,0.00168350168350168,0,0,0,"f_info","primary_kin","SM"
"smsu092","SM",0,3,6,96,6,99,100,4,1826.6,456.65,0.75,0,0,0.0625,0.0303030303030303,0.00757575757575758,0,0,0,"f_info","primary_kin","SM"
"smsu093","SM",0,3,6,96,6,99,100,4,1200,300,0.75,0,0,0.0625,0.0303030303030303,0.00757575757575758,0,0,0,"f_info","primary_kin","SM"
"smsu094","SM",0,1,1,98,1,99,100,3,2658,886,0.333333333333333,0,0,0.0102040816326531,0.0101010101010101,0.00336700336700337,0,0,0,"f_info","primary_kin","SM"
"smsu095","SM",0,1,5,98,5,99,100,5,3604.6,720.92,0.2,0,0,0.0510204081632653,0.0101010101010101,0.00202020202020202,0,0,0,"f_info","primary_kin","SM"
"smsu096","SM",0,2,5,97,5,99,100,4,2301,575.25,0.5,0,0,0.0515463917525773,0.0202020202020202,0.00505050505050505,0,0,0,"f_info","primary_kin","SM"
"smsu097","SM",0,3,7,96,7,99,100,6,3253,542.166666666667,0.5,0,0,0.0729166666666667,0.0303030303030303,0.00505050505050505,0,0,0,"f_info","primary_kin","SM"
"smsu098","SM",1,2,3,97,4,99,100,5,3177.2,635.44,0.4,0.2,0.5,0.0309278350515464,0.0202020202020202,0.00404040404040404,0.25,0.05,16.1666666666667,"f_info","primary_kin","SM"
"smsu099","SM",0,2,7,97,7,99,100,6,621,103.5,0.333333333333333,0,0,0.0721649484536082,0.0202020202020202,0.00336700336700337,0,0,0,"f_info","primary_kin","SM"
"smsu100","SM",0,1,10,98,10,99,100,5,673.6,134.72,0.2,0,0,0.102040816326531,0.0101010101010101,0.00202020202020202,0,0,0,"f_info","primary_kin","SM"
"egsu001","EG",1,4,7,55,8,59,60,6,4266.6,711.1,0.666666666666667,0.166666666666667,0.25,0.127272727272727,0.0677966101694915,0.0112994350282486,0.125,0.0208333333333333,1.96428571428571,"m_info","primary_kin","EG"
"egsu002","EG",1,4,6,55,7,59,60,4,2144,536,1,0.25,0.25,0.109090909090909,0.0677966101694915,0.0169491525423729,0.142857142857143,0.0357142857142857,2.29166666666667,"m_info","primary_kin","EG"
"egsu003","EG",0,2,8,57,8,59,60,7,4821.6,688.8,0.285714285714286,0,0,0.140350877192982,0.0338983050847458,0.00484261501210654,0,0,0,"m_info","primary_kin","EG"
"egsu004","EG",0,5,4,54,4,59,60,7,494,70.5714285714286,0.714285714285714,0,0,0.0740740740740741,0.0847457627118644,0.0121065375302663,0,0,0,"m_info","primary_kin","EG"
"egsu005","EG",0,3,9,56,9,59,60,5,1068,213.6,0.6,0,0,0.160714285714286,0.0508474576271186,0.0101694915254237,0,0,0,"m_info","primary_kin","EG"
"egsu006","EG",0,1,12,58,12,59,60,5,2355,471,0.2,0,0,0.206896551724138,0.0169491525423729,0.00338983050847458,0,0,0,"m_info","primary_kin","EG"
"egsu007","EG",0,2,7,57,7,59,60,7,3493,499,0.285714285714286,0,0,0.12280701754386,0.0338983050847458,0.00484261501210654,0,0,0,"m_info","primary_kin","EG"
"egsu008","EG",0,4,5,55,5,59,60,5,4806,961.2,0.8,0,0,0.0909090909090909,0.0677966101694915,0.0135593220338983,0,0,0,"m_info","primary_kin","EG"
"egsu009","EG",1,1,7,58,8,59,60,4,1642.6,410.65,0.25,0.25,1,0.120689655172414,0.0169491525423729,0.00423728813559322,0.125,0.03125,8.28571428571428,"m_info","primary_kin","EG"
"egsu010","EG",0,4,4,55,4,59,60,5,2292.6,458.52,0.8,0,0,0.0727272727272727,0.0677966101694915,0.0135593220338983,0,0,0,"m_info","primary_kin","EG"
"egsu011","EG",0,1,6,58,6,59,60,3,3093.6,1031.2,0.333333333333333,0,0,0.103448275862069,0.0169491525423729,0.00564971751412429,0,0,0,"m_info","primary_kin","EG"
"egsu012","EG",0,3,5,56,5,59,60,3,780,260,1,0,0,0.0892857142857143,0.0508474576271186,0.0169491525423729,0,0,0,"m_info","primary_kin","EG"
"egsu013","EG",0,1,7,58,7,59,60,5,3031,606.2,0.2,0,0,0.120689655172414,0.0169491525423729,0.00338983050847458,0,0,0,"m_info","primary_kin","EG"
"egsu014","EG",0,2,4,57,4,59,60,5,934,186.8,0.4,0,0,0.0701754385964912,0.0338983050847458,0.00677966101694915,0,0,0,"m_info","primary_kin","EG"
"egsu015","EG",0,1,3,58,3,59,60,5,4019.6,803.92,0.2,0,0,0.0517241379310345,0.0169491525423729,0.00338983050847458,0,0,0,"m_info","primary_kin","EG"
"egsu016","EG",1,3,3,56,4,59,60,7,1592.6,227.514285714286,0.428571428571429,0.142857142857143,0.333333333333333,0.0535714285714286,0.0508474576271186,0.00726392251815981,0.25,0.0357142857142857,6.22222222222222,"m_info","primary_kin","EG"
"egsu017","EG",0,2,6,57,6,59,60,5,3001,600.2,0.4,0,0,0.105263157894737,0.0338983050847458,0.00677966101694915,0,0,0,"m_info","primary_kin","EG"
"egsu018","EG",0,6,5,53,5,59,60,7,2192,313.142857142857,0.857142857142857,0,0,0.0943396226415094,0.101694915254237,0.0145278450363196,0,0,0,"m_info","primary_kin","EG"
"egsu019","EG",1,3,6,56,7,59,60,3,4701,1567,1,0.333333333333333,0.333333333333333,0.107142857142857,0.0508474576271186,0.0169491525423729,0.142857142857143,0.0476190476190476,3.11111111111111,"m_info","primary_kin","EG"
"egsu020","EG",1,1,7,58,8,59,60,5,1875.6,375.12,0.2,0.2,1,0.120689655172414,0.0169491525423729,0.00338983050847458,0.125,0.025,8.28571428571428,"m_info","primary_kin","EG"
"egsu021","EG",1,2,12,57,13,59,60,6,3349,558.166666666667,0.333333333333333,0.166666666666667,0.5,0.210526315789474,0.0338983050847458,0.00564971751412429,0.0769230769230769,0.0128205128205128,2.375,"m_info","primary_kin","EG"
"egsu022","EG",0,3,4,56,4,59,60,4,827,206.75,0.75,0,0,0.0714285714285714,0.0508474576271186,0.0127118644067797,0,0,0,"m_info","primary_kin","EG"
"egsu023","EG",0,4,4,55,4,59,60,3,1603.6,534.533333333333,1.33333333333333,0,0,0.0727272727272727,0.0677966101694915,0.0225988700564972,0,0,0,"m_info","primary_kin","EG"
"egsu024","EG",0,2,4,57,4,59,60,3,6942,2314,0.666666666666667,0,0,0.0701754385964912,0.0338983050847458,0.0112994350282486,0,0,0,"m_info","primary_kin","EG"
"egsu025","EG",1,3,2,56,3,59,60,3,4155,1385,1,0.333333333333333,0.333333333333333,0.0357142857142857,0.0508474576271186,0.0169491525423729,0.333333333333333,0.111111111111111,9.33333333333333,"m_info","primary_kin","EG"
"egsu026","EG",0,1,3,58,3,59,60,5,2793,558.6,0.2,0,0,0.0517241379310345,0.0169491525423729,0.00338983050847458,0,0,0,"m_info","primary_kin","EG"
"egsu027","EG",0,1,4,58,4,59,60,4,1723,430.75,0.25,0,0,0.0689655172413793,0.0169491525423729,0.00423728813559322,0,0,0,"m_info","primary_kin","EG"
"egsu028","EG",0,1,8,58,8,59,60,6,264.2,44.0333333333333,0.166666666666667,0,0,0.137931034482759,0.0169491525423729,0.00282485875706215,0,0,0,"m_info","primary_kin","EG"
"egsu029","EG",0,1,4,58,4,59,60,7,609.2,87.0285714285714,0.142857142857143,0,0,0.0689655172413793,0.0169491525423729,0.00242130750605327,0,0,0,"m_info","primary_kin","EG"
"egsu030","EG",0,1,5,58,5,59,60,3,2977,992.333333333333,0.333333333333333,0,0,0.0862068965517241,0.0169491525423729,0.00564971751412429,0,0,0,"m_info","primary_kin","EG"
"egsu031","EG",1,3,3,56,4,59,60,5,2813.2,562.64,0.6,0.2,0.333333333333333,0.0535714285714286,0.0508474576271186,0.0101694915254237,0.25,0.05,6.22222222222222,"m_info","primary_kin","EG"
"egsu032","EG",1,3,9,56,10,59,60,6,3550,591.666666666667,0.5,0.166666666666667,0.333333333333333,0.160714285714286,0.0508474576271186,0.00847457627118644,0.1,0.0166666666666667,2.07407407407407,"m_info","primary_kin","EG"
"egsu033","EG",1,1,10,58,11,59,60,5,2542.6,508.52,0.2,0.2,1,0.172413793103448,0.0169491525423729,0.00338983050847458,0.0909090909090909,0.0181818181818182,5.8,"m_info","primary_kin","EG"
"egsu034","EG",0,4,4,55,4,59,60,3,1328.8,442.933333333333,1.33333333333333,0,0,0.0727272727272727,0.0677966101694915,0.0225988700564972,0,0,0,"m_info","primary_kin","EG"
"egsu035","EG",0,1,4,58,4,59,60,5,4859,971.8,0.2,0,0,0.0689655172413793,0.0169491525423729,0.00338983050847458,0,0,0,"m_info","primary_kin","EG"
"egsu036","EG",0,1,8,58,8,59,60,3,2867.6,955.866666666667,0.333333333333333,0,0,0.137931034482759,0.0169491525423729,0.00564971751412429,0,0,0,"m_info","primary_kin","EG"
"egsu037","EG",0,3,5,56,5,59,60,3,3852.8,1284.26666666667,1,0,0,0.0892857142857143,0.0508474576271186,0.0169491525423729,0,0,0,"m_info","primary_kin","EG"
"egsu038","EG",0,1,9,58,9,59,60,7,1392.6,198.942857142857,0.142857142857143,0,0,0.155172413793103,0.0169491525423729,0.00242130750605327,0,0,0,"m_info","primary_kin","EG"
"egsu039","EG",0,4,4,55,4,59,60,3,2142,714,1.33333333333333,0,0,0.0727272727272727,0.0677966101694915,0.0225988700564972,0,0,0,"m_info","primary_kin","EG"
"egsu040","EG",1,3,8,56,9,59,60,6,1878.8,313.133333333333,0.5,0.166666666666667,0.333333333333333,0.142857142857143,0.0508474576271186,0.00847457627118644,0.111111111111111,0.0185185185185185,2.33333333333333,"m_info","primary_kin","EG"
"egsu041","EG",0,0,1,59,1,59,60,3,2127.6,709.2,0,0,NA,0.0169491525423729,0,0,0,0,NA,"m_info","primary_kin","EG"
"egsu042","EG",1,3,6,56,7,59,60,6,634.6,105.766666666667,0.5,0.166666666666667,0.333333333333333,0.107142857142857,0.0508474576271186,0.00847457627118644,0.142857142857143,0.0238095238095238,3.11111111111111,"m_info","primary_kin","EG"
"egsu043","EG",0,7,1,52,1,59,60,4,1585.2,396.3,1.75,0,0,0.0192307692307692,0.11864406779661,0.0296610169491525,0,0,0,"m_info","primary_kin","EG"
"egsu044","EG",0,2,7,57,7,59,60,4,2238.8,559.7,0.5,0,0,0.12280701754386,0.0338983050847458,0.00847457627118644,0,0,0,"m_info","primary_kin","EG"
"egsu045","EG",1,3,13,56,14,59,60,5,2421,484.2,0.6,0.2,0.333333333333333,0.232142857142857,0.0508474576271186,0.0101694915254237,0.0714285714285714,0.0142857142857143,1.43589743589744,"m_info","primary_kin","EG"
"egsu046","EG",0,1,6,58,6,59,60,3,1830,610,0.333333333333333,0,0,0.103448275862069,0.0169491525423729,0.00564971751412429,0,0,0,"m_info","primary_kin","EG"
"egsu047","EG",1,5,7,54,8,59,60,3,2739.6,913.2,1.66666666666667,0.333333333333333,0.2,0.12962962962963,0.0847457627118644,0.0282485875706215,0.125,0.0416666666666667,1.54285714285714,"m_info","primary_kin","EG"
"egsu048","EG",1,3,4,56,5,59,60,4,4753.2,1188.3,0.75,0.25,0.333333333333333,0.0714285714285714,0.0508474576271186,0.0127118644067797,0.2,0.05,4.66666666666667,"m_info","primary_kin","EG"
"egsu049","EG",0,2,9,57,9,59,60,6,538.6,89.7666666666667,0.333333333333333,0,0,0.157894736842105,0.0338983050847458,0.00564971751412429,0,0,0,"m_info","primary_kin","EG"
"egsu050","EG",0,1,5,58,5,59,60,5,3703,740.6,0.2,0,0,0.0862068965517241,0.0169491525423729,0.00338983050847458,0,0,0,"m_info","primary_kin","EG"
"egsu051","EG",0,4,5,55,5,59,60,7,1771.6,253.085714285714,0.571428571428571,0,0,0.0909090909090909,0.0677966101694915,0.00968523002421307,0,0,0,"m_info","primary_kin","EG"
"egsu052","EG",0,3,7,56,7,59,60,7,801.6,114.514285714286,0.428571428571429,0,0,0.125,0.0508474576271186,0.00726392251815981,0,0,0,"m_info","primary_kin","EG"
"egsu053","EG",0,2,5,57,5,59,60,6,3997.2,666.2,0.333333333333333,0,0,0.087719298245614,0.0338983050847458,0.00564971751412429,0,0,0,"m_info","primary_kin","EG"
"egsu054","EG",0,1,8,58,8,59,60,7,3863,551.857142857143,0.142857142857143,0,0,0.137931034482759,0.0169491525423729,0.00242130750605327,0,0,0,"m_info","primary_kin","EG"
"egsu055","EG",0,2,9,57,9,59,60,5,2177.6,435.52,0.4,0,0,0.157894736842105,0.0338983050847458,0.00677966101694915,0,0,0,"m_info","primary_kin","EG"
"egsu056","EG",0,4,5,55,5,59,60,5,5283,1056.6,0.8,0,0,0.0909090909090909,0.0677966101694915,0.0135593220338983,0,0,0,"m_info","primary_kin","EG"
"egsu057","EG",0,2,3,57,3,59,60,3,2256.6,752.2,0.666666666666667,0,0,0.0526315789473684,0.0338983050847458,0.0112994350282486,0,0,0,"m_info","primary_kin","EG"
"egsu058","EG",0,1,12,58,12,59,60,7,4654.6,664.942857142857,0.142857142857143,0,0,0.206896551724138,0.0169491525423729,0.00242130750605327,0,0,0,"m_info","primary_kin","EG"
"egsu059","EG",0,1,7,58,7,59,60,5,3104.2,620.84,0.2,0,0,0.120689655172414,0.0169491525423729,0.00338983050847458,0,0,0,"m_info","primary_kin","EG"
"egsu060","EG",0,3,2,56,2,59,60,5,2399.8,479.96,0.6,0,0,0.0357142857142857,0.0508474576271186,0.0101694915254237,0,0,0,"m_info","primary_kin","EG"
"exsu001","EX",1,5,6,64,7,69,70,7,3039.6,434.228571428571,0.714285714285714,0.142857142857143,0.2,0.09375,0.072463768115942,0.010351966873706,0.142857142857143,0.0204081632653061,2.13333333333333,"m_info","primary_kin","EX"
"exsu002","EX",2,5,5,64,7,69,70,3,2089,696.333333333333,1.66666666666667,0.666666666666667,0.4,0.078125,0.072463768115942,0.0241545893719807,0.285714285714286,0.0952380952380952,5.12,"m_info","primary_kin","EX"
"exsu003","EX",0,3,5,66,5,69,70,5,990,198,0.6,0,0,0.0757575757575758,0.0434782608695652,0.00869565217391304,0,0,0,"m_info","primary_kin","EX"
"exsu004","EX",1,4,2,65,3,69,70,3,5493.6,1831.2,1.33333333333333,0.333333333333333,0.25,0.0307692307692308,0.0579710144927536,0.0193236714975845,0.333333333333333,0.111111111111111,8.125,"m_info","primary_kin","EX"
"exsu005","EX",0,1,6,68,6,69,70,3,3065.2,1021.73333333333,0.333333333333333,0,0,0.0882352941176471,0.0144927536231884,0.00483091787439614,0,0,0,"m_info","primary_kin","EX"
"exsu006","EX",1,3,11,66,12,69,70,7,6047.6,863.942857142857,0.428571428571429,0.142857142857143,0.333333333333333,0.166666666666667,0.0434782608695652,0.0062111801242236,0.0833333333333333,0.0119047619047619,2,"m_info","primary_kin","EX"
"exsu007","EX",0,3,7,66,7,69,70,7,1989,284.142857142857,0.428571428571429,0,0,0.106060606060606,0.0434782608695652,0.0062111801242236,0,0,0,"m_info","primary_kin","EX"
"exsu008","EX",0,2,6,67,6,69,70,5,3437,687.4,0.4,0,0,0.0895522388059701,0.0289855072463768,0.00579710144927536,0,0,0,"m_info","primary_kin","EX"
"exsu009","EX",0,3,5,66,5,69,70,5,1999.6,399.92,0.6,0,0,0.0757575757575758,0.0434782608695652,0.00869565217391304,0,0,0,"m_info","primary_kin","EX"
"exsu010","EX",0,3,5,66,5,69,70,4,1860,465,0.75,0,0,0.0757575757575758,0.0434782608695652,0.0108695652173913,0,0,0,"m_info","primary_kin","EX"
"exsu011","EX",0,2,8,67,8,69,70,6,1969.2,328.2,0.333333333333333,0,0,0.119402985074627,0.0289855072463768,0.00483091787439614,0,0,0,"m_info","primary_kin","EX"
"exsu012","EX",0,1,5,68,5,69,70,4,1686.6,421.65,0.25,0,0,0.0735294117647059,0.0144927536231884,0.0036231884057971,0,0,0,"m_info","primary_kin","EX"
"exsu013","EX",0,2,5,67,5,69,70,7,4188,598.285714285714,0.285714285714286,0,0,0.0746268656716418,0.0289855072463768,0.0041407867494824,0,0,0,"m_info","primary_kin","EX"
"exsu014","EX",0,4,5,65,5,69,70,7,2161,308.714285714286,0.571428571428571,0,0,0.0769230769230769,0.0579710144927536,0.0082815734989648,0,0,0,"m_info","primary_kin","EX"
"exsu015","EX",0,1,4,68,4,69,70,4,407,101.75,0.25,0,0,0.0588235294117647,0.0144927536231884,0.0036231884057971,0,0,0,"m_info","primary_kin","EX"
"exsu016","EX",0,3,9,66,9,69,70,6,1607,267.833333333333,0.5,0,0,0.136363636363636,0.0434782608695652,0.0072463768115942,0,0,0,"m_info","primary_kin","EX"
"exsu017","EX",1,2,6,67,7,69,70,4,4368.2,1092.05,0.5,0.25,0.5,0.0895522388059701,0.0289855072463768,0.0072463768115942,0.142857142857143,0.0357142857142857,5.58333333333333,"m_info","primary_kin","EX"
"exsu018","EX",0,3,1,66,1,69,70,3,3123,1041,1,0,0,0.0151515151515152,0.0434782608695652,0.0144927536231884,0,0,0,"m_info","primary_kin","EX"
"exsu019","EX",0,2,12,67,12,69,70,7,1626.6,232.371428571429,0.285714285714286,0,0,0.17910447761194,0.0289855072463768,0.0041407867494824,0,0,0,"m_info","primary_kin","EX"
"exsu020","EX",0,3,8,66,8,69,70,5,3081,616.2,0.6,0,0,0.121212121212121,0.0434782608695652,0.00869565217391304,0,0,0,"m_info","primary_kin","EX"
"exsu021","EX",0,3,5,66,5,69,70,5,2349.6,469.92,0.6,0,0,0.0757575757575758,0.0434782608695652,0.00869565217391304,0,0,0,"m_info","primary_kin","EX"
"exsu022","EX",0,2,5,67,5,69,70,7,759,108.428571428571,0.285714285714286,0,0,0.0746268656716418,0.0289855072463768,0.0041407867494824,0,0,0,"m_info","primary_kin","EX"
"exsu023","EX",0,1,3,68,3,69,70,6,1118,186.333333333333,0.166666666666667,0,0,0.0441176470588235,0.0144927536231884,0.00241545893719807,0,0,0,"m_info","primary_kin","EX"
"exsu024","EX",0,1,9,68,9,69,70,6,1522,253.666666666667,0.166666666666667,0,0,0.132352941176471,0.0144927536231884,0.00241545893719807,0,0,0,"m_info","primary_kin","EX"
"exsu025","EX",0,6,7,63,7,69,70,6,4654.6,775.766666666667,1,0,0,0.111111111111111,0.0869565217391304,0.0144927536231884,0,0,0,"m_info","primary_kin","EX"
"exsu026","EX",0,1,13,68,13,69,70,6,1421.6,236.933333333333,0.166666666666667,0,0,0.191176470588235,0.0144927536231884,0.00241545893719807,0,0,0,"m_info","primary_kin","EX"
"exsu027","EX",0,2,9,67,9,69,70,7,3225.6,460.8,0.285714285714286,0,0,0.134328358208955,0.0289855072463768,0.0041407867494824,0,0,0,"m_info","primary_kin","EX"
"exsu028","EX",0,4,5,65,5,69,70,3,1498,499.333333333333,1.33333333333333,0,0,0.0769230769230769,0.0579710144927536,0.0193236714975845,0,0,0,"m_info","primary_kin","EX"
"exsu029","EX",0,1,2,68,2,69,70,5,1826.8,365.36,0.2,0,0,0.0294117647058824,0.0144927536231884,0.00289855072463768,0,0,0,"m_info","primary_kin","EX"
"exsu030","EX",0,1,8,68,8,69,70,6,3297,549.5,0.166666666666667,0,0,0.117647058823529,0.0144927536231884,0.00241545893719807,0,0,0,"m_info","primary_kin","EX"
"exsu031","EX",0,5,5,64,5,69,70,7,945.2,135.028571428571,0.714285714285714,0,0,0.078125,0.072463768115942,0.010351966873706,0,0,0,"m_info","primary_kin","EX"
"exsu032","EX",0,1,3,68,3,69,70,3,1461,487,0.333333333333333,0,0,0.0441176470588235,0.0144927536231884,0.00483091787439614,0,0,0,"m_info","primary_kin","EX"
"exsu033","EX",0,2,6,67,6,69,70,6,1781.2,296.866666666667,0.333333333333333,0,0,0.0895522388059701,0.0289855072463768,0.00483091787439614,0,0,0,"m_info","primary_kin","EX"
"exsu034","EX",1,3,4,66,5,69,70,4,2898.6,724.65,0.75,0.25,0.333333333333333,0.0606060606060606,0.0434782608695652,0.0108695652173913,0.2,0.05,5.5,"m_info","primary_kin","EX"
"exsu035","EX",0,2,7,67,7,69,70,7,1402.6,200.371428571429,0.285714285714286,0,0,0.104477611940299,0.0289855072463768,0.0041407867494824,0,0,0,"m_info","primary_kin","EX"
"exsu036","EX",0,3,4,66,4,69,70,6,4938,823,0.5,0,0,0.0606060606060606,0.0434782608695652,0.0072463768115942,0,0,0,"m_info","primary_kin","EX"
"exsu037","EX",0,1,8,68,8,69,70,5,2089,417.8,0.2,0,0,0.117647058823529,0.0144927536231884,0.00289855072463768,0,0,0,"m_info","primary_kin","EX"
"exsu038","EX",1,4,8,65,9,69,70,6,2700.6,450.1,0.666666666666667,0.166666666666667,0.25,0.123076923076923,0.0579710144927536,0.00966183574879227,0.111111111111111,0.0185185185185185,2.03125,"m_info","primary_kin","EX"
"exsu039","EX",0,2,9,67,9,69,70,5,829.8,165.96,0.4,0,0,0.134328358208955,0.0289855072463768,0.00579710144927536,0,0,0,"m_info","primary_kin","EX"
"exsu040","EX",0,1,8,68,8,69,70,7,4904,700.571428571429,0.142857142857143,0,0,0.117647058823529,0.0144927536231884,0.0020703933747412,0,0,0,"m_info","primary_kin","EX"
"exsu041","EX",0,2,9,67,9,69,70,5,6487.8,1297.56,0.4,0,0,0.134328358208955,0.0289855072463768,0.00579710144927536,0,0,0,"m_info","primary_kin","EX"
"exsu042","EX",0,2,7,67,7,69,70,6,3818.6,636.433333333333,0.333333333333333,0,0,0.104477611940299,0.0289855072463768,0.00483091787439614,0,0,0,"m_info","primary_kin","EX"
"exsu043","EX",1,2,7,67,8,69,70,3,2621,873.666666666667,0.666666666666667,0.333333333333333,0.5,0.104477611940299,0.0289855072463768,0.00966183574879227,0.125,0.0416666666666667,4.78571428571429,"m_info","primary_kin","EX"
"exsu044","EX",1,4,8,65,9,69,70,6,1032,172,0.666666666666667,0.166666666666667,0.25,0.123076923076923,0.0579710144927536,0.00966183574879227,0.111111111111111,0.0185185185185185,2.03125,"m_info","primary_kin","EX"
"exsu045","EX",0,1,5,68,5,69,70,6,1933,322.166666666667,0.166666666666667,0,0,0.0735294117647059,0.0144927536231884,0.00241545893719807,0,0,0,"m_info","primary_kin","EX"
"exsu046","EX",0,2,7,67,7,69,70,7,494,70.5714285714286,0.285714285714286,0,0,0.104477611940299,0.0289855072463768,0.0041407867494824,0,0,0,"m_info","primary_kin","EX"
"exsu047","EX",0,3,5,66,5,69,70,3,943.2,314.4,1,0,0,0.0757575757575758,0.0434782608695652,0.0144927536231884,0,0,0,"m_info","primary_kin","EX"
"exsu048","EX",0,1,5,68,5,69,70,6,2850,475,0.166666666666667,0,0,0.0735294117647059,0.0144927536231884,0.00241545893719807,0,0,0,"m_info","primary_kin","EX"
"exsu049","EX",1,2,4,67,5,69,70,4,1072,268,0.5,0.25,0.5,0.0597014925373134,0.0289855072463768,0.0072463768115942,0.2,0.05,8.375,"m_info","primary_kin","EX"
"exsu050","EX",0,2,5,67,5,69,70,4,572,143,0.5,0,0,0.0746268656716418,0.0289855072463768,0.0072463768115942,0,0,0,"m_info","primary_kin","EX"
"exsu051","EX",0,1,3,68,3,69,70,7,2877.6,411.085714285714,0.142857142857143,0,0,0.0441176470588235,0.0144927536231884,0.0020703933747412,0,0,0,"m_info","primary_kin","EX"
"exsu052","EX",0,1,7,68,7,69,70,7,2012,287.428571428571,0.142857142857143,0,0,0.102941176470588,0.0144927536231884,0.0020703933747412,0,0,0,"m_info","primary_kin","EX"
"exsu053","EX",0,1,10,68,10,69,70,6,6528.6,1088.1,0.166666666666667,0,0,0.147058823529412,0.0144927536231884,0.00241545893719807,0,0,0,"m_info","primary_kin","EX"
"exsu054","EX",0,2,11,67,11,69,70,6,1739.8,289.966666666667,0.333333333333333,0,0,0.164179104477612,0.0289855072463768,0.00483091787439614,0,0,0,"m_info","primary_kin","EX"
"exsu055","EX",0,0,4,69,4,69,70,3,3019.6,1006.53333333333,0,0,NA,0.0579710144927536,0,0,0,0,NA,"m_info","primary_kin","EX"
"exsu056","EX",0,3,8,66,8,69,70,5,2649,529.8,0.6,0,0,0.121212121212121,0.0434782608695652,0.00869565217391304,0,0,0,"m_info","primary_kin","EX"
"exsu057","EX",2,6,10,63,12,69,70,7,3864.6,552.085714285714,0.857142857142857,0.285714285714286,0.333333333333333,0.158730158730159,0.0869565217391304,0.0124223602484472,0.166666666666667,0.0238095238095238,2.1,"m_info","primary_kin","EX"
"exsu058","EX",0,1,1,68,1,69,70,5,938,187.6,0.2,0,0,0.0147058823529412,0.0144927536231884,0.00289855072463768,0,0,0,"m_info","primary_kin","EX"
"exsu059","EX",0,2,3,67,3,69,70,3,4723.6,1574.53333333333,0.666666666666667,0,0,0.0447761194029851,0.0289855072463768,0.00966183574879227,0,0,0,"m_info","primary_kin","EX"
"exsu060","EX",1,2,8,67,9,69,70,5,3658.2,731.64,0.4,0.2,0.5,0.119402985074627,0.0289855072463768,0.00579710144927536,0.111111111111111,0.0222222222222222,4.1875,"m_info","primary_kin","EX"
"exsu061","EX",0,1,3,68,3,69,70,7,1931.6,275.942857142857,0.142857142857143,0,0,0.0441176470588235,0.0144927536231884,0.0020703933747412,0,0,0,"m_info","primary_kin","EX"
"exsu062","EX",1,2,6,67,7,69,70,7,5784,826.285714285714,0.285714285714286,0.142857142857143,0.5,0.0895522388059701,0.0289855072463768,0.0041407867494824,0.142857142857143,0.0204081632653061,5.58333333333333,"m_info","primary_kin","EX"
"exsu063","EX",0,1,6,68,6,69,70,4,4085.6,1021.4,0.25,0,0,0.0882352941176471,0.0144927536231884,0.0036231884057971,0,0,0,"m_info","primary_kin","EX"
"exsu064","EX",1,2,6,67,7,69,70,6,2867.6,477.933333333333,0.333333333333333,0.166666666666667,0.5,0.0895522388059701,0.0289855072463768,0.00483091787439614,0.142857142857143,0.0238095238095238,5.58333333333333,"m_info","primary_kin","EX"
"exsu065","EX",0,3,6,66,6,69,70,5,2715.6,543.12,0.6,0,0,0.0909090909090909,0.0434782608695652,0.00869565217391304,0,0,0,"m_info","primary_kin","EX"
"exsu066","EX",0,3,7,66,7,69,70,6,3046.6,507.766666666667,0.5,0,0,0.106060606060606,0.0434782608695652,0.0072463768115942,0,0,0,"m_info","primary_kin","EX"
"exsu067","EX",0,3,10,66,10,69,70,4,1578,394.5,0.75,0,0,0.151515151515152,0.0434782608695652,0.0108695652173913,0,0,0,"m_info","primary_kin","EX"
"exsu068","EX",0,3,3,66,3,69,70,3,3075,1025,1,0,0,0.0454545454545455,0.0434782608695652,0.0144927536231884,0,0,0,"m_info","primary_kin","EX"
"exsu069","EX",0,2,6,67,6,69,70,4,3305,826.25,0.5,0,0,0.0895522388059701,0.0289855072463768,0.0072463768115942,0,0,0,"m_info","primary_kin","EX"
"exsu070","EX",1,3,5,66,6,69,70,3,2335.8,778.6,1,0.333333333333333,0.333333333333333,0.0757575757575758,0.0434782608695652,0.0144927536231884,0.166666666666667,0.0555555555555556,4.4,"m_info","primary_kin","EX"
"sisu001","SI",1,1,10,38,11,39,40,7,6725.2,960.742857142857,0.142857142857143,0.142857142857143,1,0.263157894736842,0.0256410256410256,0.00366300366300366,0.0909090909090909,0.012987012987013,3.8,"m_info","primary_kin","SI"
"sisu002","SI",1,2,7,37,8,39,40,6,4015.6,669.266666666667,0.333333333333333,0.166666666666667,0.5,0.189189189189189,0.0512820512820513,0.00854700854700855,0.125,0.0208333333333333,2.64285714285714,"m_info","primary_kin","SI"
"sisu003","SI",1,4,3,35,4,39,40,3,3457.2,1152.4,1.33333333333333,0.333333333333333,0.25,0.0857142857142857,0.102564102564103,0.0341880341880342,0.25,0.0833333333333333,2.91666666666667,"m_info","primary_kin","SI"
"sisu004","SI",0,6,4,33,4,39,40,3,3015.8,1005.26666666667,2,0,0,0.121212121212121,0.153846153846154,0.0512820512820513,0,0,0,"m_info","primary_kin","SI"
"sisu005","SI",0,2,0,37,0,39,40,3,957.6,319.2,0.666666666666667,0,0,0,0.0512820512820513,0.0170940170940171,NA,NA,NA,"m_info","primary_kin","SI"
"sisu006","SI",0,2,6,37,6,39,40,3,1668,556,0.666666666666667,0,0,0.162162162162162,0.0512820512820513,0.0170940170940171,0,0,0,"m_info","primary_kin","SI"
"sisu007","SI",1,5,9,34,10,39,40,4,1634,408.5,1.25,0.25,0.2,0.264705882352941,0.128205128205128,0.032051282051282,0.1,0.025,0.755555555555556,"m_info","primary_kin","SI"
"sisu008","SI",0,3,3,36,3,39,40,4,1773.2,443.3,0.75,0,0,0.0833333333333333,0.0769230769230769,0.0192307692307692,0,0,0,"m_info","primary_kin","SI"
"sisu009","SI",0,4,3,35,3,39,40,4,2157,539.25,1,0,0,0.0857142857142857,0.102564102564103,0.0256410256410256,0,0,0,"m_info","primary_kin","SI"
"sisu010","SI",0,0,2,39,2,39,40,4,2569,642.25,0,0,NA,0.0512820512820513,0,0,0,0,NA,"m_info","primary_kin","SI"
"sisu011","SI",0,1,8,38,8,39,40,3,3492.6,1164.2,0.333333333333333,0,0,0.210526315789474,0.0256410256410256,0.00854700854700855,0,0,0,"m_info","primary_kin","SI"
"sisu012","SI",1,4,5,35,6,39,40,3,3090.2,1030.06666666667,1.33333333333333,0.333333333333333,0.25,0.142857142857143,0.102564102564103,0.0341880341880342,0.166666666666667,0.0555555555555556,1.75,"m_info","primary_kin","SI"
"sisu013","SI",0,2,3,37,3,39,40,3,2711.2,903.733333333333,0.666666666666667,0,0,0.0810810810810811,0.0512820512820513,0.0170940170940171,0,0,0,"m_info","primary_kin","SI"
"sisu014","SI",0,0,8,39,8,39,40,5,3955.2,791.04,0,0,NA,0.205128205128205,0,0,0,0,NA,"m_info","primary_kin","SI"
"sisu015","SI",1,3,11,36,12,39,40,7,5079.6,725.657142857143,0.428571428571429,0.142857142857143,0.333333333333333,0.305555555555556,0.0769230769230769,0.010989010989011,0.0833333333333333,0.0119047619047619,1.09090909090909,"m_info","primary_kin","SI"
"sisu016","SI",0,3,2,36,2,39,40,6,3258.6,543.1,0.5,0,0,0.0555555555555556,0.0769230769230769,0.0128205128205128,0,0,0,"m_info","primary_kin","SI"
"sisu017","SI",0,1,9,38,9,39,40,7,5293.6,756.228571428572,0.142857142857143,0,0,0.236842105263158,0.0256410256410256,0.00366300366300366,0,0,0,"m_info","primary_kin","SI"
"sisu018","SI",0,2,4,37,4,39,40,3,980,326.666666666667,0.666666666666667,0,0,0.108108108108108,0.0512820512820513,0.0170940170940171,0,0,0,"m_info","primary_kin","SI"
"sisu019","SI",0,4,0,35,0,39,40,3,1973,657.666666666667,1.33333333333333,0,0,0,0.102564102564103,0.0341880341880342,NA,NA,NA,"m_info","primary_kin","SI"
"sisu020","SI",0,3,3,36,3,39,40,4,2122.2,530.55,0.75,0,0,0.0833333333333333,0.0769230769230769,0.0192307692307692,0,0,0,"m_info","primary_kin","SI"
"sisu021","SI",1,1,7,38,8,39,40,7,2010,287.142857142857,0.142857142857143,0.142857142857143,1,0.184210526315789,0.0256410256410256,0.00366300366300366,0.125,0.0178571428571429,5.42857142857143,"m_info","primary_kin","SI"
"sisu022","SI",0,2,3,37,3,39,40,4,2600.2,650.05,0.5,0,0,0.0810810810810811,0.0512820512820513,0.0128205128205128,0,0,0,"m_info","primary_kin","SI"
"sisu023","SI",0,2,9,37,9,39,40,5,3122.2,624.44,0.4,0,0,0.243243243243243,0.0512820512820513,0.0102564102564103,0,0,0,"m_info","primary_kin","SI"
"sisu024","SI",0,3,0,36,0,39,40,3,1423.6,474.533333333333,1,0,0,0,0.0769230769230769,0.0256410256410256,NA,NA,NA,"m_info","primary_kin","SI"
"sisu025","SI",1,4,7,35,8,39,40,3,1945.2,648.4,1.33333333333333,0.333333333333333,0.25,0.2,0.102564102564103,0.0341880341880342,0.125,0.0416666666666667,1.25,"m_info","primary_kin","SI"
"sisu026","SI",0,5,6,34,6,39,40,3,3222,1074,1.66666666666667,0,0,0.176470588235294,0.128205128205128,0.0427350427350427,0,0,0,"m_info","primary_kin","SI"
"sisu027","SI",2,4,5,35,7,39,40,4,5309.2,1327.3,1,0.5,0.5,0.142857142857143,0.102564102564103,0.0256410256410256,0.285714285714286,0.0714285714285714,3.5,"m_info","primary_kin","SI"
"sisu028","SI",2,3,8,36,10,39,40,6,3121,520.166666666667,0.5,0.333333333333333,0.666666666666667,0.222222222222222,0.0769230769230769,0.0128205128205128,0.2,0.0333333333333333,3,"m_info","primary_kin","SI"
"sisu029","SI",0,2,2,37,2,39,40,5,5283.2,1056.64,0.4,0,0,0.0540540540540541,0.0512820512820513,0.0102564102564103,0,0,0,"m_info","primary_kin","SI"
"sisu030","SI",1,4,6,35,7,39,40,7,3370,481.428571428571,0.571428571428571,0.142857142857143,0.25,0.171428571428571,0.102564102564103,0.0146520146520147,0.142857142857143,0.0204081632653061,1.45833333333333,"m_info","primary_kin","SI"
"sisu031","SI",1,2,6,37,7,39,40,5,2474,494.8,0.4,0.2,0.5,0.162162162162162,0.0512820512820513,0.0102564102564103,0.142857142857143,0.0285714285714286,3.08333333333333,"m_info","primary_kin","SI"
"sisu032","SI",0,1,6,38,6,39,40,5,359,71.8,0.2,0,0,0.157894736842105,0.0256410256410256,0.00512820512820513,0,0,0,"m_info","primary_kin","SI"
"sisu033","SI",2,3,6,36,8,39,40,5,4396,879.2,0.6,0.4,0.666666666666667,0.166666666666667,0.0769230769230769,0.0153846153846154,0.25,0.05,4,"m_info","primary_kin","SI"
"sisu034","SI",0,1,8,38,8,39,40,6,2779,463.166666666667,0.166666666666667,0,0,0.210526315789474,0.0256410256410256,0.00427350427350427,0,0,0,"m_info","primary_kin","SI"
"sisu035","SI",1,2,8,37,9,39,40,7,4425,632.142857142857,0.285714285714286,0.142857142857143,0.5,0.216216216216216,0.0512820512820513,0.00732600732600733,0.111111111111111,0.0158730158730159,2.3125,"m_info","primary_kin","SI"
"sisu036","SI",0,3,6,36,6,39,40,4,2113.6,528.4,0.75,0,0,0.166666666666667,0.0769230769230769,0.0192307692307692,0,0,0,"m_info","primary_kin","SI"
"sisu037","SI",0,2,5,37,5,39,40,6,712.6,118.766666666667,0.333333333333333,0,0,0.135135135135135,0.0512820512820513,0.00854700854700855,0,0,0,"m_info","primary_kin","SI"
"sisu038","SI",0,0,7,39,7,39,40,5,4104,820.8,0,0,NA,0.17948717948718,0,0,0,0,NA,"m_info","primary_kin","SI"
"sisu039","SI",0,3,5,36,5,39,40,4,3582.6,895.65,0.75,0,0,0.138888888888889,0.0769230769230769,0.0192307692307692,0,0,0,"m_info","primary_kin","SI"
"sisu040","SI",1,3,8,36,9,39,40,7,1867,266.714285714286,0.428571428571429,0.142857142857143,0.333333333333333,0.222222222222222,0.0769230769230769,0.010989010989011,0.111111111111111,0.0158730158730159,1.5,"m_info","primary_kin","SI"
"smsu001","SM",0,3,1,96,1,99,100,5,5400,1080,0.6,0,0,0.0104166666666667,0.0303030303030303,0.00606060606060606,0,0,0,"m_info","primary_kin","SM"
"smsu002","SM",1,2,6,97,7,99,100,6,3285.6,547.6,0.333333333333333,0.166666666666667,0.5,0.0618556701030928,0.0202020202020202,0.00336700336700337,0.142857142857143,0.0238095238095238,8.08333333333333,"m_info","primary_kin","SM"
"smsu003","SM",0,2,5,97,5,99,100,4,1157,289.25,0.5,0,0,0.0515463917525773,0.0202020202020202,0.00505050505050505,0,0,0,"m_info","primary_kin","SM"
"smsu004","SM",0,2,6,97,6,99,100,4,3386,846.5,0.5,0,0,0.0618556701030928,0.0202020202020202,0.00505050505050505,0,0,0,"m_info","primary_kin","SM"
"smsu005","SM",0,3,3,96,3,99,100,4,3342.2,835.55,0.75,0,0,0.03125,0.0303030303030303,0.00757575757575758,0,0,0,"m_info","primary_kin","SM"
"smsu006","SM",0,1,6,98,6,99,100,5,3328,665.6,0.2,0,0,0.0612244897959184,0.0101010101010101,0.00202020202020202,0,0,0,"m_info","primary_kin","SM"
"smsu007","SM",0,6,16,93,16,99,100,7,649,92.7142857142857,0.857142857142857,0,0,0.172043010752688,0.0606060606060606,0.00865800865800866,0,0,0,"m_info","primary_kin","SM"
"smsu008","SM",0,3,8,96,8,99,100,4,384,96,0.75,0,0,0.0833333333333333,0.0303030303030303,0.00757575757575758,0,0,0,"m_info","primary_kin","SM"
"smsu009","SM",0,3,3,96,3,99,100,6,2672.8,445.466666666667,0.5,0,0,0.03125,0.0303030303030303,0.00505050505050505,0,0,0,"m_info","primary_kin","SM"
"smsu010","SM",0,5,4,94,4,99,100,5,3025.2,605.04,1,0,0,0.0425531914893617,0.0505050505050505,0.0101010101010101,0,0,0,"m_info","primary_kin","SM"
"smsu011","SM",1,2,7,97,8,99,100,7,2042,291.714285714286,0.285714285714286,0.142857142857143,0.5,0.0721649484536082,0.0202020202020202,0.00288600288600289,0.125,0.0178571428571429,6.92857142857143,"m_info","primary_kin","SM"
"smsu012","SM",0,1,8,98,8,99,100,4,2378,594.5,0.25,0,0,0.0816326530612245,0.0101010101010101,0.00252525252525253,0,0,0,"m_info","primary_kin","SM"
"smsu013","SM",0,2,2,97,2,99,100,5,673,134.6,0.4,0,0,0.0206185567010309,0.0202020202020202,0.00404040404040404,0,0,0,"m_info","primary_kin","SM"
"smsu014","SM",0,1,7,98,7,99,100,4,404,101,0.25,0,0,0.0714285714285714,0.0101010101010101,0.00252525252525253,0,0,0,"m_info","primary_kin","SM"
"smsu015","SM",0,3,6,96,6,99,100,5,1835,367,0.6,0,0,0.0625,0.0303030303030303,0.00606060606060606,0,0,0,"m_info","primary_kin","SM"
"smsu016","SM",0,1,7,98,7,99,100,3,615,205,0.333333333333333,0,0,0.0714285714285714,0.0101010101010101,0.00336700336700337,0,0,0,"m_info","primary_kin","SM"
"smsu017","SM",0,0,10,99,10,99,100,7,2885,412.142857142857,0,0,NA,0.101010101010101,0,0,0,0,NA,"m_info","primary_kin","SM"
"smsu018","SM",0,1,6,98,6,99,100,7,1607.8,229.685714285714,0.142857142857143,0,0,0.0612244897959184,0.0101010101010101,0.00144300144300144,0,0,0,"m_info","primary_kin","SM"
"smsu019","SM",0,3,8,96,8,99,100,7,6534,933.428571428571,0.428571428571429,0,0,0.0833333333333333,0.0303030303030303,0.00432900432900433,0,0,0,"m_info","primary_kin","SM"
"smsu020","SM",0,4,8,95,8,99,100,5,749,149.8,0.8,0,0,0.0842105263157895,0.0404040404040404,0.00808080808080808,0,0,0,"m_info","primary_kin","SM"
"smsu021","SM",0,1,9,98,9,99,100,7,994,142,0.142857142857143,0,0,0.0918367346938776,0.0101010101010101,0.00144300144300144,0,0,0,"m_info","primary_kin","SM"
"smsu022","SM",0,7,4,92,4,99,100,4,2656.6,664.15,1.75,0,0,0.0434782608695652,0.0707070707070707,0.0176767676767677,0,0,0,"m_info","primary_kin","SM"
"smsu023","SM",0,1,4,98,4,99,100,4,4842,1210.5,0.25,0,0,0.0408163265306122,0.0101010101010101,0.00252525252525253,0,0,0,"m_info","primary_kin","SM"
"smsu024","SM",0,1,3,98,3,99,100,3,3327.6,1109.2,0.333333333333333,0,0,0.0306122448979592,0.0101010101010101,0.00336700336700337,0,0,0,"m_info","primary_kin","SM"
"smsu025","SM",0,1,10,98,10,99,100,4,1977,494.25,0.25,0,0,0.102040816326531,0.0101010101010101,0.00252525252525253,0,0,0,"m_info","primary_kin","SM"
"smsu026","SM",1,2,8,97,9,99,100,5,894.2,178.84,0.4,0.2,0.5,0.0824742268041237,0.0202020202020202,0.00404040404040404,0.111111111111111,0.0222222222222222,6.0625,"m_info","primary_kin","SM"
"smsu027","SM",0,1,6,98,6,99,100,6,550,91.6666666666667,0.166666666666667,0,0,0.0612244897959184,0.0101010101010101,0.00168350168350168,0,0,0,"m_info","primary_kin","SM"
"smsu028","SM",0,3,7,96,7,99,100,5,3705.6,741.12,0.6,0,0,0.0729166666666667,0.0303030303030303,0.00606060606060606,0,0,0,"m_info","primary_kin","SM"
"smsu029","SM",0,2,2,97,2,99,100,4,2180.6,545.15,0.5,0,0,0.0206185567010309,0.0202020202020202,0.00505050505050505,0,0,0,"m_info","primary_kin","SM"
"smsu030","SM",0,2,3,97,3,99,100,5,1405.2,281.04,0.4,0,0,0.0309278350515464,0.0202020202020202,0.00404040404040404,0,0,0,"m_info","primary_kin","SM"
"smsu031","SM",2,2,8,97,10,99,100,7,618.2,88.3142857142857,0.285714285714286,0.285714285714286,1,0.0824742268041237,0.0202020202020202,0.00288600288600289,0.2,0.0285714285714286,12.125,"m_info","primary_kin","SM"
"smsu032","SM",0,1,0,98,0,99,100,4,967,241.75,0.25,0,0,0,0.0101010101010101,0.00252525252525253,NA,NA,NA,"m_info","primary_kin","SM"
"smsu033","SM",1,2,5,97,6,99,100,6,1035,172.5,0.333333333333333,0.166666666666667,0.5,0.0515463917525773,0.0202020202020202,0.00336700336700337,0.166666666666667,0.0277777777777778,9.7,"m_info","primary_kin","SM"
"smsu034","SM",0,3,6,96,6,99,100,6,3962.2,660.366666666667,0.5,0,0,0.0625,0.0303030303030303,0.00505050505050505,0,0,0,"m_info","primary_kin","SM"
"smsu035","SM",0,1,7,98,7,99,100,5,1059,211.8,0.2,0,0,0.0714285714285714,0.0101010101010101,0.00202020202020202,0,0,0,"m_info","primary_kin","SM"
"smsu036","SM",0,4,14,95,14,99,100,6,1699,283.166666666667,0.666666666666667,0,0,0.147368421052632,0.0404040404040404,0.00673400673400673,0,0,0,"m_info","primary_kin","SM"
"smsu037","SM",0,2,9,97,9,99,100,5,4389,877.8,0.4,0,0,0.0927835051546392,0.0202020202020202,0.00404040404040404,0,0,0,"m_info","primary_kin","SM"
"smsu038","SM",0,1,11,98,11,99,100,6,1868,311.333333333333,0.166666666666667,0,0,0.112244897959184,0.0101010101010101,0.00168350168350168,0,0,0,"m_info","primary_kin","SM"
"smsu039","SM",0,4,6,95,6,99,100,6,374,62.3333333333333,0.666666666666667,0,0,0.0631578947368421,0.0404040404040404,0.00673400673400673,0,0,0,"m_info","primary_kin","SM"
"smsu040","SM",0,2,10,97,10,99,100,6,3031,505.166666666667,0.333333333333333,0,0,0.103092783505155,0.0202020202020202,0.00336700336700337,0,0,0,"m_info","primary_kin","SM"
"smsu041","SM",0,4,3,95,3,99,100,3,2200.6,733.533333333333,1.33333333333333,0,0,0.0315789473684211,0.0404040404040404,0.0134680134680135,0,0,0,"m_info","primary_kin","SM"
"smsu042","SM",0,3,7,96,7,99,100,5,2348,469.6,0.6,0,0,0.0729166666666667,0.0303030303030303,0.00606060606060606,0,0,0,"m_info","primary_kin","SM"
"smsu043","SM",0,4,13,95,13,99,100,5,1986.8,397.36,0.8,0,0,0.136842105263158,0.0404040404040404,0.00808080808080808,0,0,0,"m_info","primary_kin","SM"
"smsu044","SM",0,1,8,98,8,99,100,6,804,134,0.166666666666667,0,0,0.0816326530612245,0.0101010101010101,0.00168350168350168,0,0,0,"m_info","primary_kin","SM"
"smsu045","SM",0,1,5,98,5,99,100,4,496.6,124.15,0.25,0,0,0.0510204081632653,0.0101010101010101,0.00252525252525253,0,0,0,"m_info","primary_kin","SM"
"smsu046","SM",0,2,5,97,5,99,100,5,1821.2,364.24,0.4,0,0,0.0515463917525773,0.0202020202020202,0.00404040404040404,0,0,0,"m_info","primary_kin","SM"
"smsu047","SM",0,2,5,97,5,99,100,5,4280.2,856.04,0.4,0,0,0.0515463917525773,0.0202020202020202,0.00404040404040404,0,0,0,"m_info","primary_kin","SM"
"smsu048","SM",0,2,6,97,6,99,100,5,2620.2,524.04,0.4,0,0,0.0618556701030928,0.0202020202020202,0.00404040404040404,0,0,0,"m_info","primary_kin","SM"
"smsu049","SM",0,2,1,97,1,99,100,3,1189.6,396.533333333333,0.666666666666667,0,0,0.0103092783505155,0.0202020202020202,0.00673400673400673,0,0,0,"m_info","primary_kin","SM"
"smsu050","SM",0,1,7,98,7,99,100,3,1979.2,659.733333333333,0.333333333333333,0,0,0.0714285714285714,0.0101010101010101,0.00336700336700337,0,0,0,"m_info","primary_kin","SM"
"smsu051","SM",0,2,6,97,6,99,100,5,2385,477,0.4,0,0,0.0618556701030928,0.0202020202020202,0.00404040404040404,0,0,0,"m_info","primary_kin","SM"
"smsu052","SM",1,2,8,97,9,99,100,5,956,191.2,0.4,0.2,0.5,0.0824742268041237,0.0202020202020202,0.00404040404040404,0.111111111111111,0.0222222222222222,6.0625,"m_info","primary_kin","SM"
"smsu053","SM",1,6,2,93,3,99,100,6,3965,660.833333333333,1,0.166666666666667,0.166666666666667,0.021505376344086,0.0606060606060606,0.0101010101010101,0.333333333333333,0.0555555555555556,7.75,"m_info","primary_kin","SM"
"smsu054","SM",0,2,6,97,6,99,100,6,2622,437,0.333333333333333,0,0,0.0618556701030928,0.0202020202020202,0.00336700336700337,0,0,0,"m_info","primary_kin","SM"
"smsu055","SM",0,0,7,99,7,99,100,6,2952.2,492.033333333333,0,0,NA,0.0707070707070707,0,0,0,0,NA,"m_info","primary_kin","SM"
"smsu056","SM",0,3,7,96,7,99,100,7,968.2,138.314285714286,0.428571428571429,0,0,0.0729166666666667,0.0303030303030303,0.00432900432900433,0,0,0,"m_info","primary_kin","SM"
"smsu057","SM",0,3,9,96,9,99,100,5,3231,646.2,0.6,0,0,0.09375,0.0303030303030303,0.00606060606060606,0,0,0,"m_info","primary_kin","SM"
"smsu058","SM",0,2,2,97,2,99,100,5,3001.6,600.32,0.4,0,0,0.0206185567010309,0.0202020202020202,0.00404040404040404,0,0,0,"m_info","primary_kin","SM"
"smsu059","SM",0,2,1,97,1,99,100,3,1883,627.666666666667,0.666666666666667,0,0,0.0103092783505155,0.0202020202020202,0.00673400673400673,0,0,0,"m_info","primary_kin","SM"
"smsu060","SM",0,4,13,95,13,99,100,7,3673,524.714285714286,0.571428571428571,0,0,0.136842105263158,0.0404040404040404,0.00577200577200577,0,0,0,"m_info","primary_kin","SM"
"smsu061","SM",0,2,0,97,0,99,100,4,2846.6,711.65,0.5,0,0,0,0.0202020202020202,0.00505050505050505,NA,NA,NA,"m_info","primary_kin","SM"
"smsu062","SM",0,2,4,97,4,99,100,4,1748.6,437.15,0.5,0,0,0.0412371134020619,0.0202020202020202,0.00505050505050505,0,0,0,"m_info","primary_kin","SM"
"smsu063","SM",0,1,9,98,9,99,100,5,1671.6,334.32,0.2,0,0,0.0918367346938776,0.0101010101010101,0.00202020202020202,0,0,0,"m_info","primary_kin","SM"
"smsu064","SM",0,1,1,98,1,99,100,3,2160,720,0.333333333333333,0,0,0.0102040816326531,0.0101010101010101,0.00336700336700337,0,0,0,"m_info","primary_kin","SM"
"smsu065","SM",0,3,17,96,17,99,100,5,910,182,0.6,0,0,0.177083333333333,0.0303030303030303,0.00606060606060606,0,0,0,"m_info","primary_kin","SM"
"smsu066","SM",0,3,4,96,4,99,100,3,2907,969,1,0,0,0.0416666666666667,0.0303030303030303,0.0101010101010101,0,0,0,"m_info","primary_kin","SM"
"smsu067","SM",0,2,5,97,5,99,100,7,1810.6,258.657142857143,0.285714285714286,0,0,0.0515463917525773,0.0202020202020202,0.00288600288600289,0,0,0,"m_info","primary_kin","SM"
"smsu068","SM",0,4,1,95,1,99,100,3,4634,1544.66666666667,1.33333333333333,0,0,0.0105263157894737,0.0404040404040404,0.0134680134680135,0,0,0,"m_info","primary_kin","SM"
"smsu069","SM",0,1,10,98,10,99,100,6,395.6,65.9333333333333,0.166666666666667,0,0,0.102040816326531,0.0101010101010101,0.00168350168350168,0,0,0,"m_info","primary_kin","SM"
"smsu070","SM",0,2,10,97,10,99,100,6,6160.6,1026.76666666667,0.333333333333333,0,0,0.103092783505155,0.0202020202020202,0.00336700336700337,0,0,0,"m_info","primary_kin","SM"
"smsu071","SM",0,4,5,95,5,99,100,5,1376,275.2,0.8,0,0,0.0526315789473684,0.0404040404040404,0.00808080808080808,0,0,0,"m_info","primary_kin","SM"
"smsu072","SM",0,2,7,97,7,99,100,4,2077.2,519.3,0.5,0,0,0.0721649484536082,0.0202020202020202,0.00505050505050505,0,0,0,"m_info","primary_kin","SM"
"smsu073","SM",0,2,5,97,5,99,100,3,4405.8,1468.6,0.666666666666667,0,0,0.0515463917525773,0.0202020202020202,0.00673400673400673,0,0,0,"m_info","primary_kin","SM"
"smsu074","SM",0,1,1,98,1,99,100,4,2508.2,627.05,0.25,0,0,0.0102040816326531,0.0101010101010101,0.00252525252525253,0,0,0,"m_info","primary_kin","SM"
"smsu075","SM",0,3,10,96,10,99,100,7,2496.8,356.685714285714,0.428571428571429,0,0,0.104166666666667,0.0303030303030303,0.00432900432900433,0,0,0,"m_info","primary_kin","SM"
"smsu076","SM",1,3,11,96,12,99,100,7,670,95.7142857142857,0.428571428571429,0.142857142857143,0.333333333333333,0.114583333333333,0.0303030303030303,0.00432900432900433,0.0833333333333333,0.0119047619047619,2.90909090909091,"m_info","primary_kin","SM"
"smsu077","SM",0,5,7,94,7,99,100,5,6092,1218.4,1,0,0,0.074468085106383,0.0505050505050505,0.0101010101010101,0,0,0,"m_info","primary_kin","SM"
"smsu078","SM",0,1,5,98,5,99,100,4,3154.2,788.55,0.25,0,0,0.0510204081632653,0.0101010101010101,0.00252525252525253,0,0,0,"m_info","primary_kin","SM"
"smsu079","SM",1,3,9,96,10,99,100,7,4164,594.857142857143,0.428571428571429,0.142857142857143,0.333333333333333,0.09375,0.0303030303030303,0.00432900432900433,0.1,0.0142857142857143,3.55555555555556,"m_info","primary_kin","SM"
"smsu080","SM",0,1,1,98,1,99,100,4,1439,359.75,0.25,0,0,0.0102040816326531,0.0101010101010101,0.00252525252525253,0,0,0,"m_info","primary_kin","SM"
"smsu081","SM",0,2,7,97,7,99,100,6,2253.6,375.6,0.333333333333333,0,0,0.0721649484536082,0.0202020202020202,0.00336700336700337,0,0,0,"m_info","primary_kin","SM"
"smsu082","SM",0,4,5,95,5,99,100,3,849.8,283.266666666667,1.33333333333333,0,0,0.0526315789473684,0.0404040404040404,0.0134680134680135,0,0,0,"m_info","primary_kin","SM"
"smsu083","SM",0,1,2,98,2,99,100,3,3770,1256.66666666667,0.333333333333333,0,0,0.0204081632653061,0.0101010101010101,0.00336700336700337,0,0,0,"m_info","primary_kin","SM"
"smsu084","SM",0,4,3,95,3,99,100,4,5449,1362.25,1,0,0,0.0315789473684211,0.0404040404040404,0.0101010101010101,0,0,0,"m_info","primary_kin","SM"
"smsu085","SM",0,3,7,96,7,99,100,5,2886.2,577.24,0.6,0,0,0.0729166666666667,0.0303030303030303,0.00606060606060606,0,0,0,"m_info","primary_kin","SM"
"smsu086","SM",2,2,11,97,13,99,100,6,2650.6,441.766666666667,0.333333333333333,0.333333333333333,1,0.11340206185567,0.0202020202020202,0.00336700336700337,0.153846153846154,0.0256410256410256,8.81818181818182,"m_info","primary_kin","SM"
"smsu087","SM",0,1,7,98,7,99,100,3,3232,1077.33333333333,0.333333333333333,0,0,0.0714285714285714,0.0101010101010101,0.00336700336700337,0,0,0,"m_info","primary_kin","SM"
"smsu088","SM",0,4,0,95,0,99,100,3,1344.6,448.2,1.33333333333333,0,0,0,0.0404040404040404,0.0134680134680135,NA,NA,NA,"m_info","primary_kin","SM"
"smsu089","SM",0,1,5,98,5,99,100,7,3185,455,0.142857142857143,0,0,0.0510204081632653,0.0101010101010101,0.00144300144300144,0,0,0,"m_info","primary_kin","SM"
"smsu090","SM",0,2,7,97,7,99,100,7,609.6,87.0857142857143,0.285714285714286,0,0,0.0721649484536082,0.0202020202020202,0.00288600288600289,0,0,0,"m_info","primary_kin","SM"
"smsu091","SM",0,1,8,98,8,99,100,6,5777,962.833333333333,0.166666666666667,0,0,0.0816326530612245,0.0101010101010101,0.00168350168350168,0,0,0,"m_info","primary_kin","SM"
"smsu092","SM",1,3,3,96,4,99,100,4,1826.6,456.65,0.75,0.25,0.333333333333333,0.03125,0.0303030303030303,0.00757575757575758,0.25,0.0625,10.6666666666667,"m_info","primary_kin","SM"
"smsu093","SM",1,3,9,96,10,99,100,4,1200,300,0.75,0.25,0.333333333333333,0.09375,0.0303030303030303,0.00757575757575758,0.1,0.025,3.55555555555556,"m_info","primary_kin","SM"
"smsu094","SM",0,1,2,98,2,99,100,3,2658,886,0.333333333333333,0,0,0.0204081632653061,0.0101010101010101,0.00336700336700337,0,0,0,"m_info","primary_kin","SM"
"smsu095","SM",0,1,5,98,5,99,100,5,3604.6,720.92,0.2,0,0,0.0510204081632653,0.0101010101010101,0.00202020202020202,0,0,0,"m_info","primary_kin","SM"
"smsu096","SM",0,2,7,97,7,99,100,4,2301,575.25,0.5,0,0,0.0721649484536082,0.0202020202020202,0.00505050505050505,0,0,0,"m_info","primary_kin","SM"
"smsu097","SM",0,3,4,96,4,99,100,6,3253,542.166666666667,0.5,0,0,0.0416666666666667,0.0303030303030303,0.00505050505050505,0,0,0,"m_info","primary_kin","SM"
"smsu098","SM",0,2,4,97,4,99,100,5,3177.2,635.44,0.4,0,0,0.0412371134020619,0.0202020202020202,0.00404040404040404,0,0,0,"m_info","primary_kin","SM"
"smsu099","SM",1,2,2,97,3,99,100,6,621,103.5,0.333333333333333,0.166666666666667,0.5,0.0206185567010309,0.0202020202020202,0.00336700336700337,0.333333333333333,0.0555555555555556,24.25,"m_info","primary_kin","SM"
"smsu100","SM",0,1,6,98,6,99,100,5,673.6,134.72,0.2,0,0,0.0612244897959184,0.0101010101010101,0.00202020202020202,0,0,0,"m_info","primary_kin","SM"
"egsu001","EG",1,4,19,55,20,59,60,6,4266.6,711.1,0.666666666666667,0.166666666666667,0.25,0.345454545454545,0.0677966101694915,0.0112994350282486,0.05,0.00833333333333333,0.723684210526316,"info","primary_kin","EG"
"egsu002","EG",2,4,15,55,17,59,60,4,2144,536,1,0.5,0.5,0.272727272727273,0.0677966101694915,0.0169491525423729,0.117647058823529,0.0294117647058824,1.83333333333333,"info","primary_kin","EG"
"egsu003","EG",0,2,17,57,17,59,60,7,4821.6,688.8,0.285714285714286,0,0,0.298245614035088,0.0338983050847458,0.00484261501210654,0,0,0,"info","primary_kin","EG"
"egsu004","EG",1,5,10,54,11,59,60,7,494,70.5714285714286,0.714285714285714,0.142857142857143,0.2,0.185185185185185,0.0847457627118644,0.0121065375302663,0.0909090909090909,0.012987012987013,1.08,"info","primary_kin","EG"
"egsu005","EG",0,3,14,56,14,59,60,5,1068,213.6,0.6,0,0,0.25,0.0508474576271186,0.0101694915254237,0,0,0,"info","primary_kin","EG"
"egsu006","EG",0,1,16,58,16,59,60,5,2355,471,0.2,0,0,0.275862068965517,0.0169491525423729,0.00338983050847458,0,0,0,"info","primary_kin","EG"
"egsu007","EG",0,2,8,57,8,59,60,7,3493,499,0.285714285714286,0,0,0.140350877192982,0.0338983050847458,0.00484261501210654,0,0,0,"info","primary_kin","EG"
"egsu008","EG",0,4,10,55,10,59,60,5,4806,961.2,0.8,0,0,0.181818181818182,0.0677966101694915,0.0135593220338983,0,0,0,"info","primary_kin","EG"
"egsu009","EG",1,1,13,58,14,59,60,4,1642.6,410.65,0.25,0.25,1,0.224137931034483,0.0169491525423729,0.00423728813559322,0.0714285714285714,0.0178571428571429,4.46153846153846,"info","primary_kin","EG"
"egsu010","EG",0,4,8,55,8,59,60,5,2292.6,458.52,0.8,0,0,0.145454545454545,0.0677966101694915,0.0135593220338983,0,0,0,"info","primary_kin","EG"
"egsu011","EG",0,1,11,58,11,59,60,3,3093.6,1031.2,0.333333333333333,0,0,0.189655172413793,0.0169491525423729,0.00564971751412429,0,0,0,"info","primary_kin","EG"
"egsu012","EG",0,3,10,56,10,59,60,3,780,260,1,0,0,0.178571428571429,0.0508474576271186,0.0169491525423729,0,0,0,"info","primary_kin","EG"
"egsu013","EG",0,1,17,58,17,59,60,5,3031,606.2,0.2,0,0,0.293103448275862,0.0169491525423729,0.00338983050847458,0,0,0,"info","primary_kin","EG"
"egsu014","EG",0,2,5,57,5,59,60,5,934,186.8,0.4,0,0,0.087719298245614,0.0338983050847458,0.00677966101694915,0,0,0,"info","primary_kin","EG"
"egsu015","EG",0,1,8,58,8,59,60,5,4019.6,803.92,0.2,0,0,0.137931034482759,0.0169491525423729,0.00338983050847458,0,0,0,"info","primary_kin","EG"
"egsu016","EG",1,3,7,56,8,59,60,7,1592.6,227.514285714286,0.428571428571429,0.142857142857143,0.333333333333333,0.125,0.0508474576271186,0.00726392251815981,0.125,0.0178571428571429,2.66666666666667,"info","primary_kin","EG"
"egsu017","EG",0,2,12,57,12,59,60,5,3001,600.2,0.4,0,0,0.210526315789474,0.0338983050847458,0.00677966101694915,0,0,0,"info","primary_kin","EG"
"egsu018","EG",0,6,11,53,11,59,60,7,2192,313.142857142857,0.857142857142857,0,0,0.207547169811321,0.101694915254237,0.0145278450363196,0,0,0,"info","primary_kin","EG"
"egsu019","EG",1,3,9,56,10,59,60,3,4701,1567,1,0.333333333333333,0.333333333333333,0.160714285714286,0.0508474576271186,0.0169491525423729,0.1,0.0333333333333333,2.07407407407407,"info","primary_kin","EG"
"egsu020","EG",1,1,12,58,13,59,60,5,1875.6,375.12,0.2,0.2,1,0.206896551724138,0.0169491525423729,0.00338983050847458,0.0769230769230769,0.0153846153846154,4.83333333333333,"info","primary_kin","EG"
"egsu021","EG",1,2,15,57,16,59,60,6,3349,558.166666666667,0.333333333333333,0.166666666666667,0.5,0.263157894736842,0.0338983050847458,0.00564971751412429,0.0625,0.0104166666666667,1.9,"info","primary_kin","EG"
"egsu022","EG",0,3,10,56,10,59,60,4,827,206.75,0.75,0,0,0.178571428571429,0.0508474576271186,0.0127118644067797,0,0,0,"info","primary_kin","EG"
"egsu023","EG",0,4,7,55,7,59,60,3,1603.6,534.533333333333,1.33333333333333,0,0,0.127272727272727,0.0677966101694915,0.0225988700564972,0,0,0,"info","primary_kin","EG"
"egsu024","EG",0,2,10,57,10,59,60,3,6942,2314,0.666666666666667,0,0,0.175438596491228,0.0338983050847458,0.0112994350282486,0,0,0,"info","primary_kin","EG"
"egsu025","EG",1,3,4,56,5,59,60,3,4155,1385,1,0.333333333333333,0.333333333333333,0.0714285714285714,0.0508474576271186,0.0169491525423729,0.2,0.0666666666666667,4.66666666666667,"info","primary_kin","EG"
"egsu026","EG",0,1,9,58,9,59,60,5,2793,558.6,0.2,0,0,0.155172413793103,0.0169491525423729,0.00338983050847458,0,0,0,"info","primary_kin","EG"
"egsu027","EG",0,1,10,58,10,59,60,4,1723,430.75,0.25,0,0,0.172413793103448,0.0169491525423729,0.00423728813559322,0,0,0,"info","primary_kin","EG"
"egsu028","EG",0,1,12,58,12,59,60,6,264.2,44.0333333333333,0.166666666666667,0,0,0.206896551724138,0.0169491525423729,0.00282485875706215,0,0,0,"info","primary_kin","EG"
"egsu029","EG",0,1,10,58,10,59,60,7,609.2,87.0285714285714,0.142857142857143,0,0,0.172413793103448,0.0169491525423729,0.00242130750605327,0,0,0,"info","primary_kin","EG"
"egsu030","EG",0,1,11,58,11,59,60,3,2977,992.333333333333,0.333333333333333,0,0,0.189655172413793,0.0169491525423729,0.00564971751412429,0,0,0,"info","primary_kin","EG"
"egsu031","EG",1,3,11,56,12,59,60,5,2813.2,562.64,0.6,0.2,0.333333333333333,0.196428571428571,0.0508474576271186,0.0101694915254237,0.0833333333333333,0.0166666666666667,1.6969696969697,"info","primary_kin","EG"
"egsu032","EG",1,3,21,56,22,59,60,6,3550,591.666666666667,0.5,0.166666666666667,0.333333333333333,0.375,0.0508474576271186,0.00847457627118644,0.0454545454545455,0.00757575757575758,0.888888888888889,"info","primary_kin","EG"
"egsu033","EG",1,1,17,58,18,59,60,5,2542.6,508.52,0.2,0.2,1,0.293103448275862,0.0169491525423729,0.00338983050847458,0.0555555555555556,0.0111111111111111,3.41176470588235,"info","primary_kin","EG"
"egsu034","EG",1,4,11,55,12,59,60,3,1328.8,442.933333333333,1.33333333333333,0.333333333333333,0.25,0.2,0.0677966101694915,0.0225988700564972,0.0833333333333333,0.0277777777777778,1.25,"info","primary_kin","EG"
"egsu035","EG",0,1,17,58,17,59,60,5,4859,971.8,0.2,0,0,0.293103448275862,0.0169491525423729,0.00338983050847458,0,0,0,"info","primary_kin","EG"
"egsu036","EG",0,1,10,58,10,59,60,3,2867.6,955.866666666667,0.333333333333333,0,0,0.172413793103448,0.0169491525423729,0.00564971751412429,0,0,0,"info","primary_kin","EG"
"egsu037","EG",0,3,6,56,6,59,60,3,3852.8,1284.26666666667,1,0,0,0.107142857142857,0.0508474576271186,0.0169491525423729,0,0,0,"info","primary_kin","EG"
"egsu038","EG",0,1,18,58,18,59,60,7,1392.6,198.942857142857,0.142857142857143,0,0,0.310344827586207,0.0169491525423729,0.00242130750605327,0,0,0,"info","primary_kin","EG"
"egsu039","EG",1,4,8,55,9,59,60,3,2142,714,1.33333333333333,0.333333333333333,0.25,0.145454545454545,0.0677966101694915,0.0225988700564972,0.111111111111111,0.037037037037037,1.71875,"info","primary_kin","EG"
"egsu040","EG",1,3,15,56,16,59,60,6,1878.8,313.133333333333,0.5,0.166666666666667,0.333333333333333,0.267857142857143,0.0508474576271186,0.00847457627118644,0.0625,0.0104166666666667,1.24444444444444,"info","primary_kin","EG"
"egsu041","EG",0,0,7,59,7,59,60,3,2127.6,709.2,0,0,NA,0.11864406779661,0,0,0,0,NA,"info","primary_kin","EG"
"egsu042","EG",1,3,13,56,14,59,60,6,634.6,105.766666666667,0.5,0.166666666666667,0.333333333333333,0.232142857142857,0.0508474576271186,0.00847457627118644,0.0714285714285714,0.0119047619047619,1.43589743589744,"info","primary_kin","EG"
"egsu043","EG",2,7,6,52,8,59,60,4,1585.2,396.3,1.75,0.5,0.285714285714286,0.115384615384615,0.11864406779661,0.0296610169491525,0.25,0.0625,2.47619047619048,"info","primary_kin","EG"
"egsu044","EG",0,2,16,57,16,59,60,4,2238.8,559.7,0.5,0,0,0.280701754385965,0.0338983050847458,0.00847457627118644,0,0,0,"info","primary_kin","EG"
"egsu045","EG",1,3,20,56,21,59,60,5,2421,484.2,0.6,0.2,0.333333333333333,0.357142857142857,0.0508474576271186,0.0101694915254237,0.0476190476190476,0.00952380952380952,0.933333333333333,"info","primary_kin","EG"
"egsu046","EG",0,1,14,58,14,59,60,3,1830,610,0.333333333333333,0,0,0.241379310344828,0.0169491525423729,0.00564971751412429,0,0,0,"info","primary_kin","EG"
"egsu047","EG",3,5,11,54,14,59,60,3,2739.6,913.2,1.66666666666667,1,0.6,0.203703703703704,0.0847457627118644,0.0282485875706215,0.214285714285714,0.0714285714285714,2.94545454545455,"info","primary_kin","EG"
"egsu048","EG",1,3,11,56,12,59,60,4,4753.2,1188.3,0.75,0.25,0.333333333333333,0.196428571428571,0.0508474576271186,0.0127118644067797,0.0833333333333333,0.0208333333333333,1.6969696969697,"info","primary_kin","EG"
"egsu049","EG",0,2,19,57,19,59,60,6,538.6,89.7666666666667,0.333333333333333,0,0,0.333333333333333,0.0338983050847458,0.00564971751412429,0,0,0,"info","primary_kin","EG"
"egsu050","EG",0,1,11,58,11,59,60,5,3703,740.6,0.2,0,0,0.189655172413793,0.0169491525423729,0.00338983050847458,0,0,0,"info","primary_kin","EG"
"egsu051","EG",0,4,6,55,6,59,60,7,1771.6,253.085714285714,0.571428571428571,0,0,0.109090909090909,0.0677966101694915,0.00968523002421307,0,0,0,"info","primary_kin","EG"
"egsu052","EG",1,3,14,56,15,59,60,7,801.6,114.514285714286,0.428571428571429,0.142857142857143,0.333333333333333,0.25,0.0508474576271186,0.00726392251815981,0.0666666666666667,0.00952380952380952,1.33333333333333,"info","primary_kin","EG"
"egsu053","EG",0,2,11,57,11,59,60,6,3997.2,666.2,0.333333333333333,0,0,0.192982456140351,0.0338983050847458,0.00564971751412429,0,0,0,"info","primary_kin","EG"
"egsu054","EG",0,1,14,58,14,59,60,7,3863,551.857142857143,0.142857142857143,0,0,0.241379310344828,0.0169491525423729,0.00242130750605327,0,0,0,"info","primary_kin","EG"
"egsu055","EG",0,2,12,57,12,59,60,5,2177.6,435.52,0.4,0,0,0.210526315789474,0.0338983050847458,0.00677966101694915,0,0,0,"info","primary_kin","EG"
"egsu056","EG",1,4,12,55,13,59,60,5,5283,1056.6,0.8,0.2,0.25,0.218181818181818,0.0677966101694915,0.0135593220338983,0.0769230769230769,0.0153846153846154,1.14583333333333,"info","primary_kin","EG"
"egsu057","EG",0,2,5,57,5,59,60,3,2256.6,752.2,0.666666666666667,0,0,0.087719298245614,0.0338983050847458,0.0112994350282486,0,0,0,"info","primary_kin","EG"
"egsu058","EG",0,1,19,58,19,59,60,7,4654.6,664.942857142857,0.142857142857143,0,0,0.327586206896552,0.0169491525423729,0.00242130750605327,0,0,0,"info","primary_kin","EG"
"egsu059","EG",0,1,10,58,10,59,60,5,3104.2,620.84,0.2,0,0,0.172413793103448,0.0169491525423729,0.00338983050847458,0,0,0,"info","primary_kin","EG"
"egsu060","EG",1,3,4,56,5,59,60,5,2399.8,479.96,0.6,0.2,0.333333333333333,0.0714285714285714,0.0508474576271186,0.0101694915254237,0.2,0.04,4.66666666666667,"info","primary_kin","EG"
"exsu001","EX",1,5,13,64,14,69,70,7,3039.6,434.228571428571,0.714285714285714,0.142857142857143,0.2,0.203125,0.072463768115942,0.010351966873706,0.0714285714285714,0.0102040816326531,0.984615384615385,"info","primary_kin","EX"
"exsu002","EX",2,5,12,64,14,69,70,3,2089,696.333333333333,1.66666666666667,0.666666666666667,0.4,0.1875,0.072463768115942,0.0241545893719807,0.142857142857143,0.0476190476190476,2.13333333333333,"info","primary_kin","EX"
"exsu003","EX",1,3,8,66,9,69,70,5,990,198,0.6,0.2,0.333333333333333,0.121212121212121,0.0434782608695652,0.00869565217391304,0.111111111111111,0.0222222222222222,2.75,"info","primary_kin","EX"
"exsu004","EX",1,4,5,65,6,69,70,3,5493.6,1831.2,1.33333333333333,0.333333333333333,0.25,0.0769230769230769,0.0579710144927536,0.0193236714975845,0.166666666666667,0.0555555555555556,3.25,"info","primary_kin","EX"
"exsu005","EX",0,1,10,68,10,69,70,3,3065.2,1021.73333333333,0.333333333333333,0,0,0.147058823529412,0.0144927536231884,0.00483091787439614,0,0,0,"info","primary_kin","EX"
"exsu006","EX",1,3,20,66,21,69,70,7,6047.6,863.942857142857,0.428571428571429,0.142857142857143,0.333333333333333,0.303030303030303,0.0434782608695652,0.0062111801242236,0.0476190476190476,0.00680272108843537,1.1,"info","primary_kin","EX"
"exsu007","EX",0,3,15,66,15,69,70,7,1989,284.142857142857,0.428571428571429,0,0,0.227272727272727,0.0434782608695652,0.0062111801242236,0,0,0,"info","primary_kin","EX"
"exsu008","EX",0,2,9,67,9,69,70,5,3437,687.4,0.4,0,0,0.134328358208955,0.0289855072463768,0.00579710144927536,0,0,0,"info","primary_kin","EX"
"exsu009","EX",1,3,9,66,10,69,70,5,1999.6,399.92,0.6,0.2,0.333333333333333,0.136363636363636,0.0434782608695652,0.00869565217391304,0.1,0.02,2.44444444444444,"info","primary_kin","EX"
"exsu010","EX",0,3,7,66,7,69,70,4,1860,465,0.75,0,0,0.106060606060606,0.0434782608695652,0.0108695652173913,0,0,0,"info","primary_kin","EX"
"exsu011","EX",0,2,15,67,15,69,70,6,1969.2,328.2,0.333333333333333,0,0,0.223880597014925,0.0289855072463768,0.00483091787439614,0,0,0,"info","primary_kin","EX"
"exsu012","EX",0,1,12,68,12,69,70,4,1686.6,421.65,0.25,0,0,0.176470588235294,0.0144927536231884,0.0036231884057971,0,0,0,"info","primary_kin","EX"
"exsu013","EX",0,2,12,67,12,69,70,7,4188,598.285714285714,0.285714285714286,0,0,0.17910447761194,0.0289855072463768,0.0041407867494824,0,0,0,"info","primary_kin","EX"
"exsu014","EX",1,4,10,65,11,69,70,7,2161,308.714285714286,0.571428571428571,0.142857142857143,0.25,0.153846153846154,0.0579710144927536,0.0082815734989648,0.0909090909090909,0.012987012987013,1.625,"info","primary_kin","EX"
"exsu015","EX",0,1,10,68,10,69,70,4,407,101.75,0.25,0,0,0.147058823529412,0.0144927536231884,0.0036231884057971,0,0,0,"info","primary_kin","EX"
"exsu016","EX",0,3,15,66,15,69,70,6,1607,267.833333333333,0.5,0,0,0.227272727272727,0.0434782608695652,0.0072463768115942,0,0,0,"info","primary_kin","EX"
"exsu017","EX",1,2,10,67,11,69,70,4,4368.2,1092.05,0.5,0.25,0.5,0.149253731343284,0.0289855072463768,0.0072463768115942,0.0909090909090909,0.0227272727272727,3.35,"info","primary_kin","EX"
"exsu018","EX",0,3,5,66,5,69,70,3,3123,1041,1,0,0,0.0757575757575758,0.0434782608695652,0.0144927536231884,0,0,0,"info","primary_kin","EX"
"exsu019","EX",0,2,21,67,21,69,70,7,1626.6,232.371428571429,0.285714285714286,0,0,0.313432835820896,0.0289855072463768,0.0041407867494824,0,0,0,"info","primary_kin","EX"
"exsu020","EX",0,3,14,66,14,69,70,5,3081,616.2,0.6,0,0,0.212121212121212,0.0434782608695652,0.00869565217391304,0,0,0,"info","primary_kin","EX"
"exsu021","EX",0,3,10,66,10,69,70,5,2349.6,469.92,0.6,0,0,0.151515151515152,0.0434782608695652,0.00869565217391304,0,0,0,"info","primary_kin","EX"
"exsu022","EX",0,2,7,67,7,69,70,7,759,108.428571428571,0.285714285714286,0,0,0.104477611940299,0.0289855072463768,0.0041407867494824,0,0,0,"info","primary_kin","EX"
"exsu023","EX",0,1,10,68,10,69,70,6,1118,186.333333333333,0.166666666666667,0,0,0.147058823529412,0.0144927536231884,0.00241545893719807,0,0,0,"info","primary_kin","EX"
"exsu024","EX",0,1,16,68,16,69,70,6,1522,253.666666666667,0.166666666666667,0,0,0.235294117647059,0.0144927536231884,0.00241545893719807,0,0,0,"info","primary_kin","EX"
"exsu025","EX",0,6,9,63,9,69,70,6,4654.6,775.766666666667,1,0,0,0.142857142857143,0.0869565217391304,0.0144927536231884,0,0,0,"info","primary_kin","EX"
"exsu026","EX",0,1,21,68,21,69,70,6,1421.6,236.933333333333,0.166666666666667,0,0,0.308823529411765,0.0144927536231884,0.00241545893719807,0,0,0,"info","primary_kin","EX"
"exsu027","EX",0,2,16,67,16,69,70,7,3225.6,460.8,0.285714285714286,0,0,0.238805970149254,0.0289855072463768,0.0041407867494824,0,0,0,"info","primary_kin","EX"
"exsu028","EX",1,4,8,65,9,69,70,3,1498,499.333333333333,1.33333333333333,0.333333333333333,0.25,0.123076923076923,0.0579710144927536,0.0193236714975845,0.111111111111111,0.037037037037037,2.03125,"info","primary_kin","EX"
"exsu029","EX",0,1,7,68,7,69,70,5,1826.8,365.36,0.2,0,0,0.102941176470588,0.0144927536231884,0.00289855072463768,0,0,0,"info","primary_kin","EX"
"exsu030","EX",0,1,13,68,13,69,70,6,3297,549.5,0.166666666666667,0,0,0.191176470588235,0.0144927536231884,0.00241545893719807,0,0,0,"info","primary_kin","EX"
"exsu031","EX",0,5,6,64,6,69,70,7,945.2,135.028571428571,0.714285714285714,0,0,0.09375,0.072463768115942,0.010351966873706,0,0,0,"info","primary_kin","EX"
"exsu032","EX",0,1,6,68,6,69,70,3,1461,487,0.333333333333333,0,0,0.0882352941176471,0.0144927536231884,0.00483091787439614,0,0,0,"info","primary_kin","EX"
"exsu033","EX",0,2,10,67,10,69,70,6,1781.2,296.866666666667,0.333333333333333,0,0,0.149253731343284,0.0289855072463768,0.00483091787439614,0,0,0,"info","primary_kin","EX"
"exsu034","EX",1,3,7,66,8,69,70,4,2898.6,724.65,0.75,0.25,0.333333333333333,0.106060606060606,0.0434782608695652,0.0108695652173913,0.125,0.03125,3.14285714285714,"info","primary_kin","EX"
"exsu035","EX",0,2,14,67,14,69,70,7,1402.6,200.371428571429,0.285714285714286,0,0,0.208955223880597,0.0289855072463768,0.0041407867494824,0,0,0,"info","primary_kin","EX"
"exsu036","EX",0,3,9,66,9,69,70,6,4938,823,0.5,0,0,0.136363636363636,0.0434782608695652,0.0072463768115942,0,0,0,"info","primary_kin","EX"
"exsu037","EX",0,1,13,68,13,69,70,5,2089,417.8,0.2,0,0,0.191176470588235,0.0144927536231884,0.00289855072463768,0,0,0,"info","primary_kin","EX"
"exsu038","EX",1,4,18,65,19,69,70,6,2700.6,450.1,0.666666666666667,0.166666666666667,0.25,0.276923076923077,0.0579710144927536,0.00966183574879227,0.0526315789473684,0.0087719298245614,0.902777777777778,"info","primary_kin","EX"
"exsu039","EX",1,2,13,67,14,69,70,5,829.8,165.96,0.4,0.2,0.5,0.194029850746269,0.0289855072463768,0.00579710144927536,0.0714285714285714,0.0142857142857143,2.57692307692308,"info","primary_kin","EX"
"exsu040","EX",0,1,15,68,15,69,70,7,4904,700.571428571429,0.142857142857143,0,0,0.220588235294118,0.0144927536231884,0.0020703933747412,0,0,0,"info","primary_kin","EX"
"exsu041","EX",0,2,17,67,17,69,70,5,6487.8,1297.56,0.4,0,0,0.253731343283582,0.0289855072463768,0.00579710144927536,0,0,0,"info","primary_kin","EX"
"exsu042","EX",0,2,11,67,11,69,70,6,3818.6,636.433333333333,0.333333333333333,0,0,0.164179104477612,0.0289855072463768,0.00483091787439614,0,0,0,"info","primary_kin","EX"
"exsu043","EX",2,2,14,67,16,69,70,3,2621,873.666666666667,0.666666666666667,0.666666666666667,1,0.208955223880597,0.0289855072463768,0.00966183574879227,0.125,0.0416666666666667,4.78571428571429,"info","primary_kin","EX"
"exsu044","EX",1,4,8,65,9,69,70,6,1032,172,0.666666666666667,0.166666666666667,0.25,0.123076923076923,0.0579710144927536,0.00966183574879227,0.111111111111111,0.0185185185185185,2.03125,"info","primary_kin","EX"
"exsu045","EX",0,1,13,68,13,69,70,6,1933,322.166666666667,0.166666666666667,0,0,0.191176470588235,0.0144927536231884,0.00241545893719807,0,0,0,"info","primary_kin","EX"
"exsu046","EX",0,2,14,67,14,69,70,7,494,70.5714285714286,0.285714285714286,0,0,0.208955223880597,0.0289855072463768,0.0041407867494824,0,0,0,"info","primary_kin","EX"
"exsu047","EX",1,3,8,66,9,69,70,3,943.2,314.4,1,0.333333333333333,0.333333333333333,0.121212121212121,0.0434782608695652,0.0144927536231884,0.111111111111111,0.037037037037037,2.75,"info","primary_kin","EX"
"exsu048","EX",0,1,10,68,10,69,70,6,2850,475,0.166666666666667,0,0,0.147058823529412,0.0144927536231884,0.00241545893719807,0,0,0,"info","primary_kin","EX"
"exsu049","EX",1,2,7,67,8,69,70,4,1072,268,0.5,0.25,0.5,0.104477611940299,0.0289855072463768,0.0072463768115942,0.125,0.03125,4.78571428571429,"info","primary_kin","EX"
"exsu050","EX",0,2,9,67,9,69,70,4,572,143,0.5,0,0,0.134328358208955,0.0289855072463768,0.0072463768115942,0,0,0,"info","primary_kin","EX"
"exsu051","EX",0,1,7,68,7,69,70,7,2877.6,411.085714285714,0.142857142857143,0,0,0.102941176470588,0.0144927536231884,0.0020703933747412,0,0,0,"info","primary_kin","EX"
"exsu052","EX",0,1,15,68,15,69,70,7,2012,287.428571428571,0.142857142857143,0,0,0.220588235294118,0.0144927536231884,0.0020703933747412,0,0,0,"info","primary_kin","EX"
"exsu053","EX",0,1,20,68,20,69,70,6,6528.6,1088.1,0.166666666666667,0,0,0.294117647058824,0.0144927536231884,0.00241545893719807,0,0,0,"info","primary_kin","EX"
"exsu054","EX",0,2,16,67,16,69,70,6,1739.8,289.966666666667,0.333333333333333,0,0,0.238805970149254,0.0289855072463768,0.00483091787439614,0,0,0,"info","primary_kin","EX"
"exsu055","EX",0,0,5,69,5,69,70,3,3019.6,1006.53333333333,0,0,NA,0.072463768115942,0,0,0,0,NA,"info","primary_kin","EX"
"exsu056","EX",0,3,15,66,15,69,70,5,2649,529.8,0.6,0,0,0.227272727272727,0.0434782608695652,0.00869565217391304,0,0,0,"info","primary_kin","EX"
"exsu057","EX",3,6,17,63,20,69,70,7,3864.6,552.085714285714,0.857142857142857,0.428571428571429,0.5,0.26984126984127,0.0869565217391304,0.0124223602484472,0.15,0.0214285714285714,1.85294117647059,"info","primary_kin","EX"
"exsu058","EX",0,1,9,68,9,69,70,5,938,187.6,0.2,0,0,0.132352941176471,0.0144927536231884,0.00289855072463768,0,0,0,"info","primary_kin","EX"
"exsu059","EX",1,2,6,67,7,69,70,3,4723.6,1574.53333333333,0.666666666666667,0.333333333333333,0.5,0.0895522388059701,0.0289855072463768,0.00966183574879227,0.142857142857143,0.0476190476190476,5.58333333333333,"info","primary_kin","EX"
"exsu060","EX",1,2,21,67,22,69,70,5,3658.2,731.64,0.4,0.2,0.5,0.313432835820896,0.0289855072463768,0.00579710144927536,0.0454545454545455,0.00909090909090909,1.5952380952381,"info","primary_kin","EX"
"exsu061","EX",0,1,10,68,10,69,70,7,1931.6,275.942857142857,0.142857142857143,0,0,0.147058823529412,0.0144927536231884,0.0020703933747412,0,0,0,"info","primary_kin","EX"
"exsu062","EX",1,2,11,67,12,69,70,7,5784,826.285714285714,0.285714285714286,0.142857142857143,0.5,0.164179104477612,0.0289855072463768,0.0041407867494824,0.0833333333333333,0.0119047619047619,3.04545454545455,"info","primary_kin","EX"
"exsu063","EX",0,1,14,68,14,69,70,4,4085.6,1021.4,0.25,0,0,0.205882352941176,0.0144927536231884,0.0036231884057971,0,0,0,"info","primary_kin","EX"
"exsu064","EX",1,2,11,67,12,69,70,6,2867.6,477.933333333333,0.333333333333333,0.166666666666667,0.5,0.164179104477612,0.0289855072463768,0.00483091787439614,0.0833333333333333,0.0138888888888889,3.04545454545455,"info","primary_kin","EX"
"exsu065","EX",0,3,10,66,10,69,70,5,2715.6,543.12,0.6,0,0,0.151515151515152,0.0434782608695652,0.00869565217391304,0,0,0,"info","primary_kin","EX"
"exsu066","EX",0,3,10,66,10,69,70,6,3046.6,507.766666666667,0.5,0,0,0.151515151515152,0.0434782608695652,0.0072463768115942,0,0,0,"info","primary_kin","EX"
"exsu067","EX",0,3,12,66,12,69,70,4,1578,394.5,0.75,0,0,0.181818181818182,0.0434782608695652,0.0108695652173913,0,0,0,"info","primary_kin","EX"
"exsu068","EX",0,3,7,66,7,69,70,3,3075,1025,1,0,0,0.106060606060606,0.0434782608695652,0.0144927536231884,0,0,0,"info","primary_kin","EX"
"exsu069","EX",0,2,12,67,12,69,70,4,3305,826.25,0.5,0,0,0.17910447761194,0.0289855072463768,0.0072463768115942,0,0,0,"info","primary_kin","EX"
"exsu070","EX",1,3,10,66,11,69,70,3,2335.8,778.6,1,0.333333333333333,0.333333333333333,0.151515151515152,0.0434782608695652,0.0144927536231884,0.0909090909090909,0.0303030303030303,2.2,"info","primary_kin","EX"
"sisu001","SI",1,1,12,38,13,39,40,7,6725.2,960.742857142857,0.142857142857143,0.142857142857143,1,0.31578947368421,0.0256410256410256,0.00366300366300366,0.0769230769230769,0.010989010989011,3.16666666666667,"info","primary_kin","SI"
"sisu002","SI",1,2,14,37,15,39,40,6,4015.6,669.266666666667,0.333333333333333,0.166666666666667,0.5,0.378378378378378,0.0512820512820513,0.00854700854700855,0.0666666666666667,0.0111111111111111,1.32142857142857,"info","primary_kin","SI"
"sisu003","SI",2,4,7,35,9,39,40,3,3457.2,1152.4,1.33333333333333,0.666666666666667,0.5,0.2,0.102564102564103,0.0341880341880342,0.222222222222222,0.0740740740740741,2.5,"info","primary_kin","SI"
"sisu004","SI",0,6,7,33,7,39,40,3,3015.8,1005.26666666667,2,0,0,0.212121212121212,0.153846153846154,0.0512820512820513,0,0,0,"info","primary_kin","SI"
"sisu005","SI",0,2,6,37,6,39,40,3,957.6,319.2,0.666666666666667,0,0,0.162162162162162,0.0512820512820513,0.0170940170940171,0,0,0,"info","primary_kin","SI"
"sisu006","SI",0,2,14,37,14,39,40,3,1668,556,0.666666666666667,0,0,0.378378378378378,0.0512820512820513,0.0170940170940171,0,0,0,"info","primary_kin","SI"
"sisu007","SI",2,5,12,34,14,39,40,4,1634,408.5,1.25,0.5,0.4,0.352941176470588,0.128205128205128,0.032051282051282,0.142857142857143,0.0357142857142857,1.13333333333333,"info","primary_kin","SI"
"sisu008","SI",0,3,5,36,5,39,40,4,1773.2,443.3,0.75,0,0,0.138888888888889,0.0769230769230769,0.0192307692307692,0,0,0,"info","primary_kin","SI"
"sisu009","SI",1,4,9,35,10,39,40,4,2157,539.25,1,0.25,0.25,0.257142857142857,0.102564102564103,0.0256410256410256,0.1,0.025,0.972222222222222,"info","primary_kin","SI"
"sisu010","SI",0,0,7,39,7,39,40,4,2569,642.25,0,0,NA,0.17948717948718,0,0,0,0,NA,"info","primary_kin","SI"
"sisu011","SI",0,1,12,38,12,39,40,3,3492.6,1164.2,0.333333333333333,0,0,0.31578947368421,0.0256410256410256,0.00854700854700855,0,0,0,"info","primary_kin","SI"
"sisu012","SI",3,4,8,35,11,39,40,3,3090.2,1030.06666666667,1.33333333333333,1,0.75,0.228571428571429,0.102564102564103,0.0341880341880342,0.272727272727273,0.0909090909090909,3.28125,"info","primary_kin","SI"
"sisu013","SI",0,2,9,37,9,39,40,3,2711.2,903.733333333333,0.666666666666667,0,0,0.243243243243243,0.0512820512820513,0.0170940170940171,0,0,0,"info","primary_kin","SI"
"sisu014","SI",0,0,16,39,16,39,40,5,3955.2,791.04,0,0,NA,0.41025641025641,0,0,0,0,NA,"info","primary_kin","SI"
"sisu015","SI",1,3,16,36,17,39,40,7,5079.6,725.657142857143,0.428571428571429,0.142857142857143,0.333333333333333,0.444444444444444,0.0769230769230769,0.010989010989011,0.0588235294117647,0.00840336134453781,0.75,"info","primary_kin","SI"
"sisu016","SI",0,3,3,36,3,39,40,6,3258.6,543.1,0.5,0,0,0.0833333333333333,0.0769230769230769,0.0128205128205128,0,0,0,"info","primary_kin","SI"
"sisu017","SI",0,1,15,38,15,39,40,7,5293.6,756.228571428572,0.142857142857143,0,0,0.394736842105263,0.0256410256410256,0.00366300366300366,0,0,0,"info","primary_kin","SI"
"sisu018","SI",0,2,8,37,8,39,40,3,980,326.666666666667,0.666666666666667,0,0,0.216216216216216,0.0512820512820513,0.0170940170940171,0,0,0,"info","primary_kin","SI"
"sisu019","SI",0,4,1,35,1,39,40,3,1973,657.666666666667,1.33333333333333,0,0,0.0285714285714286,0.102564102564103,0.0341880341880342,0,0,0,"info","primary_kin","SI"
"sisu020","SI",0,3,4,36,4,39,40,4,2122.2,530.55,0.75,0,0,0.111111111111111,0.0769230769230769,0.0192307692307692,0,0,0,"info","primary_kin","SI"
"sisu021","SI",1,1,16,38,17,39,40,7,2010,287.142857142857,0.142857142857143,0.142857142857143,1,0.421052631578947,0.0256410256410256,0.00366300366300366,0.0588235294117647,0.00840336134453781,2.375,"info","primary_kin","SI"
"sisu022","SI",0,2,8,37,8,39,40,4,2600.2,650.05,0.5,0,0,0.216216216216216,0.0512820512820513,0.0128205128205128,0,0,0,"info","primary_kin","SI"
"sisu023","SI",1,2,16,37,17,39,40,5,3122.2,624.44,0.4,0.2,0.5,0.432432432432432,0.0512820512820513,0.0102564102564103,0.0588235294117647,0.0117647058823529,1.15625,"info","primary_kin","SI"
"sisu024","SI",0,3,0,36,0,39,40,3,1423.6,474.533333333333,1,0,0,0,0.0769230769230769,0.0256410256410256,NA,NA,NA,"info","primary_kin","SI"
"sisu025","SI",1,4,12,35,13,39,40,3,1945.2,648.4,1.33333333333333,0.333333333333333,0.25,0.342857142857143,0.102564102564103,0.0341880341880342,0.0769230769230769,0.0256410256410256,0.729166666666667,"info","primary_kin","SI"
"sisu026","SI",0,5,9,34,9,39,40,3,3222,1074,1.66666666666667,0,0,0.264705882352941,0.128205128205128,0.0427350427350427,0,0,0,"info","primary_kin","SI"
"sisu027","SI",2,4,12,35,14,39,40,4,5309.2,1327.3,1,0.5,0.5,0.342857142857143,0.102564102564103,0.0256410256410256,0.142857142857143,0.0357142857142857,1.45833333333333,"info","primary_kin","SI"
"sisu028","SI",2,3,14,36,16,39,40,6,3121,520.166666666667,0.5,0.333333333333333,0.666666666666667,0.388888888888889,0.0769230769230769,0.0128205128205128,0.125,0.0208333333333333,1.71428571428571,"info","primary_kin","SI"
"sisu029","SI",0,2,6,37,6,39,40,5,5283.2,1056.64,0.4,0,0,0.162162162162162,0.0512820512820513,0.0102564102564103,0,0,0,"info","primary_kin","SI"
"sisu030","SI",1,4,9,35,10,39,40,7,3370,481.428571428571,0.571428571428571,0.142857142857143,0.25,0.257142857142857,0.102564102564103,0.0146520146520147,0.1,0.0142857142857143,0.972222222222222,"info","primary_kin","SI"
"sisu031","SI",1,2,12,37,13,39,40,5,2474,494.8,0.4,0.2,0.5,0.324324324324324,0.0512820512820513,0.0102564102564103,0.0769230769230769,0.0153846153846154,1.54166666666667,"info","primary_kin","SI"
"sisu032","SI",0,1,14,38,14,39,40,5,359,71.8,0.2,0,0,0.368421052631579,0.0256410256410256,0.00512820512820513,0,0,0,"info","primary_kin","SI"
"sisu033","SI",2,3,12,36,14,39,40,5,4396,879.2,0.6,0.4,0.666666666666667,0.333333333333333,0.0769230769230769,0.0153846153846154,0.142857142857143,0.0285714285714286,2,"info","primary_kin","SI"
"sisu034","SI",0,1,15,38,15,39,40,6,2779,463.166666666667,0.166666666666667,0,0,0.394736842105263,0.0256410256410256,0.00427350427350427,0,0,0,"info","primary_kin","SI"
"sisu035","SI",2,2,13,37,15,39,40,7,4425,632.142857142857,0.285714285714286,0.285714285714286,1,0.351351351351351,0.0512820512820513,0.00732600732600733,0.133333333333333,0.019047619047619,2.84615384615385,"info","primary_kin","SI"
"sisu036","SI",0,3,11,36,11,39,40,4,2113.6,528.4,0.75,0,0,0.305555555555556,0.0769230769230769,0.0192307692307692,0,0,0,"info","primary_kin","SI"
"sisu037","SI",1,2,10,37,11,39,40,6,712.6,118.766666666667,0.333333333333333,0.166666666666667,0.5,0.27027027027027,0.0512820512820513,0.00854700854700855,0.0909090909090909,0.0151515151515152,1.85,"info","primary_kin","SI"
"sisu038","SI",0,0,14,39,14,39,40,5,4104,820.8,0,0,NA,0.358974358974359,0,0,0,0,NA,"info","primary_kin","SI"
"sisu039","SI",1,3,10,36,11,39,40,4,3582.6,895.65,0.75,0.25,0.333333333333333,0.277777777777778,0.0769230769230769,0.0192307692307692,0.0909090909090909,0.0227272727272727,1.2,"info","primary_kin","SI"
"sisu040","SI",2,3,15,36,17,39,40,7,1867,266.714285714286,0.428571428571429,0.285714285714286,0.666666666666667,0.416666666666667,0.0769230769230769,0.010989010989011,0.117647058823529,0.0168067226890756,1.6,"info","primary_kin","SI"
"smsu001","SM",0,3,6,96,6,99,100,5,5400,1080,0.6,0,0,0.0625,0.0303030303030303,0.00606060606060606,0,0,0,"info","primary_kin","SM"
"smsu002","SM",1,2,6,97,7,99,100,6,3285.6,547.6,0.333333333333333,0.166666666666667,0.5,0.0618556701030928,0.0202020202020202,0.00336700336700337,0.142857142857143,0.0238095238095238,8.08333333333333,"info","primary_kin","SM"
"smsu003","SM",0,2,11,97,11,99,100,4,1157,289.25,0.5,0,0,0.11340206185567,0.0202020202020202,0.00505050505050505,0,0,0,"info","primary_kin","SM"
"smsu004","SM",0,2,15,97,15,99,100,4,3386,846.5,0.5,0,0,0.154639175257732,0.0202020202020202,0.00505050505050505,0,0,0,"info","primary_kin","SM"
"smsu005","SM",0,3,13,96,13,99,100,4,3342.2,835.55,0.75,0,0,0.135416666666667,0.0303030303030303,0.00757575757575758,0,0,0,"info","primary_kin","SM"
"smsu006","SM",0,1,8,98,8,99,100,5,3328,665.6,0.2,0,0,0.0816326530612245,0.0101010101010101,0.00202020202020202,0,0,0,"info","primary_kin","SM"
"smsu007","SM",0,6,26,93,26,99,100,7,649,92.7142857142857,0.857142857142857,0,0,0.279569892473118,0.0606060606060606,0.00865800865800866,0,0,0,"info","primary_kin","SM"
"smsu008","SM",0,3,13,96,13,99,100,4,384,96,0.75,0,0,0.135416666666667,0.0303030303030303,0.00757575757575758,0,0,0,"info","primary_kin","SM"
"smsu009","SM",1,3,5,96,6,99,100,6,2672.8,445.466666666667,0.5,0.166666666666667,0.333333333333333,0.0520833333333333,0.0303030303030303,0.00505050505050505,0.166666666666667,0.0277777777777778,6.4,"info","primary_kin","SM"
"smsu010","SM",0,5,11,94,11,99,100,5,3025.2,605.04,1,0,0,0.117021276595745,0.0505050505050505,0.0101010101010101,0,0,0,"info","primary_kin","SM"
"smsu011","SM",1,2,15,97,16,99,100,7,2042,291.714285714286,0.285714285714286,0.142857142857143,0.5,0.154639175257732,0.0202020202020202,0.00288600288600289,0.0625,0.00892857142857143,3.23333333333333,"info","primary_kin","SM"
"smsu012","SM",0,1,14,98,14,99,100,4,2378,594.5,0.25,0,0,0.142857142857143,0.0101010101010101,0.00252525252525253,0,0,0,"info","primary_kin","SM"
"smsu013","SM",1,2,7,97,8,99,100,5,673,134.6,0.4,0.2,0.5,0.0721649484536082,0.0202020202020202,0.00404040404040404,0.125,0.025,6.92857142857143,"info","primary_kin","SM"
"smsu014","SM",0,1,12,98,12,99,100,4,404,101,0.25,0,0,0.122448979591837,0.0101010101010101,0.00252525252525253,0,0,0,"info","primary_kin","SM"
"smsu015","SM",0,3,11,96,11,99,100,5,1835,367,0.6,0,0,0.114583333333333,0.0303030303030303,0.00606060606060606,0,0,0,"info","primary_kin","SM"
"smsu016","SM",0,1,8,98,8,99,100,3,615,205,0.333333333333333,0,0,0.0816326530612245,0.0101010101010101,0.00336700336700337,0,0,0,"info","primary_kin","SM"
"smsu017","SM",0,0,18,99,18,99,100,7,2885,412.142857142857,0,0,NA,0.181818181818182,0,0,0,0,NA,"info","primary_kin","SM"
"smsu018","SM",1,1,12,98,13,99,100,7,1607.8,229.685714285714,0.142857142857143,0.142857142857143,1,0.122448979591837,0.0101010101010101,0.00144300144300144,0.0769230769230769,0.010989010989011,8.16666666666667,"info","primary_kin","SM"
"smsu019","SM",1,3,14,96,15,99,100,7,6534,933.428571428571,0.428571428571429,0.142857142857143,0.333333333333333,0.145833333333333,0.0303030303030303,0.00432900432900433,0.0666666666666667,0.00952380952380952,2.28571428571429,"info","primary_kin","SM"
"smsu020","SM",0,4,16,95,16,99,100,5,749,149.8,0.8,0,0,0.168421052631579,0.0404040404040404,0.00808080808080808,0,0,0,"info","primary_kin","SM"
"smsu021","SM",0,1,15,98,15,99,100,7,994,142,0.142857142857143,0,0,0.153061224489796,0.0101010101010101,0.00144300144300144,0,0,0,"info","primary_kin","SM"
"smsu022","SM",0,7,8,92,8,99,100,4,2656.6,664.15,1.75,0,0,0.0869565217391304,0.0707070707070707,0.0176767676767677,0,0,0,"info","primary_kin","SM"
"smsu023","SM",0,1,7,98,7,99,100,4,4842,1210.5,0.25,0,0,0.0714285714285714,0.0101010101010101,0.00252525252525253,0,0,0,"info","primary_kin","SM"
"smsu024","SM",0,1,10,98,10,99,100,3,3327.6,1109.2,0.333333333333333,0,0,0.102040816326531,0.0101010101010101,0.00336700336700337,0,0,0,"info","primary_kin","SM"
"smsu025","SM",0,1,19,98,19,99,100,4,1977,494.25,0.25,0,0,0.193877551020408,0.0101010101010101,0.00252525252525253,0,0,0,"info","primary_kin","SM"
"smsu026","SM",1,2,16,97,17,99,100,5,894.2,178.84,0.4,0.2,0.5,0.164948453608247,0.0202020202020202,0.00404040404040404,0.0588235294117647,0.0117647058823529,3.03125,"info","primary_kin","SM"
"smsu027","SM",1,1,13,98,14,99,100,6,550,91.6666666666667,0.166666666666667,0.166666666666667,1,0.13265306122449,0.0101010101010101,0.00168350168350168,0.0714285714285714,0.0119047619047619,7.53846153846154,"info","primary_kin","SM"
"smsu028","SM",1,3,14,96,15,99,100,5,3705.6,741.12,0.6,0.2,0.333333333333333,0.145833333333333,0.0303030303030303,0.00606060606060606,0.0666666666666667,0.0133333333333333,2.28571428571429,"info","primary_kin","SM"
"smsu029","SM",0,2,8,97,8,99,100,4,2180.6,545.15,0.5,0,0,0.0824742268041237,0.0202020202020202,0.00505050505050505,0,0,0,"info","primary_kin","SM"
"smsu030","SM",0,2,12,97,12,99,100,5,1405.2,281.04,0.4,0,0,0.123711340206186,0.0202020202020202,0.00404040404040404,0,0,0,"info","primary_kin","SM"
"smsu031","SM",2,2,15,97,17,99,100,7,618.2,88.3142857142857,0.285714285714286,0.285714285714286,1,0.154639175257732,0.0202020202020202,0.00288600288600289,0.117647058823529,0.0168067226890756,6.46666666666667,"info","primary_kin","SM"
"smsu032","SM",0,1,8,98,8,99,100,4,967,241.75,0.25,0,0,0.0816326530612245,0.0101010101010101,0.00252525252525253,0,0,0,"info","primary_kin","SM"
"smsu033","SM",1,2,14,97,15,99,100,6,1035,172.5,0.333333333333333,0.166666666666667,0.5,0.144329896907216,0.0202020202020202,0.00336700336700337,0.0666666666666667,0.0111111111111111,3.46428571428571,"info","primary_kin","SM"
"smsu034","SM",0,3,9,96,9,99,100,6,3962.2,660.366666666667,0.5,0,0,0.09375,0.0303030303030303,0.00505050505050505,0,0,0,"info","primary_kin","SM"
"smsu035","SM",0,1,12,98,12,99,100,5,1059,211.8,0.2,0,0,0.122448979591837,0.0101010101010101,0.00202020202020202,0,0,0,"info","primary_kin","SM"
"smsu036","SM",1,4,19,95,20,99,100,6,1699,283.166666666667,0.666666666666667,0.166666666666667,0.25,0.2,0.0404040404040404,0.00673400673400673,0.05,0.00833333333333333,1.25,"info","primary_kin","SM"
"smsu037","SM",0,2,13,97,13,99,100,5,4389,877.8,0.4,0,0,0.134020618556701,0.0202020202020202,0.00404040404040404,0,0,0,"info","primary_kin","SM"
"smsu038","SM",0,1,15,98,15,99,100,6,1868,311.333333333333,0.166666666666667,0,0,0.153061224489796,0.0101010101010101,0.00168350168350168,0,0,0,"info","primary_kin","SM"
"smsu039","SM",0,4,17,95,17,99,100,6,374,62.3333333333333,0.666666666666667,0,0,0.178947368421053,0.0404040404040404,0.00673400673400673,0,0,0,"info","primary_kin","SM"
"smsu040","SM",0,2,14,97,14,99,100,6,3031,505.166666666667,0.333333333333333,0,0,0.144329896907216,0.0202020202020202,0.00336700336700337,0,0,0,"info","primary_kin","SM"
"smsu041","SM",0,4,4,95,4,99,100,3,2200.6,733.533333333333,1.33333333333333,0,0,0.0421052631578947,0.0404040404040404,0.0134680134680135,0,0,0,"info","primary_kin","SM"
"smsu042","SM",0,3,13,96,13,99,100,5,2348,469.6,0.6,0,0,0.135416666666667,0.0303030303030303,0.00606060606060606,0,0,0,"info","primary_kin","SM"
"smsu043","SM",0,4,19,95,19,99,100,5,1986.8,397.36,0.8,0,0,0.2,0.0404040404040404,0.00808080808080808,0,0,0,"info","primary_kin","SM"
"smsu044","SM",1,1,15,98,16,99,100,6,804,134,0.166666666666667,0.166666666666667,1,0.153061224489796,0.0101010101010101,0.00168350168350168,0.0625,0.0104166666666667,6.53333333333333,"info","primary_kin","SM"
"smsu045","SM",0,1,11,98,11,99,100,4,496.6,124.15,0.25,0,0,0.112244897959184,0.0101010101010101,0.00252525252525253,0,0,0,"info","primary_kin","SM"
"smsu046","SM",0,2,7,97,7,99,100,5,1821.2,364.24,0.4,0,0,0.0721649484536082,0.0202020202020202,0.00404040404040404,0,0,0,"info","primary_kin","SM"
"smsu047","SM",0,2,11,97,11,99,100,5,4280.2,856.04,0.4,0,0,0.11340206185567,0.0202020202020202,0.00404040404040404,0,0,0,"info","primary_kin","SM"
"smsu048","SM",0,2,8,97,8,99,100,5,2620.2,524.04,0.4,0,0,0.0824742268041237,0.0202020202020202,0.00404040404040404,0,0,0,"info","primary_kin","SM"
"smsu049","SM",0,2,10,97,10,99,100,3,1189.6,396.533333333333,0.666666666666667,0,0,0.103092783505155,0.0202020202020202,0.00673400673400673,0,0,0,"info","primary_kin","SM"
"smsu050","SM",0,1,13,98,13,99,100,3,1979.2,659.733333333333,0.333333333333333,0,0,0.13265306122449,0.0101010101010101,0.00336700336700337,0,0,0,"info","primary_kin","SM"
"smsu051","SM",0,2,17,97,17,99,100,5,2385,477,0.4,0,0,0.175257731958763,0.0202020202020202,0.00404040404040404,0,0,0,"info","primary_kin","SM"
"smsu052","SM",1,2,13,97,14,99,100,5,956,191.2,0.4,0.2,0.5,0.134020618556701,0.0202020202020202,0.00404040404040404,0.0714285714285714,0.0142857142857143,3.73076923076923,"info","primary_kin","SM"
"smsu053","SM",1,6,11,93,12,99,100,6,3965,660.833333333333,1,0.166666666666667,0.166666666666667,0.118279569892473,0.0606060606060606,0.0101010101010101,0.0833333333333333,0.0138888888888889,1.40909090909091,"info","primary_kin","SM"
"smsu054","SM",0,2,10,97,10,99,100,6,2622,437,0.333333333333333,0,0,0.103092783505155,0.0202020202020202,0.00336700336700337,0,0,0,"info","primary_kin","SM"
"smsu055","SM",0,0,17,99,17,99,100,6,2952.2,492.033333333333,0,0,NA,0.171717171717172,0,0,0,0,NA,"info","primary_kin","SM"
"smsu056","SM",1,3,9,96,10,99,100,7,968.2,138.314285714286,0.428571428571429,0.142857142857143,0.333333333333333,0.09375,0.0303030303030303,0.00432900432900433,0.1,0.0142857142857143,3.55555555555556,"info","primary_kin","SM"
"smsu057","SM",0,3,10,96,10,99,100,5,3231,646.2,0.6,0,0,0.104166666666667,0.0303030303030303,0.00606060606060606,0,0,0,"info","primary_kin","SM"
"smsu058","SM",0,2,5,97,5,99,100,5,3001.6,600.32,0.4,0,0,0.0515463917525773,0.0202020202020202,0.00404040404040404,0,0,0,"info","primary_kin","SM"
"smsu059","SM",0,2,7,97,7,99,100,3,1883,627.666666666667,0.666666666666667,0,0,0.0721649484536082,0.0202020202020202,0.00673400673400673,0,0,0,"info","primary_kin","SM"
"smsu060","SM",0,4,26,95,26,99,100,7,3673,524.714285714286,0.571428571428571,0,0,0.273684210526316,0.0404040404040404,0.00577200577200577,0,0,0,"info","primary_kin","SM"
"smsu061","SM",0,2,2,97,2,99,100,4,2846.6,711.65,0.5,0,0,0.0206185567010309,0.0202020202020202,0.00505050505050505,0,0,0,"info","primary_kin","SM"
"smsu062","SM",0,2,5,97,5,99,100,4,1748.6,437.15,0.5,0,0,0.0515463917525773,0.0202020202020202,0.00505050505050505,0,0,0,"info","primary_kin","SM"
"smsu063","SM",0,1,12,98,12,99,100,5,1671.6,334.32,0.2,0,0,0.122448979591837,0.0101010101010101,0.00202020202020202,0,0,0,"info","primary_kin","SM"
"smsu064","SM",0,1,8,98,8,99,100,3,2160,720,0.333333333333333,0,0,0.0816326530612245,0.0101010101010101,0.00336700336700337,0,0,0,"info","primary_kin","SM"
"smsu065","SM",0,3,25,96,25,99,100,5,910,182,0.6,0,0,0.260416666666667,0.0303030303030303,0.00606060606060606,0,0,0,"info","primary_kin","SM"
"smsu066","SM",0,3,8,96,8,99,100,3,2907,969,1,0,0,0.0833333333333333,0.0303030303030303,0.0101010101010101,0,0,0,"info","primary_kin","SM"
"smsu067","SM",0,2,13,97,13,99,100,7,1810.6,258.657142857143,0.285714285714286,0,0,0.134020618556701,0.0202020202020202,0.00288600288600289,0,0,0,"info","primary_kin","SM"
"smsu068","SM",1,4,6,95,7,99,100,3,4634,1544.66666666667,1.33333333333333,0.333333333333333,0.25,0.0631578947368421,0.0404040404040404,0.0134680134680135,0.142857142857143,0.0476190476190476,3.95833333333333,"info","primary_kin","SM"
"smsu069","SM",0,1,18,98,18,99,100,6,395.6,65.9333333333333,0.166666666666667,0,0,0.183673469387755,0.0101010101010101,0.00168350168350168,0,0,0,"info","primary_kin","SM"
"smsu070","SM",0,2,20,97,20,99,100,6,6160.6,1026.76666666667,0.333333333333333,0,0,0.206185567010309,0.0202020202020202,0.00336700336700337,0,0,0,"info","primary_kin","SM"
"smsu071","SM",0,4,11,95,11,99,100,5,1376,275.2,0.8,0,0,0.115789473684211,0.0404040404040404,0.00808080808080808,0,0,0,"info","primary_kin","SM"
"smsu072","SM",0,2,10,97,10,99,100,4,2077.2,519.3,0.5,0,0,0.103092783505155,0.0202020202020202,0.00505050505050505,0,0,0,"info","primary_kin","SM"
"smsu073","SM",0,2,9,97,9,99,100,3,4405.8,1468.6,0.666666666666667,0,0,0.0927835051546392,0.0202020202020202,0.00673400673400673,0,0,0,"info","primary_kin","SM"
"smsu074","SM",0,1,6,98,6,99,100,4,2508.2,627.05,0.25,0,0,0.0612244897959184,0.0101010101010101,0.00252525252525253,0,0,0,"info","primary_kin","SM"
"smsu075","SM",1,3,19,96,20,99,100,7,2496.8,356.685714285714,0.428571428571429,0.142857142857143,0.333333333333333,0.197916666666667,0.0303030303030303,0.00432900432900433,0.05,0.00714285714285714,1.68421052631579,"info","primary_kin","SM"
"smsu076","SM",1,3,16,96,17,99,100,7,670,95.7142857142857,0.428571428571429,0.142857142857143,0.333333333333333,0.166666666666667,0.0303030303030303,0.00432900432900433,0.0588235294117647,0.00840336134453781,2,"info","primary_kin","SM"
"smsu077","SM",0,5,13,94,13,99,100,5,6092,1218.4,1,0,0,0.138297872340426,0.0505050505050505,0.0101010101010101,0,0,0,"info","primary_kin","SM"
"smsu078","SM",0,1,8,98,8,99,100,4,3154.2,788.55,0.25,0,0,0.0816326530612245,0.0101010101010101,0.00252525252525253,0,0,0,"info","primary_kin","SM"
"smsu079","SM",1,3,15,96,16,99,100,7,4164,594.857142857143,0.428571428571429,0.142857142857143,0.333333333333333,0.15625,0.0303030303030303,0.00432900432900433,0.0625,0.00892857142857143,2.13333333333333,"info","primary_kin","SM"
"smsu080","SM",0,1,5,98,5,99,100,4,1439,359.75,0.25,0,0,0.0510204081632653,0.0101010101010101,0.00252525252525253,0,0,0,"info","primary_kin","SM"
"smsu081","SM",0,2,15,97,15,99,100,6,2253.6,375.6,0.333333333333333,0,0,0.154639175257732,0.0202020202020202,0.00336700336700337,0,0,0,"info","primary_kin","SM"
"smsu082","SM",0,4,9,95,9,99,100,3,849.8,283.266666666667,1.33333333333333,0,0,0.0947368421052632,0.0404040404040404,0.0134680134680135,0,0,0,"info","primary_kin","SM"
"smsu083","SM",0,1,6,98,6,99,100,3,3770,1256.66666666667,0.333333333333333,0,0,0.0612244897959184,0.0101010101010101,0.00336700336700337,0,0,0,"info","primary_kin","SM"
"smsu084","SM",0,4,7,95,7,99,100,4,5449,1362.25,1,0,0,0.0736842105263158,0.0404040404040404,0.0101010101010101,0,0,0,"info","primary_kin","SM"
"smsu085","SM",0,3,13,96,13,99,100,5,2886.2,577.24,0.6,0,0,0.135416666666667,0.0303030303030303,0.00606060606060606,0,0,0,"info","primary_kin","SM"
"smsu086","SM",2,2,20,97,22,99,100,6,2650.6,441.766666666667,0.333333333333333,0.333333333333333,1,0.206185567010309,0.0202020202020202,0.00336700336700337,0.0909090909090909,0.0151515151515152,4.85,"info","primary_kin","SM"
"smsu087","SM",0,1,9,98,9,99,100,3,3232,1077.33333333333,0.333333333333333,0,0,0.0918367346938776,0.0101010101010101,0.00336700336700337,0,0,0,"info","primary_kin","SM"
"smsu088","SM",0,4,6,95,6,99,100,3,1344.6,448.2,1.33333333333333,0,0,0.0631578947368421,0.0404040404040404,0.0134680134680135,0,0,0,"info","primary_kin","SM"
"smsu089","SM",0,1,10,98,10,99,100,7,3185,455,0.142857142857143,0,0,0.102040816326531,0.0101010101010101,0.00144300144300144,0,0,0,"info","primary_kin","SM"
"smsu090","SM",0,2,13,97,13,99,100,7,609.6,87.0857142857143,0.285714285714286,0,0,0.134020618556701,0.0202020202020202,0.00288600288600289,0,0,0,"info","primary_kin","SM"
"smsu091","SM",0,1,9,98,9,99,100,6,5777,962.833333333333,0.166666666666667,0,0,0.0918367346938776,0.0101010101010101,0.00168350168350168,0,0,0,"info","primary_kin","SM"
"smsu092","SM",1,3,8,96,9,99,100,4,1826.6,456.65,0.75,0.25,0.333333333333333,0.0833333333333333,0.0303030303030303,0.00757575757575758,0.111111111111111,0.0277777777777778,4,"info","primary_kin","SM"
"smsu093","SM",1,3,15,96,16,99,100,4,1200,300,0.75,0.25,0.333333333333333,0.15625,0.0303030303030303,0.00757575757575758,0.0625,0.015625,2.13333333333333,"info","primary_kin","SM"
"smsu094","SM",0,1,3,98,3,99,100,3,2658,886,0.333333333333333,0,0,0.0306122448979592,0.0101010101010101,0.00336700336700337,0,0,0,"info","primary_kin","SM"
"smsu095","SM",0,1,10,98,10,99,100,5,3604.6,720.92,0.2,0,0,0.102040816326531,0.0101010101010101,0.00202020202020202,0,0,0,"info","primary_kin","SM"
"smsu096","SM",0,2,12,97,12,99,100,4,2301,575.25,0.5,0,0,0.123711340206186,0.0202020202020202,0.00505050505050505,0,0,0,"info","primary_kin","SM"
"smsu097","SM",0,3,11,96,11,99,100,6,3253,542.166666666667,0.5,0,0,0.114583333333333,0.0303030303030303,0.00505050505050505,0,0,0,"info","primary_kin","SM"
"smsu098","SM",1,2,7,97,8,99,100,5,3177.2,635.44,0.4,0.2,0.5,0.0721649484536082,0.0202020202020202,0.00404040404040404,0.125,0.025,6.92857142857143,"info","primary_kin","SM"
"smsu099","SM",1,2,9,97,10,99,100,6,621,103.5,0.333333333333333,0.166666666666667,0.5,0.0927835051546392,0.0202020202020202,0.00336700336700337,0.1,0.0166666666666667,5.38888888888889,"info","primary_kin","SM"
"smsu100","SM",0,1,16,98,16,99,100,5,673.6,134.72,0.2,0,0,0.163265306122449,0.0101010101010101,0.00202020202020202,0,0,0,"info","primary_kin","SM"
"egsu001","EG",1,4,7,55,8,59,60,6,4266.6,711.1,0.666666666666667,0.166666666666667,0.25,0.127272727272727,0.0677966101694915,0.0112994350282486,0.125,0.0208333333333333,1.96428571428571,"govt","primary_kin","EG"
"egsu002","EG",1,4,2,55,3,59,60,4,2144,536,1,0.25,0.25,0.0363636363636364,0.0677966101694915,0.0169491525423729,0.333333333333333,0.0833333333333333,6.875,"govt","primary_kin","EG"
"egsu003","EG",1,2,9,57,10,59,60,7,4821.6,688.8,0.285714285714286,0.142857142857143,0.5,0.157894736842105,0.0338983050847458,0.00484261501210654,0.1,0.0142857142857143,3.16666666666667,"govt","primary_kin","EG"
"egsu004","EG",1,5,5,54,6,59,60,7,494,70.5714285714286,0.714285714285714,0.142857142857143,0.2,0.0925925925925926,0.0847457627118644,0.0121065375302663,0.166666666666667,0.0238095238095238,2.16,"govt","primary_kin","EG"
"egsu005","EG",0,3,7,56,7,59,60,5,1068,213.6,0.6,0,0,0.125,0.0508474576271186,0.0101694915254237,0,0,0,"govt","primary_kin","EG"
"egsu006","EG",0,1,8,58,8,59,60,5,2355,471,0.2,0,0,0.137931034482759,0.0169491525423729,0.00338983050847458,0,0,0,"govt","primary_kin","EG"
"egsu007","EG",0,2,7,57,7,59,60,7,3493,499,0.285714285714286,0,0,0.12280701754386,0.0338983050847458,0.00484261501210654,0,0,0,"govt","primary_kin","EG"
"egsu008","EG",2,4,11,55,13,59,60,5,4806,961.2,0.8,0.4,0.5,0.2,0.0677966101694915,0.0135593220338983,0.153846153846154,0.0307692307692308,2.5,"govt","primary_kin","EG"
"egsu009","EG",0,1,4,58,4,59,60,4,1642.6,410.65,0.25,0,0,0.0689655172413793,0.0169491525423729,0.00423728813559322,0,0,0,"govt","primary_kin","EG"
"egsu010","EG",1,4,4,55,5,59,60,5,2292.6,458.52,0.8,0.2,0.25,0.0727272727272727,0.0677966101694915,0.0135593220338983,0.2,0.04,3.4375,"govt","primary_kin","EG"
"egsu011","EG",0,1,3,58,3,59,60,3,3093.6,1031.2,0.333333333333333,0,0,0.0517241379310345,0.0169491525423729,0.00564971751412429,0,0,0,"govt","primary_kin","EG"
"egsu012","EG",0,3,7,56,7,59,60,3,780,260,1,0,0,0.125,0.0508474576271186,0.0169491525423729,0,0,0,"govt","primary_kin","EG"
"egsu013","EG",0,1,9,58,9,59,60,5,3031,606.2,0.2,0,0,0.155172413793103,0.0169491525423729,0.00338983050847458,0,0,0,"govt","primary_kin","EG"
"egsu014","EG",0,2,3,57,3,59,60,5,934,186.8,0.4,0,0,0.0526315789473684,0.0338983050847458,0.00677966101694915,0,0,0,"govt","primary_kin","EG"
"egsu015","EG",0,1,3,58,3,59,60,5,4019.6,803.92,0.2,0,0,0.0517241379310345,0.0169491525423729,0.00338983050847458,0,0,0,"govt","primary_kin","EG"
"egsu016","EG",0,3,6,56,6,59,60,7,1592.6,227.514285714286,0.428571428571429,0,0,0.107142857142857,0.0508474576271186,0.00726392251815981,0,0,0,"govt","primary_kin","EG"
"egsu017","EG",0,2,3,57,3,59,60,5,3001,600.2,0.4,0,0,0.0526315789473684,0.0338983050847458,0.00677966101694915,0,0,0,"govt","primary_kin","EG"
"egsu018","EG",1,6,6,53,7,59,60,7,2192,313.142857142857,0.857142857142857,0.142857142857143,0.166666666666667,0.113207547169811,0.101694915254237,0.0145278450363196,0.142857142857143,0.0204081632653061,1.47222222222222,"govt","primary_kin","EG"
"egsu019","EG",0,3,4,56,4,59,60,3,4701,1567,1,0,0,0.0714285714285714,0.0508474576271186,0.0169491525423729,0,0,0,"govt","primary_kin","EG"
"egsu020","EG",0,1,9,58,9,59,60,5,1875.6,375.12,0.2,0,0,0.155172413793103,0.0169491525423729,0.00338983050847458,0,0,0,"govt","primary_kin","EG"
"egsu021","EG",0,2,8,57,8,59,60,6,3349,558.166666666667,0.333333333333333,0,0,0.140350877192982,0.0338983050847458,0.00564971751412429,0,0,0,"govt","primary_kin","EG"
"egsu022","EG",0,3,7,56,7,59,60,4,827,206.75,0.75,0,0,0.125,0.0508474576271186,0.0127118644067797,0,0,0,"govt","primary_kin","EG"
"egsu023","EG",0,4,6,55,6,59,60,3,1603.6,534.533333333333,1.33333333333333,0,0,0.109090909090909,0.0677966101694915,0.0225988700564972,0,0,0,"govt","primary_kin","EG"
"egsu024","EG",0,2,5,57,5,59,60,3,6942,2314,0.666666666666667,0,0,0.087719298245614,0.0338983050847458,0.0112994350282486,0,0,0,"govt","primary_kin","EG"
"egsu025","EG",0,3,3,56,3,59,60,3,4155,1385,1,0,0,0.0535714285714286,0.0508474576271186,0.0169491525423729,0,0,0,"govt","primary_kin","EG"
"egsu026","EG",0,1,4,58,4,59,60,5,2793,558.6,0.2,0,0,0.0689655172413793,0.0169491525423729,0.00338983050847458,0,0,0,"govt","primary_kin","EG"
"egsu027","EG",0,1,10,58,10,59,60,4,1723,430.75,0.25,0,0,0.172413793103448,0.0169491525423729,0.00423728813559322,0,0,0,"govt","primary_kin","EG"
"egsu028","EG",0,1,9,58,9,59,60,6,264.2,44.0333333333333,0.166666666666667,0,0,0.155172413793103,0.0169491525423729,0.00282485875706215,0,0,0,"govt","primary_kin","EG"
"egsu029","EG",1,1,8,58,9,59,60,7,609.2,87.0285714285714,0.142857142857143,0.142857142857143,1,0.137931034482759,0.0169491525423729,0.00242130750605327,0.111111111111111,0.0158730158730159,7.25,"govt","primary_kin","EG"
"egsu030","EG",0,1,5,58,5,59,60,3,2977,992.333333333333,0.333333333333333,0,0,0.0862068965517241,0.0169491525423729,0.00564971751412429,0,0,0,"govt","primary_kin","EG"
"egsu031","EG",0,3,6,56,6,59,60,5,2813.2,562.64,0.6,0,0,0.107142857142857,0.0508474576271186,0.0101694915254237,0,0,0,"govt","primary_kin","EG"
"egsu032","EG",0,3,9,56,9,59,60,6,3550,591.666666666667,0.5,0,0,0.160714285714286,0.0508474576271186,0.00847457627118644,0,0,0,"govt","primary_kin","EG"
"egsu033","EG",0,1,6,58,6,59,60,5,2542.6,508.52,0.2,0,0,0.103448275862069,0.0169491525423729,0.00338983050847458,0,0,0,"govt","primary_kin","EG"
"egsu034","EG",1,4,6,55,7,59,60,3,1328.8,442.933333333333,1.33333333333333,0.333333333333333,0.25,0.109090909090909,0.0677966101694915,0.0225988700564972,0.142857142857143,0.0476190476190476,2.29166666666667,"govt","primary_kin","EG"
"egsu035","EG",0,1,4,58,4,59,60,5,4859,971.8,0.2,0,0,0.0689655172413793,0.0169491525423729,0.00338983050847458,0,0,0,"govt","primary_kin","EG"
"egsu036","EG",0,1,5,58,5,59,60,3,2867.6,955.866666666667,0.333333333333333,0,0,0.0862068965517241,0.0169491525423729,0.00564971751412429,0,0,0,"govt","primary_kin","EG"
"egsu037","EG",0,3,2,56,2,59,60,3,3852.8,1284.26666666667,1,0,0,0.0357142857142857,0.0508474576271186,0.0169491525423729,0,0,0,"govt","primary_kin","EG"
"egsu038","EG",0,1,7,58,7,59,60,7,1392.6,198.942857142857,0.142857142857143,0,0,0.120689655172414,0.0169491525423729,0.00242130750605327,0,0,0,"govt","primary_kin","EG"
"egsu039","EG",0,4,8,55,8,59,60,3,2142,714,1.33333333333333,0,0,0.145454545454545,0.0677966101694915,0.0225988700564972,0,0,0,"govt","primary_kin","EG"
"egsu040","EG",0,3,9,56,9,59,60,6,1878.8,313.133333333333,0.5,0,0,0.160714285714286,0.0508474576271186,0.00847457627118644,0,0,0,"govt","primary_kin","EG"
"egsu041","EG",0,0,5,59,5,59,60,3,2127.6,709.2,0,0,NA,0.0847457627118644,0,0,0,0,NA,"govt","primary_kin","EG"
"egsu042","EG",0,3,8,56,8,59,60,6,634.6,105.766666666667,0.5,0,0,0.142857142857143,0.0508474576271186,0.00847457627118644,0,0,0,"govt","primary_kin","EG"
"egsu043","EG",0,7,6,52,6,59,60,4,1585.2,396.3,1.75,0,0,0.115384615384615,0.11864406779661,0.0296610169491525,0,0,0,"govt","primary_kin","EG"
"egsu044","EG",0,2,7,57,7,59,60,4,2238.8,559.7,0.5,0,0,0.12280701754386,0.0338983050847458,0.00847457627118644,0,0,0,"govt","primary_kin","EG"
"egsu045","EG",1,3,7,56,8,59,60,5,2421,484.2,0.6,0.2,0.333333333333333,0.125,0.0508474576271186,0.0101694915254237,0.125,0.025,2.66666666666667,"govt","primary_kin","EG"
"egsu046","EG",0,1,8,58,8,59,60,3,1830,610,0.333333333333333,0,0,0.137931034482759,0.0169491525423729,0.00564971751412429,0,0,0,"govt","primary_kin","EG"
"egsu047","EG",1,5,7,54,8,59,60,3,2739.6,913.2,1.66666666666667,0.333333333333333,0.2,0.12962962962963,0.0847457627118644,0.0282485875706215,0.125,0.0416666666666667,1.54285714285714,"govt","primary_kin","EG"
"egsu048","EG",1,3,4,56,5,59,60,4,4753.2,1188.3,0.75,0.25,0.333333333333333,0.0714285714285714,0.0508474576271186,0.0127118644067797,0.2,0.05,4.66666666666667,"govt","primary_kin","EG"
"egsu049","EG",0,2,9,57,9,59,60,6,538.6,89.7666666666667,0.333333333333333,0,0,0.157894736842105,0.0338983050847458,0.00564971751412429,0,0,0,"govt","primary_kin","EG"
"egsu050","EG",0,1,3,58,3,59,60,5,3703,740.6,0.2,0,0,0.0517241379310345,0.0169491525423729,0.00338983050847458,0,0,0,"govt","primary_kin","EG"
"egsu051","EG",1,4,9,55,10,59,60,7,1771.6,253.085714285714,0.571428571428571,0.142857142857143,0.25,0.163636363636364,0.0677966101694915,0.00968523002421307,0.1,0.0142857142857143,1.52777777777778,"govt","primary_kin","EG"
"egsu052","EG",0,3,3,56,3,59,60,7,801.6,114.514285714286,0.428571428571429,0,0,0.0535714285714286,0.0508474576271186,0.00726392251815981,0,0,0,"govt","primary_kin","EG"
"egsu053","EG",0,2,5,57,5,59,60,6,3997.2,666.2,0.333333333333333,0,0,0.087719298245614,0.0338983050847458,0.00564971751412429,0,0,0,"govt","primary_kin","EG"
"egsu054","EG",0,1,5,58,5,59,60,7,3863,551.857142857143,0.142857142857143,0,0,0.0862068965517241,0.0169491525423729,0.00242130750605327,0,0,0,"govt","primary_kin","EG"
"egsu055","EG",1,2,5,57,6,59,60,5,2177.6,435.52,0.4,0.2,0.5,0.087719298245614,0.0338983050847458,0.00677966101694915,0.166666666666667,0.0333333333333333,5.7,"govt","primary_kin","EG"
"egsu056","EG",0,4,4,55,4,59,60,5,5283,1056.6,0.8,0,0,0.0727272727272727,0.0677966101694915,0.0135593220338983,0,0,0,"govt","primary_kin","EG"
"egsu057","EG",0,2,3,57,3,59,60,3,2256.6,752.2,0.666666666666667,0,0,0.0526315789473684,0.0338983050847458,0.0112994350282486,0,0,0,"govt","primary_kin","EG"
"egsu058","EG",1,1,9,58,10,59,60,7,4654.6,664.942857142857,0.142857142857143,0.142857142857143,1,0.155172413793103,0.0169491525423729,0.00242130750605327,0.1,0.0142857142857143,6.44444444444444,"govt","primary_kin","EG"
"egsu059","EG",0,1,7,58,7,59,60,5,3104.2,620.84,0.2,0,0,0.120689655172414,0.0169491525423729,0.00338983050847458,0,0,0,"govt","primary_kin","EG"
"egsu060","EG",0,3,2,56,2,59,60,5,2399.8,479.96,0.6,0,0,0.0357142857142857,0.0508474576271186,0.0101694915254237,0,0,0,"govt","primary_kin","EG"
"exsu001","EX",2,5,7,64,9,69,70,7,3039.6,434.228571428571,0.714285714285714,0.285714285714286,0.4,0.109375,0.072463768115942,0.010351966873706,0.222222222222222,0.0317460317460317,3.65714285714286,"govt","primary_kin","EX"
"exsu002","EX",0,5,7,64,7,69,70,3,2089,696.333333333333,1.66666666666667,0,0,0.109375,0.072463768115942,0.0241545893719807,0,0,0,"govt","primary_kin","EX"
"exsu003","EX",0,3,3,66,3,69,70,5,990,198,0.6,0,0,0.0454545454545455,0.0434782608695652,0.00869565217391304,0,0,0,"govt","primary_kin","EX"
"exsu004","EX",0,4,11,65,11,69,70,3,5493.6,1831.2,1.33333333333333,0,0,0.169230769230769,0.0579710144927536,0.0193236714975845,0,0,0,"govt","primary_kin","EX"
"exsu005","EX",0,1,8,68,8,69,70,3,3065.2,1021.73333333333,0.333333333333333,0,0,0.117647058823529,0.0144927536231884,0.00483091787439614,0,0,0,"govt","primary_kin","EX"
"exsu006","EX",0,3,9,66,9,69,70,7,6047.6,863.942857142857,0.428571428571429,0,0,0.136363636363636,0.0434782608695652,0.0062111801242236,0,0,0,"govt","primary_kin","EX"
"exsu007","EX",0,3,10,66,10,69,70,7,1989,284.142857142857,0.428571428571429,0,0,0.151515151515152,0.0434782608695652,0.0062111801242236,0,0,0,"govt","primary_kin","EX"
"exsu008","EX",1,2,6,67,7,69,70,5,3437,687.4,0.4,0.2,0.5,0.0895522388059701,0.0289855072463768,0.00579710144927536,0.142857142857143,0.0285714285714286,5.58333333333333,"govt","primary_kin","EX"
"exsu009","EX",1,3,6,66,7,69,70,5,1999.6,399.92,0.6,0.2,0.333333333333333,0.0909090909090909,0.0434782608695652,0.00869565217391304,0.142857142857143,0.0285714285714286,3.66666666666667,"govt","primary_kin","EX"
"exsu010","EX",0,3,8,66,8,69,70,4,1860,465,0.75,0,0,0.121212121212121,0.0434782608695652,0.0108695652173913,0,0,0,"govt","primary_kin","EX"
"exsu011","EX",0,2,5,67,5,69,70,6,1969.2,328.2,0.333333333333333,0,0,0.0746268656716418,0.0289855072463768,0.00483091787439614,0,0,0,"govt","primary_kin","EX"
"exsu012","EX",0,1,2,68,2,69,70,4,1686.6,421.65,0.25,0,0,0.0294117647058824,0.0144927536231884,0.0036231884057971,0,0,0,"govt","primary_kin","EX"
"exsu013","EX",0,2,6,67,6,69,70,7,4188,598.285714285714,0.285714285714286,0,0,0.0895522388059701,0.0289855072463768,0.0041407867494824,0,0,0,"govt","primary_kin","EX"
"exsu014","EX",0,4,6,65,6,69,70,7,2161,308.714285714286,0.571428571428571,0,0,0.0923076923076923,0.0579710144927536,0.0082815734989648,0,0,0,"govt","primary_kin","EX"
"exsu015","EX",0,1,9,68,9,69,70,4,407,101.75,0.25,0,0,0.132352941176471,0.0144927536231884,0.0036231884057971,0,0,0,"govt","primary_kin","EX"
"exsu016","EX",0,3,9,66,9,69,70,6,1607,267.833333333333,0.5,0,0,0.136363636363636,0.0434782608695652,0.0072463768115942,0,0,0,"govt","primary_kin","EX"
"exsu017","EX",1,2,5,67,6,69,70,4,4368.2,1092.05,0.5,0.25,0.5,0.0746268656716418,0.0289855072463768,0.0072463768115942,0.166666666666667,0.0416666666666667,6.7,"govt","primary_kin","EX"
"exsu018","EX",1,3,2,66,3,69,70,3,3123,1041,1,0.333333333333333,0.333333333333333,0.0303030303030303,0.0434782608695652,0.0144927536231884,0.333333333333333,0.111111111111111,11,"govt","primary_kin","EX"
"exsu019","EX",0,2,12,67,12,69,70,7,1626.6,232.371428571429,0.285714285714286,0,0,0.17910447761194,0.0289855072463768,0.0041407867494824,0,0,0,"govt","primary_kin","EX"
"exsu020","EX",1,3,4,66,5,69,70,5,3081,616.2,0.6,0.2,0.333333333333333,0.0606060606060606,0.0434782608695652,0.00869565217391304,0.2,0.04,5.5,"govt","primary_kin","EX"
"exsu021","EX",1,3,9,66,10,69,70,5,2349.6,469.92,0.6,0.2,0.333333333333333,0.136363636363636,0.0434782608695652,0.00869565217391304,0.1,0.02,2.44444444444444,"govt","primary_kin","EX"
"exsu022","EX",0,2,4,67,4,69,70,7,759,108.428571428571,0.285714285714286,0,0,0.0597014925373134,0.0289855072463768,0.0041407867494824,0,0,0,"govt","primary_kin","EX"
"exsu023","EX",0,1,4,68,4,69,70,6,1118,186.333333333333,0.166666666666667,0,0,0.0588235294117647,0.0144927536231884,0.00241545893719807,0,0,0,"govt","primary_kin","EX"
"exsu024","EX",0,1,8,68,8,69,70,6,1522,253.666666666667,0.166666666666667,0,0,0.117647058823529,0.0144927536231884,0.00241545893719807,0,0,0,"govt","primary_kin","EX"
"exsu025","EX",0,6,6,63,6,69,70,6,4654.6,775.766666666667,1,0,0,0.0952380952380952,0.0869565217391304,0.0144927536231884,0,0,0,"govt","primary_kin","EX"
"exsu026","EX",0,1,7,68,7,69,70,6,1421.6,236.933333333333,0.166666666666667,0,0,0.102941176470588,0.0144927536231884,0.00241545893719807,0,0,0,"govt","primary_kin","EX"
"exsu027","EX",0,2,15,67,15,69,70,7,3225.6,460.8,0.285714285714286,0,0,0.223880597014925,0.0289855072463768,0.0041407867494824,0,0,0,"govt","primary_kin","EX"
"exsu028","EX",1,4,7,65,8,69,70,3,1498,499.333333333333,1.33333333333333,0.333333333333333,0.25,0.107692307692308,0.0579710144927536,0.0193236714975845,0.125,0.0416666666666667,2.32142857142857,"govt","primary_kin","EX"
"exsu029","EX",0,1,7,68,7,69,70,5,1826.8,365.36,0.2,0,0,0.102941176470588,0.0144927536231884,0.00289855072463768,0,0,0,"govt","primary_kin","EX"
"exsu030","EX",0,1,5,68,5,69,70,6,3297,549.5,0.166666666666667,0,0,0.0735294117647059,0.0144927536231884,0.00241545893719807,0,0,0,"govt","primary_kin","EX"
"exsu031","EX",0,5,3,64,3,69,70,7,945.2,135.028571428571,0.714285714285714,0,0,0.046875,0.072463768115942,0.010351966873706,0,0,0,"govt","primary_kin","EX"
"exsu032","EX",0,1,5,68,5,69,70,3,1461,487,0.333333333333333,0,0,0.0735294117647059,0.0144927536231884,0.00483091787439614,0,0,0,"govt","primary_kin","EX"
"exsu033","EX",0,2,5,67,5,69,70,6,1781.2,296.866666666667,0.333333333333333,0,0,0.0746268656716418,0.0289855072463768,0.00483091787439614,0,0,0,"govt","primary_kin","EX"
"exsu034","EX",0,3,4,66,4,69,70,4,2898.6,724.65,0.75,0,0,0.0606060606060606,0.0434782608695652,0.0108695652173913,0,0,0,"govt","primary_kin","EX"
"exsu035","EX",1,2,9,67,10,69,70,7,1402.6,200.371428571429,0.285714285714286,0.142857142857143,0.5,0.134328358208955,0.0289855072463768,0.0041407867494824,0.1,0.0142857142857143,3.72222222222222,"govt","primary_kin","EX"
"exsu036","EX",1,3,8,66,9,69,70,6,4938,823,0.5,0.166666666666667,0.333333333333333,0.121212121212121,0.0434782608695652,0.0072463768115942,0.111111111111111,0.0185185185185185,2.75,"govt","primary_kin","EX"
"exsu037","EX",1,1,7,68,8,69,70,5,2089,417.8,0.2,0.2,1,0.102941176470588,0.0144927536231884,0.00289855072463768,0.125,0.025,9.71428571428572,"govt","primary_kin","EX"
"exsu038","EX",1,4,6,65,7,69,70,6,2700.6,450.1,0.666666666666667,0.166666666666667,0.25,0.0923076923076923,0.0579710144927536,0.00966183574879227,0.142857142857143,0.0238095238095238,2.70833333333333,"govt","primary_kin","EX"
"exsu039","EX",0,2,4,67,4,69,70,5,829.8,165.96,0.4,0,0,0.0597014925373134,0.0289855072463768,0.00579710144927536,0,0,0,"govt","primary_kin","EX"
"exsu040","EX",0,1,7,68,7,69,70,7,4904,700.571428571429,0.142857142857143,0,0,0.102941176470588,0.0144927536231884,0.0020703933747412,0,0,0,"govt","primary_kin","EX"
"exsu041","EX",0,2,4,67,4,69,70,5,6487.8,1297.56,0.4,0,0,0.0597014925373134,0.0289855072463768,0.00579710144927536,0,0,0,"govt","primary_kin","EX"
"exsu042","EX",0,2,6,67,6,69,70,6,3818.6,636.433333333333,0.333333333333333,0,0,0.0895522388059701,0.0289855072463768,0.00483091787439614,0,0,0,"govt","primary_kin","EX"
"exsu043","EX",0,2,5,67,5,69,70,3,2621,873.666666666667,0.666666666666667,0,0,0.0746268656716418,0.0289855072463768,0.00966183574879227,0,0,0,"govt","primary_kin","EX"
"exsu044","EX",0,4,5,65,5,69,70,6,1032,172,0.666666666666667,0,0,0.0769230769230769,0.0579710144927536,0.00966183574879227,0,0,0,"govt","primary_kin","EX"
"exsu045","EX",1,1,4,68,5,69,70,6,1933,322.166666666667,0.166666666666667,0.166666666666667,1,0.0588235294117647,0.0144927536231884,0.00241545893719807,0.2,0.0333333333333333,17,"govt","primary_kin","EX"
"exsu046","EX",0,2,5,67,5,69,70,7,494,70.5714285714286,0.285714285714286,0,0,0.0746268656716418,0.0289855072463768,0.0041407867494824,0,0,0,"govt","primary_kin","EX"
"exsu047","EX",1,3,7,66,8,69,70,3,943.2,314.4,1,0.333333333333333,0.333333333333333,0.106060606060606,0.0434782608695652,0.0144927536231884,0.125,0.0416666666666667,3.14285714285714,"govt","primary_kin","EX"
"exsu048","EX",0,1,8,68,8,69,70,6,2850,475,0.166666666666667,0,0,0.117647058823529,0.0144927536231884,0.00241545893719807,0,0,0,"govt","primary_kin","EX"
"exsu049","EX",0,2,5,67,5,69,70,4,1072,268,0.5,0,0,0.0746268656716418,0.0289855072463768,0.0072463768115942,0,0,0,"govt","primary_kin","EX"
"exsu050","EX",1,2,7,67,8,69,70,4,572,143,0.5,0.25,0.5,0.104477611940299,0.0289855072463768,0.0072463768115942,0.125,0.03125,4.78571428571429,"govt","primary_kin","EX"
"exsu051","EX",0,1,8,68,8,69,70,7,2877.6,411.085714285714,0.142857142857143,0,0,0.117647058823529,0.0144927536231884,0.0020703933747412,0,0,0,"govt","primary_kin","EX"
"exsu052","EX",0,1,10,68,10,69,70,7,2012,287.428571428571,0.142857142857143,0,0,0.147058823529412,0.0144927536231884,0.0020703933747412,0,0,0,"govt","primary_kin","EX"
"exsu053","EX",0,1,6,68,6,69,70,6,6528.6,1088.1,0.166666666666667,0,0,0.0882352941176471,0.0144927536231884,0.00241545893719807,0,0,0,"govt","primary_kin","EX"
"exsu054","EX",1,2,7,67,8,69,70,6,1739.8,289.966666666667,0.333333333333333,0.166666666666667,0.5,0.104477611940299,0.0289855072463768,0.00483091787439614,0.125,0.0208333333333333,4.78571428571429,"govt","primary_kin","EX"
"exsu055","EX",0,0,5,69,5,69,70,3,3019.6,1006.53333333333,0,0,NA,0.072463768115942,0,0,0,0,NA,"govt","primary_kin","EX"
"exsu056","EX",0,3,7,66,7,69,70,5,2649,529.8,0.6,0,0,0.106060606060606,0.0434782608695652,0.00869565217391304,0,0,0,"govt","primary_kin","EX"
"exsu057","EX",1,6,6,63,7,69,70,7,3864.6,552.085714285714,0.857142857142857,0.142857142857143,0.166666666666667,0.0952380952380952,0.0869565217391304,0.0124223602484472,0.142857142857143,0.0204081632653061,1.75,"govt","primary_kin","EX"
"exsu058","EX",0,1,8,68,8,69,70,5,938,187.6,0.2,0,0,0.117647058823529,0.0144927536231884,0.00289855072463768,0,0,0,"govt","primary_kin","EX"
"exsu059","EX",0,2,5,67,5,69,70,3,4723.6,1574.53333333333,0.666666666666667,0,0,0.0746268656716418,0.0289855072463768,0.00966183574879227,0,0,0,"govt","primary_kin","EX"
"exsu060","EX",0,2,3,67,3,69,70,5,3658.2,731.64,0.4,0,0,0.0447761194029851,0.0289855072463768,0.00579710144927536,0,0,0,"govt","primary_kin","EX"
"exsu061","EX",0,1,5,68,5,69,70,7,1931.6,275.942857142857,0.142857142857143,0,0,0.0735294117647059,0.0144927536231884,0.0020703933747412,0,0,0,"govt","primary_kin","EX"
"exsu062","EX",0,2,4,67,4,69,70,7,5784,826.285714285714,0.285714285714286,0,0,0.0597014925373134,0.0289855072463768,0.0041407867494824,0,0,0,"govt","primary_kin","EX"
"exsu063","EX",0,1,3,68,3,69,70,4,4085.6,1021.4,0.25,0,0,0.0441176470588235,0.0144927536231884,0.0036231884057971,0,0,0,"govt","primary_kin","EX"
"exsu064","EX",0,2,9,67,9,69,70,6,2867.6,477.933333333333,0.333333333333333,0,0,0.134328358208955,0.0289855072463768,0.00483091787439614,0,0,0,"govt","primary_kin","EX"
"exsu065","EX",0,3,3,66,3,69,70,5,2715.6,543.12,0.6,0,0,0.0454545454545455,0.0434782608695652,0.00869565217391304,0,0,0,"govt","primary_kin","EX"
"exsu066","EX",1,3,0,66,1,69,70,6,3046.6,507.766666666667,0.5,0.166666666666667,0.333333333333333,0,0.0434782608695652,0.0072463768115942,1,0.166666666666667,Inf,"govt","primary_kin","EX"
"exsu067","EX",0,3,7,66,7,69,70,4,1578,394.5,0.75,0,0,0.106060606060606,0.0434782608695652,0.0108695652173913,0,0,0,"govt","primary_kin","EX"
"exsu068","EX",0,3,5,66,5,69,70,3,3075,1025,1,0,0,0.0757575757575758,0.0434782608695652,0.0144927536231884,0,0,0,"govt","primary_kin","EX"
"exsu069","EX",1,2,7,67,8,69,70,4,3305,826.25,0.5,0.25,0.5,0.104477611940299,0.0289855072463768,0.0072463768115942,0.125,0.03125,4.78571428571429,"govt","primary_kin","EX"
"exsu070","EX",0,3,2,66,2,69,70,3,2335.8,778.6,1,0,0,0.0303030303030303,0.0434782608695652,0.0144927536231884,0,0,0,"govt","primary_kin","EX"
"sisu001","SI",0,1,6,38,6,39,40,7,6725.2,960.742857142857,0.142857142857143,0,0,0.157894736842105,0.0256410256410256,0.00366300366300366,0,0,0,"govt","primary_kin","SI"
"sisu002","SI",1,2,6,37,7,39,40,6,4015.6,669.266666666667,0.333333333333333,0.166666666666667,0.5,0.162162162162162,0.0512820512820513,0.00854700854700855,0.142857142857143,0.0238095238095238,3.08333333333333,"govt","primary_kin","SI"
"sisu003","SI",0,4,7,35,7,39,40,3,3457.2,1152.4,1.33333333333333,0,0,0.2,0.102564102564103,0.0341880341880342,0,0,0,"govt","primary_kin","SI"
"sisu004","SI",0,6,4,33,4,39,40,3,3015.8,1005.26666666667,2,0,0,0.121212121212121,0.153846153846154,0.0512820512820513,0,0,0,"govt","primary_kin","SI"
"sisu005","SI",1,2,6,37,7,39,40,3,957.6,319.2,0.666666666666667,0.333333333333333,0.5,0.162162162162162,0.0512820512820513,0.0170940170940171,0.142857142857143,0.0476190476190476,3.08333333333333,"govt","primary_kin","SI"
"sisu006","SI",0,2,5,37,5,39,40,3,1668,556,0.666666666666667,0,0,0.135135135135135,0.0512820512820513,0.0170940170940171,0,0,0,"govt","primary_kin","SI"
"sisu007","SI",1,5,6,34,7,39,40,4,1634,408.5,1.25,0.25,0.2,0.176470588235294,0.128205128205128,0.032051282051282,0.142857142857143,0.0357142857142857,1.13333333333333,"govt","primary_kin","SI"
"sisu008","SI",0,3,4,36,4,39,40,4,1773.2,443.3,0.75,0,0,0.111111111111111,0.0769230769230769,0.0192307692307692,0,0,0,"govt","primary_kin","SI"
"sisu009","SI",0,4,3,35,3,39,40,4,2157,539.25,1,0,0,0.0857142857142857,0.102564102564103,0.0256410256410256,0,0,0,"govt","primary_kin","SI"
"sisu010","SI",0,0,4,39,4,39,40,4,2569,642.25,0,0,NA,0.102564102564103,0,0,0,0,NA,"govt","primary_kin","SI"
"sisu011","SI",0,1,5,38,5,39,40,3,3492.6,1164.2,0.333333333333333,0,0,0.131578947368421,0.0256410256410256,0.00854700854700855,0,0,0,"govt","primary_kin","SI"
"sisu012","SI",1,4,4,35,5,39,40,3,3090.2,1030.06666666667,1.33333333333333,0.333333333333333,0.25,0.114285714285714,0.102564102564103,0.0341880341880342,0.2,0.0666666666666667,2.1875,"govt","primary_kin","SI"
"sisu013","SI",0,2,6,37,6,39,40,3,2711.2,903.733333333333,0.666666666666667,0,0,0.162162162162162,0.0512820512820513,0.0170940170940171,0,0,0,"govt","primary_kin","SI"
"sisu014","SI",0,0,5,39,5,39,40,5,3955.2,791.04,0,0,NA,0.128205128205128,0,0,0,0,NA,"govt","primary_kin","SI"
"sisu015","SI",1,3,8,36,9,39,40,7,5079.6,725.657142857143,0.428571428571429,0.142857142857143,0.333333333333333,0.222222222222222,0.0769230769230769,0.010989010989011,0.111111111111111,0.0158730158730159,1.5,"govt","primary_kin","SI"
"sisu016","SI",0,3,4,36,4,39,40,6,3258.6,543.1,0.5,0,0,0.111111111111111,0.0769230769230769,0.0128205128205128,0,0,0,"govt","primary_kin","SI"
"sisu017","SI",0,1,6,38,6,39,40,7,5293.6,756.228571428572,0.142857142857143,0,0,0.157894736842105,0.0256410256410256,0.00366300366300366,0,0,0,"govt","primary_kin","SI"
"sisu018","SI",0,2,3,37,3,39,40,3,980,326.666666666667,0.666666666666667,0,0,0.0810810810810811,0.0512820512820513,0.0170940170940171,0,0,0,"govt","primary_kin","SI"
"sisu019","SI",0,4,6,35,6,39,40,3,1973,657.666666666667,1.33333333333333,0,0,0.171428571428571,0.102564102564103,0.0341880341880342,0,0,0,"govt","primary_kin","SI"
"sisu020","SI",2,3,4,36,6,39,40,4,2122.2,530.55,0.75,0.5,0.666666666666667,0.111111111111111,0.0769230769230769,0.0192307692307692,0.333333333333333,0.0833333333333333,6,"govt","primary_kin","SI"
"sisu021","SI",0,1,12,38,12,39,40,7,2010,287.142857142857,0.142857142857143,0,0,0.31578947368421,0.0256410256410256,0.00366300366300366,0,0,0,"govt","primary_kin","SI"
"sisu022","SI",0,2,4,37,4,39,40,4,2600.2,650.05,0.5,0,0,0.108108108108108,0.0512820512820513,0.0128205128205128,0,0,0,"govt","primary_kin","SI"
"sisu023","SI",0,2,7,37,7,39,40,5,3122.2,624.44,0.4,0,0,0.189189189189189,0.0512820512820513,0.0102564102564103,0,0,0,"govt","primary_kin","SI"
"sisu024","SI",0,3,3,36,3,39,40,3,1423.6,474.533333333333,1,0,0,0.0833333333333333,0.0769230769230769,0.0256410256410256,0,0,0,"govt","primary_kin","SI"
"sisu025","SI",1,4,4,35,5,39,40,3,1945.2,648.4,1.33333333333333,0.333333333333333,0.25,0.114285714285714,0.102564102564103,0.0341880341880342,0.2,0.0666666666666667,2.1875,"govt","primary_kin","SI"
"sisu026","SI",0,5,2,34,2,39,40,3,3222,1074,1.66666666666667,0,0,0.0588235294117647,0.128205128205128,0.0427350427350427,0,0,0,"govt","primary_kin","SI"
"sisu027","SI",0,4,6,35,6,39,40,4,5309.2,1327.3,1,0,0,0.171428571428571,0.102564102564103,0.0256410256410256,0,0,0,"govt","primary_kin","SI"
"sisu028","SI",1,3,4,36,5,39,40,6,3121,520.166666666667,0.5,0.166666666666667,0.333333333333333,0.111111111111111,0.0769230769230769,0.0128205128205128,0.2,0.0333333333333333,3,"govt","primary_kin","SI"
"sisu029","SI",0,2,8,37,8,39,40,5,5283.2,1056.64,0.4,0,0,0.216216216216216,0.0512820512820513,0.0102564102564103,0,0,0,"govt","primary_kin","SI"
"sisu030","SI",0,4,1,35,1,39,40,7,3370,481.428571428571,0.571428571428571,0,0,0.0285714285714286,0.102564102564103,0.0146520146520147,0,0,0,"govt","primary_kin","SI"
"sisu031","SI",1,2,9,37,10,39,40,5,2474,494.8,0.4,0.2,0.5,0.243243243243243,0.0512820512820513,0.0102564102564103,0.1,0.02,2.05555555555556,"govt","primary_kin","SI"
"sisu032","SI",1,1,11,38,12,39,40,5,359,71.8,0.2,0.2,1,0.289473684210526,0.0256410256410256,0.00512820512820513,0.0833333333333333,0.0166666666666667,3.45454545454545,"govt","primary_kin","SI"
"sisu033","SI",1,3,6,36,7,39,40,5,4396,879.2,0.6,0.2,0.333333333333333,0.166666666666667,0.0769230769230769,0.0153846153846154,0.142857142857143,0.0285714285714286,2,"govt","primary_kin","SI"
"sisu034","SI",1,1,7,38,8,39,40,6,2779,463.166666666667,0.166666666666667,0.166666666666667,1,0.184210526315789,0.0256410256410256,0.00427350427350427,0.125,0.0208333333333333,5.42857142857143,"govt","primary_kin","SI"
"sisu035","SI",0,2,6,37,6,39,40,7,4425,632.142857142857,0.285714285714286,0,0,0.162162162162162,0.0512820512820513,0.00732600732600733,0,0,0,"govt","primary_kin","SI"
"sisu036","SI",0,3,6,36,6,39,40,4,2113.6,528.4,0.75,0,0,0.166666666666667,0.0769230769230769,0.0192307692307692,0,0,0,"govt","primary_kin","SI"
"sisu037","SI",1,2,7,37,8,39,40,6,712.6,118.766666666667,0.333333333333333,0.166666666666667,0.5,0.189189189189189,0.0512820512820513,0.00854700854700855,0.125,0.0208333333333333,2.64285714285714,"govt","primary_kin","SI"
"sisu038","SI",0,0,6,39,6,39,40,5,4104,820.8,0,0,NA,0.153846153846154,0,0,0,0,NA,"govt","primary_kin","SI"
"sisu039","SI",0,3,11,36,11,39,40,4,3582.6,895.65,0.75,0,0,0.305555555555556,0.0769230769230769,0.0192307692307692,0,0,0,"govt","primary_kin","SI"
"sisu040","SI",2,3,4,36,6,39,40,7,1867,266.714285714286,0.428571428571429,0.285714285714286,0.666666666666667,0.111111111111111,0.0769230769230769,0.010989010989011,0.333333333333333,0.0476190476190476,6,"govt","primary_kin","SI"
"smsu001","SM",0,3,6,96,6,99,100,5,5400,1080,0.6,0,0,0.0625,0.0303030303030303,0.00606060606060606,0,0,0,"govt","primary_kin","SM"
"smsu002","SM",0,2,5,97,5,99,100,6,3285.6,547.6,0.333333333333333,0,0,0.0515463917525773,0.0202020202020202,0.00336700336700337,0,0,0,"govt","primary_kin","SM"
"smsu003","SM",0,2,7,97,7,99,100,4,1157,289.25,0.5,0,0,0.0721649484536082,0.0202020202020202,0.00505050505050505,0,0,0,"govt","primary_kin","SM"
"smsu004","SM",0,2,4,97,4,99,100,4,3386,846.5,0.5,0,0,0.0412371134020619,0.0202020202020202,0.00505050505050505,0,0,0,"govt","primary_kin","SM"
"smsu005","SM",0,3,6,96,6,99,100,4,3342.2,835.55,0.75,0,0,0.0625,0.0303030303030303,0.00757575757575758,0,0,0,"govt","primary_kin","SM"
"smsu006","SM",0,1,5,98,5,99,100,5,3328,665.6,0.2,0,0,0.0510204081632653,0.0101010101010101,0.00202020202020202,0,0,0,"govt","primary_kin","SM"
"smsu007","SM",1,6,10,93,11,99,100,7,649,92.7142857142857,0.857142857142857,0.142857142857143,0.166666666666667,0.10752688172043,0.0606060606060606,0.00865800865800866,0.0909090909090909,0.012987012987013,1.55,"govt","primary_kin","SM"
"smsu008","SM",0,3,7,96,7,99,100,4,384,96,0.75,0,0,0.0729166666666667,0.0303030303030303,0.00757575757575758,0,0,0,"govt","primary_kin","SM"
"smsu009","SM",0,3,5,96,5,99,100,6,2672.8,445.466666666667,0.5,0,0,0.0520833333333333,0.0303030303030303,0.00505050505050505,0,0,0,"govt","primary_kin","SM"
"smsu010","SM",0,5,9,94,9,99,100,5,3025.2,605.04,1,0,0,0.0957446808510638,0.0505050505050505,0.0101010101010101,0,0,0,"govt","primary_kin","SM"
"smsu011","SM",0,2,8,97,8,99,100,7,2042,291.714285714286,0.285714285714286,0,0,0.0824742268041237,0.0202020202020202,0.00288600288600289,0,0,0,"govt","primary_kin","SM"
"smsu012","SM",0,1,11,98,11,99,100,4,2378,594.5,0.25,0,0,0.112244897959184,0.0101010101010101,0.00252525252525253,0,0,0,"govt","primary_kin","SM"
"smsu013","SM",0,2,7,97,7,99,100,5,673,134.6,0.4,0,0,0.0721649484536082,0.0202020202020202,0.00404040404040404,0,0,0,"govt","primary_kin","SM"
"smsu014","SM",0,1,6,98,6,99,100,4,404,101,0.25,0,0,0.0612244897959184,0.0101010101010101,0.00252525252525253,0,0,0,"govt","primary_kin","SM"
"smsu015","SM",0,3,4,96,4,99,100,5,1835,367,0.6,0,0,0.0416666666666667,0.0303030303030303,0.00606060606060606,0,0,0,"govt","primary_kin","SM"
"smsu016","SM",0,1,6,98,6,99,100,3,615,205,0.333333333333333,0,0,0.0612244897959184,0.0101010101010101,0.00336700336700337,0,0,0,"govt","primary_kin","SM"
"smsu017","SM",0,0,14,99,14,99,100,7,2885,412.142857142857,0,0,NA,0.141414141414141,0,0,0,0,NA,"govt","primary_kin","SM"
"smsu018","SM",0,1,12,98,12,99,100,7,1607.8,229.685714285714,0.142857142857143,0,0,0.122448979591837,0.0101010101010101,0.00144300144300144,0,0,0,"govt","primary_kin","SM"
"smsu019","SM",0,3,6,96,6,99,100,7,6534,933.428571428571,0.428571428571429,0,0,0.0625,0.0303030303030303,0.00432900432900433,0,0,0,"govt","primary_kin","SM"
"smsu020","SM",0,4,4,95,4,99,100,5,749,149.8,0.8,0,0,0.0421052631578947,0.0404040404040404,0.00808080808080808,0,0,0,"govt","primary_kin","SM"
"smsu021","SM",0,1,14,98,14,99,100,7,994,142,0.142857142857143,0,0,0.142857142857143,0.0101010101010101,0.00144300144300144,0,0,0,"govt","primary_kin","SM"
"smsu022","SM",0,7,2,92,2,99,100,4,2656.6,664.15,1.75,0,0,0.0217391304347826,0.0707070707070707,0.0176767676767677,0,0,0,"govt","primary_kin","SM"
"smsu023","SM",0,1,11,98,11,99,100,4,4842,1210.5,0.25,0,0,0.112244897959184,0.0101010101010101,0.00252525252525253,0,0,0,"govt","primary_kin","SM"
"smsu024","SM",1,1,8,98,9,99,100,3,3327.6,1109.2,0.333333333333333,0.333333333333333,1,0.0816326530612245,0.0101010101010101,0.00336700336700337,0.111111111111111,0.037037037037037,12.25,"govt","primary_kin","SM"
"smsu025","SM",0,1,9,98,9,99,100,4,1977,494.25,0.25,0,0,0.0918367346938776,0.0101010101010101,0.00252525252525253,0,0,0,"govt","primary_kin","SM"
"smsu026","SM",0,2,5,97,5,99,100,5,894.2,178.84,0.4,0,0,0.0515463917525773,0.0202020202020202,0.00404040404040404,0,0,0,"govt","primary_kin","SM"
"smsu027","SM",0,1,2,98,2,99,100,6,550,91.6666666666667,0.166666666666667,0,0,0.0204081632653061,0.0101010101010101,0.00168350168350168,0,0,0,"govt","primary_kin","SM"
"smsu028","SM",1,3,7,96,8,99,100,5,3705.6,741.12,0.6,0.2,0.333333333333333,0.0729166666666667,0.0303030303030303,0.00606060606060606,0.125,0.025,4.57142857142857,"govt","primary_kin","SM"
"smsu029","SM",0,2,5,97,5,99,100,4,2180.6,545.15,0.5,0,0,0.0515463917525773,0.0202020202020202,0.00505050505050505,0,0,0,"govt","primary_kin","SM"
"smsu030","SM",0,2,6,97,6,99,100,5,1405.2,281.04,0.4,0,0,0.0618556701030928,0.0202020202020202,0.00404040404040404,0,0,0,"govt","primary_kin","SM"
"smsu031","SM",1,2,13,97,14,99,100,7,618.2,88.3142857142857,0.285714285714286,0.142857142857143,0.5,0.134020618556701,0.0202020202020202,0.00288600288600289,0.0714285714285714,0.0102040816326531,3.73076923076923,"govt","primary_kin","SM"
"smsu032","SM",0,1,5,98,5,99,100,4,967,241.75,0.25,0,0,0.0510204081632653,0.0101010101010101,0.00252525252525253,0,0,0,"govt","primary_kin","SM"
"smsu033","SM",0,2,4,97,4,99,100,6,1035,172.5,0.333333333333333,0,0,0.0412371134020619,0.0202020202020202,0.00336700336700337,0,0,0,"govt","primary_kin","SM"
"smsu034","SM",1,3,4,96,5,99,100,6,3962.2,660.366666666667,0.5,0.166666666666667,0.333333333333333,0.0416666666666667,0.0303030303030303,0.00505050505050505,0.2,0.0333333333333333,8,"govt","primary_kin","SM"
"smsu035","SM",0,1,1,98,1,99,100,5,1059,211.8,0.2,0,0,0.0102040816326531,0.0101010101010101,0.00202020202020202,0,0,0,"govt","primary_kin","SM"
"smsu036","SM",0,4,7,95,7,99,100,6,1699,283.166666666667,0.666666666666667,0,0,0.0736842105263158,0.0404040404040404,0.00673400673400673,0,0,0,"govt","primary_kin","SM"
"smsu037","SM",0,2,7,97,7,99,100,5,4389,877.8,0.4,0,0,0.0721649484536082,0.0202020202020202,0.00404040404040404,0,0,0,"govt","primary_kin","SM"
"smsu038","SM",0,1,8,98,8,99,100,6,1868,311.333333333333,0.166666666666667,0,0,0.0816326530612245,0.0101010101010101,0.00168350168350168,0,0,0,"govt","primary_kin","SM"
"smsu039","SM",0,4,9,95,9,99,100,6,374,62.3333333333333,0.666666666666667,0,0,0.0947368421052632,0.0404040404040404,0.00673400673400673,0,0,0,"govt","primary_kin","SM"
"smsu040","SM",1,2,6,97,7,99,100,6,3031,505.166666666667,0.333333333333333,0.166666666666667,0.5,0.0618556701030928,0.0202020202020202,0.00336700336700337,0.142857142857143,0.0238095238095238,8.08333333333333,"govt","primary_kin","SM"
"smsu041","SM",0,4,3,95,3,99,100,3,2200.6,733.533333333333,1.33333333333333,0,0,0.0315789473684211,0.0404040404040404,0.0134680134680135,0,0,0,"govt","primary_kin","SM"
"smsu042","SM",0,3,4,96,4,99,100,5,2348,469.6,0.6,0,0,0.0416666666666667,0.0303030303030303,0.00606060606060606,0,0,0,"govt","primary_kin","SM"
"smsu043","SM",2,4,11,95,13,99,100,5,1986.8,397.36,0.8,0.4,0.5,0.115789473684211,0.0404040404040404,0.00808080808080808,0.153846153846154,0.0307692307692308,4.31818181818182,"govt","primary_kin","SM"
"smsu044","SM",0,1,11,98,11,99,100,6,804,134,0.166666666666667,0,0,0.112244897959184,0.0101010101010101,0.00168350168350168,0,0,0,"govt","primary_kin","SM"
"smsu045","SM",0,1,4,98,4,99,100,4,496.6,124.15,0.25,0,0,0.0408163265306122,0.0101010101010101,0.00252525252525253,0,0,0,"govt","primary_kin","SM"
"smsu046","SM",0,2,1,97,1,99,100,5,1821.2,364.24,0.4,0,0,0.0103092783505155,0.0202020202020202,0.00404040404040404,0,0,0,"govt","primary_kin","SM"
"smsu047","SM",0,2,6,97,6,99,100,5,4280.2,856.04,0.4,0,0,0.0618556701030928,0.0202020202020202,0.00404040404040404,0,0,0,"govt","primary_kin","SM"
"smsu048","SM",0,2,2,97,2,99,100,5,2620.2,524.04,0.4,0,0,0.0206185567010309,0.0202020202020202,0.00404040404040404,0,0,0,"govt","primary_kin","SM"
"smsu049","SM",0,2,6,97,6,99,100,3,1189.6,396.533333333333,0.666666666666667,0,0,0.0618556701030928,0.0202020202020202,0.00673400673400673,0,0,0,"govt","primary_kin","SM"
"smsu050","SM",0,1,6,98,6,99,100,3,1979.2,659.733333333333,0.333333333333333,0,0,0.0612244897959184,0.0101010101010101,0.00336700336700337,0,0,0,"govt","primary_kin","SM"
"smsu051","SM",0,2,2,97,2,99,100,5,2385,477,0.4,0,0,0.0206185567010309,0.0202020202020202,0.00404040404040404,0,0,0,"govt","primary_kin","SM"
"smsu052","SM",0,2,5,97,5,99,100,5,956,191.2,0.4,0,0,0.0515463917525773,0.0202020202020202,0.00404040404040404,0,0,0,"govt","primary_kin","SM"
"smsu053","SM",1,6,7,93,8,99,100,6,3965,660.833333333333,1,0.166666666666667,0.166666666666667,0.0752688172043011,0.0606060606060606,0.0101010101010101,0.125,0.0208333333333333,2.21428571428571,"govt","primary_kin","SM"
"smsu054","SM",0,2,4,97,4,99,100,6,2622,437,0.333333333333333,0,0,0.0412371134020619,0.0202020202020202,0.00336700336700337,0,0,0,"govt","primary_kin","SM"
"smsu055","SM",0,0,1,99,1,99,100,6,2952.2,492.033333333333,0,0,NA,0.0101010101010101,0,0,0,0,NA,"govt","primary_kin","SM"
"smsu056","SM",0,3,5,96,5,99,100,7,968.2,138.314285714286,0.428571428571429,0,0,0.0520833333333333,0.0303030303030303,0.00432900432900433,0,0,0,"govt","primary_kin","SM"
"smsu057","SM",0,3,2,96,2,99,100,5,3231,646.2,0.6,0,0,0.0208333333333333,0.0303030303030303,0.00606060606060606,0,0,0,"govt","primary_kin","SM"
"smsu058","SM",0,2,6,97,6,99,100,5,3001.6,600.32,0.4,0,0,0.0618556701030928,0.0202020202020202,0.00404040404040404,0,0,0,"govt","primary_kin","SM"
"smsu059","SM",0,2,1,97,1,99,100,3,1883,627.666666666667,0.666666666666667,0,0,0.0103092783505155,0.0202020202020202,0.00673400673400673,0,0,0,"govt","primary_kin","SM"
"smsu060","SM",0,4,10,95,10,99,100,7,3673,524.714285714286,0.571428571428571,0,0,0.105263157894737,0.0404040404040404,0.00577200577200577,0,0,0,"govt","primary_kin","SM"
"smsu061","SM",0,2,0,97,0,99,100,4,2846.6,711.65,0.5,0,0,0,0.0202020202020202,0.00505050505050505,NA,NA,NA,"govt","primary_kin","SM"
"smsu062","SM",0,2,6,97,6,99,100,4,1748.6,437.15,0.5,0,0,0.0618556701030928,0.0202020202020202,0.00505050505050505,0,0,0,"govt","primary_kin","SM"
"smsu063","SM",0,1,9,98,9,99,100,5,1671.6,334.32,0.2,0,0,0.0918367346938776,0.0101010101010101,0.00202020202020202,0,0,0,"govt","primary_kin","SM"
"smsu064","SM",0,1,5,98,5,99,100,3,2160,720,0.333333333333333,0,0,0.0510204081632653,0.0101010101010101,0.00336700336700337,0,0,0,"govt","primary_kin","SM"
"smsu065","SM",2,3,8,96,10,99,100,5,910,182,0.6,0.4,0.666666666666667,0.0833333333333333,0.0303030303030303,0.00606060606060606,0.2,0.04,8,"govt","primary_kin","SM"
"smsu066","SM",0,3,3,96,3,99,100,3,2907,969,1,0,0,0.03125,0.0303030303030303,0.0101010101010101,0,0,0,"govt","primary_kin","SM"
"smsu067","SM",0,2,8,97,8,99,100,7,1810.6,258.657142857143,0.285714285714286,0,0,0.0824742268041237,0.0202020202020202,0.00288600288600289,0,0,0,"govt","primary_kin","SM"
"smsu068","SM",0,4,0,95,0,99,100,3,4634,1544.66666666667,1.33333333333333,0,0,0,0.0404040404040404,0.0134680134680135,NA,NA,NA,"govt","primary_kin","SM"
"smsu069","SM",0,1,8,98,8,99,100,6,395.6,65.9333333333333,0.166666666666667,0,0,0.0816326530612245,0.0101010101010101,0.00168350168350168,0,0,0,"govt","primary_kin","SM"
"smsu070","SM",0,2,8,97,8,99,100,6,6160.6,1026.76666666667,0.333333333333333,0,0,0.0824742268041237,0.0202020202020202,0.00336700336700337,0,0,0,"govt","primary_kin","SM"
"smsu071","SM",1,4,6,95,7,99,100,5,1376,275.2,0.8,0.2,0.25,0.0631578947368421,0.0404040404040404,0.00808080808080808,0.142857142857143,0.0285714285714286,3.95833333333333,"govt","primary_kin","SM"
"smsu072","SM",0,2,4,97,4,99,100,4,2077.2,519.3,0.5,0,0,0.0412371134020619,0.0202020202020202,0.00505050505050505,0,0,0,"govt","primary_kin","SM"
"smsu073","SM",0,2,3,97,3,99,100,3,4405.8,1468.6,0.666666666666667,0,0,0.0309278350515464,0.0202020202020202,0.00673400673400673,0,0,0,"govt","primary_kin","SM"
"smsu074","SM",0,1,7,98,7,99,100,4,2508.2,627.05,0.25,0,0,0.0714285714285714,0.0101010101010101,0.00252525252525253,0,0,0,"govt","primary_kin","SM"
"smsu075","SM",0,3,5,96,5,99,100,7,2496.8,356.685714285714,0.428571428571429,0,0,0.0520833333333333,0.0303030303030303,0.00432900432900433,0,0,0,"govt","primary_kin","SM"
"smsu076","SM",0,3,12,96,12,99,100,7,670,95.7142857142857,0.428571428571429,0,0,0.125,0.0303030303030303,0.00432900432900433,0,0,0,"govt","primary_kin","SM"
"smsu077","SM",1,5,1,94,2,99,100,5,6092,1218.4,1,0.2,0.2,0.0106382978723404,0.0505050505050505,0.0101010101010101,0.5,0.1,18.8,"govt","primary_kin","SM"
"smsu078","SM",0,1,6,98,6,99,100,4,3154.2,788.55,0.25,0,0,0.0612244897959184,0.0101010101010101,0.00252525252525253,0,0,0,"govt","primary_kin","SM"
"smsu079","SM",0,3,9,96,9,99,100,7,4164,594.857142857143,0.428571428571429,0,0,0.09375,0.0303030303030303,0.00432900432900433,0,0,0,"govt","primary_kin","SM"
"smsu080","SM",0,1,4,98,4,99,100,4,1439,359.75,0.25,0,0,0.0408163265306122,0.0101010101010101,0.00252525252525253,0,0,0,"govt","primary_kin","SM"
"smsu081","SM",1,2,5,97,6,99,100,6,2253.6,375.6,0.333333333333333,0.166666666666667,0.5,0.0515463917525773,0.0202020202020202,0.00336700336700337,0.166666666666667,0.0277777777777778,9.7,"govt","primary_kin","SM"
"smsu082","SM",0,4,1,95,1,99,100,3,849.8,283.266666666667,1.33333333333333,0,0,0.0105263157894737,0.0404040404040404,0.0134680134680135,0,0,0,"govt","primary_kin","SM"
"smsu083","SM",0,1,7,98,7,99,100,3,3770,1256.66666666667,0.333333333333333,0,0,0.0714285714285714,0.0101010101010101,0.00336700336700337,0,0,0,"govt","primary_kin","SM"
"smsu084","SM",0,4,8,95,8,99,100,4,5449,1362.25,1,0,0,0.0842105263157895,0.0404040404040404,0.0101010101010101,0,0,0,"govt","primary_kin","SM"
"smsu085","SM",0,3,4,96,4,99,100,5,2886.2,577.24,0.6,0,0,0.0416666666666667,0.0303030303030303,0.00606060606060606,0,0,0,"govt","primary_kin","SM"
"smsu086","SM",0,2,12,97,12,99,100,6,2650.6,441.766666666667,0.333333333333333,0,0,0.123711340206186,0.0202020202020202,0.00336700336700337,0,0,0,"govt","primary_kin","SM"
"smsu087","SM",0,1,4,98,4,99,100,3,3232,1077.33333333333,0.333333333333333,0,0,0.0408163265306122,0.0101010101010101,0.00336700336700337,0,0,0,"govt","primary_kin","SM"
"smsu088","SM",0,4,5,95,5,99,100,3,1344.6,448.2,1.33333333333333,0,0,0.0526315789473684,0.0404040404040404,0.0134680134680135,0,0,0,"govt","primary_kin","SM"
"smsu089","SM",0,1,7,98,7,99,100,7,3185,455,0.142857142857143,0,0,0.0714285714285714,0.0101010101010101,0.00144300144300144,0,0,0,"govt","primary_kin","SM"
"smsu090","SM",1,2,6,97,7,99,100,7,609.6,87.0857142857143,0.285714285714286,0.142857142857143,0.5,0.0618556701030928,0.0202020202020202,0.00288600288600289,0.142857142857143,0.0204081632653061,8.08333333333333,"govt","primary_kin","SM"
"smsu091","SM",0,1,6,98,6,99,100,6,5777,962.833333333333,0.166666666666667,0,0,0.0612244897959184,0.0101010101010101,0.00168350168350168,0,0,0,"govt","primary_kin","SM"
"smsu092","SM",0,3,5,96,5,99,100,4,1826.6,456.65,0.75,0,0,0.0520833333333333,0.0303030303030303,0.00757575757575758,0,0,0,"govt","primary_kin","SM"
"smsu093","SM",0,3,8,96,8,99,100,4,1200,300,0.75,0,0,0.0833333333333333,0.0303030303030303,0.00757575757575758,0,0,0,"govt","primary_kin","SM"
"smsu094","SM",0,1,2,98,2,99,100,3,2658,886,0.333333333333333,0,0,0.0204081632653061,0.0101010101010101,0.00336700336700337,0,0,0,"govt","primary_kin","SM"
"smsu095","SM",0,1,9,98,9,99,100,5,3604.6,720.92,0.2,0,0,0.0918367346938776,0.0101010101010101,0.00202020202020202,0,0,0,"govt","primary_kin","SM"
"smsu096","SM",0,2,5,97,5,99,100,4,2301,575.25,0.5,0,0,0.0515463917525773,0.0202020202020202,0.00505050505050505,0,0,0,"govt","primary_kin","SM"
"smsu097","SM",0,3,2,96,2,99,100,6,3253,542.166666666667,0.5,0,0,0.0208333333333333,0.0303030303030303,0.00505050505050505,0,0,0,"govt","primary_kin","SM"
"smsu098","SM",0,2,1,97,1,99,100,5,3177.2,635.44,0.4,0,0,0.0103092783505155,0.0202020202020202,0.00404040404040404,0,0,0,"govt","primary_kin","SM"
"smsu099","SM",0,2,8,97,8,99,100,6,621,103.5,0.333333333333333,0,0,0.0824742268041237,0.0202020202020202,0.00336700336700337,0,0,0,"govt","primary_kin","SM"
"smsu100","SM",0,1,7,98,7,99,100,5,673.6,134.72,0.2,0,0,0.0714285714285714,0.0101010101010101,0.00202020202020202,0,0,0,"govt","primary_kin","SM"
"egsu001","EG",0,4,5,55,5,59,60,6,4266.6,711.1,0.666666666666667,0,0,0.0909090909090909,0.0677966101694915,0.0112994350282486,0,0,0,"external","primary_kin","EG"
"egsu002","EG",0,4,5,55,5,59,60,4,2144,536,1,0,0,0.0909090909090909,0.0677966101694915,0.0169491525423729,0,0,0,"external","primary_kin","EG"
"egsu003","EG",0,2,6,57,6,59,60,7,4821.6,688.8,0.285714285714286,0,0,0.105263157894737,0.0338983050847458,0.00484261501210654,0,0,0,"external","primary_kin","EG"
"egsu004","EG",0,5,10,54,10,59,60,7,494,70.5714285714286,0.714285714285714,0,0,0.185185185185185,0.0847457627118644,0.0121065375302663,0,0,0,"external","primary_kin","EG"
"egsu005","EG",1,3,6,56,7,59,60,5,1068,213.6,0.6,0.2,0.333333333333333,0.107142857142857,0.0508474576271186,0.0101694915254237,0.142857142857143,0.0285714285714286,3.11111111111111,"external","primary_kin","EG"
"egsu006","EG",0,1,7,58,7,59,60,5,2355,471,0.2,0,0,0.120689655172414,0.0169491525423729,0.00338983050847458,0,0,0,"external","primary_kin","EG"
"egsu007","EG",0,2,10,57,10,59,60,7,3493,499,0.285714285714286,0,0,0.175438596491228,0.0338983050847458,0.00484261501210654,0,0,0,"external","primary_kin","EG"
"egsu008","EG",0,4,7,55,7,59,60,5,4806,961.2,0.8,0,0,0.127272727272727,0.0677966101694915,0.0135593220338983,0,0,0,"external","primary_kin","EG"
"egsu009","EG",0,1,6,58,6,59,60,4,1642.6,410.65,0.25,0,0,0.103448275862069,0.0169491525423729,0.00423728813559322,0,0,0,"external","primary_kin","EG"
"egsu010","EG",1,4,9,55,10,59,60,5,2292.6,458.52,0.8,0.2,0.25,0.163636363636364,0.0677966101694915,0.0135593220338983,0.1,0.02,1.52777777777778,"external","primary_kin","EG"
"egsu011","EG",0,1,6,58,6,59,60,3,3093.6,1031.2,0.333333333333333,0,0,0.103448275862069,0.0169491525423729,0.00564971751412429,0,0,0,"external","primary_kin","EG"
"egsu012","EG",0,3,8,56,8,59,60,3,780,260,1,0,0,0.142857142857143,0.0508474576271186,0.0169491525423729,0,0,0,"external","primary_kin","EG"
"egsu013","EG",0,1,6,58,6,59,60,5,3031,606.2,0.2,0,0,0.103448275862069,0.0169491525423729,0.00338983050847458,0,0,0,"external","primary_kin","EG"
"egsu014","EG",0,2,1,57,1,59,60,5,934,186.8,0.4,0,0,0.0175438596491228,0.0338983050847458,0.00677966101694915,0,0,0,"external","primary_kin","EG"
"egsu015","EG",0,1,4,58,4,59,60,5,4019.6,803.92,0.2,0,0,0.0689655172413793,0.0169491525423729,0.00338983050847458,0,0,0,"external","primary_kin","EG"
"egsu016","EG",0,3,8,56,8,59,60,7,1592.6,227.514285714286,0.428571428571429,0,0,0.142857142857143,0.0508474576271186,0.00726392251815981,0,0,0,"external","primary_kin","EG"
"egsu017","EG",0,2,5,57,5,59,60,5,3001,600.2,0.4,0,0,0.087719298245614,0.0338983050847458,0.00677966101694915,0,0,0,"external","primary_kin","EG"
"egsu018","EG",3,6,6,53,9,59,60,7,2192,313.142857142857,0.857142857142857,0.428571428571429,0.5,0.113207547169811,0.101694915254237,0.0145278450363196,0.333333333333333,0.0476190476190476,4.41666666666667,"external","primary_kin","EG"
"egsu019","EG",0,3,4,56,4,59,60,3,4701,1567,1,0,0,0.0714285714285714,0.0508474576271186,0.0169491525423729,0,0,0,"external","primary_kin","EG"
"egsu020","EG",0,1,6,58,6,59,60,5,1875.6,375.12,0.2,0,0,0.103448275862069,0.0169491525423729,0.00338983050847458,0,0,0,"external","primary_kin","EG"
"egsu021","EG",0,2,9,57,9,59,60,6,3349,558.166666666667,0.333333333333333,0,0,0.157894736842105,0.0338983050847458,0.00564971751412429,0,0,0,"external","primary_kin","EG"
"egsu022","EG",1,3,6,56,7,59,60,4,827,206.75,0.75,0.25,0.333333333333333,0.107142857142857,0.0508474576271186,0.0127118644067797,0.142857142857143,0.0357142857142857,3.11111111111111,"external","primary_kin","EG"
"egsu023","EG",0,4,2,55,2,59,60,3,1603.6,534.533333333333,1.33333333333333,0,0,0.0363636363636364,0.0677966101694915,0.0225988700564972,0,0,0,"external","primary_kin","EG"
"egsu024","EG",1,2,3,57,4,59,60,3,6942,2314,0.666666666666667,0.333333333333333,0.5,0.0526315789473684,0.0338983050847458,0.0112994350282486,0.25,0.0833333333333333,9.5,"external","primary_kin","EG"
"egsu025","EG",0,3,6,56,6,59,60,3,4155,1385,1,0,0,0.107142857142857,0.0508474576271186,0.0169491525423729,0,0,0,"external","primary_kin","EG"
"egsu026","EG",0,1,9,58,9,59,60,5,2793,558.6,0.2,0,0,0.155172413793103,0.0169491525423729,0.00338983050847458,0,0,0,"external","primary_kin","EG"
"egsu027","EG",0,1,8,58,8,59,60,4,1723,430.75,0.25,0,0,0.137931034482759,0.0169491525423729,0.00423728813559322,0,0,0,"external","primary_kin","EG"
"egsu028","EG",0,1,9,58,9,59,60,6,264.2,44.0333333333333,0.166666666666667,0,0,0.155172413793103,0.0169491525423729,0.00282485875706215,0,0,0,"external","primary_kin","EG"
"egsu029","EG",1,1,7,58,8,59,60,7,609.2,87.0285714285714,0.142857142857143,0.142857142857143,1,0.120689655172414,0.0169491525423729,0.00242130750605327,0.125,0.0178571428571429,8.28571428571428,"external","primary_kin","EG"
"egsu030","EG",0,1,3,58,3,59,60,3,2977,992.333333333333,0.333333333333333,0,0,0.0517241379310345,0.0169491525423729,0.00564971751412429,0,0,0,"external","primary_kin","EG"
"egsu031","EG",1,3,6,56,7,59,60,5,2813.2,562.64,0.6,0.2,0.333333333333333,0.107142857142857,0.0508474576271186,0.0101694915254237,0.142857142857143,0.0285714285714286,3.11111111111111,"external","primary_kin","EG"
"egsu032","EG",1,3,9,56,10,59,60,6,3550,591.666666666667,0.5,0.166666666666667,0.333333333333333,0.160714285714286,0.0508474576271186,0.00847457627118644,0.1,0.0166666666666667,2.07407407407407,"external","primary_kin","EG"
"egsu033","EG",0,1,6,58,6,59,60,5,2542.6,508.52,0.2,0,0,0.103448275862069,0.0169491525423729,0.00338983050847458,0,0,0,"external","primary_kin","EG"
"egsu034","EG",1,4,7,55,8,59,60,3,1328.8,442.933333333333,1.33333333333333,0.333333333333333,0.25,0.127272727272727,0.0677966101694915,0.0225988700564972,0.125,0.0416666666666667,1.96428571428571,"external","primary_kin","EG"
"egsu035","EG",0,1,12,58,12,59,60,5,4859,971.8,0.2,0,0,0.206896551724138,0.0169491525423729,0.00338983050847458,0,0,0,"external","primary_kin","EG"
"egsu036","EG",0,1,3,58,3,59,60,3,2867.6,955.866666666667,0.333333333333333,0,0,0.0517241379310345,0.0169491525423729,0.00564971751412429,0,0,0,"external","primary_kin","EG"
"egsu037","EG",0,3,6,56,6,59,60,3,3852.8,1284.26666666667,1,0,0,0.107142857142857,0.0508474576271186,0.0169491525423729,0,0,0,"external","primary_kin","EG"
"egsu038","EG",0,1,12,58,12,59,60,7,1392.6,198.942857142857,0.142857142857143,0,0,0.206896551724138,0.0169491525423729,0.00242130750605327,0,0,0,"external","primary_kin","EG"
"egsu039","EG",1,4,5,55,6,59,60,3,2142,714,1.33333333333333,0.333333333333333,0.25,0.0909090909090909,0.0677966101694915,0.0225988700564972,0.166666666666667,0.0555555555555556,2.75,"external","primary_kin","EG"
"egsu040","EG",0,3,9,56,9,59,60,6,1878.8,313.133333333333,0.5,0,0,0.160714285714286,0.0508474576271186,0.00847457627118644,0,0,0,"external","primary_kin","EG"
"egsu041","EG",0,0,5,59,5,59,60,3,2127.6,709.2,0,0,NA,0.0847457627118644,0,0,0,0,NA,"external","primary_kin","EG"
"egsu042","EG",1,3,3,56,4,59,60,6,634.6,105.766666666667,0.5,0.166666666666667,0.333333333333333,0.0535714285714286,0.0508474576271186,0.00847457627118644,0.25,0.0416666666666667,6.22222222222222,"external","primary_kin","EG"
"egsu043","EG",1,7,7,52,8,59,60,4,1585.2,396.3,1.75,0.25,0.142857142857143,0.134615384615385,0.11864406779661,0.0296610169491525,0.125,0.03125,1.06122448979592,"external","primary_kin","EG"
"egsu044","EG",1,2,7,57,8,59,60,4,2238.8,559.7,0.5,0.25,0.5,0.12280701754386,0.0338983050847458,0.00847457627118644,0.125,0.03125,4.07142857142857,"external","primary_kin","EG"
"egsu045","EG",0,3,17,56,17,59,60,5,2421,484.2,0.6,0,0,0.303571428571429,0.0508474576271186,0.0101694915254237,0,0,0,"external","primary_kin","EG"
"egsu046","EG",0,1,6,58,6,59,60,3,1830,610,0.333333333333333,0,0,0.103448275862069,0.0169491525423729,0.00564971751412429,0,0,0,"external","primary_kin","EG"
"egsu047","EG",1,5,6,54,7,59,60,3,2739.6,913.2,1.66666666666667,0.333333333333333,0.2,0.111111111111111,0.0847457627118644,0.0282485875706215,0.142857142857143,0.0476190476190476,1.8,"external","primary_kin","EG"
"egsu048","EG",1,3,5,56,6,59,60,4,4753.2,1188.3,0.75,0.25,0.333333333333333,0.0892857142857143,0.0508474576271186,0.0127118644067797,0.166666666666667,0.0416666666666667,3.73333333333333,"external","primary_kin","EG"
"egsu049","EG",0,2,9,57,9,59,60,6,538.6,89.7666666666667,0.333333333333333,0,0,0.157894736842105,0.0338983050847458,0.00564971751412429,0,0,0,"external","primary_kin","EG"
"egsu050","EG",0,1,5,58,5,59,60,5,3703,740.6,0.2,0,0,0.0862068965517241,0.0169491525423729,0.00338983050847458,0,0,0,"external","primary_kin","EG"
"egsu051","EG",0,4,5,55,5,59,60,7,1771.6,253.085714285714,0.571428571428571,0,0,0.0909090909090909,0.0677966101694915,0.00968523002421307,0,0,0,"external","primary_kin","EG"
"egsu052","EG",0,3,6,56,6,59,60,7,801.6,114.514285714286,0.428571428571429,0,0,0.107142857142857,0.0508474576271186,0.00726392251815981,0,0,0,"external","primary_kin","EG"
"egsu053","EG",0,2,5,57,5,59,60,6,3997.2,666.2,0.333333333333333,0,0,0.087719298245614,0.0338983050847458,0.00564971751412429,0,0,0,"external","primary_kin","EG"
"egsu054","EG",0,1,3,58,3,59,60,7,3863,551.857142857143,0.142857142857143,0,0,0.0517241379310345,0.0169491525423729,0.00242130750605327,0,0,0,"external","primary_kin","EG"
"egsu055","EG",0,2,5,57,5,59,60,5,2177.6,435.52,0.4,0,0,0.087719298245614,0.0338983050847458,0.00677966101694915,0,0,0,"external","primary_kin","EG"
"egsu056","EG",0,4,6,55,6,59,60,5,5283,1056.6,0.8,0,0,0.109090909090909,0.0677966101694915,0.0135593220338983,0,0,0,"external","primary_kin","EG"
"egsu057","EG",0,2,5,57,5,59,60,3,2256.6,752.2,0.666666666666667,0,0,0.087719298245614,0.0338983050847458,0.0112994350282486,0,0,0,"external","primary_kin","EG"
"egsu058","EG",0,1,13,58,13,59,60,7,4654.6,664.942857142857,0.142857142857143,0,0,0.224137931034483,0.0169491525423729,0.00242130750605327,0,0,0,"external","primary_kin","EG"
"egsu059","EG",0,1,5,58,5,59,60,5,3104.2,620.84,0.2,0,0,0.0862068965517241,0.0169491525423729,0.00338983050847458,0,0,0,"external","primary_kin","EG"
"egsu060","EG",0,3,2,56,2,59,60,5,2399.8,479.96,0.6,0,0,0.0357142857142857,0.0508474576271186,0.0101694915254237,0,0,0,"external","primary_kin","EG"
"exsu001","EX",1,5,4,64,5,69,70,7,3039.6,434.228571428571,0.714285714285714,0.142857142857143,0.2,0.0625,0.072463768115942,0.010351966873706,0.2,0.0285714285714286,3.2,"external","primary_kin","EX"
"exsu002","EX",1,5,9,64,10,69,70,3,2089,696.333333333333,1.66666666666667,0.333333333333333,0.2,0.140625,0.072463768115942,0.0241545893719807,0.1,0.0333333333333333,1.42222222222222,"external","primary_kin","EX"
"exsu003","EX",0,3,4,66,4,69,70,5,990,198,0.6,0,0,0.0606060606060606,0.0434782608695652,0.00869565217391304,0,0,0,"external","primary_kin","EX"
"exsu004","EX",0,4,5,65,5,69,70,3,5493.6,1831.2,1.33333333333333,0,0,0.0769230769230769,0.0579710144927536,0.0193236714975845,0,0,0,"external","primary_kin","EX"
"exsu005","EX",0,1,2,68,2,69,70,3,3065.2,1021.73333333333,0.333333333333333,0,0,0.0294117647058824,0.0144927536231884,0.00483091787439614,0,0,0,"external","primary_kin","EX"
"exsu006","EX",0,3,11,66,11,69,70,7,6047.6,863.942857142857,0.428571428571429,0,0,0.166666666666667,0.0434782608695652,0.0062111801242236,0,0,0,"external","primary_kin","EX"
"exsu007","EX",0,3,10,66,10,69,70,7,1989,284.142857142857,0.428571428571429,0,0,0.151515151515152,0.0434782608695652,0.0062111801242236,0,0,0,"external","primary_kin","EX"
"exsu008","EX",0,2,7,67,7,69,70,5,3437,687.4,0.4,0,0,0.104477611940299,0.0289855072463768,0.00579710144927536,0,0,0,"external","primary_kin","EX"
"exsu009","EX",0,3,9,66,9,69,70,5,1999.6,399.92,0.6,0,0,0.136363636363636,0.0434782608695652,0.00869565217391304,0,0,0,"external","primary_kin","EX"
"exsu010","EX",0,3,5,66,5,69,70,4,1860,465,0.75,0,0,0.0757575757575758,0.0434782608695652,0.0108695652173913,0,0,0,"external","primary_kin","EX"
"exsu011","EX",0,2,6,67,6,69,70,6,1969.2,328.2,0.333333333333333,0,0,0.0895522388059701,0.0289855072463768,0.00483091787439614,0,0,0,"external","primary_kin","EX"
"exsu012","EX",0,1,8,68,8,69,70,4,1686.6,421.65,0.25,0,0,0.117647058823529,0.0144927536231884,0.0036231884057971,0,0,0,"external","primary_kin","EX"
"exsu013","EX",0,2,7,67,7,69,70,7,4188,598.285714285714,0.285714285714286,0,0,0.104477611940299,0.0289855072463768,0.0041407867494824,0,0,0,"external","primary_kin","EX"
"exsu014","EX",0,4,6,65,6,69,70,7,2161,308.714285714286,0.571428571428571,0,0,0.0923076923076923,0.0579710144927536,0.0082815734989648,0,0,0,"external","primary_kin","EX"
"exsu015","EX",0,1,5,68,5,69,70,4,407,101.75,0.25,0,0,0.0735294117647059,0.0144927536231884,0.0036231884057971,0,0,0,"external","primary_kin","EX"
"exsu016","EX",0,3,7,66,7,69,70,6,1607,267.833333333333,0.5,0,0,0.106060606060606,0.0434782608695652,0.0072463768115942,0,0,0,"external","primary_kin","EX"
"exsu017","EX",0,2,5,67,5,69,70,4,4368.2,1092.05,0.5,0,0,0.0746268656716418,0.0289855072463768,0.0072463768115942,0,0,0,"external","primary_kin","EX"
"exsu018","EX",0,3,4,66,4,69,70,3,3123,1041,1,0,0,0.0606060606060606,0.0434782608695652,0.0144927536231884,0,0,0,"external","primary_kin","EX"
"exsu019","EX",0,2,12,67,12,69,70,7,1626.6,232.371428571429,0.285714285714286,0,0,0.17910447761194,0.0289855072463768,0.0041407867494824,0,0,0,"external","primary_kin","EX"
"exsu020","EX",0,3,3,66,3,69,70,5,3081,616.2,0.6,0,0,0.0454545454545455,0.0434782608695652,0.00869565217391304,0,0,0,"external","primary_kin","EX"
"exsu021","EX",0,3,8,66,8,69,70,5,2349.6,469.92,0.6,0,0,0.121212121212121,0.0434782608695652,0.00869565217391304,0,0,0,"external","primary_kin","EX"
"exsu022","EX",0,2,6,67,6,69,70,7,759,108.428571428571,0.285714285714286,0,0,0.0895522388059701,0.0289855072463768,0.0041407867494824,0,0,0,"external","primary_kin","EX"
"exsu023","EX",0,1,3,68,3,69,70,6,1118,186.333333333333,0.166666666666667,0,0,0.0441176470588235,0.0144927536231884,0.00241545893719807,0,0,0,"external","primary_kin","EX"
"exsu024","EX",0,1,5,68,5,69,70,6,1522,253.666666666667,0.166666666666667,0,0,0.0735294117647059,0.0144927536231884,0.00241545893719807,0,0,0,"external","primary_kin","EX"
"exsu025","EX",1,6,8,63,9,69,70,6,4654.6,775.766666666667,1,0.166666666666667,0.166666666666667,0.126984126984127,0.0869565217391304,0.0144927536231884,0.111111111111111,0.0185185185185185,1.3125,"external","primary_kin","EX"
"exsu026","EX",0,1,9,68,9,69,70,6,1421.6,236.933333333333,0.166666666666667,0,0,0.132352941176471,0.0144927536231884,0.00241545893719807,0,0,0,"external","primary_kin","EX"
"exsu027","EX",1,2,8,67,9,69,70,7,3225.6,460.8,0.285714285714286,0.142857142857143,0.5,0.119402985074627,0.0289855072463768,0.0041407867494824,0.111111111111111,0.0158730158730159,4.1875,"external","primary_kin","EX"
"exsu028","EX",1,4,5,65,6,69,70,3,1498,499.333333333333,1.33333333333333,0.333333333333333,0.25,0.0769230769230769,0.0579710144927536,0.0193236714975845,0.166666666666667,0.0555555555555556,3.25,"external","primary_kin","EX"
"exsu029","EX",0,1,9,68,9,69,70,5,1826.8,365.36,0.2,0,0,0.132352941176471,0.0144927536231884,0.00289855072463768,0,0,0,"external","primary_kin","EX"
"exsu030","EX",0,1,9,68,9,69,70,6,3297,549.5,0.166666666666667,0,0,0.132352941176471,0.0144927536231884,0.00241545893719807,0,0,0,"external","primary_kin","EX"
"exsu031","EX",0,5,6,64,6,69,70,7,945.2,135.028571428571,0.714285714285714,0,0,0.09375,0.072463768115942,0.010351966873706,0,0,0,"external","primary_kin","EX"
"exsu032","EX",0,1,4,68,4,69,70,3,1461,487,0.333333333333333,0,0,0.0588235294117647,0.0144927536231884,0.00483091787439614,0,0,0,"external","primary_kin","EX"
"exsu033","EX",0,2,6,67,6,69,70,6,1781.2,296.866666666667,0.333333333333333,0,0,0.0895522388059701,0.0289855072463768,0.00483091787439614,0,0,0,"external","primary_kin","EX"
"exsu034","EX",0,3,4,66,4,69,70,4,2898.6,724.65,0.75,0,0,0.0606060606060606,0.0434782608695652,0.0108695652173913,0,0,0,"external","primary_kin","EX"
"exsu035","EX",0,2,10,67,10,69,70,7,1402.6,200.371428571429,0.285714285714286,0,0,0.149253731343284,0.0289855072463768,0.0041407867494824,0,0,0,"external","primary_kin","EX"
"exsu036","EX",1,3,7,66,8,69,70,6,4938,823,0.5,0.166666666666667,0.333333333333333,0.106060606060606,0.0434782608695652,0.0072463768115942,0.125,0.0208333333333333,3.14285714285714,"external","primary_kin","EX"
"exsu037","EX",1,1,2,68,3,69,70,5,2089,417.8,0.2,0.2,1,0.0294117647058824,0.0144927536231884,0.00289855072463768,0.333333333333333,0.0666666666666667,34,"external","primary_kin","EX"
"exsu038","EX",1,4,8,65,9,69,70,6,2700.6,450.1,0.666666666666667,0.166666666666667,0.25,0.123076923076923,0.0579710144927536,0.00966183574879227,0.111111111111111,0.0185185185185185,2.03125,"external","primary_kin","EX"
"exsu039","EX",0,2,3,67,3,69,70,5,829.8,165.96,0.4,0,0,0.0447761194029851,0.0289855072463768,0.00579710144927536,0,0,0,"external","primary_kin","EX"
"exsu040","EX",0,1,8,68,8,69,70,7,4904,700.571428571429,0.142857142857143,0,0,0.117647058823529,0.0144927536231884,0.0020703933747412,0,0,0,"external","primary_kin","EX"
"exsu041","EX",0,2,8,67,8,69,70,5,6487.8,1297.56,0.4,0,0,0.119402985074627,0.0289855072463768,0.00579710144927536,0,0,0,"external","primary_kin","EX"
"exsu042","EX",0,2,4,67,4,69,70,6,3818.6,636.433333333333,0.333333333333333,0,0,0.0597014925373134,0.0289855072463768,0.00483091787439614,0,0,0,"external","primary_kin","EX"
"exsu043","EX",0,2,4,67,4,69,70,3,2621,873.666666666667,0.666666666666667,0,0,0.0597014925373134,0.0289855072463768,0.00966183574879227,0,0,0,"external","primary_kin","EX"
"exsu044","EX",0,4,2,65,2,69,70,6,1032,172,0.666666666666667,0,0,0.0307692307692308,0.0579710144927536,0.00966183574879227,0,0,0,"external","primary_kin","EX"
"exsu045","EX",0,1,2,68,2,69,70,6,1933,322.166666666667,0.166666666666667,0,0,0.0294117647058824,0.0144927536231884,0.00241545893719807,0,0,0,"external","primary_kin","EX"
"exsu046","EX",0,2,6,67,6,69,70,7,494,70.5714285714286,0.285714285714286,0,0,0.0895522388059701,0.0289855072463768,0.0041407867494824,0,0,0,"external","primary_kin","EX"
"exsu047","EX",0,3,5,66,5,69,70,3,943.2,314.4,1,0,0,0.0757575757575758,0.0434782608695652,0.0144927536231884,0,0,0,"external","primary_kin","EX"
"exsu048","EX",1,1,2,68,3,69,70,6,2850,475,0.166666666666667,0.166666666666667,1,0.0294117647058824,0.0144927536231884,0.00241545893719807,0.333333333333333,0.0555555555555556,34,"external","primary_kin","EX"
"exsu049","EX",1,2,6,67,7,69,70,4,1072,268,0.5,0.25,0.5,0.0895522388059701,0.0289855072463768,0.0072463768115942,0.142857142857143,0.0357142857142857,5.58333333333333,"external","primary_kin","EX"
"exsu050","EX",1,2,5,67,6,69,70,4,572,143,0.5,0.25,0.5,0.0746268656716418,0.0289855072463768,0.0072463768115942,0.166666666666667,0.0416666666666667,6.7,"external","primary_kin","EX"
"exsu051","EX",0,1,5,68,5,69,70,7,2877.6,411.085714285714,0.142857142857143,0,0,0.0735294117647059,0.0144927536231884,0.0020703933747412,0,0,0,"external","primary_kin","EX"
"exsu052","EX",0,1,9,68,9,69,70,7,2012,287.428571428571,0.142857142857143,0,0,0.132352941176471,0.0144927536231884,0.0020703933747412,0,0,0,"external","primary_kin","EX"
"exsu053","EX",0,1,5,68,5,69,70,6,6528.6,1088.1,0.166666666666667,0,0,0.0735294117647059,0.0144927536231884,0.00241545893719807,0,0,0,"external","primary_kin","EX"
"exsu054","EX",0,2,7,67,7,69,70,6,1739.8,289.966666666667,0.333333333333333,0,0,0.104477611940299,0.0289855072463768,0.00483091787439614,0,0,0,"external","primary_kin","EX"
"exsu055","EX",0,0,7,69,7,69,70,3,3019.6,1006.53333333333,0,0,NA,0.101449275362319,0,0,0,0,NA,"external","primary_kin","EX"
"exsu056","EX",0,3,9,66,9,69,70,5,2649,529.8,0.6,0,0,0.136363636363636,0.0434782608695652,0.00869565217391304,0,0,0,"external","primary_kin","EX"
"exsu057","EX",1,6,5,63,6,69,70,7,3864.6,552.085714285714,0.857142857142857,0.142857142857143,0.166666666666667,0.0793650793650794,0.0869565217391304,0.0124223602484472,0.166666666666667,0.0238095238095238,2.1,"external","primary_kin","EX"
"exsu058","EX",0,1,8,68,8,69,70,5,938,187.6,0.2,0,0,0.117647058823529,0.0144927536231884,0.00289855072463768,0,0,0,"external","primary_kin","EX"
"exsu059","EX",0,2,4,67,4,69,70,3,4723.6,1574.53333333333,0.666666666666667,0,0,0.0597014925373134,0.0289855072463768,0.00966183574879227,0,0,0,"external","primary_kin","EX"
"exsu060","EX",0,2,5,67,5,69,70,5,3658.2,731.64,0.4,0,0,0.0746268656716418,0.0289855072463768,0.00579710144927536,0,0,0,"external","primary_kin","EX"
"exsu061","EX",0,1,7,68,7,69,70,7,1931.6,275.942857142857,0.142857142857143,0,0,0.102941176470588,0.0144927536231884,0.0020703933747412,0,0,0,"external","primary_kin","EX"
"exsu062","EX",0,2,5,67,5,69,70,7,5784,826.285714285714,0.285714285714286,0,0,0.0746268656716418,0.0289855072463768,0.0041407867494824,0,0,0,"external","primary_kin","EX"
"exsu063","EX",0,1,4,68,4,69,70,4,4085.6,1021.4,0.25,0,0,0.0588235294117647,0.0144927536231884,0.0036231884057971,0,0,0,"external","primary_kin","EX"
"exsu064","EX",0,2,9,67,9,69,70,6,2867.6,477.933333333333,0.333333333333333,0,0,0.134328358208955,0.0289855072463768,0.00483091787439614,0,0,0,"external","primary_kin","EX"
"exsu065","EX",0,3,11,66,11,69,70,5,2715.6,543.12,0.6,0,0,0.166666666666667,0.0434782608695652,0.00869565217391304,0,0,0,"external","primary_kin","EX"
"exsu066","EX",0,3,2,66,2,69,70,6,3046.6,507.766666666667,0.5,0,0,0.0303030303030303,0.0434782608695652,0.0072463768115942,0,0,0,"external","primary_kin","EX"
"exsu067","EX",0,3,7,66,7,69,70,4,1578,394.5,0.75,0,0,0.106060606060606,0.0434782608695652,0.0108695652173913,0,0,0,"external","primary_kin","EX"
"exsu068","EX",0,3,6,66,6,69,70,3,3075,1025,1,0,0,0.0909090909090909,0.0434782608695652,0.0144927536231884,0,0,0,"external","primary_kin","EX"
"exsu069","EX",1,2,5,67,6,69,70,4,3305,826.25,0.5,0.25,0.5,0.0746268656716418,0.0289855072463768,0.0072463768115942,0.166666666666667,0.0416666666666667,6.7,"external","primary_kin","EX"
"exsu070","EX",0,3,5,66,5,69,70,3,2335.8,778.6,1,0,0,0.0757575757575758,0.0434782608695652,0.0144927536231884,0,0,0,"external","primary_kin","EX"
"sisu001","SI",0,1,9,38,9,39,40,7,6725.2,960.742857142857,0.142857142857143,0,0,0.236842105263158,0.0256410256410256,0.00366300366300366,0,0,0,"external","primary_kin","SI"
"sisu002","SI",1,2,9,37,10,39,40,6,4015.6,669.266666666667,0.333333333333333,0.166666666666667,0.5,0.243243243243243,0.0512820512820513,0.00854700854700855,0.1,0.0166666666666667,2.05555555555556,"external","primary_kin","SI"
"sisu003","SI",0,4,5,35,5,39,40,3,3457.2,1152.4,1.33333333333333,0,0,0.142857142857143,0.102564102564103,0.0341880341880342,0,0,0,"external","primary_kin","SI"
"sisu004","SI",1,6,3,33,4,39,40,3,3015.8,1005.26666666667,2,0.333333333333333,0.166666666666667,0.0909090909090909,0.153846153846154,0.0512820512820513,0.25,0.0833333333333333,1.83333333333333,"external","primary_kin","SI"
"sisu005","SI",1,2,2,37,3,39,40,3,957.6,319.2,0.666666666666667,0.333333333333333,0.5,0.0540540540540541,0.0512820512820513,0.0170940170940171,0.333333333333333,0.111111111111111,9.25,"external","primary_kin","SI"
"sisu006","SI",1,2,6,37,7,39,40,3,1668,556,0.666666666666667,0.333333333333333,0.5,0.162162162162162,0.0512820512820513,0.0170940170940171,0.142857142857143,0.0476190476190476,3.08333333333333,"external","primary_kin","SI"
"sisu007","SI",1,5,5,34,6,39,40,4,1634,408.5,1.25,0.25,0.2,0.147058823529412,0.128205128205128,0.032051282051282,0.166666666666667,0.0416666666666667,1.36,"external","primary_kin","SI"
"sisu008","SI",0,3,4,36,4,39,40,4,1773.2,443.3,0.75,0,0,0.111111111111111,0.0769230769230769,0.0192307692307692,0,0,0,"external","primary_kin","SI"
"sisu009","SI",0,4,5,35,5,39,40,4,2157,539.25,1,0,0,0.142857142857143,0.102564102564103,0.0256410256410256,0,0,0,"external","primary_kin","SI"
"sisu010","SI",0,0,5,39,5,39,40,4,2569,642.25,0,0,NA,0.128205128205128,0,0,0,0,NA,"external","primary_kin","SI"
"sisu011","SI",0,1,10,38,10,39,40,3,3492.6,1164.2,0.333333333333333,0,0,0.263157894736842,0.0256410256410256,0.00854700854700855,0,0,0,"external","primary_kin","SI"
"sisu012","SI",0,4,3,35,3,39,40,3,3090.2,1030.06666666667,1.33333333333333,0,0,0.0857142857142857,0.102564102564103,0.0341880341880342,0,0,0,"external","primary_kin","SI"
"sisu013","SI",1,2,6,37,7,39,40,3,2711.2,903.733333333333,0.666666666666667,0.333333333333333,0.5,0.162162162162162,0.0512820512820513,0.0170940170940171,0.142857142857143,0.0476190476190476,3.08333333333333,"external","primary_kin","SI"
"sisu014","SI",0,0,6,39,6,39,40,5,3955.2,791.04,0,0,NA,0.153846153846154,0,0,0,0,NA,"external","primary_kin","SI"
"sisu015","SI",2,3,8,36,10,39,40,7,5079.6,725.657142857143,0.428571428571429,0.285714285714286,0.666666666666667,0.222222222222222,0.0769230769230769,0.010989010989011,0.2,0.0285714285714286,3,"external","primary_kin","SI"
"sisu016","SI",1,3,2,36,3,39,40,6,3258.6,543.1,0.5,0.166666666666667,0.333333333333333,0.0555555555555556,0.0769230769230769,0.0128205128205128,0.333333333333333,0.0555555555555556,6,"external","primary_kin","SI"
"sisu017","SI",0,1,5,38,5,39,40,7,5293.6,756.228571428572,0.142857142857143,0,0,0.131578947368421,0.0256410256410256,0.00366300366300366,0,0,0,"external","primary_kin","SI"
"sisu018","SI",0,2,6,37,6,39,40,3,980,326.666666666667,0.666666666666667,0,0,0.162162162162162,0.0512820512820513,0.0170940170940171,0,0,0,"external","primary_kin","SI"
"sisu019","SI",1,4,3,35,4,39,40,3,1973,657.666666666667,1.33333333333333,0.333333333333333,0.25,0.0857142857142857,0.102564102564103,0.0341880341880342,0.25,0.0833333333333333,2.91666666666667,"external","primary_kin","SI"
"sisu020","SI",0,3,8,36,8,39,40,4,2122.2,530.55,0.75,0,0,0.222222222222222,0.0769230769230769,0.0192307692307692,0,0,0,"external","primary_kin","SI"
"sisu021","SI",0,1,13,38,13,39,40,7,2010,287.142857142857,0.142857142857143,0,0,0.342105263157895,0.0256410256410256,0.00366300366300366,0,0,0,"external","primary_kin","SI"
"sisu022","SI",0,2,4,37,4,39,40,4,2600.2,650.05,0.5,0,0,0.108108108108108,0.0512820512820513,0.0128205128205128,0,0,0,"external","primary_kin","SI"
"sisu023","SI",1,2,9,37,10,39,40,5,3122.2,624.44,0.4,0.2,0.5,0.243243243243243,0.0512820512820513,0.0102564102564103,0.1,0.02,2.05555555555556,"external","primary_kin","SI"
"sisu024","SI",0,3,6,36,6,39,40,3,1423.6,474.533333333333,1,0,0,0.166666666666667,0.0769230769230769,0.0256410256410256,0,0,0,"external","primary_kin","SI"
"sisu025","SI",1,4,5,35,6,39,40,3,1945.2,648.4,1.33333333333333,0.333333333333333,0.25,0.142857142857143,0.102564102564103,0.0341880341880342,0.166666666666667,0.0555555555555556,1.75,"external","primary_kin","SI"
"sisu026","SI",0,5,3,34,3,39,40,3,3222,1074,1.66666666666667,0,0,0.0882352941176471,0.128205128205128,0.0427350427350427,0,0,0,"external","primary_kin","SI"
"sisu027","SI",0,4,5,35,5,39,40,4,5309.2,1327.3,1,0,0,0.142857142857143,0.102564102564103,0.0256410256410256,0,0,0,"external","primary_kin","SI"
"sisu028","SI",2,3,9,36,11,39,40,6,3121,520.166666666667,0.5,0.333333333333333,0.666666666666667,0.25,0.0769230769230769,0.0128205128205128,0.181818181818182,0.0303030303030303,2.66666666666667,"external","primary_kin","SI"
"sisu029","SI",1,2,6,37,7,39,40,5,5283.2,1056.64,0.4,0.2,0.5,0.162162162162162,0.0512820512820513,0.0102564102564103,0.142857142857143,0.0285714285714286,3.08333333333333,"external","primary_kin","SI"
"sisu030","SI",1,4,6,35,7,39,40,7,3370,481.428571428571,0.571428571428571,0.142857142857143,0.25,0.171428571428571,0.102564102564103,0.0146520146520147,0.142857142857143,0.0204081632653061,1.45833333333333,"external","primary_kin","SI"
"sisu031","SI",0,2,2,37,2,39,40,5,2474,494.8,0.4,0,0,0.0540540540540541,0.0512820512820513,0.0102564102564103,0,0,0,"external","primary_kin","SI"
"sisu032","SI",0,1,12,38,12,39,40,5,359,71.8,0.2,0,0,0.31578947368421,0.0256410256410256,0.00512820512820513,0,0,0,"external","primary_kin","SI"
"sisu033","SI",0,3,5,36,5,39,40,5,4396,879.2,0.6,0,0,0.138888888888889,0.0769230769230769,0.0153846153846154,0,0,0,"external","primary_kin","SI"
"sisu034","SI",0,1,7,38,7,39,40,6,2779,463.166666666667,0.166666666666667,0,0,0.184210526315789,0.0256410256410256,0.00427350427350427,0,0,0,"external","primary_kin","SI"
"sisu035","SI",0,2,7,37,7,39,40,7,4425,632.142857142857,0.285714285714286,0,0,0.189189189189189,0.0512820512820513,0.00732600732600733,0,0,0,"external","primary_kin","SI"
"sisu036","SI",0,3,8,36,8,39,40,4,2113.6,528.4,0.75,0,0,0.222222222222222,0.0769230769230769,0.0192307692307692,0,0,0,"external","primary_kin","SI"
"sisu037","SI",1,2,12,37,13,39,40,6,712.6,118.766666666667,0.333333333333333,0.166666666666667,0.5,0.324324324324324,0.0512820512820513,0.00854700854700855,0.0769230769230769,0.0128205128205128,1.54166666666667,"external","primary_kin","SI"
"sisu038","SI",0,0,7,39,7,39,40,5,4104,820.8,0,0,NA,0.17948717948718,0,0,0,0,NA,"external","primary_kin","SI"
"sisu039","SI",0,3,8,36,8,39,40,4,3582.6,895.65,0.75,0,0,0.222222222222222,0.0769230769230769,0.0192307692307692,0,0,0,"external","primary_kin","SI"
"sisu040","SI",1,3,8,36,9,39,40,7,1867,266.714285714286,0.428571428571429,0.142857142857143,0.333333333333333,0.222222222222222,0.0769230769230769,0.010989010989011,0.111111111111111,0.0158730158730159,1.5,"external","primary_kin","SI"
"smsu001","SM",0,3,6,96,6,99,100,5,5400,1080,0.6,0,0,0.0625,0.0303030303030303,0.00606060606060606,0,0,0,"external","primary_kin","SM"
"smsu002","SM",0,2,6,97,6,99,100,6,3285.6,547.6,0.333333333333333,0,0,0.0618556701030928,0.0202020202020202,0.00336700336700337,0,0,0,"external","primary_kin","SM"
"smsu003","SM",0,2,1,97,1,99,100,4,1157,289.25,0.5,0,0,0.0103092783505155,0.0202020202020202,0.00505050505050505,0,0,0,"external","primary_kin","SM"
"smsu004","SM",0,2,5,97,5,99,100,4,3386,846.5,0.5,0,0,0.0515463917525773,0.0202020202020202,0.00505050505050505,0,0,0,"external","primary_kin","SM"
"smsu005","SM",0,3,3,96,3,99,100,4,3342.2,835.55,0.75,0,0,0.03125,0.0303030303030303,0.00757575757575758,0,0,0,"external","primary_kin","SM"
"smsu006","SM",0,1,7,98,7,99,100,5,3328,665.6,0.2,0,0,0.0714285714285714,0.0101010101010101,0.00202020202020202,0,0,0,"external","primary_kin","SM"
"smsu007","SM",0,6,11,93,11,99,100,7,649,92.7142857142857,0.857142857142857,0,0,0.118279569892473,0.0606060606060606,0.00865800865800866,0,0,0,"external","primary_kin","SM"
"smsu008","SM",0,3,7,96,7,99,100,4,384,96,0.75,0,0,0.0729166666666667,0.0303030303030303,0.00757575757575758,0,0,0,"external","primary_kin","SM"
"smsu009","SM",0,3,6,96,6,99,100,6,2672.8,445.466666666667,0.5,0,0,0.0625,0.0303030303030303,0.00505050505050505,0,0,0,"external","primary_kin","SM"
"smsu010","SM",0,5,5,94,5,99,100,5,3025.2,605.04,1,0,0,0.0531914893617021,0.0505050505050505,0.0101010101010101,0,0,0,"external","primary_kin","SM"
"smsu011","SM",1,2,11,97,12,99,100,7,2042,291.714285714286,0.285714285714286,0.142857142857143,0.5,0.11340206185567,0.0202020202020202,0.00288600288600289,0.0833333333333333,0.0119047619047619,4.40909090909091,"external","primary_kin","SM"
"smsu012","SM",0,1,10,98,10,99,100,4,2378,594.5,0.25,0,0,0.102040816326531,0.0101010101010101,0.00252525252525253,0,0,0,"external","primary_kin","SM"
"smsu013","SM",0,2,5,97,5,99,100,5,673,134.6,0.4,0,0,0.0515463917525773,0.0202020202020202,0.00404040404040404,0,0,0,"external","primary_kin","SM"
"smsu014","SM",0,1,3,98,3,99,100,4,404,101,0.25,0,0,0.0306122448979592,0.0101010101010101,0.00252525252525253,0,0,0,"external","primary_kin","SM"
"smsu015","SM",0,3,9,96,9,99,100,5,1835,367,0.6,0,0,0.09375,0.0303030303030303,0.00606060606060606,0,0,0,"external","primary_kin","SM"
"smsu016","SM",0,1,6,98,6,99,100,3,615,205,0.333333333333333,0,0,0.0612244897959184,0.0101010101010101,0.00336700336700337,0,0,0,"external","primary_kin","SM"
"smsu017","SM",0,0,7,99,7,99,100,7,2885,412.142857142857,0,0,NA,0.0707070707070707,0,0,0,0,NA,"external","primary_kin","SM"
"smsu018","SM",0,1,8,98,8,99,100,7,1607.8,229.685714285714,0.142857142857143,0,0,0.0816326530612245,0.0101010101010101,0.00144300144300144,0,0,0,"external","primary_kin","SM"
"smsu019","SM",0,3,10,96,10,99,100,7,6534,933.428571428571,0.428571428571429,0,0,0.104166666666667,0.0303030303030303,0.00432900432900433,0,0,0,"external","primary_kin","SM"
"smsu020","SM",1,4,6,95,7,99,100,5,749,149.8,0.8,0.2,0.25,0.0631578947368421,0.0404040404040404,0.00808080808080808,0.142857142857143,0.0285714285714286,3.95833333333333,"external","primary_kin","SM"
"smsu021","SM",0,1,12,98,12,99,100,7,994,142,0.142857142857143,0,0,0.122448979591837,0.0101010101010101,0.00144300144300144,0,0,0,"external","primary_kin","SM"
"smsu022","SM",0,7,1,92,1,99,100,4,2656.6,664.15,1.75,0,0,0.0108695652173913,0.0707070707070707,0.0176767676767677,0,0,0,"external","primary_kin","SM"
"smsu023","SM",0,1,6,98,6,99,100,4,4842,1210.5,0.25,0,0,0.0612244897959184,0.0101010101010101,0.00252525252525253,0,0,0,"external","primary_kin","SM"
"smsu024","SM",0,1,6,98,6,99,100,3,3327.6,1109.2,0.333333333333333,0,0,0.0612244897959184,0.0101010101010101,0.00336700336700337,0,0,0,"external","primary_kin","SM"
"smsu025","SM",0,1,3,98,3,99,100,4,1977,494.25,0.25,0,0,0.0306122448979592,0.0101010101010101,0.00252525252525253,0,0,0,"external","primary_kin","SM"
"smsu026","SM",0,2,8,97,8,99,100,5,894.2,178.84,0.4,0,0,0.0824742268041237,0.0202020202020202,0.00404040404040404,0,0,0,"external","primary_kin","SM"
"smsu027","SM",0,1,12,98,12,99,100,6,550,91.6666666666667,0.166666666666667,0,0,0.122448979591837,0.0101010101010101,0.00168350168350168,0,0,0,"external","primary_kin","SM"
"smsu028","SM",0,3,10,96,10,99,100,5,3705.6,741.12,0.6,0,0,0.104166666666667,0.0303030303030303,0.00606060606060606,0,0,0,"external","primary_kin","SM"
"smsu029","SM",0,2,3,97,3,99,100,4,2180.6,545.15,0.5,0,0,0.0309278350515464,0.0202020202020202,0.00505050505050505,0,0,0,"external","primary_kin","SM"
"smsu030","SM",0,2,9,97,9,99,100,5,1405.2,281.04,0.4,0,0,0.0927835051546392,0.0202020202020202,0.00404040404040404,0,0,0,"external","primary_kin","SM"
"smsu031","SM",0,2,14,97,14,99,100,7,618.2,88.3142857142857,0.285714285714286,0,0,0.144329896907216,0.0202020202020202,0.00288600288600289,0,0,0,"external","primary_kin","SM"
"smsu032","SM",0,1,2,98,2,99,100,4,967,241.75,0.25,0,0,0.0204081632653061,0.0101010101010101,0.00252525252525253,0,0,0,"external","primary_kin","SM"
"smsu033","SM",0,2,9,97,9,99,100,6,1035,172.5,0.333333333333333,0,0,0.0927835051546392,0.0202020202020202,0.00336700336700337,0,0,0,"external","primary_kin","SM"
"smsu034","SM",0,3,8,96,8,99,100,6,3962.2,660.366666666667,0.5,0,0,0.0833333333333333,0.0303030303030303,0.00505050505050505,0,0,0,"external","primary_kin","SM"
"smsu035","SM",0,1,3,98,3,99,100,5,1059,211.8,0.2,0,0,0.0306122448979592,0.0101010101010101,0.00202020202020202,0,0,0,"external","primary_kin","SM"
"smsu036","SM",1,4,7,95,8,99,100,6,1699,283.166666666667,0.666666666666667,0.166666666666667,0.25,0.0736842105263158,0.0404040404040404,0.00673400673400673,0.125,0.0208333333333333,3.39285714285714,"external","primary_kin","SM"
"smsu037","SM",0,2,5,97,5,99,100,5,4389,877.8,0.4,0,0,0.0515463917525773,0.0202020202020202,0.00404040404040404,0,0,0,"external","primary_kin","SM"
"smsu038","SM",0,1,3,98,3,99,100,6,1868,311.333333333333,0.166666666666667,0,0,0.0306122448979592,0.0101010101010101,0.00168350168350168,0,0,0,"external","primary_kin","SM"
"smsu039","SM",0,4,10,95,10,99,100,6,374,62.3333333333333,0.666666666666667,0,0,0.105263157894737,0.0404040404040404,0.00673400673400673,0,0,0,"external","primary_kin","SM"
"smsu040","SM",0,2,4,97,4,99,100,6,3031,505.166666666667,0.333333333333333,0,0,0.0412371134020619,0.0202020202020202,0.00336700336700337,0,0,0,"external","primary_kin","SM"
"smsu041","SM",0,4,6,95,6,99,100,3,2200.6,733.533333333333,1.33333333333333,0,0,0.0631578947368421,0.0404040404040404,0.0134680134680135,0,0,0,"external","primary_kin","SM"
"smsu042","SM",0,3,1,96,1,99,100,5,2348,469.6,0.6,0,0,0.0104166666666667,0.0303030303030303,0.00606060606060606,0,0,0,"external","primary_kin","SM"
"smsu043","SM",0,4,13,95,13,99,100,5,1986.8,397.36,0.8,0,0,0.136842105263158,0.0404040404040404,0.00808080808080808,0,0,0,"external","primary_kin","SM"
"smsu044","SM",0,1,6,98,6,99,100,6,804,134,0.166666666666667,0,0,0.0612244897959184,0.0101010101010101,0.00168350168350168,0,0,0,"external","primary_kin","SM"
"smsu045","SM",0,1,9,98,9,99,100,4,496.6,124.15,0.25,0,0,0.0918367346938776,0.0101010101010101,0.00252525252525253,0,0,0,"external","primary_kin","SM"
"smsu046","SM",1,2,3,97,4,99,100,5,1821.2,364.24,0.4,0.2,0.5,0.0309278350515464,0.0202020202020202,0.00404040404040404,0.25,0.05,16.1666666666667,"external","primary_kin","SM"
"smsu047","SM",1,2,6,97,7,99,100,5,4280.2,856.04,0.4,0.2,0.5,0.0618556701030928,0.0202020202020202,0.00404040404040404,0.142857142857143,0.0285714285714286,8.08333333333333,"external","primary_kin","SM"
"smsu048","SM",0,2,2,97,2,99,100,5,2620.2,524.04,0.4,0,0,0.0206185567010309,0.0202020202020202,0.00404040404040404,0,0,0,"external","primary_kin","SM"
"smsu049","SM",0,2,1,97,1,99,100,3,1189.6,396.533333333333,0.666666666666667,0,0,0.0103092783505155,0.0202020202020202,0.00673400673400673,0,0,0,"external","primary_kin","SM"
"smsu050","SM",0,1,7,98,7,99,100,3,1979.2,659.733333333333,0.333333333333333,0,0,0.0714285714285714,0.0101010101010101,0.00336700336700337,0,0,0,"external","primary_kin","SM"
"smsu051","SM",0,2,5,97,5,99,100,5,2385,477,0.4,0,0,0.0515463917525773,0.0202020202020202,0.00404040404040404,0,0,0,"external","primary_kin","SM"
"smsu052","SM",0,2,9,97,9,99,100,5,956,191.2,0.4,0,0,0.0927835051546392,0.0202020202020202,0.00404040404040404,0,0,0,"external","primary_kin","SM"
"smsu053","SM",1,6,2,93,3,99,100,6,3965,660.833333333333,1,0.166666666666667,0.166666666666667,0.021505376344086,0.0606060606060606,0.0101010101010101,0.333333333333333,0.0555555555555556,7.75,"external","primary_kin","SM"
"smsu054","SM",1,2,7,97,8,99,100,6,2622,437,0.333333333333333,0.166666666666667,0.5,0.0721649484536082,0.0202020202020202,0.00336700336700337,0.125,0.0208333333333333,6.92857142857143,"external","primary_kin","SM"
"smsu055","SM",0,0,7,99,7,99,100,6,2952.2,492.033333333333,0,0,NA,0.0707070707070707,0,0,0,0,NA,"external","primary_kin","SM"
"smsu056","SM",0,3,6,96,6,99,100,7,968.2,138.314285714286,0.428571428571429,0,0,0.0625,0.0303030303030303,0.00432900432900433,0,0,0,"external","primary_kin","SM"
"smsu057","SM",0,3,7,96,7,99,100,5,3231,646.2,0.6,0,0,0.0729166666666667,0.0303030303030303,0.00606060606060606,0,0,0,"external","primary_kin","SM"
"smsu058","SM",0,2,4,97,4,99,100,5,3001.6,600.32,0.4,0,0,0.0412371134020619,0.0202020202020202,0.00404040404040404,0,0,0,"external","primary_kin","SM"
"smsu059","SM",0,2,9,97,9,99,100,3,1883,627.666666666667,0.666666666666667,0,0,0.0927835051546392,0.0202020202020202,0.00673400673400673,0,0,0,"external","primary_kin","SM"
"smsu060","SM",1,4,11,95,12,99,100,7,3673,524.714285714286,0.571428571428571,0.142857142857143,0.25,0.115789473684211,0.0404040404040404,0.00577200577200577,0.0833333333333333,0.0119047619047619,2.15909090909091,"external","primary_kin","SM"
"smsu061","SM",0,2,2,97,2,99,100,4,2846.6,711.65,0.5,0,0,0.0206185567010309,0.0202020202020202,0.00505050505050505,0,0,0,"external","primary_kin","SM"
"smsu062","SM",1,2,5,97,6,99,100,4,1748.6,437.15,0.5,0.25,0.5,0.0515463917525773,0.0202020202020202,0.00505050505050505,0.166666666666667,0.0416666666666667,9.7,"external","primary_kin","SM"
"smsu063","SM",0,1,7,98,7,99,100,5,1671.6,334.32,0.2,0,0,0.0714285714285714,0.0101010101010101,0.00202020202020202,0,0,0,"external","primary_kin","SM"
"smsu064","SM",0,1,2,98,2,99,100,3,2160,720,0.333333333333333,0,0,0.0204081632653061,0.0101010101010101,0.00336700336700337,0,0,0,"external","primary_kin","SM"
"smsu065","SM",0,3,10,96,10,99,100,5,910,182,0.6,0,0,0.104166666666667,0.0303030303030303,0.00606060606060606,0,0,0,"external","primary_kin","SM"
"smsu066","SM",1,3,4,96,5,99,100,3,2907,969,1,0.333333333333333,0.333333333333333,0.0416666666666667,0.0303030303030303,0.0101010101010101,0.2,0.0666666666666667,8,"external","primary_kin","SM"
"smsu067","SM",0,2,6,97,6,99,100,7,1810.6,258.657142857143,0.285714285714286,0,0,0.0618556701030928,0.0202020202020202,0.00288600288600289,0,0,0,"external","primary_kin","SM"
"smsu068","SM",0,4,6,95,6,99,100,3,4634,1544.66666666667,1.33333333333333,0,0,0.0631578947368421,0.0404040404040404,0.0134680134680135,0,0,0,"external","primary_kin","SM"
"smsu069","SM",1,1,5,98,6,99,100,6,395.6,65.9333333333333,0.166666666666667,0.166666666666667,1,0.0510204081632653,0.0101010101010101,0.00168350168350168,0.166666666666667,0.0277777777777778,19.6,"external","primary_kin","SM"
"smsu070","SM",0,2,6,97,6,99,100,6,6160.6,1026.76666666667,0.333333333333333,0,0,0.0618556701030928,0.0202020202020202,0.00336700336700337,0,0,0,"external","primary_kin","SM"
"smsu071","SM",0,4,4,95,4,99,100,5,1376,275.2,0.8,0,0,0.0421052631578947,0.0404040404040404,0.00808080808080808,0,0,0,"external","primary_kin","SM"
"smsu072","SM",0,2,5,97,5,99,100,4,2077.2,519.3,0.5,0,0,0.0515463917525773,0.0202020202020202,0.00505050505050505,0,0,0,"external","primary_kin","SM"
"smsu073","SM",0,2,6,97,6,99,100,3,4405.8,1468.6,0.666666666666667,0,0,0.0618556701030928,0.0202020202020202,0.00673400673400673,0,0,0,"external","primary_kin","SM"
"smsu074","SM",0,1,8,98,8,99,100,4,2508.2,627.05,0.25,0,0,0.0816326530612245,0.0101010101010101,0.00252525252525253,0,0,0,"external","primary_kin","SM"
"smsu075","SM",0,3,5,96,5,99,100,7,2496.8,356.685714285714,0.428571428571429,0,0,0.0520833333333333,0.0303030303030303,0.00432900432900433,0,0,0,"external","primary_kin","SM"
"smsu076","SM",0,3,13,96,13,99,100,7,670,95.7142857142857,0.428571428571429,0,0,0.135416666666667,0.0303030303030303,0.00432900432900433,0,0,0,"external","primary_kin","SM"
"smsu077","SM",0,5,4,94,4,99,100,5,6092,1218.4,1,0,0,0.0425531914893617,0.0505050505050505,0.0101010101010101,0,0,0,"external","primary_kin","SM"
"smsu078","SM",0,1,3,98,3,99,100,4,3154.2,788.55,0.25,0,0,0.0306122448979592,0.0101010101010101,0.00252525252525253,0,0,0,"external","primary_kin","SM"
"smsu079","SM",1,3,10,96,11,99,100,7,4164,594.857142857143,0.428571428571429,0.142857142857143,0.333333333333333,0.104166666666667,0.0303030303030303,0.00432900432900433,0.0909090909090909,0.012987012987013,3.2,"external","primary_kin","SM"
"smsu080","SM",0,1,4,98,4,99,100,4,1439,359.75,0.25,0,0,0.0408163265306122,0.0101010101010101,0.00252525252525253,0,0,0,"external","primary_kin","SM"
"smsu081","SM",0,2,5,97,5,99,100,6,2253.6,375.6,0.333333333333333,0,0,0.0515463917525773,0.0202020202020202,0.00336700336700337,0,0,0,"external","primary_kin","SM"
"smsu082","SM",0,4,2,95,2,99,100,3,849.8,283.266666666667,1.33333333333333,0,0,0.0210526315789474,0.0404040404040404,0.0134680134680135,0,0,0,"external","primary_kin","SM"
"smsu083","SM",1,1,4,98,5,99,100,3,3770,1256.66666666667,0.333333333333333,0.333333333333333,1,0.0408163265306122,0.0101010101010101,0.00336700336700337,0.2,0.0666666666666667,24.5,"external","primary_kin","SM"
"smsu084","SM",0,4,6,95,6,99,100,4,5449,1362.25,1,0,0,0.0631578947368421,0.0404040404040404,0.0101010101010101,0,0,0,"external","primary_kin","SM"
"smsu085","SM",0,3,5,96,5,99,100,5,2886.2,577.24,0.6,0,0,0.0520833333333333,0.0303030303030303,0.00606060606060606,0,0,0,"external","primary_kin","SM"
"smsu086","SM",0,2,10,97,10,99,100,6,2650.6,441.766666666667,0.333333333333333,0,0,0.103092783505155,0.0202020202020202,0.00336700336700337,0,0,0,"external","primary_kin","SM"
"smsu087","SM",0,1,6,98,6,99,100,3,3232,1077.33333333333,0.333333333333333,0,0,0.0612244897959184,0.0101010101010101,0.00336700336700337,0,0,0,"external","primary_kin","SM"
"smsu088","SM",0,4,2,95,2,99,100,3,1344.6,448.2,1.33333333333333,0,0,0.0210526315789474,0.0404040404040404,0.0134680134680135,0,0,0,"external","primary_kin","SM"
"smsu089","SM",0,1,8,98,8,99,100,7,3185,455,0.142857142857143,0,0,0.0816326530612245,0.0101010101010101,0.00144300144300144,0,0,0,"external","primary_kin","SM"
"smsu090","SM",0,2,7,97,7,99,100,7,609.6,87.0857142857143,0.285714285714286,0,0,0.0721649484536082,0.0202020202020202,0.00288600288600289,0,0,0,"external","primary_kin","SM"
"smsu091","SM",0,1,5,98,5,99,100,6,5777,962.833333333333,0.166666666666667,0,0,0.0510204081632653,0.0101010101010101,0.00168350168350168,0,0,0,"external","primary_kin","SM"
"smsu092","SM",0,3,0,96,0,99,100,4,1826.6,456.65,0.75,0,0,0,0.0303030303030303,0.00757575757575758,NA,NA,NA,"external","primary_kin","SM"
"smsu093","SM",0,3,7,96,7,99,100,4,1200,300,0.75,0,0,0.0729166666666667,0.0303030303030303,0.00757575757575758,0,0,0,"external","primary_kin","SM"
"smsu094","SM",0,1,4,98,4,99,100,3,2658,886,0.333333333333333,0,0,0.0408163265306122,0.0101010101010101,0.00336700336700337,0,0,0,"external","primary_kin","SM"
"smsu095","SM",0,1,7,98,7,99,100,5,3604.6,720.92,0.2,0,0,0.0714285714285714,0.0101010101010101,0.00202020202020202,0,0,0,"external","primary_kin","SM"
"smsu096","SM",0,2,8,97,8,99,100,4,2301,575.25,0.5,0,0,0.0824742268041237,0.0202020202020202,0.00505050505050505,0,0,0,"external","primary_kin","SM"
"smsu097","SM",0,3,7,96,7,99,100,6,3253,542.166666666667,0.5,0,0,0.0729166666666667,0.0303030303030303,0.00505050505050505,0,0,0,"external","primary_kin","SM"
"smsu098","SM",0,2,1,97,1,99,100,5,3177.2,635.44,0.4,0,0,0.0103092783505155,0.0202020202020202,0.00404040404040404,0,0,0,"external","primary_kin","SM"
"smsu099","SM",0,2,6,97,6,99,100,6,621,103.5,0.333333333333333,0,0,0.0618556701030928,0.0202020202020202,0.00336700336700337,0,0,0,"external","primary_kin","SM"
"smsu100","SM",0,1,8,98,8,99,100,5,673.6,134.72,0.2,0,0,0.0816326530612245,0.0101010101010101,0.00202020202020202,0,0,0,"external","primary_kin","SM"
