"waveid","personid","alterid","tie"
1,"ex0001","ex0231",2
1,"ex0001","ex0016",5
1,"ex0001","ex0313",5
1,"ex0001","ex0366",5
1,"ex0001","ex0018",5
1,"ex0001","ex0147",7
1,"ex0001","ex0060",7
1,"ex0001","ex0017",7
1,"ex0001","ex0079",7
1,"ex0001","ex0273",9
1,"ex0001","ex0355",9
1,"ex0001","ex0194",9
1,"ex0001","ex0031",9
1,"ex0002","ex0350",1
1,"ex0002","ex0050",1
1,"ex0002","ex0297",1
1,"ex0002","ex0029",2
1,"ex0002","ex0058",2
1,"ex0002","ex0193",2
1,"ex0002","ex0016",2
1,"ex0002","ex0093",3
1,"ex0002","ex0058",3
1,"ex0002","ex0242",4
1,"ex0002","ex0011",4
1,"ex0002","ex0031",5
1,"ex0002","ex0293",6
1,"ex0002","ex0090",6
1,"ex0002","ex0312",7
1,"ex0002","ex0230",7
1,"ex0002","ex0116",7
1,"ex0002","ex0294",8
1,"ex0002","ex0348",8
1,"ex0002","ex0217",8
1,"ex0002","ex0144",8
1,"ex0002","ex0139",9
1,"ex0002","ex0318",9
1,"ex0002","ex0109",10
1,"ex0002","ex0356",10
1,"ex0002","ex0029",10
1,"ex0002","ex0051",10
1,"ex0004","ex0255",1
1,"ex0004","ex0275",2
1,"ex0004","ex0304",3
1,"ex0004","ex0314",4
1,"ex0004","ex0009",5
1,"ex0004","ex0334",5
1,"ex0004","ex0131",5
1,"ex0004","ex0019",6
1,"ex0004","ex0273",6
1,"ex0004","ex0237",8
1,"ex0004","ex0014",8
1,"ex0004","ex0095",8
1,"ex0004","ex0274",9
1,"ex0004","ex0122",9
1,"ex0004","ex0041",9
1,"ex0004","ex0151",9
1,"ex0004","ex0205",10
1,"ex0008","ex0191",4
1,"ex0008","ex0104",4
1,"ex0008","ex0174",4
1,"ex0008","ex0088",4
1,"ex0008","ex0286",5
1,"ex0008","ex0127",5
1,"ex0008","ex0298",5
1,"ex0008","ex0194",6
1,"ex0008","ex0223",6
1,"ex0008","ex0050",7
1,"ex0008","ex0043",7
1,"ex0008","ex0344",7
1,"ex0008","ex0009",7
1,"ex0008","ex0229",8
1,"ex0008","ex0044",9
1,"ex0008","ex0329",9
1,"ex0008","ex0306",9
1,"ex0008","ex0146",9
1,"ex0008","ex0123",10
1,"ex0008","ex0314",10
1,"ex0008","ex0320",10
1,"ex0008","ex0289",10
1,"ex0009","ex0343",1
1,"ex0009","ex0002",1
1,"ex0009","ex0303",2
1,"ex0009","ex0266",2
1,"ex0009","ex0177",2
1,"ex0009","ex0213",3
1,"ex0009","ex0075",3
1,"ex0009","ex0180",5
1,"ex0009","ex0229",5
1,"ex0009","ex0296",6
1,"ex0009","ex0037",6
1,"ex0009","ex0150",8
1,"ex0009","ex0342",8
1,"ex0009","ex0090",8
1,"ex0009","ex0040",8
1,"ex0009","ex0135",9
1,"ex0009","ex0021",9
1,"ex0009","ex0265",9
1,"ex0009","ex0250",10
1,"ex0009","ex0144",10
1,"ex0009","ex0029",10
1,"ex0009","ex0030",10
1,"ex0010","ex0252",1
1,"ex0010","ex0359",1
1,"ex0010","ex0037",1
1,"ex0010","ex0294",1
1,"ex0010","ex0061",4
1,"ex0010","ex0077",4
1,"ex0010","ex0204",4
1,"ex0010","ex0220",5
1,"ex0010","ex0350",5
1,"ex0010","ex0083",5
1,"ex0010","ex0320",5
1,"ex0010","ex0052",6
1,"ex0010","ex0180",6
1,"ex0010","ex0083",6
1,"ex0010","ex0128",7
1,"ex0010","ex0046",7
1,"ex0010","ex0210",7
1,"ex0010","ex0243",7
1,"ex0010","ex0205",8
1,"ex0010","ex0011",8
1,"ex0010","ex0191",10
1,"ex0010","ex0151",10
1,"ex0010","ex0020",10
1,"ex0011","ex0018",1
1,"ex0011","ex0277",1
1,"ex0011","ex0127",1
1,"ex0011","ex0218",3
1,"ex0011","ex0210",3
1,"ex0011","ex0040",3
1,"ex0011","ex0187",4
1,"ex0011","ex0085",4
1,"ex0011","ex0036",4
1,"ex0011","ex0161",4
1,"ex0011","ex0281",5
1,"ex0011","ex0199",6
1,"ex0011","ex0123",6
1,"ex0011","ex0272",6
1,"ex0011","ex0236",6
1,"ex0011","ex0253",8
1,"ex0011","ex0234",8
1,"ex0011","ex0030",9
1,"ex0011","ex0148",9
1,"ex0011","ex0177",9
1,"ex0011","ex0085",10
1,"ex0011","ex0182",10
1,"ex0011","ex0200",10
1,"ex0011","ex0340",10
1,"ex0012","ex0292",1
1,"ex0012","ex0020",2
1,"ex0012","ex0321",2
1,"ex0012","ex0143",2
1,"ex0012","ex0104",3
1,"ex0012","ex0282",3
1,"ex0012","ex0052",4
1,"ex0012","ex0149",4
1,"ex0012","ex0142",4
1,"ex0012","ex0301",4
1,"ex0012","ex0067",5
1,"ex0012","ex0298",5
1,"ex0012","ex0284",5
1,"ex0012","ex0176",5
1,"ex0012","ex0187",6
1,"ex0012","ex0046",6
1,"ex0012","ex0315",7
1,"ex0012","ex0301",7
1,"ex0012","ex0253",7
1,"ex0012","ex0091",8
1,"ex0012","ex0318",8
1,"ex0012","ex0133",8
1,"ex0012","ex0014",10
1,"ex0014","ex0276",1
1,"ex0014","ex0366",1
1,"ex0014","ex0284",1
1,"ex0014","ex0109",3
1,"ex0014","ex0168",3
1,"ex0014","ex0267",6
1,"ex0014","ex0231",6
1,"ex0014","ex0021",6
1,"ex0014","ex0273",7
1,"ex0014","ex0362",7
1,"ex0014","ex0136",7
1,"ex0014","ex0307",7
1,"ex0016","ex0293",1
1,"ex0016","ex0022",1
1,"ex0016","ex0082",1
1,"ex0016","ex0022",2
1,"ex0016","ex0229",2
1,"ex0016","ex0168",2
1,"ex0016","ex0357",2
1,"ex0016","ex0008",3
1,"ex0016","ex0336",3
1,"ex0016","ex0191",4
1,"ex0016","ex0344",4
1,"ex0016","ex0336",4
1,"ex0016","ex0104",5
1,"ex0016","ex0194",5
1,"ex0016","ex0262",6
1,"ex0016","ex0161",6
1,"ex0016","ex0273",7
1,"ex0016","ex0267",8
1,"ex0016","ex0217",9
1,"ex0016","ex0329",9
1,"ex0016","ex0125",9
1,"ex0016","ex0150",10
1,"ex0016","ex0084",10
1,"ex0017","ex0289",1
1,"ex0017","ex0275",1
1,"ex0017","ex0213",1
1,"ex0017","ex0170",2
1,"ex0017","ex0074",3
1,"ex0017","ex0252",3
1,"ex0017","ex0220",3
1,"ex0017","ex0021",3
1,"ex0017","ex0228",4
1,"ex0017","ex0217",5
1,"ex0017","ex0082",5
1,"ex0017","ex0321",6
1,"ex0017","ex0317",6
1,"ex0017","ex0138",6
1,"ex0017","ex0091",7
1,"ex0017","ex0338",7
1,"ex0017","ex0281",9
1,"ex0017","ex0032",9
1,"ex0017","ex0117",9
1,"ex0017","ex0168",9
1,"ex0018","ex0266",1
1,"ex0018","ex0115",1
1,"ex0018","ex0205",1
1,"ex0018","ex0218",1
1,"ex0018","ex0247",2
1,"ex0018","ex0344",2
1,"ex0018","ex0036",2
1,"ex0018","ex0312",2
1,"ex0018","ex0043",3
1,"ex0018","ex0160",4
1,"ex0018","ex0033",4
1,"ex0018","ex0333",4
1,"ex0018","ex0043",5
1,"ex0018","ex0338",5
1,"ex0018","ex0050",5
1,"ex0018","ex0315",5
1,"ex0018","ex0138",8
1,"ex0018","ex0199",8
1,"ex0018","ex0181",9
1,"ex0018","ex0252",9
1,"ex0018","ex0307",9
1,"ex0018","ex0127",9
1,"ex0018","ex0030",10
1,"ex0018","ex0143",10
1,"ex0018","ex0275",10
1,"ex0019","ex0151",1
1,"ex0019","ex0266",2
1,"ex0019","ex0207",2
1,"ex0019","ex0050",3
1,"ex0019","ex0141",4
1,"ex0019","ex0313",5
1,"ex0019","ex0155",5
1,"ex0019","ex0099",5
1,"ex0019","ex0218",5
1,"ex0019","ex0008",6
1,"ex0019","ex0265",6
1,"ex0019","ex0026",7
1,"ex0019","ex0321",7
1,"ex0019","ex0321",8
1,"ex0019","ex0101",8
1,"ex0019","ex0318",9
1,"ex0019","ex0290",9
1,"ex0019","ex0104",9
1,"ex0019","ex0032",9
1,"ex0019","ex0168",10
1,"ex0020","ex0204",1
1,"ex0020","ex0237",3
1,"ex0020","ex0150",6
1,"ex0020","ex0121",6
1,"ex0020","ex0029",6
1,"ex0020","ex0051",7
1,"ex0020","ex0114",7
1,"ex0020","ex0147",8
1,"ex0020","ex0185",9
1,"ex0020","ex0304",9
1,"ex0020","ex0217",9
1,"ex0020","ex0218",10
1,"ex0021","ex0290",1
1,"ex0021","ex0134",2
1,"ex0021","ex0026",2
1,"ex0021","ex0067",2
1,"ex0021","ex0139",2
1,"ex0021","ex0231",3
1,"ex0021","ex0364",3
1,"ex0021","ex0217",3
1,"ex0021","ex0236",4
1,"ex0021","ex0247",4
1,"ex0021","ex0277",4
1,"ex0021","ex0134",5
1,"ex0021","ex0136",5
1,"ex0021","ex0188",5
1,"ex0021","ex0016",7
1,"ex0021","ex0079",8
1,"ex0021","ex0306",8
1,"ex0021","ex0189",8
1,"ex0021","ex0247",9
1,"ex0022","ex0345",1
1,"ex0022","ex0243",1
1,"ex0022","ex0301",1
1,"ex0022","ex0343",2
1,"ex0022","ex0154",4
1,"ex0022","ex0288",4
1,"ex0022","ex0036",5
1,"ex0022","ex0307",7
1,"ex0022","ex0321",7
1,"ex0022","ex0280",8
1,"ex0022","ex0072",8
1,"ex0022","ex0167",8
1,"ex0022","ex0223",9
1,"ex0022","ex0148",9
1,"ex0022","ex0355",9
1,"ex0022","ex0103",9
1,"ex0022","ex0350",10
1,"ex0023","ex0031",1
1,"ex0023","ex0299",1
1,"ex0023","ex0114",1
1,"ex0023","ex0342",1
1,"ex0023","ex0122",3
1,"ex0023","ex0138",3
1,"ex0023","ex0018",3
1,"ex0023","ex0193",4
1,"ex0023","ex0033",4
1,"ex0023","ex0151",4
1,"ex0023","ex0223",5
1,"ex0023","ex0165",5
1,"ex0023","ex0036",5
1,"ex0023","ex0037",6
1,"ex0023","ex0136",6
1,"ex0023","ex0328",6
1,"ex0023","ex0019",6
1,"ex0023","ex0019",7
1,"ex0023","ex0075",7
1,"ex0023","ex0273",7
1,"ex0023","ex0014",8
1,"ex0023","ex0009",8
1,"ex0023","ex0222",8
1,"ex0023","ex0304",8
1,"ex0023","ex0130",9
1,"ex0023","ex0116",10
1,"ex0026","ex0236",1
1,"ex0026","ex0139",2
1,"ex0026","ex0082",2
1,"ex0026","ex0297",3
1,"ex0026","ex0303",3
1,"ex0026","ex0258",3
1,"ex0026","ex0141",3
1,"ex0026","ex0280",4
1,"ex0026","ex0334",4
1,"ex0026","ex0089",4
1,"ex0026","ex0294",4
1,"ex0026","ex0320",5
1,"ex0026","ex0359",6
1,"ex0026","ex0093",7
1,"ex0026","ex0176",7
1,"ex0026","ex0061",9
1,"ex0026","ex0249",10
1,"ex0026","ex0242",10
1,"ex0026","ex0082",10
1,"ex0026","ex0316",10
1,"ex0027","ex0008",1
1,"ex0027","ex0127",1
1,"ex0027","ex0281",1
1,"ex0027","ex0220",2
1,"ex0027","ex0077",2
1,"ex0027","ex0088",2
1,"ex0027","ex0068",3
1,"ex0027","ex0030",4
1,"ex0027","ex0068",5
1,"ex0027","ex0304",5
1,"ex0027","ex0188",5
1,"ex0027","ex0349",5
1,"ex0027","ex0293",6
1,"ex0027","ex0357",7
1,"ex0027","ex0101",7
1,"ex0027","ex0096",8
1,"ex0027","ex0155",8
1,"ex0027","ex0104",8
1,"ex0027","ex0086",8
1,"ex0027","ex0154",9
1,"ex0027","ex0296",9
1,"ex0027","ex0044",10
1,"ex0027","ex0281",10
1,"ex0028","ex0282",1
1,"ex0028","ex0122",1
1,"ex0028","ex0344",1
1,"ex0028","ex0219",2
1,"ex0028","ex0012",2
1,"ex0028","ex0236",2
1,"ex0028","ex0082",3
1,"ex0028","ex0154",5
1,"ex0028","ex0109",5
1,"ex0028","ex0040",5
1,"ex0028","ex0115",5
1,"ex0028","ex0042",6
1,"ex0028","ex0151",6
1,"ex0028","ex0092",6
1,"ex0028","ex0204",6
1,"ex0028","ex0222",7
1,"ex0028","ex0134",7
1,"ex0028","ex0016",8
1,"ex0028","ex0086",8
1,"ex0028","ex0255",9
1,"ex0028","ex0177",10
1,"ex0028","ex0205",10
1,"ex0028","ex0088",10
1,"ex0029","ex0075",1
1,"ex0029","ex0217",1
1,"ex0029","ex0004",1
1,"ex0029","ex0204",1
1,"ex0029","ex0052",2
1,"ex0029","ex0236",2
1,"ex0029","ex0213",2
1,"ex0029","ex0259",3
1,"ex0029","ex0210",3
1,"ex0029","ex0042",3
1,"ex0029","ex0359",3
1,"ex0029","ex0074",4
1,"ex0029","ex0306",4
1,"ex0029","ex0217",5
1,"ex0029","ex0209",5
1,"ex0029","ex0314",5
1,"ex0029","ex0243",6
1,"ex0029","ex0066",6
1,"ex0029","ex0117",6
1,"ex0029","ex0182",7
1,"ex0029","ex0083",7
1,"ex0029","ex0077",7
1,"ex0029","ex0345",7
1,"ex0029","ex0366",8
1,"ex0029","ex0275",9
1,"ex0029","ex0201",10
1,"ex0029","ex0358",10
1,"ex0029","ex0318",10
1,"ex0029","ex0060",10
1,"ex0030","ex0093",1
1,"ex0030","ex0075",1
1,"ex0030","ex0213",1
1,"ex0030","ex0001",2
1,"ex0030","ex0023",2
1,"ex0030","ex0249",3
1,"ex0030","ex0196",3
1,"ex0030","ex0139",3
1,"ex0030","ex0088",4
1,"ex0030","ex0216",4
1,"ex0030","ex0009",4
1,"ex0030","ex0299",4
1,"ex0030","ex0146",5
1,"ex0030","ex0297",6
1,"ex0030","ex0079",6
1,"ex0030","ex0044",6
1,"ex0030","ex0050",6
1,"ex0030","ex0010",8
1,"ex0030","ex0342",8
1,"ex0030","ex0247",9
1,"ex0030","ex0317",9
1,"ex0030","ex0204",9
1,"ex0030","ex0292",9
1,"ex0030","ex0041",10
1,"ex0030","ex0022",10
1,"ex0030","ex0274",10
1,"ex0031","ex0275",1
1,"ex0031","ex0008",1
1,"ex0031","ex0329",1
1,"ex0031","ex0288",1
1,"ex0031","ex0276",3
1,"ex0031","ex0220",3
1,"ex0031","ex0192",3
1,"ex0031","ex0306",4
1,"ex0031","ex0308",4
1,"ex0031","ex0181",4
1,"ex0031","ex0150",5
1,"ex0031","ex0160",5
1,"ex0031","ex0077",6
1,"ex0031","ex0165",6
1,"ex0031","ex0115",6
1,"ex0031","ex0300",7
1,"ex0031","ex0017",7
1,"ex0031","ex0282",7
1,"ex0031","ex0251",7
1,"ex0031","ex0288",8
1,"ex0031","ex0358",8
1,"ex0031","ex0295",9
1,"ex0032","ex0052",1
1,"ex0032","ex0140",1
1,"ex0032","ex0262",2
1,"ex0032","ex0183",3
1,"ex0032","ex0277",3
1,"ex0032","ex0122",4
1,"ex0032","ex0272",5
1,"ex0032","ex0147",5
1,"ex0032","ex0265",5
1,"ex0032","ex0295",6
1,"ex0032","ex0037",6
1,"ex0032","ex0259",6
1,"ex0032","ex0106",6
1,"ex0032","ex0345",7
1,"ex0032","ex0333",9
1,"ex0032","ex0221",10
1,"ex0032","ex0294",10
1,"ex0033","ex0329",1
1,"ex0033","ex0356",1
1,"ex0033","ex0338",1
1,"ex0033","ex0042",1
1,"ex0033","ex0276",2
1,"ex0033","ex0356",2
1,"ex0033","ex0252",2
1,"ex0033","ex0286",2
1,"ex0033","ex0125",3
1,"ex0033","ex0344",3
1,"ex0033","ex0272",4
1,"ex0033","ex0027",4
1,"ex0033","ex0016",4
1,"ex0033","ex0356",4
1,"ex0033","ex0290",5
1,"ex0033","ex0303",6
1,"ex0033","ex0303",7
1,"ex0033","ex0334",8
1,"ex0033","ex0043",8
1,"ex0033","ex0284",9
1,"ex0033","ex0083",9
1,"ex0033","ex0237",9
1,"ex0033","ex0348",10
1,"ex0036","ex0136",2
1,"ex0036","ex0016",2
1,"ex0036","ex0287",3
1,"ex0036","ex0262",4
1,"ex0036","ex0135",4
1,"ex0036","ex0021",4
1,"ex0036","ex0131",5
1,"ex0036","ex0125",5
1,"ex0036","ex0144",5
1,"ex0036","ex0044",5
1,"ex0036","ex0117",6
1,"ex0036","ex0185",6
1,"ex0036","ex0196",6
1,"ex0036","ex0185",7
1,"ex0036","ex0128",7
1,"ex0036","ex0150",8
1,"ex0036","ex0031",8
1,"ex0036","ex0042",9
1,"ex0036","ex0020",9
1,"ex0036","ex0010",9
1,"ex0036","ex0148",10
1,"ex0036","ex0363",10
1,"ex0036","ex0029",10
1,"ex0036","ex0140",10
1,"ex0037","ex0093",1
1,"ex0037","ex0358",2
1,"ex0037","ex0284",3
1,"ex0037","ex0122",4
1,"ex0037","ex0096",6
1,"ex0037","ex0141",6
1,"ex0037","ex0165",6
1,"ex0037","ex0047",6
1,"ex0037","ex0170",7
1,"ex0037","ex0275",8
1,"ex0037","ex0333",8
1,"ex0037","ex0121",8
1,"ex0037","ex0222",9
1,"ex0037","ex0318",9
1,"ex0037","ex0282",9
1,"ex0037","ex0237",10
1,"ex0037","ex0295",10
1,"ex0040","ex0009",1
1,"ex0040","ex0093",1
1,"ex0040","ex0188",1
1,"ex0040","ex0349",2
1,"ex0040","ex0056",2
1,"ex0040","ex0088",2
1,"ex0040","ex0014",3
1,"ex0040","ex0231",3
1,"ex0040","ex0168",4
1,"ex0040","ex0327",4
1,"ex0040","ex0046",4
1,"ex0040","ex0018",5
1,"ex0040","ex0026",5
1,"ex0040","ex0042",6
1,"ex0040","ex0121",6
1,"ex0040","ex0170",6
1,"ex0040","ex0177",6
1,"ex0040","ex0313",8
1,"ex0040","ex0165",9
1,"ex0040","ex0284",9
1,"ex0040","ex0273",10
1,"ex0040","ex0033",10
1,"ex0041","ex0144",1
1,"ex0041","ex0366",1
1,"ex0041","ex0349",1
1,"ex0041","ex0194",2
1,"ex0041","ex0292",2
1,"ex0041","ex0004",3
1,"ex0041","ex0280",3
1,"ex0041","ex0272",3
1,"ex0041","ex0265",3
1,"ex0041","ex0030",4
1,"ex0041","ex0079",4
1,"ex0041","ex0222",4
1,"ex0041","ex0161",4
1,"ex0041","ex0176",5
1,"ex0041","ex0077",5
1,"ex0041","ex0114",5
1,"ex0041","ex0221",6
1,"ex0041","ex0187",8
1,"ex0041","ex0194",8
1,"ex0041","ex0075",9
1,"ex0041","ex0090",9
1,"ex0041","ex0021",10
1,"ex0041","ex0125",10
1,"ex0041","ex0075",10
1,"ex0041","ex0220",10
1,"ex0042","ex0356",2
1,"ex0042","ex0155",2
1,"ex0042","ex0251",3
1,"ex0042","ex0284",3
1,"ex0042","ex0171",5
1,"ex0042","ex0350",5
1,"ex0042","ex0223",5
1,"ex0042","ex0138",5
1,"ex0042","ex0299",6
1,"ex0042","ex0243",6
1,"ex0042","ex0320",7
1,"ex0042","ex0176",9
1,"ex0042","ex0167",9
1,"ex0042","ex0033",10
1,"ex0043","ex0103",1
1,"ex0043","ex0204",1
1,"ex0043","ex0314",1
1,"ex0043","ex0067",1
1,"ex0043","ex0114",2
1,"ex0043","ex0037",3
1,"ex0043","ex0171",3
1,"ex0043","ex0327",3
1,"ex0043","ex0046",3
1,"ex0043","ex0146",4
1,"ex0043","ex0198",4
1,"ex0043","ex0161",4
1,"ex0043","ex0151",5
1,"ex0043","ex0237",5
1,"ex0043","ex0360",7
1,"ex0043","ex0343",7
1,"ex0043","ex0200",8
1,"ex0043","ex0342",9
1,"ex0043","ex0072",9
1,"ex0043","ex0292",10
1,"ex0043","ex0138",10
1,"ex0043","ex0203",10
1,"ex0043","ex0293",10
1,"ex0044","ex0339",1
1,"ex0044","ex0194",1
1,"ex0044","ex0143",1
1,"ex0044","ex0150",2
1,"ex0044","ex0168",2
1,"ex0044","ex0098",2
1,"ex0044","ex0289",2
1,"ex0044","ex0308",4
1,"ex0044","ex0359",5
1,"ex0044","ex0049",5
1,"ex0044","ex0095",5
1,"ex0044","ex0176",5
1,"ex0044","ex0230",6
1,"ex0044","ex0288",6
1,"ex0044","ex0273",6
1,"ex0044","ex0089",7
1,"ex0044","ex0011",7
1,"ex0044","ex0088",7
1,"ex0044","ex0091",8
1,"ex0044","ex0357",8
1,"ex0044","ex0338",9
1,"ex0044","ex0128",9
1,"ex0044","ex0205",10
1,"ex0046","ex0068",1
1,"ex0046","ex0210",2
1,"ex0046","ex0253",2
1,"ex0046","ex0028",4
1,"ex0046","ex0040",5
1,"ex0046","ex0127",5
1,"ex0046","ex0335",6
1,"ex0046","ex0200",6
1,"ex0046","ex0033",6
1,"ex0046","ex0362",6
1,"ex0046","ex0194",8
1,"ex0046","ex0317",8
1,"ex0046","ex0149",8
1,"ex0046","ex0084",8
1,"ex0046","ex0106",9
1,"ex0046","ex0252",9
1,"ex0046","ex0150",9
1,"ex0046","ex0276",10
1,"ex0046","ex0101",10
1,"ex0047","ex0320",1
1,"ex0047","ex0154",2
1,"ex0047","ex0299",2
1,"ex0047","ex0188",2
1,"ex0047","ex0210",2
1,"ex0047","ex0131",3
1,"ex0047","ex0043",3
1,"ex0047","ex0303",4
1,"ex0047","ex0074",4
1,"ex0047","ex0075",4
1,"ex0047","ex0114",4
1,"ex0047","ex0276",5
1,"ex0047","ex0103",6
1,"ex0047","ex0196",6
1,"ex0047","ex0084",6
1,"ex0047","ex0251",6
1,"ex0047","ex0022",7
1,"ex0047","ex0363",9
1,"ex0047","ex0293",9
1,"ex0047","ex0101",10
1,"ex0049","ex0174",1
1,"ex0049","ex0155",1
1,"ex0049","ex0284",5
1,"ex0049","ex0289",5
1,"ex0049","ex0363",5
1,"ex0049","ex0247",5
1,"ex0049","ex0281",6
1,"ex0049","ex0314",6
1,"ex0049","ex0130",6
1,"ex0049","ex0367",7
1,"ex0049","ex0185",8
1,"ex0049","ex0074",9
1,"ex0049","ex0355",9
1,"ex0049","ex0088",9
1,"ex0049","ex0106",9
1,"ex0049","ex0242",10
1,"ex0049","ex0101",10
1,"ex0049","ex0138",10
1,"ex0049","ex0012",10
1,"ex0050","ex0253",1
1,"ex0050","ex0223",1
1,"ex0050","ex0068",1
1,"ex0050","ex0207",1
1,"ex0050","ex0052",2
1,"ex0050","ex0363",2
1,"ex0050","ex0009",4
1,"ex0050","ex0043",4
1,"ex0050","ex0290",4
1,"ex0050","ex0004",5
1,"ex0050","ex0263",5
1,"ex0050","ex0329",5
1,"ex0050","ex0084",6
1,"ex0050","ex0199",6
1,"ex0050","ex0052",7
1,"ex0050","ex0362",7
1,"ex0050","ex0287",7
1,"ex0050","ex0231",7
1,"ex0050","ex0289",8
1,"ex0050","ex0306",8
1,"ex0050","ex0127",9
1,"ex0050","ex0056",9
1,"ex0050","ex0280",9
1,"ex0050","ex0002",9
1,"ex0050","ex0114",10
1,"ex0050","ex0165",10
1,"ex0050","ex0250",10
1,"ex0050","ex0262",10
1,"ex0051","ex0011",2
1,"ex0051","ex0022",3
1,"ex0051","ex0223",3
1,"ex0051","ex0194",3
1,"ex0051","ex0316",3
1,"ex0051","ex0367",4
1,"ex0051","ex0227",4
1,"ex0051","ex0343",4
1,"ex0051","ex0237",4
1,"ex0051","ex0147",5
1,"ex0051","ex0040",6
1,"ex0051","ex0219",6
1,"ex0051","ex0290",6
1,"ex0051","ex0301",6
1,"ex0051","ex0140",7
1,"ex0051","ex0223",7
1,"ex0051","ex0255",7
1,"ex0051","ex0109",7
1,"ex0051","ex0082",8
1,"ex0051","ex0338",8
1,"ex0051","ex0277",9
1,"ex0051","ex0040",10
1,"ex0051","ex0067",10
1,"ex0052","ex0349",1
1,"ex0052","ex0293",1
1,"ex0052","ex0010",2
1,"ex0052","ex0103",2
1,"ex0052","ex0219",2
1,"ex0052","ex0307",2
1,"ex0052","ex0275",3
1,"ex0052","ex0061",3
1,"ex0052","ex0218",3
1,"ex0052","ex0318",3
1,"ex0052","ex0150",4
1,"ex0052","ex0004",5
1,"ex0052","ex0222",5
1,"ex0052","ex0160",6
1,"ex0052","ex0288",7
1,"ex0052","ex0234",7
1,"ex0052","ex0141",7
1,"ex0052","ex0297",7
1,"ex0052","ex0154",8
1,"ex0052","ex0294",8
1,"ex0052","ex0004",8
1,"ex0052","ex0075",8
1,"ex0052","ex0057",9
1,"ex0052","ex0276",9
1,"ex0056","ex0061",1
1,"ex0056","ex0306",1
1,"ex0056","ex0085",1
1,"ex0056","ex0146",1
1,"ex0056","ex0041",2
1,"ex0056","ex0121",2
1,"ex0056","ex0049",2
1,"ex0056","ex0058",2
1,"ex0056","ex0148",3
1,"ex0056","ex0299",3
1,"ex0056","ex0177",3
1,"ex0056","ex0060",5
1,"ex0056","ex0272",5
1,"ex0056","ex0122",5
1,"ex0056","ex0037",6
1,"ex0056","ex0170",6
1,"ex0056","ex0014",6
1,"ex0056","ex0312",7
1,"ex0056","ex0017",7
1,"ex0056","ex0297",7
1,"ex0056","ex0160",8
1,"ex0056","ex0203",8
1,"ex0056","ex0284",10
1,"ex0057","ex0029",1
1,"ex0057","ex0174",1
1,"ex0057","ex0266",1
1,"ex0057","ex0023",1
1,"ex0057","ex0041",4
1,"ex0057","ex0029",4
1,"ex0057","ex0334",5
1,"ex0057","ex0307",5
1,"ex0057","ex0002",6
1,"ex0057","ex0030",6
1,"ex0057","ex0219",6
1,"ex0057","ex0170",6
1,"ex0057","ex0196",7
1,"ex0057","ex0183",8
1,"ex0057","ex0029",8
1,"ex0057","ex0251",8
1,"ex0057","ex0061",10
1,"ex0057","ex0327",10
1,"ex0057","ex0042",10
1,"ex0057","ex0143",10
1,"ex0058","ex0314",1
1,"ex0058","ex0282",1
1,"ex0058","ex0284",1
1,"ex0058","ex0262",1
1,"ex0058","ex0275",2
1,"ex0058","ex0174",2
1,"ex0058","ex0020",2
1,"ex0058","ex0103",2
1,"ex0058","ex0022",3
1,"ex0058","ex0001",3
1,"ex0058","ex0029",4
1,"ex0058","ex0101",4
1,"ex0058","ex0253",4
1,"ex0058","ex0074",5
1,"ex0058","ex0334",5
1,"ex0058","ex0079",6
1,"ex0058","ex0342",6
1,"ex0058","ex0098",6
1,"ex0058","ex0001",7
1,"ex0058","ex0077",7
1,"ex0058","ex0142",7
1,"ex0058","ex0066",9
1,"ex0058","ex0026",9
1,"ex0058","ex0209",10
1,"ex0058","ex0008",10
1,"ex0058","ex0091",10
1,"ex0060","ex0149",1
1,"ex0060","ex0303",1
1,"ex0060","ex0367",3
1,"ex0060","ex0236",3
1,"ex0060","ex0230",3
1,"ex0060","ex0182",4
1,"ex0060","ex0108",4
1,"ex0060","ex0204",5
1,"ex0060","ex0017",6
1,"ex0060","ex0315",6
1,"ex0060","ex0204",6
1,"ex0060","ex0200",7
1,"ex0060","ex0349",7
1,"ex0060","ex0277",7
1,"ex0060","ex0170",8
1,"ex0060","ex0151",8
1,"ex0060","ex0078",9
1,"ex0060","ex0284",10
1,"ex0060","ex0181",10
1,"ex0060","ex0280",10
1,"ex0060","ex0061",10
1,"ex0061","ex0229",1
1,"ex0061","ex0301",1
1,"ex0061","ex0259",1
1,"ex0061","ex0357",2
1,"ex0061","ex0151",2
1,"ex0061","ex0149",2
1,"ex0061","ex0338",3
1,"ex0061","ex0338",4
1,"ex0061","ex0088",4
1,"ex0061","ex0123",4
1,"ex0061","ex0358",4
1,"ex0061","ex0196",6
1,"ex0061","ex0294",7
1,"ex0061","ex0177",7
1,"ex0061","ex0367",7
1,"ex0061","ex0230",8
1,"ex0061","ex0032",8
1,"ex0061","ex0177",9
1,"ex0061","ex0012",9
1,"ex0061","ex0096",9
1,"ex0061","ex0258",9
1,"ex0061","ex0328",10
1,"ex0061","ex0295",10
1,"ex0061","ex0223",10
1,"ex0066","ex0216",1
1,"ex0066","ex0334",1
1,"ex0066","ex0320",2
1,"ex0066","ex0340",3
1,"ex0066","ex0229",3
1,"ex0066","ex0327",3
1,"ex0066","ex0143",4
1,"ex0066","ex0033",7
1,"ex0066","ex0068",7
1,"ex0066","ex0031",8
1,"ex0066","ex0040",8
1,"ex0066","ex0209",9
1,"ex0066","ex0222",10
1,"ex0066","ex0030",10
1,"ex0066","ex0157",10
1,"ex0067","ex0255",2
1,"ex0067","ex0109",2
1,"ex0067","ex0199",2
1,"ex0067","ex0287",2
1,"ex0067","ex0131",3
1,"ex0067","ex0364",3
1,"ex0067","ex0343",3
1,"ex0067","ex0082",4
1,"ex0067","ex0359",4
1,"ex0067","ex0294",5
1,"ex0067","ex0259",6
1,"ex0067","ex0292",6
1,"ex0067","ex0144",6
1,"ex0067","ex0327",7
1,"ex0067","ex0046",7
1,"ex0067","ex0219",7
1,"ex0067","ex0188",10
1,"ex0067","ex0180",10
1,"ex0068","ex0009",1
1,"ex0068","ex0242",1
1,"ex0068","ex0308",1
1,"ex0068","ex0049",1
1,"ex0068","ex0299",2
1,"ex0068","ex0171",3
1,"ex0068","ex0066",5
1,"ex0068","ex0234",5
1,"ex0068","ex0274",6
1,"ex0068","ex0117",7
1,"ex0068","ex0023",8
1,"ex0068","ex0334",8
1,"ex0068","ex0093",8
1,"ex0068","ex0343",9
1,"ex0068","ex0187",9
1,"ex0068","ex0340",10
1,"ex0068","ex0181",10
1,"ex0068","ex0210",10
1,"ex0072","ex0135",1
1,"ex0072","ex0251",1
1,"ex0072","ex0320",1
1,"ex0072","ex0292",3
1,"ex0072","ex0014",3
1,"ex0072","ex0033",3
1,"ex0072","ex0012",4
1,"ex0072","ex0131",4
1,"ex0072","ex0182",6
1,"ex0072","ex0148",6
1,"ex0072","ex0366",6
1,"ex0072","ex0308",7
1,"ex0072","ex0306",7
1,"ex0072","ex0284",8
1,"ex0072","ex0366",8
1,"ex0072","ex0230",9
1,"ex0072","ex0092",9
1,"ex0072","ex0262",9
1,"ex0072","ex0181",9
1,"ex0072","ex0151",10
1,"ex0072","ex0286",10
1,"ex0074","ex0060",1
1,"ex0074","ex0086",1
1,"ex0074","ex0106",2
1,"ex0074","ex0344",2
1,"ex0074","ex0116",2
1,"ex0074","ex0029",3
1,"ex0074","ex0362",3
1,"ex0074","ex0116",4
1,"ex0074","ex0338",5
1,"ex0074","ex0128",5
1,"ex0074","ex0210",6
1,"ex0074","ex0333",6
1,"ex0074","ex0135",6
1,"ex0074","ex0366",7
1,"ex0074","ex0362",7
1,"ex0074","ex0316",9
1,"ex0074","ex0228",9
1,"ex0074","ex0049",9
1,"ex0074","ex0141",10
1,"ex0074","ex0150",10
1,"ex0074","ex0255",10
1,"ex0075","ex0147",1
1,"ex0075","ex0089",1
1,"ex0075","ex0205",2
1,"ex0075","ex0251",2
1,"ex0075","ex0147",2
1,"ex0075","ex0042",3
1,"ex0075","ex0109",3
1,"ex0075","ex0227",4
1,"ex0075","ex0050",6
1,"ex0075","ex0028",7
1,"ex0075","ex0258",8
1,"ex0075","ex0286",8
1,"ex0075","ex0058",9
1,"ex0075","ex0281",9
1,"ex0075","ex0187",9
1,"ex0075","ex0321",9
1,"ex0077","ex0287",1
1,"ex0077","ex0275",1
1,"ex0077","ex0085",2
1,"ex0077","ex0263",3
1,"ex0077","ex0018",3
1,"ex0077","ex0207",4
1,"ex0077","ex0312",4
1,"ex0077","ex0223",4
1,"ex0077","ex0139",4
1,"ex0077","ex0023",5
1,"ex0077","ex0299",5
1,"ex0077","ex0366",5
1,"ex0077","ex0273",5
1,"ex0077","ex0138",6
1,"ex0077","ex0218",6
1,"ex0077","ex0052",7
1,"ex0077","ex0252",7
1,"ex0077","ex0103",7
1,"ex0077","ex0223",7
1,"ex0077","ex0049",8
1,"ex0077","ex0027",8
1,"ex0077","ex0084",9
1,"ex0077","ex0061",9
1,"ex0077","ex0266",10
1,"ex0077","ex0033",10
1,"ex0078","ex0362",1
1,"ex0078","ex0144",1
1,"ex0078","ex0223",2
1,"ex0078","ex0263",2
1,"ex0078","ex0150",2
1,"ex0078","ex0289",3
1,"ex0078","ex0002",3
1,"ex0078","ex0355",3
1,"ex0078","ex0187",3
1,"ex0078","ex0068",4
1,"ex0078","ex0161",4
1,"ex0078","ex0199",7
1,"ex0078","ex0298",7
1,"ex0078","ex0127",7
1,"ex0078","ex0286",8
1,"ex0078","ex0299",8
1,"ex0078","ex0089",8
1,"ex0078","ex0367",9
1,"ex0079","ex0028",1
1,"ex0079","ex0237",1
1,"ex0079","ex0223",1
1,"ex0079","ex0242",1
1,"ex0079","ex0134",2
1,"ex0079","ex0199",3
1,"ex0079","ex0106",3
1,"ex0079","ex0237",3
1,"ex0079","ex0188",3
1,"ex0079","ex0050",5
1,"ex0079","ex0176",6
1,"ex0079","ex0272",8
1,"ex0079","ex0117",8
1,"ex0079","ex0101",8
1,"ex0079","ex0141",9
1,"ex0079","ex0139",9
1,"ex0079","ex0218",9
1,"ex0079","ex0350",10
1,"ex0082","ex0090",1
1,"ex0082","ex0230",1
1,"ex0082","ex0189",1
1,"ex0082","ex0334",1
1,"ex0082","ex0357",2
1,"ex0082","ex0114",2
1,"ex0082","ex0128",2
1,"ex0082","ex0041",3
1,"ex0082","ex0010",4
1,"ex0082","ex0019",4
1,"ex0082","ex0249",5
1,"ex0082","ex0357",5
1,"ex0082","ex0213",6
1,"ex0082","ex0243",7
1,"ex0082","ex0282",7
1,"ex0082","ex0258",8
1,"ex0082","ex0052",8
1,"ex0082","ex0282",8
1,"ex0082","ex0250",9
1,"ex0082","ex0108",9
1,"ex0082","ex0031",9
1,"ex0082","ex0210",10
1,"ex0082","ex0128",10
1,"ex0083","ex0308",1
1,"ex0083","ex0293",2
1,"ex0083","ex0026",2
1,"ex0083","ex0183",4
1,"ex0083","ex0231",4
1,"ex0083","ex0272",4
1,"ex0083","ex0032",5
1,"ex0083","ex0348",7
1,"ex0083","ex0273",7
1,"ex0083","ex0318",7
1,"ex0083","ex0088",7
1,"ex0083","ex0312",9
1,"ex0083","ex0051",9
1,"ex0083","ex0060",9
1,"ex0083","ex0072",10
1,"ex0083","ex0227",10
1,"ex0083","ex0104",10
1,"ex0083","ex0040",10
1,"ex0084","ex0068",1
1,"ex0084","ex0266",1
1,"ex0084","ex0181",1
1,"ex0084","ex0135",2
1,"ex0084","ex0165",2
1,"ex0084","ex0284",3
1,"ex0084","ex0237",3
1,"ex0084","ex0262",3
1,"ex0084","ex0200",4
1,"ex0084","ex0018",4
1,"ex0084","ex0022",4
1,"ex0084","ex0253",6
1,"ex0084","ex0154",6
1,"ex0084","ex0114",6
1,"ex0084","ex0348",8
1,"ex0084","ex0077",8
1,"ex0084","ex0342",8
1,"ex0084","ex0021",9
1,"ex0084","ex0286",9
1,"ex0084","ex0177",9
1,"ex0084","ex0138",10
1,"ex0084","ex0030",10
1,"ex0084","ex0021",10
1,"ex0085","ex0151",1
1,"ex0085","ex0306",1
1,"ex0085","ex0204",1
1,"ex0085","ex0079",4
1,"ex0085","ex0217",5
1,"ex0085","ex0130",5
1,"ex0085","ex0068",6
1,"ex0085","ex0213",7
1,"ex0085","ex0196",7
1,"ex0085","ex0047",7
1,"ex0085","ex0131",9
1,"ex0085","ex0295",9
1,"ex0085","ex0150",9
1,"ex0085","ex0298",9
1,"ex0086","ex0121",1
1,"ex0086","ex0165",2
1,"ex0086","ex0191",3
1,"ex0086","ex0077",4
1,"ex0086","ex0146",4
1,"ex0086","ex0314",4
1,"ex0086","ex0125",5
1,"ex0086","ex0143",5
1,"ex0086","ex0049",5
1,"ex0086","ex0266",6
1,"ex0086","ex0155",6
1,"ex0086","ex0098",6
1,"ex0086","ex0359",7
1,"ex0086","ex0222",8
1,"ex0086","ex0123",8
1,"ex0086","ex0082",8
1,"ex0086","ex0058",8
1,"ex0086","ex0154",10
1,"ex0086","ex0075",10
1,"ex0088","ex0060",1
1,"ex0088","ex0340",1
1,"ex0088","ex0148",1
1,"ex0088","ex0030",1
1,"ex0088","ex0259",2
1,"ex0088","ex0295",2
1,"ex0088","ex0012",2
1,"ex0088","ex0008",2
1,"ex0088","ex0115",5
1,"ex0088","ex0174",5
1,"ex0088","ex0272",6
1,"ex0088","ex0363",6
1,"ex0088","ex0356",7
1,"ex0088","ex0209",7
1,"ex0088","ex0196",7
1,"ex0088","ex0051",7
1,"ex0088","ex0014",10
1,"ex0088","ex0358",10
1,"ex0088","ex0360",10
1,"ex0088","ex0090",10
1,"ex0089","ex0026",1
1,"ex0089","ex0077",2
1,"ex0089","ex0027",2
1,"ex0089","ex0356",3
1,"ex0089","ex0222",4
1,"ex0089","ex0334",5
1,"ex0089","ex0272",6
1,"ex0089","ex0348",6
1,"ex0089","ex0099",6
1,"ex0089","ex0255",9
1,"ex0089","ex0335",10
1,"ex0090","ex0128",1
1,"ex0090","ex0274",2
1,"ex0090","ex0093",2
1,"ex0090","ex0014",2
1,"ex0090","ex0358",2
1,"ex0090","ex0207",3
1,"ex0090","ex0187",3
1,"ex0090","ex0122",3
1,"ex0090","ex0098",4
1,"ex0090","ex0091",4
1,"ex0090","ex0046",4
1,"ex0090","ex0247",5
1,"ex0090","ex0044",5
1,"ex0090","ex0089",5
1,"ex0090","ex0356",7
1,"ex0090","ex0093",8
1,"ex0090","ex0198",9
1,"ex0090","ex0116",9
1,"ex0091","ex0217",2
1,"ex0091","ex0227",2
1,"ex0091","ex0334",2
1,"ex0091","ex0077",2
1,"ex0091","ex0140",3
1,"ex0091","ex0263",3
1,"ex0091","ex0135",3
1,"ex0091","ex0348",4
1,"ex0091","ex0101",4
1,"ex0091","ex0203",4
1,"ex0091","ex0223",5
1,"ex0091","ex0364",5
1,"ex0091","ex0161",8
1,"ex0091","ex0187",8
1,"ex0091","ex0060",8
1,"ex0091","ex0191",9
1,"ex0091","ex0247",9
1,"ex0092","ex0288",2
1,"ex0092","ex0345",2
1,"ex0092","ex0316",2
1,"ex0092","ex0200",2
1,"ex0092","ex0362",3
1,"ex0092","ex0012",3
1,"ex0092","ex0022",4
1,"ex0092","ex0141",4
1,"ex0092","ex0267",4
1,"ex0092","ex0123",4
1,"ex0092","ex0146",5
1,"ex0092","ex0183",5
1,"ex0092","ex0086",6
1,"ex0092","ex0037",6
1,"ex0092","ex0049",8
1,"ex0092","ex0340",8
1,"ex0092","ex0101",8
1,"ex0092","ex0043",9
1,"ex0092","ex0093",9
1,"ex0092","ex0047",10
1,"ex0092","ex0161",10
1,"ex0092","ex0204",10
1,"ex0092","ex0191",10
1,"ex0093","ex0144",1
1,"ex0093","ex0154",2
1,"ex0093","ex0149",2
1,"ex0093","ex0198",2
1,"ex0093","ex0127",2
1,"ex0093","ex0177",4
1,"ex0093","ex0142",5
1,"ex0093","ex0185",5
1,"ex0093","ex0350",5
1,"ex0093","ex0019",6
1,"ex0093","ex0304",6
1,"ex0093","ex0201",6
1,"ex0093","ex0237",6
1,"ex0093","ex0026",7
1,"ex0093","ex0282",7
1,"ex0093","ex0296",7
1,"ex0093","ex0267",7
1,"ex0093","ex0339",8
1,"ex0093","ex0147",8
1,"ex0093","ex0017",8
1,"ex0093","ex0050",9
1,"ex0093","ex0255",10
1,"ex0093","ex0079",10
1,"ex0093","ex0220",10
1,"ex0093","ex0057",10
1,"ex0095","ex0344",1
1,"ex0095","ex0109",3
1,"ex0095","ex0052",3
1,"ex0095","ex0144",3
1,"ex0095","ex0085",4
1,"ex0095","ex0320",4
1,"ex0095","ex0191",4
1,"ex0095","ex0098",4
1,"ex0095","ex0343",5
1,"ex0095","ex0104",7
1,"ex0095","ex0217",7
1,"ex0095","ex0018",7
1,"ex0095","ex0189",7
1,"ex0095","ex0142",8
1,"ex0095","ex0229",8
1,"ex0095","ex0201",8
1,"ex0095","ex0139",9
1,"ex0095","ex0277",9
1,"ex0095","ex0313",9
1,"ex0095","ex0204",9
1,"ex0095","ex0068",10
1,"ex0095","ex0051",10
1,"ex0096","ex0201",1
1,"ex0096","ex0287",1
1,"ex0096","ex0148",1
1,"ex0096","ex0029",1
1,"ex0096","ex0010",2
1,"ex0096","ex0299",2
1,"ex0096","ex0210",2
1,"ex0096","ex0329",3
1,"ex0096","ex0320",3
1,"ex0096","ex0189",3
1,"ex0096","ex0280",3
1,"ex0096","ex0115",4
1,"ex0096","ex0360",4
1,"ex0096","ex0134",4
1,"ex0096","ex0078",6
1,"ex0096","ex0327",6
1,"ex0096","ex0293",6
1,"ex0096","ex0185",7
1,"ex0096","ex0344",7
1,"ex0096","ex0155",7
1,"ex0096","ex0108",8
1,"ex0096","ex0317",9
1,"ex0096","ex0088",9
1,"ex0096","ex0122",9
1,"ex0096","ex0217",9
1,"ex0096","ex0061",10
1,"ex0096","ex0082",10
1,"ex0096","ex0210",10
1,"ex0098","ex0141",2
1,"ex0098","ex0174",3
1,"ex0098","ex0189",3
1,"ex0098","ex0242",4
1,"ex0098","ex0155",4
1,"ex0098","ex0049",4
1,"ex0098","ex0335",5
1,"ex0098","ex0040",6
1,"ex0098","ex0049",6
1,"ex0098","ex0304",6
1,"ex0098","ex0213",7
1,"ex0098","ex0084",8
1,"ex0098","ex0356",8
1,"ex0098","ex0121",8
1,"ex0098","ex0357",8
1,"ex0098","ex0091",9
1,"ex0098","ex0160",9
1,"ex0099","ex0033",1
1,"ex0099","ex0078",2
1,"ex0099","ex0004",2
1,"ex0099","ex0016",4
1,"ex0099","ex0275",5
1,"ex0099","ex0343",5
1,"ex0099","ex0037",5
1,"ex0099","ex0329",7
1,"ex0099","ex0136",7
1,"ex0099","ex0077",8
1,"ex0099","ex0157",8
1,"ex0099","ex0150",10
1,"ex0101","ex0050",1
1,"ex0101","ex0275",2
1,"ex0101","ex0026",3
1,"ex0101","ex0103",3
1,"ex0101","ex0095",3
1,"ex0101","ex0364",3
1,"ex0101","ex0345",4
1,"ex0101","ex0083",5
1,"ex0101","ex0216",5
1,"ex0101","ex0313",5
1,"ex0101","ex0033",6
1,"ex0101","ex0274",6
1,"ex0101","ex0284",6
1,"ex0101","ex0122",7
1,"ex0101","ex0293",7
1,"ex0101","ex0188",7
1,"ex0101","ex0176",7
1,"ex0101","ex0295",8
1,"ex0101","ex0297",8
1,"ex0101","ex0142",8
1,"ex0101","ex0168",8
1,"ex0101","ex0011",9
1,"ex0101","ex0364",9
1,"ex0101","ex0136",9
1,"ex0101","ex0122",10
1,"ex0101","ex0148",10
1,"ex0103","ex0165",1
1,"ex0103","ex0187",2
1,"ex0103","ex0259",2
1,"ex0103","ex0183",2
1,"ex0103","ex0161",2
1,"ex0103","ex0204",3
1,"ex0103","ex0216",4
1,"ex0103","ex0280",4
1,"ex0103","ex0023",4
1,"ex0103","ex0058",5
1,"ex0103","ex0017",5
1,"ex0103","ex0068",9
1,"ex0103","ex0360",9
1,"ex0103","ex0161",9
1,"ex0103","ex0252",9
1,"ex0103","ex0203",10
1,"ex0103","ex0008",10
1,"ex0103","ex0148",10
1,"ex0103","ex0295",10
1,"ex0104","ex0228",1
1,"ex0104","ex0042",1
1,"ex0104","ex0188",1
1,"ex0104","ex0362",2
1,"ex0104","ex0168",2
1,"ex0104","ex0363",2
1,"ex0104","ex0247",3
1,"ex0104","ex0030",3
1,"ex0104","ex0026",3
1,"ex0104","ex0183",3
1,"ex0104","ex0312",4
1,"ex0104","ex0089",4
1,"ex0104","ex0083",4
1,"ex0104","ex0044",5
1,"ex0104","ex0204",5
1,"ex0104","ex0002",5
1,"ex0104","ex0367",5
1,"ex0104","ex0176",6
1,"ex0104","ex0308",7
1,"ex0104","ex0327",7
1,"ex0104","ex0273",7
1,"ex0104","ex0189",7
1,"ex0104","ex0295",8
1,"ex0104","ex0292",8
1,"ex0104","ex0117",8
1,"ex0104","ex0328",8
1,"ex0104","ex0188",9
1,"ex0104","ex0032",9
1,"ex0104","ex0344",9
1,"ex0104","ex0001",9
1,"ex0104","ex0028",10
1,"ex0104","ex0199",10
1,"ex0104","ex0367",10
1,"ex0104","ex0130",10
1,"ex0106","ex0131",1
1,"ex0106","ex0151",1
1,"ex0106","ex0140",1
1,"ex0106","ex0320",1
1,"ex0106","ex0142",3
1,"ex0106","ex0191",3
1,"ex0106","ex0290",4
1,"ex0106","ex0092",4
1,"ex0106","ex0181",4
1,"ex0106","ex0328",5
1,"ex0106","ex0359",5
1,"ex0106","ex0275",6
1,"ex0106","ex0066",7
1,"ex0106","ex0031",7
1,"ex0106","ex0249",8
1,"ex0106","ex0149",9
1,"ex0106","ex0275",9
1,"ex0106","ex0237",10
1,"ex0108","ex0338",1
1,"ex0108","ex0286",2
1,"ex0108","ex0334",2
1,"ex0108","ex0099",4
1,"ex0108","ex0092",6
1,"ex0108","ex0265",6
1,"ex0108","ex0114",7
1,"ex0108","ex0047",7
1,"ex0108","ex0047",8
1,"ex0108","ex0086",8
1,"ex0108","ex0180",9
1,"ex0108","ex0229",10
1,"ex0108","ex0288",10
1,"ex0109","ex0329",1
1,"ex0109","ex0318",1
1,"ex0109","ex0274",1
1,"ex0109","ex0367",3
1,"ex0109","ex0205",3
1,"ex0109","ex0262",3
1,"ex0109","ex0001",5
1,"ex0109","ex0308",5
1,"ex0109","ex0221",6
1,"ex0109","ex0093",6
1,"ex0109","ex0213",6
1,"ex0109","ex0287",7
1,"ex0109","ex0177",7
1,"ex0109","ex0133",8
1,"ex0109","ex0312",8
1,"ex0109","ex0138",10
1,"ex0109","ex0030",10
1,"ex0109","ex0114",10
1,"ex0114","ex0277",2
1,"ex0114","ex0216",2
1,"ex0114","ex0176",3
1,"ex0114","ex0002",3
1,"ex0114","ex0117",4
1,"ex0114","ex0103",4
1,"ex0114","ex0277",4
1,"ex0114","ex0151",4
1,"ex0114","ex0014",5
1,"ex0114","ex0099",5
1,"ex0114","ex0259",5
1,"ex0114","ex0221",6
1,"ex0114","ex0196",8
1,"ex0114","ex0314",8
1,"ex0114","ex0345",9
1,"ex0114","ex0273",9
1,"ex0114","ex0066",9
1,"ex0114","ex0258",10
1,"ex0114","ex0204",10
1,"ex0115","ex0317",2
1,"ex0115","ex0016",2
1,"ex0115","ex0287",2
1,"ex0115","ex0103",5
1,"ex0115","ex0022",5
1,"ex0115","ex0243",5
1,"ex0115","ex0185",6
1,"ex0115","ex0125",6
1,"ex0115","ex0144",6
1,"ex0115","ex0176",6
1,"ex0115","ex0250",7
1,"ex0115","ex0258",7
1,"ex0115","ex0061",7
1,"ex0115","ex0237",9
1,"ex0115","ex0028",9
1,"ex0115","ex0314",9
1,"ex0115","ex0259",10
1,"ex0116","ex0320",1
1,"ex0116","ex0125",1
1,"ex0116","ex0342",1
1,"ex0116","ex0216",1
1,"ex0116","ex0165",2
1,"ex0116","ex0321",2
1,"ex0116","ex0362",2
1,"ex0116","ex0068",2
1,"ex0116","ex0249",3
1,"ex0116","ex0161",4
1,"ex0116","ex0181",4
1,"ex0116","ex0128",4
1,"ex0116","ex0021",4
1,"ex0116","ex0210",5
1,"ex0116","ex0312",5
1,"ex0116","ex0284",6
1,"ex0116","ex0243",7
1,"ex0116","ex0106",7
1,"ex0116","ex0121",9
1,"ex0116","ex0009",10
1,"ex0117","ex0250",1
1,"ex0117","ex0294",1
1,"ex0117","ex0334",1
1,"ex0117","ex0004",3
1,"ex0117","ex0115",3
1,"ex0117","ex0146",3
1,"ex0117","ex0292",4
1,"ex0117","ex0247",4
1,"ex0117","ex0151",5
1,"ex0117","ex0343",5
1,"ex0117","ex0093",5
1,"ex0117","ex0009",6
1,"ex0117","ex0092",6
1,"ex0117","ex0004",7
1,"ex0117","ex0109",7
1,"ex0117","ex0016",8
1,"ex0117","ex0093",8
1,"ex0117","ex0174",8
1,"ex0117","ex0128",10
1,"ex0121","ex0084",1
1,"ex0121","ex0161",1
1,"ex0121","ex0242",1
1,"ex0121","ex0304",4
1,"ex0121","ex0011",4
1,"ex0121","ex0191",4
1,"ex0121","ex0193",5
1,"ex0121","ex0357",5
1,"ex0121","ex0219",5
1,"ex0121","ex0364",5
1,"ex0121","ex0364",7
1,"ex0121","ex0001",7
1,"ex0121","ex0091",8
1,"ex0121","ex0079",8
1,"ex0121","ex0335",9
1,"ex0121","ex0002",10
1,"ex0122","ex0150",1
1,"ex0122","ex0019",2
1,"ex0122","ex0300",5
1,"ex0122","ex0058",5
1,"ex0122","ex0155",5
1,"ex0122","ex0047",5
1,"ex0122","ex0282",6
1,"ex0122","ex0010",6
1,"ex0122","ex0334",6
1,"ex0122","ex0274",6
1,"ex0122","ex0243",7
1,"ex0122","ex0194",7
1,"ex0122","ex0304",7
1,"ex0122","ex0144",7
1,"ex0122","ex0171",8
1,"ex0122","ex0165",8
1,"ex0122","ex0030",8
1,"ex0122","ex0072",9
1,"ex0122","ex0116",9
1,"ex0122","ex0320",10
1,"ex0123","ex0252",1
1,"ex0123","ex0234",1
1,"ex0123","ex0301",2
1,"ex0123","ex0079",3
1,"ex0123","ex0028",8
1,"ex0123","ex0165",9
1,"ex0123","ex0109",10
1,"ex0123","ex0265",10
1,"ex0125","ex0127",1
1,"ex0125","ex0251",1
1,"ex0125","ex0167",3
1,"ex0125","ex0297",3
1,"ex0125","ex0052",3
1,"ex0125","ex0041",5
1,"ex0125","ex0344",5
1,"ex0125","ex0327",5
1,"ex0125","ex0251",6
1,"ex0125","ex0167",6
1,"ex0125","ex0290",7
1,"ex0125","ex0036",8
1,"ex0125","ex0072",8
1,"ex0125","ex0131",8
1,"ex0125","ex0044",9
1,"ex0125","ex0252",9
1,"ex0125","ex0077",9
1,"ex0125","ex0348",9
1,"ex0125","ex0037",10
1,"ex0127","ex0189",1
1,"ex0127","ex0131",2
1,"ex0127","ex0032",2
1,"ex0127","ex0299",3
1,"ex0127","ex0231",3
1,"ex0127","ex0220",3
1,"ex0127","ex0217",5
1,"ex0127","ex0273",6
1,"ex0127","ex0220",6
1,"ex0127","ex0043",6
1,"ex0127","ex0079",6
1,"ex0127","ex0027",9
1,"ex0127","ex0185",9
1,"ex0127","ex0170",9
1,"ex0127","ex0135",10
1,"ex0127","ex0220",10
1,"ex0128","ex0360",1
1,"ex0128","ex0198",1
1,"ex0128","ex0002",1
1,"ex0128","ex0046",2
1,"ex0128","ex0359",2
1,"ex0128","ex0009",3
1,"ex0128","ex0191",3
1,"ex0128","ex0115",3
1,"ex0128","ex0109",4
1,"ex0128","ex0247",4
1,"ex0128","ex0075",5
1,"ex0128","ex0044",5
1,"ex0128","ex0086",6
1,"ex0128","ex0242",8
1,"ex0128","ex0123",8
1,"ex0128","ex0357",9
1,"ex0128","ex0349",9
1,"ex0128","ex0009",10
1,"ex0128","ex0093",10
1,"ex0128","ex0030",10
1,"ex0130","ex0357",2
1,"ex0130","ex0185",2
1,"ex0130","ex0067",2
1,"ex0130","ex0304",2
1,"ex0130","ex0030",4
1,"ex0130","ex0121",4
1,"ex0130","ex0012",4
1,"ex0130","ex0252",5
1,"ex0130","ex0312",5
1,"ex0130","ex0096",5
1,"ex0130","ex0281",5
1,"ex0130","ex0185",6
1,"ex0130","ex0317",6
1,"ex0130","ex0143",6
1,"ex0130","ex0274",8
1,"ex0130","ex0284",9
1,"ex0130","ex0151",10
1,"ex0130","ex0072",10
1,"ex0130","ex0219",10
1,"ex0131","ex0263",1
1,"ex0131","ex0304",1
1,"ex0131","ex0030",1
1,"ex0131","ex0216",1
1,"ex0131","ex0300",2
1,"ex0131","ex0343",2
1,"ex0131","ex0272",2
1,"ex0131","ex0017",3
1,"ex0131","ex0008",3
1,"ex0131","ex0104",4
1,"ex0131","ex0349",4
1,"ex0131","ex0135",6
1,"ex0131","ex0230",6
1,"ex0131","ex0299",7
1,"ex0131","ex0154",7
1,"ex0131","ex0180",8
1,"ex0131","ex0095",8
1,"ex0131","ex0308",8
1,"ex0131","ex0047",8
1,"ex0131","ex0066",10
1,"ex0131","ex0151",10
1,"ex0131","ex0201",10
1,"ex0133","ex0213",1
1,"ex0133","ex0210",1
1,"ex0133","ex0151",1
1,"ex0133","ex0194",2
1,"ex0133","ex0154",2
1,"ex0133","ex0125",2
1,"ex0133","ex0023",2
1,"ex0133","ex0014",3
1,"ex0133","ex0362",3
1,"ex0133","ex0104",5
1,"ex0133","ex0139",5
1,"ex0133","ex0280",5
1,"ex0133","ex0031",6
1,"ex0133","ex0306",6
1,"ex0133","ex0122",6
1,"ex0133","ex0157",7
1,"ex0133","ex0148",7
1,"ex0133","ex0001",8
1,"ex0133","ex0051",8
1,"ex0133","ex0122",8
1,"ex0133","ex0176",9
1,"ex0133","ex0318",10
1,"ex0134","ex0095",1
1,"ex0134","ex0068",1
1,"ex0134","ex0315",2
1,"ex0134","ex0228",2
1,"ex0134","ex0029",2
1,"ex0134","ex0329",3
1,"ex0134","ex0010",3
1,"ex0134","ex0227",3
1,"ex0134","ex0274",5
1,"ex0134","ex0106",6
1,"ex0134","ex0092",7
1,"ex0134","ex0339",8
1,"ex0134","ex0196",10
1,"ex0135","ex0275",1
1,"ex0135","ex0210",1
1,"ex0135","ex0136",1
1,"ex0135","ex0014",2
1,"ex0135","ex0297",3
1,"ex0135","ex0177",3
1,"ex0135","ex0236",6
1,"ex0135","ex0198",6
1,"ex0135","ex0031",6
1,"ex0135","ex0115",7
1,"ex0135","ex0266",7
1,"ex0135","ex0265",7
1,"ex0135","ex0252",7
1,"ex0135","ex0192",8
1,"ex0135","ex0012",8
1,"ex0135","ex0262",8
1,"ex0135","ex0010",8
1,"ex0135","ex0183",9
1,"ex0135","ex0265",9
1,"ex0135","ex0128",10
1,"ex0136","ex0362",1
1,"ex0136","ex0259",1
1,"ex0136","ex0267",2
1,"ex0136","ex0301",3
1,"ex0136","ex0247",3
1,"ex0136","ex0358",4
1,"ex0136","ex0108",4
1,"ex0136","ex0243",4
1,"ex0136","ex0308",5
1,"ex0136","ex0115",5
1,"ex0136","ex0301",5
1,"ex0136","ex0155",5
1,"ex0136","ex0031",6
1,"ex0136","ex0084",6
1,"ex0136","ex0317",7
1,"ex0136","ex0149",8
1,"ex0136","ex0355",8
1,"ex0136","ex0051",8
1,"ex0136","ex0290",8
1,"ex0136","ex0067",9
1,"ex0136","ex0050",9
1,"ex0136","ex0255",9
1,"ex0136","ex0012",10
1,"ex0136","ex0210",10
1,"ex0136","ex0286",10
1,"ex0136","ex0040",10
1,"ex0138","ex0320",1
1,"ex0138","ex0026",1
1,"ex0138","ex0061",1
1,"ex0138","ex0029",2
1,"ex0138","ex0292",3
1,"ex0138","ex0165",6
1,"ex0138","ex0338",6
1,"ex0138","ex0292",6
1,"ex0138","ex0060",7
1,"ex0138","ex0019",8
1,"ex0138","ex0128",8
1,"ex0138","ex0043",9
1,"ex0138","ex0134",9
1,"ex0138","ex0157",10
1,"ex0138","ex0339",10
1,"ex0138","ex0290",10
1,"ex0139","ex0181",1
1,"ex0139","ex0135",2
1,"ex0139","ex0274",2
1,"ex0139","ex0292",4
1,"ex0139","ex0334",4
1,"ex0139","ex0086",5
1,"ex0139","ex0301",6
1,"ex0139","ex0104",6
1,"ex0139","ex0106",6
1,"ex0139","ex0072",6
1,"ex0139","ex0191",8
1,"ex0139","ex0258",8
1,"ex0139","ex0057",8
1,"ex0139","ex0114",9
1,"ex0139","ex0273",9
1,"ex0139","ex0130",9
1,"ex0139","ex0199",9
1,"ex0139","ex0047",10
1,"ex0139","ex0193",10
1,"ex0139","ex0134",10
1,"ex0139","ex0155",10
1,"ex0140","ex0072",3
1,"ex0140","ex0057",3
1,"ex0140","ex0299",3
1,"ex0140","ex0217",3
1,"ex0140","ex0298",5
1,"ex0140","ex0335",5
1,"ex0140","ex0095",5
1,"ex0140","ex0074",5
1,"ex0140","ex0068",6
1,"ex0140","ex0093",6
1,"ex0140","ex0075",6
1,"ex0140","ex0217",7
1,"ex0140","ex0320",8
1,"ex0140","ex0135",8
1,"ex0140","ex0229",9
1,"ex0140","ex0115",9
1,"ex0140","ex0249",9
1,"ex0140","ex0193",9
1,"ex0140","ex0011",10
1,"ex0140","ex0014",10
1,"ex0140","ex0031",10
1,"ex0141","ex0220",2
1,"ex0141","ex0363",3
1,"ex0141","ex0144",5
1,"ex0141","ex0292",6
1,"ex0141","ex0294",6
1,"ex0141","ex0357",7
1,"ex0141","ex0219",9
1,"ex0141","ex0067",10
1,"ex0142","ex0016",1
1,"ex0142","ex0200",2
1,"ex0142","ex0068",2
1,"ex0142","ex0316",2
1,"ex0142","ex0176",3
1,"ex0142","ex0266",3
1,"ex0142","ex0103",3
1,"ex0142","ex0075",4
1,"ex0142","ex0127",4
1,"ex0142","ex0028",4
1,"ex0142","ex0295",4
1,"ex0142","ex0023",5
1,"ex0142","ex0229",5
1,"ex0142","ex0243",5
1,"ex0142","ex0171",6
1,"ex0142","ex0082",6
1,"ex0142","ex0335",6
1,"ex0142","ex0078",6
1,"ex0142","ex0171",7
1,"ex0142","ex0307",9
1,"ex0142","ex0348",9
1,"ex0143","ex0359",1
1,"ex0143","ex0078",1
1,"ex0143","ex0121",1
1,"ex0143","ex0300",2
1,"ex0143","ex0060",3
1,"ex0143","ex0300",3
1,"ex0143","ex0049",4
1,"ex0143","ex0084",4
1,"ex0143","ex0144",4
1,"ex0143","ex0139",5
1,"ex0143","ex0249",5
1,"ex0143","ex0192",6
1,"ex0143","ex0095",8
1,"ex0143","ex0176",8
1,"ex0143","ex0151",8
1,"ex0143","ex0209",8
1,"ex0143","ex0182",9
1,"ex0143","ex0028",9
1,"ex0143","ex0171",9
1,"ex0143","ex0122",9
1,"ex0144","ex0116",1
1,"ex0144","ex0030",1
1,"ex0144","ex0042",1
1,"ex0144","ex0333",1
1,"ex0144","ex0198",2
1,"ex0144","ex0157",3
1,"ex0144","ex0273",3
1,"ex0144","ex0174",3
1,"ex0144","ex0297",4
1,"ex0144","ex0230",4
1,"ex0144","ex0049",4
1,"ex0144","ex0343",5
1,"ex0144","ex0012",5
1,"ex0144","ex0293",5
1,"ex0144","ex0040",5
1,"ex0144","ex0058",6
1,"ex0144","ex0363",6
1,"ex0144","ex0135",6
1,"ex0144","ex0287",6
1,"ex0144","ex0267",7
1,"ex0144","ex0345",7
1,"ex0144","ex0198",7
1,"ex0144","ex0109",7
1,"ex0144","ex0343",10
1,"ex0144","ex0057",10
1,"ex0146","ex0250",3
1,"ex0146","ex0143",3
1,"ex0146","ex0243",4
1,"ex0146","ex0090",4
1,"ex0146","ex0101",4
1,"ex0146","ex0296",7
1,"ex0146","ex0213",7
1,"ex0146","ex0362",7
1,"ex0146","ex0009",7
1,"ex0146","ex0114",8
1,"ex0146","ex0010",8
1,"ex0146","ex0041",8
1,"ex0146","ex0049",9
1,"ex0146","ex0242",10
1,"ex0146","ex0123",10
1,"ex0146","ex0295",10
1,"ex0146","ex0333",10
1,"ex0147","ex0304",1
1,"ex0147","ex0009",2
1,"ex0147","ex0057",2
1,"ex0147","ex0217",2
1,"ex0147","ex0032",3
1,"ex0147","ex0209",3
1,"ex0147","ex0335",5
1,"ex0147","ex0265",5
1,"ex0147","ex0295",5
1,"ex0147","ex0150",5
1,"ex0147","ex0329",6
1,"ex0147","ex0138",6
1,"ex0147","ex0304",6
1,"ex0147","ex0148",7
1,"ex0147","ex0083",9
1,"ex0147","ex0307",9
1,"ex0147","ex0116",9
1,"ex0147","ex0036",9
1,"ex0147","ex0300",10
1,"ex0147","ex0079",10
1,"ex0148","ex0298",1
1,"ex0148","ex0144",2
1,"ex0148","ex0193",2
1,"ex0148","ex0040",2
1,"ex0148","ex0216",2
1,"ex0148","ex0217",3
1,"ex0148","ex0308",3
1,"ex0148","ex0177",4
1,"ex0148","ex0209",4
1,"ex0148","ex0135",6
1,"ex0148","ex0185",6
1,"ex0148","ex0176",7
1,"ex0148","ex0108",8
1,"ex0148","ex0308",8
1,"ex0148","ex0103",8
1,"ex0148","ex0168",9
1,"ex0148","ex0336",9
1,"ex0148","ex0364",9
1,"ex0149","ex0027",1
1,"ex0149","ex0134",3
1,"ex0149","ex0004",3
1,"ex0149","ex0348",3
1,"ex0149","ex0218",3
1,"ex0149","ex0185",5
1,"ex0149","ex0032",8
1,"ex0149","ex0296",9
1,"ex0149","ex0315",9
1,"ex0149","ex0165",9
1,"ex0149","ex0009",9
1,"ex0149","ex0242",10
1,"ex0149","ex0121",10
1,"ex0149","ex0201",10
1,"ex0150","ex0363",1
1,"ex0150","ex0058",2
1,"ex0150","ex0262",2
1,"ex0150","ex0317",2
1,"ex0150","ex0139",4
1,"ex0150","ex0316",4
1,"ex0150","ex0312",4
1,"ex0150","ex0320",5
1,"ex0150","ex0046",5
1,"ex0150","ex0265",5
1,"ex0150","ex0123",7
1,"ex0150","ex0091",8
1,"ex0150","ex0345",9
1,"ex0150","ex0098",9
1,"ex0150","ex0057",10
1,"ex0150","ex0336",10
1,"ex0150","ex0358",10
1,"ex0151","ex0017",1
1,"ex0151","ex0280",2
1,"ex0151","ex0274",2
1,"ex0151","ex0216",3
1,"ex0151","ex0253",4
1,"ex0151","ex0051",5
1,"ex0151","ex0044",6
1,"ex0151","ex0051",6
1,"ex0151","ex0022",7
1,"ex0151","ex0083",7
1,"ex0151","ex0222",7
1,"ex0151","ex0089",7
1,"ex0151","ex0258",9
1,"ex0151","ex0136",10
1,"ex0151","ex0298",10
1,"ex0151","ex0174",10
1,"ex0154","ex0316",1
1,"ex0154","ex0047",1
1,"ex0154","ex0277",2
1,"ex0154","ex0295",3
1,"ex0154","ex0136",3
1,"ex0154","ex0067",4
1,"ex0154","ex0090",4
1,"ex0154","ex0350",4
1,"ex0154","ex0273",7
1,"ex0154","ex0151",7
1,"ex0154","ex0011",7
1,"ex0154","ex0277",7
1,"ex0154","ex0340",8
1,"ex0154","ex0312",8
1,"ex0154","ex0230",8
1,"ex0154","ex0060",8
1,"ex0154","ex0307",9
1,"ex0154","ex0044",9
1,"ex0154","ex0255",9
1,"ex0154","ex0318",10
1,"ex0154","ex0121",10
1,"ex0154","ex0050",10
1,"ex0154","ex0114",10
1,"ex0155","ex0022",1
1,"ex0155","ex0002",1
1,"ex0155","ex0171",1
1,"ex0155","ex0286",1
1,"ex0155","ex0297",3
1,"ex0155","ex0274",3
1,"ex0155","ex0089",4
1,"ex0155","ex0228",4
1,"ex0155","ex0281",4
1,"ex0155","ex0200",4
1,"ex0155","ex0093",5
1,"ex0155","ex0043",6
1,"ex0155","ex0036",6
1,"ex0155","ex0338",6
1,"ex0155","ex0091",7
1,"ex0155","ex0275",7
1,"ex0155","ex0335",8
1,"ex0155","ex0247",8
1,"ex0155","ex0121",8
1,"ex0155","ex0219",8
1,"ex0155","ex0265",10
1,"ex0155","ex0230",10
1,"ex0155","ex0231",10
1,"ex0155","ex0313",10
1,"ex0157","ex0161",1
1,"ex0157","ex0358",1
1,"ex0157","ex0050",1
1,"ex0157","ex0171",1
1,"ex0157","ex0366",2
1,"ex0157","ex0123",3
1,"ex0157","ex0140",3
1,"ex0157","ex0227",5
1,"ex0157","ex0220",7
1,"ex0157","ex0308",7
1,"ex0157","ex0230",9
1,"ex0157","ex0125",9
1,"ex0157","ex0316",10
1,"ex0157","ex0049",10
1,"ex0157","ex0138",10
1,"ex0160","ex0295",1
1,"ex0160","ex0026",2
1,"ex0160","ex0052",4
1,"ex0160","ex0030",4
1,"ex0160","ex0140",4
1,"ex0160","ex0203",4
1,"ex0160","ex0358",5
1,"ex0160","ex0366",5
1,"ex0160","ex0227",5
1,"ex0160","ex0185",6
1,"ex0160","ex0266",6
1,"ex0160","ex0088",8
1,"ex0160","ex0130",10
1,"ex0160","ex0295",10
1,"ex0160","ex0167",10
1,"ex0161","ex0134",2
1,"ex0161","ex0262",2
1,"ex0161","ex0008",2
1,"ex0161","ex0359",3
1,"ex0161","ex0231",3
1,"ex0161","ex0151",3
1,"ex0161","ex0140",4
1,"ex0161","ex0263",4
1,"ex0161","ex0058",4
1,"ex0161","ex0061",5
1,"ex0161","ex0349",6
1,"ex0161","ex0096",6
1,"ex0161","ex0021",8
1,"ex0161","ex0228",8
1,"ex0161","ex0259",9
1,"ex0161","ex0204",10
1,"ex0165","ex0157",2
1,"ex0165","ex0281",2
1,"ex0165","ex0096",2
1,"ex0165","ex0182",4
1,"ex0165","ex0273",4
1,"ex0165","ex0104",6
1,"ex0165","ex0294",6
1,"ex0165","ex0185",6
1,"ex0165","ex0265",6
1,"ex0165","ex0191",7
1,"ex0165","ex0043",8
1,"ex0165","ex0199",8
1,"ex0165","ex0263",9
1,"ex0165","ex0358",9
1,"ex0165","ex0367",10
1,"ex0165","ex0096",10
1,"ex0167","ex0328",2
1,"ex0167","ex0001",2
1,"ex0167","ex0040",2
1,"ex0167","ex0250",2
1,"ex0167","ex0123",3
1,"ex0167","ex0228",4
1,"ex0167","ex0252",4
1,"ex0167","ex0301",5
1,"ex0167","ex0345",7
1,"ex0167","ex0219",7
1,"ex0167","ex0088",9
1,"ex0167","ex0135",9
1,"ex0167","ex0207",9
1,"ex0167","ex0115",9
1,"ex0167","ex0290",10
1,"ex0167","ex0030",10
1,"ex0167","ex0219",10
1,"ex0167","ex0128",10
1,"ex0168","ex0121",1
1,"ex0168","ex0191",2
1,"ex0168","ex0258",2
1,"ex0168","ex0042",2
1,"ex0168","ex0272",4
1,"ex0168","ex0344",4
1,"ex0168","ex0150",4
1,"ex0168","ex0128",5
1,"ex0168","ex0336",5
1,"ex0168","ex0200",5
1,"ex0168","ex0174",7
1,"ex0168","ex0231",8
1,"ex0168","ex0101",8
1,"ex0168","ex0247",8
1,"ex0168","ex0093",9
1,"ex0170","ex0188",1
1,"ex0170","ex0266",2
1,"ex0170","ex0181",3
1,"ex0170","ex0115",3
1,"ex0170","ex0072",7
1,"ex0170","ex0343",7
1,"ex0170","ex0234",7
1,"ex0170","ex0140",9
1,"ex0170","ex0023",10
1,"ex0170","ex0149",10
1,"ex0171","ex0101",1
1,"ex0171","ex0366",2
1,"ex0171","ex0298",2
1,"ex0171","ex0170",2
1,"ex0171","ex0106",2
1,"ex0171","ex0031",4
1,"ex0171","ex0300",6
1,"ex0171","ex0116",6
1,"ex0171","ex0231",6
1,"ex0171","ex0273",6
1,"ex0171","ex0146",7
1,"ex0171","ex0068",7
1,"ex0171","ex0288",7
1,"ex0171","ex0222",8
1,"ex0171","ex0150",8
1,"ex0171","ex0047",10
1,"ex0171","ex0187",10
1,"ex0171","ex0044",10
1,"ex0171","ex0098",10
1,"ex0174","ex0304",1
1,"ex0174","ex0183",1
1,"ex0174","ex0210",1
1,"ex0174","ex0362",1
1,"ex0174","ex0088",3
1,"ex0174","ex0295",4
1,"ex0174","ex0188",4
1,"ex0174","ex0348",4
1,"ex0174","ex0066",6
1,"ex0174","ex0008",6
1,"ex0174","ex0221",6
1,"ex0174","ex0213",6
1,"ex0174","ex0234",7
1,"ex0174","ex0004",8
1,"ex0174","ex0231",8
1,"ex0174","ex0364",8
1,"ex0174","ex0300",8
1,"ex0174","ex0074",9
1,"ex0174","ex0297",9
1,"ex0174","ex0355",9
1,"ex0174","ex0095",9
1,"ex0176","ex0122",1
1,"ex0176","ex0276",1
1,"ex0176","ex0237",1
1,"ex0176","ex0131",1
1,"ex0176","ex0307",3
1,"ex0176","ex0198",3
1,"ex0176","ex0028",3
1,"ex0176","ex0265",4
1,"ex0176","ex0127",4
1,"ex0176","ex0262",5
1,"ex0176","ex0294",5
1,"ex0176","ex0277",6
1,"ex0176","ex0242",7
1,"ex0176","ex0338",7
1,"ex0176","ex0335",8
1,"ex0176","ex0170",8
1,"ex0176","ex0189",10
1,"ex0176","ex0098",10
1,"ex0176","ex0041",10
1,"ex0176","ex0234",10
1,"ex0177","ex0170",1
1,"ex0177","ex0144",1
1,"ex0177","ex0342",1
1,"ex0177","ex0349",2
1,"ex0177","ex0356",3
1,"ex0177","ex0066",3
1,"ex0177","ex0046",3
1,"ex0177","ex0350",4
1,"ex0177","ex0290",4
1,"ex0177","ex0146",4
1,"ex0177","ex0280",4
1,"ex0177","ex0249",5
1,"ex0177","ex0040",5
1,"ex0177","ex0259",5
1,"ex0177","ex0050",6
1,"ex0177","ex0292",6
1,"ex0177","ex0109",7
1,"ex0177","ex0072",7
1,"ex0177","ex0157",8
1,"ex0177","ex0338",8
1,"ex0177","ex0188",8
1,"ex0177","ex0043",9
1,"ex0177","ex0058",9
1,"ex0177","ex0321",9
1,"ex0177","ex0300",9
1,"ex0180","ex0333",1
1,"ex0180","ex0136",1
1,"ex0180","ex0004",4
1,"ex0180","ex0028",4
1,"ex0180","ex0297",4
1,"ex0180","ex0255",5
1,"ex0180","ex0187",5
1,"ex0180","ex0067",5
1,"ex0180","ex0128",6
1,"ex0180","ex0360",6
1,"ex0180","ex0207",6
1,"ex0180","ex0149",6
1,"ex0180","ex0002",7
1,"ex0180","ex0092",7
1,"ex0180","ex0277",9
1,"ex0180","ex0183",10
1,"ex0180","ex0140",10
1,"ex0181","ex0125",1
1,"ex0181","ex0185",1
1,"ex0181","ex0223",1
1,"ex0181","ex0134",1
1,"ex0181","ex0357",3
1,"ex0181","ex0338",3
1,"ex0181","ex0293",3
1,"ex0181","ex0165",5
1,"ex0181","ex0217",5
1,"ex0181","ex0027",7
1,"ex0181","ex0295",7
1,"ex0181","ex0155",8
1,"ex0181","ex0060",9
1,"ex0181","ex0199",9
1,"ex0181","ex0191",9
1,"ex0181","ex0343",9
1,"ex0182","ex0043",1
1,"ex0182","ex0314",1
1,"ex0182","ex0350",1
1,"ex0182","ex0263",2
1,"ex0182","ex0092",2
1,"ex0182","ex0338",2
1,"ex0182","ex0196",2
1,"ex0182","ex0242",3
1,"ex0182","ex0036",3
1,"ex0182","ex0127",3
1,"ex0182","ex0121",5
1,"ex0182","ex0185",5
1,"ex0182","ex0104",6
1,"ex0182","ex0167",6
1,"ex0182","ex0067",7
1,"ex0182","ex0052",7
1,"ex0182","ex0154",7
1,"ex0182","ex0281",8
1,"ex0182","ex0057",8
1,"ex0182","ex0342",8
1,"ex0182","ex0004",8
1,"ex0182","ex0160",9
1,"ex0182","ex0103",9
1,"ex0182","ex0255",9
1,"ex0182","ex0181",9
1,"ex0182","ex0196",10
1,"ex0182","ex0135",10
1,"ex0182","ex0134",10
1,"ex0183","ex0357",1
1,"ex0183","ex0255",2
1,"ex0183","ex0108",2
1,"ex0183","ex0228",2
1,"ex0183","ex0314",3
1,"ex0183","ex0252",3
1,"ex0183","ex0360",3
1,"ex0183","ex0046",3
1,"ex0183","ex0008",4
1,"ex0183","ex0201",5
1,"ex0183","ex0040",5
1,"ex0183","ex0292",5
1,"ex0183","ex0030",5
1,"ex0183","ex0307",6
1,"ex0183","ex0115",6
1,"ex0183","ex0181",6
1,"ex0183","ex0237",7
1,"ex0183","ex0058",7
1,"ex0183","ex0296",8
1,"ex0183","ex0348",9
1,"ex0183","ex0328",9
1,"ex0183","ex0223",10
1,"ex0183","ex0304",10
1,"ex0183","ex0066",10
1,"ex0183","ex0031",10
1,"ex0185","ex0318",1
1,"ex0185","ex0227",1
1,"ex0185","ex0229",1
1,"ex0185","ex0191",1
1,"ex0185","ex0222",2
1,"ex0185","ex0028",2
1,"ex0185","ex0011",2
1,"ex0185","ex0122",4
1,"ex0185","ex0020",4
1,"ex0185","ex0367",4
1,"ex0185","ex0220",5
1,"ex0185","ex0289",5
1,"ex0185","ex0219",5
1,"ex0185","ex0338",6
1,"ex0185","ex0002",7
1,"ex0185","ex0366",7
1,"ex0185","ex0327",7
1,"ex0185","ex0125",8
1,"ex0185","ex0317",10
1,"ex0185","ex0298",10
1,"ex0185","ex0334",10
1,"ex0187","ex0074",1
1,"ex0187","ex0342",1
1,"ex0187","ex0085",2
1,"ex0187","ex0017",2
1,"ex0187","ex0242",3
1,"ex0187","ex0303",3
1,"ex0187","ex0036",4
1,"ex0187","ex0103",5
1,"ex0187","ex0170",5
1,"ex0187","ex0131",8
1,"ex0187","ex0358",10
1,"ex0187","ex0243",10
1,"ex0188","ex0066",1
1,"ex0188","ex0193",1
1,"ex0188","ex0115",1
1,"ex0188","ex0150",3
1,"ex0188","ex0298",3
1,"ex0188","ex0187",3
1,"ex0188","ex0231",5
1,"ex0188","ex0307",5
1,"ex0188","ex0280",6
1,"ex0188","ex0030",6
1,"ex0188","ex0199",6
1,"ex0188","ex0358",6
1,"ex0188","ex0314",7
1,"ex0188","ex0174",7
1,"ex0188","ex0333",7
1,"ex0188","ex0083",7
1,"ex0188","ex0343",9
1,"ex0188","ex0144",9
1,"ex0188","ex0295",9
1,"ex0188","ex0289",9
1,"ex0188","ex0318",10
1,"ex0188","ex0359",10
1,"ex0188","ex0125",10
1,"ex0189","ex0139",2
1,"ex0189","ex0273",2
1,"ex0189","ex0249",3
1,"ex0189","ex0336",3
1,"ex0189","ex0290",3
1,"ex0189","ex0051",3
1,"ex0189","ex0366",4
1,"ex0189","ex0147",4
1,"ex0189","ex0014",4
1,"ex0189","ex0359",5
1,"ex0189","ex0344",6
1,"ex0189","ex0182",6
1,"ex0189","ex0068",6
1,"ex0189","ex0157",8
1,"ex0189","ex0321",9
1,"ex0189","ex0290",9
1,"ex0189","ex0219",9
1,"ex0189","ex0295",9
1,"ex0191","ex0294",1
1,"ex0191","ex0091",1
1,"ex0191","ex0304",1
1,"ex0191","ex0205",1
1,"ex0191","ex0277",2
1,"ex0191","ex0336",2
1,"ex0191","ex0091",3
1,"ex0191","ex0093",3
1,"ex0191","ex0004",3
1,"ex0191","ex0004",6
1,"ex0191","ex0037",6
1,"ex0191","ex0028",6
1,"ex0191","ex0314",6
1,"ex0191","ex0089",7
1,"ex0191","ex0165",8
1,"ex0191","ex0066",8
1,"ex0191","ex0128",8
1,"ex0191","ex0050",9
1,"ex0192","ex0249",2
1,"ex0192","ex0251",3
1,"ex0192","ex0303",3
1,"ex0192","ex0362",4
1,"ex0192","ex0117",5
1,"ex0192","ex0170",6
1,"ex0192","ex0221",6
1,"ex0192","ex0023",9
1,"ex0192","ex0300",9
1,"ex0192","ex0082",10
1,"ex0192","ex0009",10
1,"ex0192","ex0213",10
1,"ex0192","ex0357",10
1,"ex0193","ex0338",1
1,"ex0193","ex0210",1
1,"ex0193","ex0360",1
1,"ex0193","ex0229",1
1,"ex0193","ex0333",2
1,"ex0193","ex0296",2
1,"ex0193","ex0121",2
1,"ex0193","ex0315",3
1,"ex0193","ex0091",3
1,"ex0193","ex0349",3
1,"ex0193","ex0075",3
1,"ex0193","ex0266",4
1,"ex0193","ex0084",4
1,"ex0193","ex0052",4
1,"ex0193","ex0123",5
1,"ex0193","ex0171",5
1,"ex0193","ex0141",5
1,"ex0193","ex0258",7
1,"ex0193","ex0304",7
1,"ex0193","ex0295",7
1,"ex0193","ex0236",7
1,"ex0193","ex0171",8
1,"ex0193","ex0344",8
1,"ex0193","ex0092",9
1,"ex0193","ex0181",9
1,"ex0193","ex0243",10
1,"ex0193","ex0096",10
1,"ex0194","ex0090",1
1,"ex0194","ex0274",2
1,"ex0194","ex0222",2
1,"ex0194","ex0136",2
1,"ex0194","ex0066",2
1,"ex0194","ex0308",3
1,"ex0194","ex0286",3
1,"ex0194","ex0161",3
1,"ex0194","ex0367",4
1,"ex0194","ex0266",4
1,"ex0194","ex0134",5
1,"ex0194","ex0086",5
1,"ex0194","ex0338",5
1,"ex0194","ex0109",6
1,"ex0194","ex0209",6
1,"ex0194","ex0042",6
1,"ex0194","ex0104",6
1,"ex0194","ex0253",8
1,"ex0194","ex0231",8
1,"ex0194","ex0086",8
1,"ex0194","ex0359",8
1,"ex0194","ex0338",9
1,"ex0194","ex0282",9
1,"ex0194","ex0249",9
1,"ex0194","ex0286",10
1,"ex0196","ex0149",1
1,"ex0196","ex0297",1
1,"ex0196","ex0135",1
1,"ex0196","ex0329",1
1,"ex0196","ex0044",2
1,"ex0196","ex0312",2
1,"ex0196","ex0252",2
1,"ex0196","ex0216",2
1,"ex0196","ex0220",3
1,"ex0196","ex0082",3
1,"ex0196","ex0340",3
1,"ex0196","ex0165",3
1,"ex0196","ex0329",4
1,"ex0196","ex0074",5
1,"ex0196","ex0363",5
1,"ex0196","ex0123",5
1,"ex0196","ex0031",6
1,"ex0196","ex0083",6
1,"ex0196","ex0149",6
1,"ex0196","ex0077",6
1,"ex0196","ex0272",7
1,"ex0196","ex0098",8
1,"ex0196","ex0343",8
1,"ex0196","ex0210",9
1,"ex0196","ex0072",9
1,"ex0196","ex0362",9
1,"ex0198","ex0016",1
1,"ex0198","ex0314",2
1,"ex0198","ex0040",2
1,"ex0198","ex0217",2
1,"ex0198","ex0344",2
1,"ex0198","ex0168",3
1,"ex0198","ex0329",5
1,"ex0198","ex0306",5
1,"ex0198","ex0049",6
1,"ex0198","ex0174",6
1,"ex0198","ex0348",6
1,"ex0198","ex0121",6
1,"ex0198","ex0188",7
1,"ex0198","ex0017",8
1,"ex0198","ex0359",8
1,"ex0198","ex0044",8
1,"ex0198","ex0284",8
1,"ex0198","ex0194",9
1,"ex0198","ex0259",9
1,"ex0198","ex0117",9
1,"ex0199","ex0314",1
1,"ex0199","ex0340",1
1,"ex0199","ex0290",1
1,"ex0199","ex0359",2
1,"ex0199","ex0056",2
1,"ex0199","ex0103",3
1,"ex0199","ex0099",3
1,"ex0199","ex0108",4
1,"ex0199","ex0106",5
1,"ex0199","ex0026",5
1,"ex0199","ex0207",6
1,"ex0199","ex0146",9
1,"ex0199","ex0182",9
1,"ex0199","ex0128",9
1,"ex0199","ex0298",10
1,"ex0199","ex0198",10
1,"ex0199","ex0096",10
1,"ex0200","ex0098",1
1,"ex0200","ex0114",2
1,"ex0200","ex0092",2
1,"ex0200","ex0303",2
1,"ex0200","ex0295",3
1,"ex0200","ex0151",3
1,"ex0200","ex0362",6
1,"ex0200","ex0011",7
1,"ex0200","ex0020",7
1,"ex0200","ex0258",7
1,"ex0200","ex0221",7
1,"ex0200","ex0336",8
1,"ex0200","ex0229",9
1,"ex0200","ex0201",9
1,"ex0200","ex0155",10
1,"ex0200","ex0008",10
1,"ex0200","ex0127",10
1,"ex0200","ex0277",10
1,"ex0201","ex0229",1
1,"ex0201","ex0037",1
1,"ex0201","ex0023",1
1,"ex0201","ex0146",1
1,"ex0201","ex0047",2
1,"ex0201","ex0327",3
1,"ex0201","ex0098",3
1,"ex0201","ex0289",3
1,"ex0201","ex0192",3
1,"ex0201","ex0072",4
1,"ex0201","ex0308",4
1,"ex0201","ex0019",4
1,"ex0201","ex0237",4
1,"ex0201","ex0067",5
1,"ex0201","ex0183",5
1,"ex0201","ex0079",5
1,"ex0201","ex0115",6
1,"ex0201","ex0223",6
1,"ex0201","ex0050",6
1,"ex0201","ex0026",7
1,"ex0201","ex0348",7
1,"ex0201","ex0029",7
1,"ex0201","ex0078",8
1,"ex0201","ex0210",8
1,"ex0201","ex0130",9
1,"ex0201","ex0217",10
1,"ex0203","ex0146",1
1,"ex0203","ex0042",1
1,"ex0203","ex0216",3
1,"ex0203","ex0286",3
1,"ex0203","ex0052",3
1,"ex0203","ex0075",4
1,"ex0203","ex0060",4
1,"ex0203","ex0128",4
1,"ex0203","ex0228",4
1,"ex0203","ex0133",5
1,"ex0203","ex0177",5
1,"ex0203","ex0138",5
1,"ex0203","ex0057",5
1,"ex0203","ex0219",6
1,"ex0203","ex0154",6
1,"ex0203","ex0230",7
1,"ex0203","ex0088",7
1,"ex0203","ex0001",8
1,"ex0203","ex0306",8
1,"ex0203","ex0250",10
1,"ex0203","ex0047",10
1,"ex0203","ex0298",10
1,"ex0204","ex0088",1
1,"ex0204","ex0121",1
1,"ex0204","ex0176",1
1,"ex0204","ex0066",3
1,"ex0204","ex0147",4
1,"ex0204","ex0292",4
1,"ex0204","ex0343",4
1,"ex0204","ex0210",5
1,"ex0204","ex0313",5
1,"ex0204","ex0287",5
1,"ex0204","ex0046",6
1,"ex0204","ex0181",7
1,"ex0204","ex0251",7
1,"ex0204","ex0014",8
1,"ex0204","ex0092",8
1,"ex0204","ex0095",8
1,"ex0204","ex0255",8
1,"ex0204","ex0263",9
1,"ex0205","ex0052",1
1,"ex0205","ex0151",1
1,"ex0205","ex0023",2
1,"ex0205","ex0095",2
1,"ex0205","ex0252",2
1,"ex0205","ex0363",2
1,"ex0205","ex0321",3
1,"ex0205","ex0150",4
1,"ex0205","ex0143",6
1,"ex0205","ex0125",7
1,"ex0205","ex0155",7
1,"ex0205","ex0088",7
1,"ex0205","ex0027",7
1,"ex0205","ex0151",8
1,"ex0205","ex0122",8
1,"ex0205","ex0318",8
1,"ex0205","ex0027",8
1,"ex0205","ex0314",9
1,"ex0205","ex0180",9
1,"ex0205","ex0187",10
1,"ex0205","ex0262",10
1,"ex0205","ex0304",10
1,"ex0207","ex0321",1
1,"ex0207","ex0174",1
1,"ex0207","ex0342",1
1,"ex0207","ex0263",2
1,"ex0207","ex0295",2
1,"ex0207","ex0011",2
1,"ex0207","ex0030",5
1,"ex0207","ex0335",5
1,"ex0207","ex0144",5
1,"ex0207","ex0170",6
1,"ex0207","ex0367",7
1,"ex0207","ex0263",8
1,"ex0207","ex0127",8
1,"ex0207","ex0021",9
1,"ex0209","ex0314",2
1,"ex0209","ex0046",2
1,"ex0209","ex0284",2
1,"ex0209","ex0344",3
1,"ex0209","ex0342",3
1,"ex0209","ex0312",4
1,"ex0209","ex0116",4
1,"ex0209","ex0364",5
1,"ex0209","ex0122",5
1,"ex0209","ex0320",5
1,"ex0209","ex0093",5
1,"ex0209","ex0328",6
1,"ex0209","ex0058",6
1,"ex0209","ex0199",6
1,"ex0209","ex0144",6
1,"ex0209","ex0155",7
1,"ex0209","ex0123",7
1,"ex0209","ex0229",8
1,"ex0209","ex0299",8
1,"ex0209","ex0125",8
1,"ex0209","ex0236",8
1,"ex0209","ex0001",9
1,"ex0209","ex0077",9
1,"ex0209","ex0101",9
1,"ex0209","ex0002",9
1,"ex0209","ex0154",10
1,"ex0210","ex0109",1
1,"ex0210","ex0182",1
1,"ex0210","ex0088",1
1,"ex0210","ex0146",2
1,"ex0210","ex0103",5
1,"ex0210","ex0314",5
1,"ex0210","ex0230",5
1,"ex0210","ex0294",5
1,"ex0210","ex0275",6
1,"ex0210","ex0220",6
1,"ex0210","ex0171",7
1,"ex0210","ex0151",7
1,"ex0210","ex0008",8
1,"ex0210","ex0067",8
1,"ex0210","ex0002",9
1,"ex0210","ex0294",9
1,"ex0210","ex0040",10
1,"ex0210","ex0273",10
1,"ex0210","ex0012",10
1,"ex0210","ex0289",10
1,"ex0213","ex0236",1
1,"ex0213","ex0183",1
1,"ex0213","ex0222",2
1,"ex0213","ex0367",3
1,"ex0213","ex0266",3
1,"ex0213","ex0029",3
1,"ex0213","ex0067",4
1,"ex0213","ex0249",4
1,"ex0213","ex0108",4
1,"ex0213","ex0221",4
1,"ex0213","ex0249",5
1,"ex0213","ex0135",5
1,"ex0213","ex0099",5
1,"ex0213","ex0293",5
1,"ex0213","ex0042",6
1,"ex0213","ex0033",7
1,"ex0213","ex0114",7
1,"ex0213","ex0115",7
1,"ex0213","ex0274",7
1,"ex0213","ex0289",8
1,"ex0213","ex0336",8
1,"ex0213","ex0104",9
1,"ex0213","ex0033",9
1,"ex0213","ex0185",9
1,"ex0213","ex0187",10
1,"ex0213","ex0083",10
1,"ex0213","ex0046",10
1,"ex0216","ex0229",1
1,"ex0216","ex0060",1
1,"ex0216","ex0290",1
1,"ex0216","ex0357",1
1,"ex0216","ex0023",2
1,"ex0216","ex0280",3
1,"ex0216","ex0167",3
1,"ex0216","ex0247",3
1,"ex0216","ex0273",3
1,"ex0216","ex0122",4
1,"ex0216","ex0333",4
1,"ex0216","ex0085",5
1,"ex0216","ex0093",5
1,"ex0216","ex0243",5
1,"ex0216","ex0031",5
1,"ex0216","ex0031",6
1,"ex0216","ex0011",6
1,"ex0216","ex0082",8
1,"ex0216","ex0136",9
1,"ex0216","ex0288",9
1,"ex0216","ex0339",9
1,"ex0216","ex0286",9
1,"ex0216","ex0290",10
1,"ex0216","ex0084",10
1,"ex0216","ex0308",10
1,"ex0216","ex0176",10
1,"ex0217","ex0168",1
1,"ex0217","ex0219",1
1,"ex0217","ex0060",3
1,"ex0217","ex0023",3
1,"ex0217","ex0296",4
1,"ex0217","ex0010",5
1,"ex0217","ex0037",5
1,"ex0217","ex0355",5
1,"ex0217","ex0274",7
1,"ex0217","ex0161",7
1,"ex0217","ex0050",7
1,"ex0217","ex0083",7
1,"ex0217","ex0366",8
1,"ex0217","ex0234",8
1,"ex0217","ex0266",8
1,"ex0217","ex0249",8
1,"ex0217","ex0287",9
1,"ex0217","ex0133",10
1,"ex0217","ex0046",10
1,"ex0218","ex0029",1
1,"ex0218","ex0364",1
1,"ex0218","ex0253",1
1,"ex0218","ex0289",1
1,"ex0218","ex0147",3
1,"ex0218","ex0281",3
1,"ex0218","ex0170",3
1,"ex0218","ex0297",3
1,"ex0218","ex0046",4
1,"ex0218","ex0234",4
1,"ex0218","ex0078",5
1,"ex0218","ex0219",7
1,"ex0218","ex0237",7
1,"ex0218","ex0292",7
1,"ex0218","ex0314",7
1,"ex0218","ex0259",8
1,"ex0218","ex0362",8
1,"ex0218","ex0298",8
1,"ex0218","ex0122",9
1,"ex0218","ex0364",10
1,"ex0219","ex0355",1
1,"ex0219","ex0138",2
1,"ex0219","ex0247",3
1,"ex0219","ex0276",3
1,"ex0219","ex0141",4
1,"ex0219","ex0253",7
1,"ex0219","ex0090",7
1,"ex0219","ex0210",7
1,"ex0219","ex0363",10
1,"ex0220","ex0086",3
1,"ex0220","ex0089",4
1,"ex0220","ex0051",4
1,"ex0220","ex0146",4
1,"ex0220","ex0276",5
1,"ex0220","ex0281",6
1,"ex0220","ex0221",6
1,"ex0220","ex0142",6
1,"ex0220","ex0252",8
1,"ex0220","ex0258",8
1,"ex0220","ex0203",10
1,"ex0221","ex0027",1
1,"ex0221","ex0072",1
1,"ex0221","ex0210",2
1,"ex0221","ex0258",2
1,"ex0221","ex0255",2
1,"ex0221","ex0182",4
1,"ex0221","ex0139",4
1,"ex0221","ex0084",5
1,"ex0221","ex0259",5
1,"ex0221","ex0333",5
1,"ex0221","ex0040",6
1,"ex0221","ex0344",7
1,"ex0221","ex0165",7
1,"ex0221","ex0121",7
1,"ex0221","ex0160",8
1,"ex0221","ex0266",8
1,"ex0221","ex0030",9
1,"ex0221","ex0019",9
1,"ex0221","ex0342",9
1,"ex0221","ex0148",9
1,"ex0222","ex0050",3
1,"ex0222","ex0289",4
1,"ex0222","ex0012",6
1,"ex0222","ex0284",7
1,"ex0222","ex0157",7
1,"ex0222","ex0263",8
1,"ex0222","ex0016",8
1,"ex0222","ex0189",8
1,"ex0222","ex0149",10
1,"ex0222","ex0157",10
1,"ex0222","ex0321",10
1,"ex0223","ex0042",1
1,"ex0223","ex0252",1
1,"ex0223","ex0018",1
1,"ex0223","ex0366",2
1,"ex0223","ex0335",2
1,"ex0223","ex0096",2
1,"ex0223","ex0104",3
1,"ex0223","ex0287",4
1,"ex0223","ex0289",4
1,"ex0223","ex0139",4
1,"ex0223","ex0014",4
1,"ex0223","ex0122",5
1,"ex0223","ex0125",5
1,"ex0223","ex0335",5
1,"ex0223","ex0030",6
1,"ex0223","ex0265",6
1,"ex0223","ex0216",6
1,"ex0223","ex0308",8
1,"ex0223","ex0198",8
1,"ex0223","ex0131",9
1,"ex0223","ex0273",9
1,"ex0223","ex0128",10
1,"ex0227","ex0027",1
1,"ex0227","ex0286",2
1,"ex0227","ex0082",2
1,"ex0227","ex0222",2
1,"ex0227","ex0213",2
1,"ex0227","ex0051",5
1,"ex0227","ex0314",5
1,"ex0227","ex0280",5
1,"ex0227","ex0363",5
1,"ex0227","ex0187",6
1,"ex0227","ex0296",7
1,"ex0227","ex0099",7
1,"ex0227","ex0363",7
1,"ex0227","ex0333",7
1,"ex0227","ex0154",8
1,"ex0227","ex0125",8
1,"ex0227","ex0032",8
1,"ex0227","ex0136",8
1,"ex0227","ex0282",10
1,"ex0228","ex0061",1
1,"ex0228","ex0131",1
1,"ex0228","ex0317",2
1,"ex0228","ex0298",2
1,"ex0228","ex0200",2
1,"ex0228","ex0040",2
1,"ex0228","ex0277",4
1,"ex0228","ex0041",5
1,"ex0228","ex0314",5
1,"ex0228","ex0312",6
1,"ex0228","ex0230",7
1,"ex0228","ex0295",7
1,"ex0228","ex0143",7
1,"ex0228","ex0150",7
1,"ex0228","ex0314",8
1,"ex0228","ex0027",8
1,"ex0228","ex0167",8
1,"ex0228","ex0275",9
1,"ex0228","ex0181",9
1,"ex0228","ex0316",9
1,"ex0228","ex0205",9
1,"ex0228","ex0127",10
1,"ex0228","ex0176",10
1,"ex0229","ex0274",1
1,"ex0229","ex0204",1
1,"ex0229","ex0317",1
1,"ex0229","ex0185",1
1,"ex0229","ex0096",2
1,"ex0229","ex0367",2
1,"ex0229","ex0287",2
1,"ex0229","ex0253",4
1,"ex0229","ex0205",5
1,"ex0229","ex0017",5
1,"ex0229","ex0072",5
1,"ex0229","ex0205",7
1,"ex0229","ex0343",8
1,"ex0229","ex0019",9
1,"ex0229","ex0237",10
1,"ex0230","ex0096",1
1,"ex0230","ex0133",1
1,"ex0230","ex0193",1
1,"ex0230","ex0251",2
1,"ex0230","ex0125",3
1,"ex0230","ex0328",4
1,"ex0230","ex0336",4
1,"ex0230","ex0136",4
1,"ex0230","ex0096",5
1,"ex0230","ex0104",6
1,"ex0230","ex0294",6
1,"ex0230","ex0082",8
1,"ex0230","ex0043",8
1,"ex0230","ex0037",8
1,"ex0230","ex0334",8
1,"ex0230","ex0234",9
1,"ex0230","ex0313",9
1,"ex0230","ex0298",9
1,"ex0231","ex0357",1
1,"ex0231","ex0023",1
1,"ex0231","ex0093",2
1,"ex0231","ex0108",2
1,"ex0231","ex0296",2
1,"ex0231","ex0192",3
1,"ex0231","ex0281",3
1,"ex0231","ex0274",4
1,"ex0231","ex0317",5
1,"ex0231","ex0363",6
1,"ex0231","ex0301",8
1,"ex0231","ex0091",8
1,"ex0231","ex0052",8
1,"ex0231","ex0002",9
1,"ex0231","ex0250",9
1,"ex0234","ex0364",1
1,"ex0234","ex0237",1
1,"ex0234","ex0082",1
1,"ex0234","ex0130",1
1,"ex0234","ex0334",5
1,"ex0234","ex0366",5
1,"ex0234","ex0334",7
1,"ex0234","ex0049",8
1,"ex0234","ex0295",8
1,"ex0234","ex0140",9
1,"ex0234","ex0167",10
1,"ex0234","ex0114",10
1,"ex0236","ex0222",1
1,"ex0236","ex0147",2
1,"ex0236","ex0350",2
1,"ex0236","ex0040",4
1,"ex0236","ex0205",4
1,"ex0236","ex0031",6
1,"ex0236","ex0085",6
1,"ex0236","ex0348",6
1,"ex0236","ex0093",6
1,"ex0236","ex0167",7
1,"ex0236","ex0077",7
1,"ex0236","ex0274",7
1,"ex0236","ex0011",7
1,"ex0236","ex0131",8
1,"ex0236","ex0155",9
1,"ex0236","ex0340",10
1,"ex0237","ex0349",1
1,"ex0237","ex0223",1
1,"ex0237","ex0287",3
1,"ex0237","ex0019",3
1,"ex0237","ex0227",4
1,"ex0237","ex0286",5
1,"ex0237","ex0314",6
1,"ex0237","ex0296",7
1,"ex0237","ex0333",7
1,"ex0237","ex0315",7
1,"ex0237","ex0359",7
1,"ex0237","ex0320",8
1,"ex0237","ex0171",8
1,"ex0237","ex0150",8
1,"ex0237","ex0029",8
1,"ex0237","ex0001",9
1,"ex0237","ex0131",9
1,"ex0237","ex0165",9
1,"ex0237","ex0020",9
1,"ex0237","ex0216",10
1,"ex0242","ex0320",2
1,"ex0242","ex0284",3
1,"ex0242","ex0115",3
1,"ex0242","ex0044",3
1,"ex0242","ex0204",4
1,"ex0242","ex0222",5
1,"ex0242","ex0236",5
1,"ex0242","ex0176",5
1,"ex0242","ex0181",6
1,"ex0242","ex0359",6
1,"ex0242","ex0360",7
1,"ex0242","ex0091",7
1,"ex0242","ex0304",8
1,"ex0242","ex0312",8
1,"ex0242","ex0056",8
1,"ex0242","ex0234",8
1,"ex0242","ex0259",9
1,"ex0242","ex0050",9
1,"ex0242","ex0131",9
1,"ex0242","ex0091",10
1,"ex0243","ex0036",1
1,"ex0243","ex0099",1
1,"ex0243","ex0205",2
1,"ex0243","ex0023",3
1,"ex0243","ex0251",4
1,"ex0243","ex0203",4
1,"ex0243","ex0101",4
1,"ex0243","ex0300",5
1,"ex0243","ex0046",6
1,"ex0243","ex0103",6
1,"ex0243","ex0317",6
1,"ex0243","ex0263",6
1,"ex0243","ex0072",7
1,"ex0243","ex0041",7
1,"ex0243","ex0237",7
1,"ex0243","ex0023",7
1,"ex0243","ex0151",9
1,"ex0243","ex0068",10
1,"ex0243","ex0036",10
1,"ex0247","ex0207",1
1,"ex0247","ex0149",1
1,"ex0247","ex0275",1
1,"ex0247","ex0128",2
1,"ex0247","ex0131",2
1,"ex0247","ex0060",2
1,"ex0247","ex0300",2
1,"ex0247","ex0293",3
1,"ex0247","ex0236",3
1,"ex0247","ex0281",3
1,"ex0247","ex0029",3
1,"ex0247","ex0201",4
1,"ex0247","ex0220",4
1,"ex0247","ex0086",5
1,"ex0247","ex0333",6
1,"ex0247","ex0359",6
1,"ex0247","ex0329",6
1,"ex0247","ex0041",7
1,"ex0247","ex0333",7
1,"ex0247","ex0115",8
1,"ex0247","ex0220",8
1,"ex0247","ex0021",8
1,"ex0247","ex0266",9
1,"ex0247","ex0282",10
1,"ex0247","ex0300",10
1,"ex0247","ex0123",10
1,"ex0249","ex0228",1
1,"ex0249","ex0219",1
1,"ex0249","ex0021",2
1,"ex0249","ex0335",3
1,"ex0249","ex0300",4
1,"ex0249","ex0185",4
1,"ex0249","ex0199",6
1,"ex0249","ex0044",6
1,"ex0249","ex0121",6
1,"ex0249","ex0340",6
1,"ex0249","ex0188",7
1,"ex0249","ex0116",8
1,"ex0249","ex0277",8
1,"ex0249","ex0304",8
1,"ex0249","ex0026",8
1,"ex0249","ex0284",9
1,"ex0249","ex0340",9
1,"ex0249","ex0103",9
1,"ex0250","ex0234",2
1,"ex0250","ex0121",2
1,"ex0250","ex0171",2
1,"ex0250","ex0151",2
1,"ex0250","ex0016",4
1,"ex0250","ex0253",7
1,"ex0250","ex0180",7
1,"ex0250","ex0049",7
1,"ex0250","ex0091",8
1,"ex0250","ex0182",9
1,"ex0250","ex0317",9
1,"ex0250","ex0041",10
1,"ex0251","ex0298",1
1,"ex0251","ex0230",1
1,"ex0251","ex0150",1
1,"ex0251","ex0122",2
1,"ex0251","ex0011",2
1,"ex0251","ex0056",3
1,"ex0251","ex0096",3
1,"ex0251","ex0047",3
1,"ex0251","ex0136",4
1,"ex0251","ex0109",4
1,"ex0251","ex0259",4
1,"ex0251","ex0068",5
1,"ex0251","ex0108",5
1,"ex0251","ex0010",6
1,"ex0251","ex0061",6
1,"ex0251","ex0231",6
1,"ex0251","ex0360",6
1,"ex0251","ex0004",9
1,"ex0251","ex0329",9
1,"ex0251","ex0060",9
1,"ex0251","ex0093",10
1,"ex0251","ex0047",10
1,"ex0251","ex0125",10
1,"ex0251","ex0139",10
1,"ex0252","ex0147",1
1,"ex0252","ex0092",1
1,"ex0252","ex0104",1
1,"ex0252","ex0249",1
1,"ex0252","ex0086",3
1,"ex0252","ex0318",3
1,"ex0252","ex0017",3
1,"ex0252","ex0249",4
1,"ex0252","ex0222",4
1,"ex0252","ex0103",4
1,"ex0252","ex0075",6
1,"ex0252","ex0041",6
1,"ex0252","ex0236",6
1,"ex0252","ex0176",7
1,"ex0252","ex0121",7
1,"ex0252","ex0141",8
1,"ex0252","ex0213",9
1,"ex0252","ex0130",9
1,"ex0252","ex0144",9
1,"ex0253","ex0138",1
1,"ex0253","ex0280",1
1,"ex0253","ex0057",1
1,"ex0253","ex0174",1
1,"ex0253","ex0106",2
1,"ex0253","ex0296",6
1,"ex0253","ex0088",7
1,"ex0253","ex0306",8
1,"ex0253","ex0366",8
1,"ex0253","ex0096",9
1,"ex0253","ex0320",9
1,"ex0253","ex0012",9
1,"ex0255","ex0012",1
1,"ex0255","ex0213",1
1,"ex0255","ex0350",2
1,"ex0255","ex0181",2
1,"ex0255","ex0083",2
1,"ex0255","ex0044",3
1,"ex0255","ex0160",3
1,"ex0255","ex0032",5
1,"ex0255","ex0366",5
1,"ex0255","ex0275",5
1,"ex0255","ex0318",5
1,"ex0255","ex0198",6
1,"ex0255","ex0301",6
1,"ex0255","ex0020",7
1,"ex0255","ex0085",7
1,"ex0255","ex0210",8
1,"ex0255","ex0277",8
1,"ex0255","ex0011",9
1,"ex0255","ex0287",9
1,"ex0255","ex0170",9
1,"ex0255","ex0220",10
1,"ex0255","ex0072",10
1,"ex0255","ex0170",10
1,"ex0258","ex0155",1
1,"ex0258","ex0243",1
1,"ex0258","ex0044",2
1,"ex0258","ex0138",2
1,"ex0258","ex0149",2
1,"ex0258","ex0306",3
1,"ex0258","ex0262",4
1,"ex0258","ex0091",5
1,"ex0258","ex0363",6
1,"ex0258","ex0108",6
1,"ex0258","ex0250",6
1,"ex0258","ex0167",6
1,"ex0258","ex0228",7
1,"ex0258","ex0157",7
1,"ex0258","ex0334",7
1,"ex0258","ex0151",8
1,"ex0258","ex0043",8
1,"ex0258","ex0313",9
1,"ex0258","ex0255",9
1,"ex0258","ex0148",9
1,"ex0258","ex0011",9
1,"ex0258","ex0220",10
1,"ex0258","ex0207",10
1,"ex0258","ex0342",10
1,"ex0259","ex0182",1
1,"ex0259","ex0180",1
1,"ex0259","ex0348",1
1,"ex0259","ex0220",1
1,"ex0259","ex0060",2
1,"ex0259","ex0114",2
1,"ex0259","ex0037",2
1,"ex0259","ex0155",2
1,"ex0259","ex0140",3
1,"ex0259","ex0253",3
1,"ex0259","ex0293",3
1,"ex0259","ex0289",3
1,"ex0259","ex0142",4
1,"ex0259","ex0287",4
1,"ex0259","ex0017",4
1,"ex0259","ex0217",4
1,"ex0259","ex0147",5
1,"ex0259","ex0299",5
1,"ex0259","ex0083",5
1,"ex0259","ex0171",5
1,"ex0259","ex0136",6
1,"ex0259","ex0301",6
1,"ex0259","ex0002",6
1,"ex0259","ex0274",7
1,"ex0259","ex0027",8
1,"ex0259","ex0345",8
1,"ex0259","ex0229",8
1,"ex0259","ex0004",9
1,"ex0259","ex0058",10
1,"ex0259","ex0314",10
1,"ex0259","ex0017",10
1,"ex0259","ex0106",10
1,"ex0262","ex0131",1
1,"ex0262","ex0281",1
1,"ex0262","ex0334",1
1,"ex0262","ex0092",1
1,"ex0262","ex0131",2
1,"ex0262","ex0171",2
1,"ex0262","ex0185",2
1,"ex0262","ex0011",3
1,"ex0262","ex0220",4
1,"ex0262","ex0231",4
1,"ex0262","ex0128",4
1,"ex0262","ex0222",6
1,"ex0262","ex0020",7
1,"ex0262","ex0027",8
1,"ex0262","ex0266",8
1,"ex0262","ex0299",9
1,"ex0262","ex0141",9
1,"ex0262","ex0209",10
1,"ex0262","ex0060",10
1,"ex0263","ex0021",2
1,"ex0263","ex0009",2
1,"ex0263","ex0350",2
1,"ex0263","ex0130",4
1,"ex0263","ex0348",5
1,"ex0263","ex0230",6
1,"ex0263","ex0227",6
1,"ex0263","ex0174",7
1,"ex0263","ex0276",8
1,"ex0263","ex0222",9
1,"ex0263","ex0114",9
1,"ex0263","ex0300",9
1,"ex0263","ex0106",9
1,"ex0263","ex0092",10
1,"ex0263","ex0301",10
1,"ex0263","ex0004",10
1,"ex0265","ex0307",1
1,"ex0265","ex0043",1
1,"ex0265","ex0273",1
1,"ex0265","ex0050",2
1,"ex0265","ex0308",2
1,"ex0265","ex0213",3
1,"ex0265","ex0335",3
1,"ex0265","ex0334",3
1,"ex0265","ex0318",4
1,"ex0265","ex0147",5
1,"ex0265","ex0058",5
1,"ex0265","ex0049",5
1,"ex0265","ex0096",6
1,"ex0265","ex0017",6
1,"ex0265","ex0114",6
1,"ex0265","ex0367",6
1,"ex0265","ex0340",7
1,"ex0265","ex0101",7
1,"ex0265","ex0205",8
1,"ex0265","ex0237",8
1,"ex0265","ex0101",9
1,"ex0265","ex0171",9
1,"ex0265","ex0117",10
1,"ex0266","ex0123",1
1,"ex0266","ex0314",1
1,"ex0266","ex0192",1
1,"ex0266","ex0336",2
1,"ex0266","ex0207",2
1,"ex0266","ex0234",2
1,"ex0266","ex0168",3
1,"ex0266","ex0157",3
1,"ex0266","ex0339",3
1,"ex0266","ex0128",4
1,"ex0266","ex0294",6
1,"ex0266","ex0237",6
1,"ex0266","ex0125",6
1,"ex0266","ex0329",6
1,"ex0266","ex0262",7
1,"ex0266","ex0247",7
1,"ex0266","ex0128",9
1,"ex0266","ex0366",9
1,"ex0266","ex0095",9
1,"ex0266","ex0320",10
1,"ex0267","ex0216",3
1,"ex0267","ex0293",3
1,"ex0267","ex0262",3
1,"ex0267","ex0181",4
1,"ex0267","ex0263",4
1,"ex0267","ex0108",4
1,"ex0267","ex0340",5
1,"ex0267","ex0147",5
1,"ex0267","ex0298",6
1,"ex0267","ex0023",6
1,"ex0267","ex0117",6
1,"ex0267","ex0036",6
1,"ex0267","ex0074",7
1,"ex0267","ex0220",7
1,"ex0267","ex0364",8
1,"ex0267","ex0307",9
1,"ex0267","ex0304",9
1,"ex0267","ex0300",9
1,"ex0267","ex0185",9
1,"ex0267","ex0056",10
1,"ex0267","ex0030",10
1,"ex0267","ex0146",10
1,"ex0272","ex0318",2
1,"ex0272","ex0031",4
1,"ex0272","ex0096",4
1,"ex0272","ex0010",4
1,"ex0272","ex0127",5
1,"ex0272","ex0247",6
1,"ex0272","ex0140",6
1,"ex0272","ex0103",6
1,"ex0272","ex0002",6
1,"ex0272","ex0075",7
1,"ex0272","ex0187",8
1,"ex0272","ex0329",8
1,"ex0272","ex0028",9
1,"ex0272","ex0061",9
1,"ex0272","ex0301",9
1,"ex0272","ex0290",10
1,"ex0273","ex0251",1
1,"ex0273","ex0021",1
1,"ex0273","ex0343",1
1,"ex0273","ex0029",2
1,"ex0273","ex0328",2
1,"ex0273","ex0338",3
1,"ex0273","ex0274",5
1,"ex0273","ex0023",5
1,"ex0273","ex0091",5
1,"ex0273","ex0272",6
1,"ex0273","ex0301",7
1,"ex0273","ex0306",7
1,"ex0273","ex0321",8
1,"ex0273","ex0290",10
1,"ex0274","ex0223",1
1,"ex0274","ex0209",1
1,"ex0274","ex0018",1
1,"ex0274","ex0266",1
1,"ex0274","ex0236",2
1,"ex0274","ex0074",2
1,"ex0274","ex0057",2
1,"ex0274","ex0229",3
1,"ex0274","ex0221",3
1,"ex0274","ex0265",3
1,"ex0274","ex0201",4
1,"ex0274","ex0028",4
1,"ex0274","ex0018",4
1,"ex0274","ex0157",5
1,"ex0274","ex0267",7
1,"ex0274","ex0079",7
1,"ex0274","ex0342",7
1,"ex0274","ex0297",7
1,"ex0274","ex0165",8
1,"ex0274","ex0263",10
1,"ex0274","ex0192",10
1,"ex0274","ex0196",10
1,"ex0274","ex0170",10
1,"ex0275","ex0182",2
1,"ex0275","ex0082",2
1,"ex0275","ex0057",3
1,"ex0275","ex0001",3
1,"ex0275","ex0018",4
1,"ex0275","ex0088",4
1,"ex0275","ex0253",5
1,"ex0275","ex0084",6
1,"ex0275","ex0266",6
1,"ex0275","ex0340",6
1,"ex0275","ex0042",6
1,"ex0275","ex0231",7
1,"ex0275","ex0290",9
1,"ex0275","ex0280",9
1,"ex0275","ex0030",9
1,"ex0275","ex0203",10
1,"ex0275","ex0037",10
1,"ex0275","ex0130",10
1,"ex0275","ex0210",10
1,"ex0276","ex0272",1
1,"ex0276","ex0028",1
1,"ex0276","ex0052",2
1,"ex0276","ex0104",2
1,"ex0276","ex0147",3
1,"ex0276","ex0344",5
1,"ex0276","ex0086",5
1,"ex0276","ex0228",5
1,"ex0276","ex0298",6
1,"ex0276","ex0002",6
1,"ex0276","ex0251",7
1,"ex0276","ex0356",7
1,"ex0276","ex0022",7
1,"ex0276","ex0183",7
1,"ex0276","ex0266",8
1,"ex0276","ex0362",8
1,"ex0276","ex0357",8
1,"ex0276","ex0281",8
1,"ex0276","ex0117",9
1,"ex0276","ex0149",9
1,"ex0276","ex0267",9
1,"ex0276","ex0203",9
1,"ex0277","ex0170",2
1,"ex0277","ex0187",2
1,"ex0277","ex0196",2
1,"ex0277","ex0181",2
1,"ex0277","ex0083",5
1,"ex0277","ex0321",6
1,"ex0277","ex0114",6
1,"ex0277","ex0294",6
1,"ex0277","ex0350",6
1,"ex0277","ex0199",8
1,"ex0277","ex0231",9
1,"ex0277","ex0204",9
1,"ex0277","ex0218",9
1,"ex0277","ex0187",10
1,"ex0280","ex0131",1
1,"ex0280","ex0234",2
1,"ex0280","ex0017",2
1,"ex0280","ex0194",3
1,"ex0280","ex0031",4
1,"ex0280","ex0359",5
1,"ex0280","ex0293",5
1,"ex0280","ex0093",6
1,"ex0280","ex0082",6
1,"ex0280","ex0037",6
1,"ex0280","ex0219",7
1,"ex0280","ex0328",7
1,"ex0280","ex0247",7
1,"ex0280","ex0293",8
1,"ex0280","ex0052",8
1,"ex0280","ex0098",8
1,"ex0280","ex0170",9
1,"ex0280","ex0089",9
1,"ex0280","ex0229",9
1,"ex0280","ex0033",9
1,"ex0280","ex0021",10
1,"ex0280","ex0343",10
1,"ex0280","ex0123",10
1,"ex0281","ex0243",1
1,"ex0281","ex0348",1
1,"ex0281","ex0315",1
1,"ex0281","ex0103",1
1,"ex0281","ex0090",2
1,"ex0281","ex0203",3
1,"ex0281","ex0150",3
1,"ex0281","ex0362",3
1,"ex0281","ex0258",3
1,"ex0281","ex0066",5
1,"ex0281","ex0022",5
1,"ex0281","ex0086",7
1,"ex0281","ex0021",7
1,"ex0281","ex0234",8
1,"ex0281","ex0046",8
1,"ex0281","ex0344",9
1,"ex0281","ex0138",10
1,"ex0281","ex0321",10
1,"ex0282","ex0312",1
1,"ex0282","ex0083",1
1,"ex0282","ex0121",2
1,"ex0282","ex0027",2
1,"ex0282","ex0104",2
1,"ex0282","ex0021",3
1,"ex0282","ex0228",3
1,"ex0282","ex0142",4
1,"ex0282","ex0050",4
1,"ex0282","ex0198",4
1,"ex0282","ex0358",5
1,"ex0282","ex0143",5
1,"ex0282","ex0016",5
1,"ex0282","ex0031",5
1,"ex0282","ex0075",6
1,"ex0282","ex0058",6
1,"ex0282","ex0262",7
1,"ex0282","ex0134",7
1,"ex0282","ex0328",7
1,"ex0282","ex0077",8
1,"ex0282","ex0103",8
1,"ex0284","ex0338",3
1,"ex0284","ex0078",3
1,"ex0284","ex0143",3
1,"ex0284","ex0193",5
1,"ex0284","ex0144",5
1,"ex0284","ex0167",6
1,"ex0284","ex0022",6
1,"ex0284","ex0209",6
1,"ex0284","ex0349",6
1,"ex0284","ex0011",7
1,"ex0284","ex0130",7
1,"ex0284","ex0338",7
1,"ex0284","ex0187",8
1,"ex0284","ex0308",8
1,"ex0284","ex0316",8
1,"ex0284","ex0304",9
1,"ex0284","ex0227",9
1,"ex0286","ex0228",1
1,"ex0286","ex0196",1
1,"ex0286","ex0282",1
1,"ex0286","ex0356",2
1,"ex0286","ex0032",2
1,"ex0286","ex0050",2
1,"ex0286","ex0011",2
1,"ex0286","ex0300",3
1,"ex0286","ex0209",3
1,"ex0286","ex0066",4
1,"ex0286","ex0236",5
1,"ex0286","ex0117",5
1,"ex0286","ex0251",5
1,"ex0286","ex0046",5
1,"ex0286","ex0282",6
1,"ex0286","ex0167",6
1,"ex0286","ex0047",8
1,"ex0286","ex0017",8
1,"ex0286","ex0128",10
1,"ex0287","ex0050",1
1,"ex0287","ex0230",1
1,"ex0287","ex0259",1
1,"ex0287","ex0079",2
1,"ex0287","ex0096",2
1,"ex0287","ex0199",2
1,"ex0287","ex0194",2
1,"ex0287","ex0016",3
1,"ex0287","ex0253",3
1,"ex0287","ex0125",4
1,"ex0287","ex0307",4
1,"ex0287","ex0155",4
1,"ex0287","ex0333",4
1,"ex0287","ex0142",5
1,"ex0287","ex0115",5
1,"ex0287","ex0014",5
1,"ex0287","ex0318",5
1,"ex0287","ex0103",6
1,"ex0287","ex0028",6
1,"ex0287","ex0147",6
1,"ex0287","ex0083",6
1,"ex0287","ex0263",7
1,"ex0287","ex0041",7
1,"ex0287","ex0272",7
1,"ex0287","ex0115",7
1,"ex0287","ex0321",8
1,"ex0287","ex0128",9
1,"ex0287","ex0188",9
1,"ex0287","ex0363",10
1,"ex0287","ex0364",10
1,"ex0287","ex0171",10
1,"ex0288","ex0121",1
1,"ex0288","ex0079",1
1,"ex0288","ex0363",1
1,"ex0288","ex0049",1
1,"ex0288","ex0011",5
1,"ex0288","ex0051",8
1,"ex0288","ex0209",8
1,"ex0288","ex0340",8
1,"ex0288","ex0217",8
1,"ex0288","ex0180",9
1,"ex0288","ex0050",9
1,"ex0288","ex0230",9
1,"ex0288","ex0066",10
1,"ex0289","ex0036",1
1,"ex0289","ex0104",1
1,"ex0289","ex0247",2
1,"ex0289","ex0303",3
1,"ex0289","ex0142",3
1,"ex0289","ex0230",4
1,"ex0289","ex0108",4
1,"ex0289","ex0046",7
1,"ex0289","ex0026",7
1,"ex0289","ex0349",7
1,"ex0289","ex0043",8
1,"ex0289","ex0134",8
1,"ex0289","ex0020",8
1,"ex0289","ex0284",8
1,"ex0289","ex0272",9
1,"ex0289","ex0082",9
1,"ex0289","ex0230",9
1,"ex0289","ex0122",9
1,"ex0290","ex0085",1
1,"ex0290","ex0306",2
1,"ex0290","ex0171",2
1,"ex0290","ex0334",3
1,"ex0290","ex0138",3
1,"ex0290","ex0262",3
1,"ex0290","ex0360",3
1,"ex0290","ex0231",4
1,"ex0290","ex0253",5
1,"ex0290","ex0262",5
1,"ex0290","ex0032",5
1,"ex0290","ex0251",6
1,"ex0290","ex0181",6
1,"ex0290","ex0079",9
1,"ex0290","ex0106",10
1,"ex0290","ex0199",10
1,"ex0290","ex0042",10
1,"ex0292","ex0259",1
1,"ex0292","ex0160",1
1,"ex0292","ex0127",3
1,"ex0292","ex0032",3
1,"ex0292","ex0165",4
1,"ex0292","ex0016",4
1,"ex0292","ex0210",4
1,"ex0292","ex0099",5
1,"ex0292","ex0060",5
1,"ex0292","ex0342",5
1,"ex0292","ex0180",6
1,"ex0292","ex0042",6
1,"ex0292","ex0219",8
1,"ex0292","ex0333",9
1,"ex0292","ex0223",9
1,"ex0292","ex0348",9
1,"ex0292","ex0253",10
1,"ex0292","ex0031",10
1,"ex0293","ex0056",2
1,"ex0293","ex0280",2
1,"ex0293","ex0040",3
1,"ex0293","ex0123",3
1,"ex0293","ex0011",4
1,"ex0293","ex0187",4
1,"ex0293","ex0297",5
1,"ex0293","ex0033",5
1,"ex0293","ex0295",6
1,"ex0293","ex0187",6
1,"ex0293","ex0209",7
1,"ex0293","ex0044",9
1,"ex0293","ex0092",10
1,"ex0293","ex0066",10
1,"ex0293","ex0218",10
1,"ex0294","ex0180",1
1,"ex0294","ex0275",1
1,"ex0294","ex0028",1
1,"ex0294","ex0043",2
1,"ex0294","ex0230",2
1,"ex0294","ex0192",2
1,"ex0294","ex0227",2
1,"ex0294","ex0140",3
1,"ex0294","ex0220",3
1,"ex0294","ex0336",4
1,"ex0294","ex0189",4
1,"ex0294","ex0185",5
1,"ex0294","ex0041",5
1,"ex0294","ex0083",8
1,"ex0294","ex0074",8
1,"ex0294","ex0075",8
1,"ex0294","ex0122",8
1,"ex0294","ex0296",9
1,"ex0294","ex0295",9
1,"ex0294","ex0236",10
1,"ex0294","ex0250",10
1,"ex0295","ex0023",2
1,"ex0295","ex0135",3
1,"ex0295","ex0350",4
1,"ex0295","ex0358",6
1,"ex0295","ex0229",6
1,"ex0295","ex0086",6
1,"ex0295","ex0022",7
1,"ex0295","ex0364",7
1,"ex0295","ex0174",7
1,"ex0295","ex0144",8
1,"ex0295","ex0143",8
1,"ex0295","ex0303",8
1,"ex0295","ex0312",10
1,"ex0295","ex0251",10
1,"ex0296","ex0360",1
1,"ex0296","ex0181",1
1,"ex0296","ex0017",1
1,"ex0296","ex0342",2
1,"ex0296","ex0161",2
1,"ex0296","ex0297",3
1,"ex0296","ex0313",4
1,"ex0296","ex0165",6
1,"ex0296","ex0052",6
1,"ex0296","ex0078",6
1,"ex0296","ex0349",6
1,"ex0296","ex0247",8
1,"ex0296","ex0023",8
1,"ex0296","ex0051",8
1,"ex0296","ex0243",8
1,"ex0296","ex0079",9
1,"ex0296","ex0281",10
1,"ex0296","ex0079",10
1,"ex0296","ex0243",10
1,"ex0296","ex0074",10
1,"ex0297","ex0231",1
1,"ex0297","ex0130",1
1,"ex0297","ex0328",3
1,"ex0297","ex0139",3
1,"ex0297","ex0272",4
1,"ex0297","ex0136",4
1,"ex0297","ex0349",5
1,"ex0297","ex0277",5
1,"ex0297","ex0103",6
1,"ex0297","ex0231",6
1,"ex0297","ex0134",7
1,"ex0297","ex0250",8
1,"ex0297","ex0200",8
1,"ex0297","ex0114",9
1,"ex0297","ex0329",9
1,"ex0297","ex0083",10
1,"ex0297","ex0290",10
1,"ex0297","ex0243",10
1,"ex0298","ex0273",1
1,"ex0298","ex0286",1
1,"ex0298","ex0044",1
1,"ex0298","ex0329",3
1,"ex0298","ex0333",3
1,"ex0298","ex0049",3
1,"ex0298","ex0026",3
1,"ex0298","ex0345",4
1,"ex0298","ex0222",4
1,"ex0298","ex0364",4
1,"ex0298","ex0049",4
1,"ex0298","ex0281",6
1,"ex0298","ex0329",6
1,"ex0298","ex0336",6
1,"ex0298","ex0219",7
1,"ex0298","ex0060",7
1,"ex0298","ex0304",7
1,"ex0298","ex0149",9
1,"ex0298","ex0140",9
1,"ex0299","ex0288",1
1,"ex0299","ex0116",1
1,"ex0299","ex0344",2
1,"ex0299","ex0301",2
1,"ex0299","ex0008",3
1,"ex0299","ex0340",3
1,"ex0299","ex0247",7
1,"ex0299","ex0155",7
1,"ex0299","ex0067",7
1,"ex0299","ex0082",8
1,"ex0299","ex0181",9
1,"ex0299","ex0160",9
1,"ex0299","ex0333",10
1,"ex0299","ex0340",10
1,"ex0300","ex0130",1
1,"ex0300","ex0171",2
1,"ex0300","ex0363",2
1,"ex0300","ex0139",2
1,"ex0300","ex0031",4
1,"ex0300","ex0116",6
1,"ex0300","ex0046",7
1,"ex0300","ex0304",7
1,"ex0300","ex0318",7
1,"ex0300","ex0272",8
1,"ex0300","ex0189",8
1,"ex0300","ex0106",8
1,"ex0300","ex0228",9
1,"ex0300","ex0144",9
1,"ex0300","ex0011",9
1,"ex0300","ex0266",10
1,"ex0301","ex0061",1
1,"ex0301","ex0084",1
1,"ex0301","ex0273",1
1,"ex0301","ex0280",2
1,"ex0301","ex0023",2
1,"ex0301","ex0313",3
1,"ex0301","ex0103",4
1,"ex0301","ex0290",4
1,"ex0301","ex0093",5
1,"ex0301","ex0106",5
1,"ex0301","ex0277",5
1,"ex0301","ex0079",5
1,"ex0301","ex0292",7
1,"ex0301","ex0116",7
1,"ex0301","ex0148",7
1,"ex0301","ex0037",8
1,"ex0301","ex0144",8
1,"ex0301","ex0286",8
1,"ex0301","ex0091",9
1,"ex0301","ex0023",10
1,"ex0303","ex0157",1
1,"ex0303","ex0026",1
1,"ex0303","ex0134",3
1,"ex0303","ex0026",3
1,"ex0303","ex0144",5
1,"ex0303","ex0108",5
1,"ex0303","ex0272",5
1,"ex0303","ex0242",5
1,"ex0303","ex0067",6
1,"ex0303","ex0099",6
1,"ex0303","ex0262",6
1,"ex0303","ex0146",7
1,"ex0303","ex0263",7
1,"ex0303","ex0231",7
1,"ex0303","ex0021",8
1,"ex0303","ex0252",8
1,"ex0303","ex0018",8
1,"ex0303","ex0363",9
1,"ex0303","ex0056",9
1,"ex0303","ex0343",10
1,"ex0303","ex0043",10
1,"ex0304","ex0091",1
1,"ex0304","ex0019",1
1,"ex0304","ex0096",1
1,"ex0304","ex0277",1
1,"ex0304","ex0348",2
1,"ex0304","ex0115",3
1,"ex0304","ex0308",3
1,"ex0304","ex0049",3
1,"ex0304","ex0161",3
1,"ex0304","ex0141",4
1,"ex0304","ex0229",6
1,"ex0304","ex0229",7
1,"ex0304","ex0157",7
1,"ex0304","ex0088",8
1,"ex0306","ex0085",1
1,"ex0306","ex0058",2
1,"ex0306","ex0082",2
1,"ex0306","ex0029",2
1,"ex0306","ex0193",2
1,"ex0306","ex0209",3
1,"ex0306","ex0300",4
1,"ex0306","ex0307",4
1,"ex0306","ex0022",4
1,"ex0306","ex0349",5
1,"ex0306","ex0131",5
1,"ex0306","ex0193",5
1,"ex0306","ex0147",7
1,"ex0306","ex0115",8
1,"ex0306","ex0290",8
1,"ex0306","ex0348",8
1,"ex0306","ex0193",9
1,"ex0306","ex0187",10
1,"ex0306","ex0255",10
1,"ex0307","ex0096",1
1,"ex0307","ex0082",1
1,"ex0307","ex0104",1
1,"ex0307","ex0221",1
1,"ex0307","ex0321",2
1,"ex0307","ex0029",2
1,"ex0307","ex0135",2
1,"ex0307","ex0274",3
1,"ex0307","ex0180",3
1,"ex0307","ex0275",3
1,"ex0307","ex0019",3
1,"ex0307","ex0259",4
1,"ex0307","ex0366",4
1,"ex0307","ex0306",5
1,"ex0307","ex0198",5
1,"ex0307","ex0143",6
1,"ex0307","ex0281",7
1,"ex0307","ex0359",7
1,"ex0307","ex0117",7
1,"ex0307","ex0154",7
1,"ex0307","ex0253",8
1,"ex0307","ex0029",9
1,"ex0307","ex0142",9
1,"ex0307","ex0043",9
1,"ex0307","ex0358",9
1,"ex0307","ex0091",10
1,"ex0307","ex0133",10
1,"ex0307","ex0217",10
1,"ex0307","ex0364",10
1,"ex0308","ex0103",1
1,"ex0308","ex0088",3
1,"ex0308","ex0222",3
1,"ex0308","ex0155",3
1,"ex0308","ex0315",3
1,"ex0308","ex0088",4
1,"ex0308","ex0133",5
1,"ex0308","ex0300",5
1,"ex0308","ex0066",5
1,"ex0308","ex0344",5
1,"ex0308","ex0360",6
1,"ex0308","ex0002",6
1,"ex0308","ex0284",6
1,"ex0308","ex0191",6
1,"ex0308","ex0134",7
1,"ex0308","ex0272",7
1,"ex0308","ex0168",7
1,"ex0308","ex0203",7
1,"ex0308","ex0157",9
1,"ex0308","ex0050",9
1,"ex0308","ex0251",9
1,"ex0308","ex0273",9
1,"ex0308","ex0149",10
1,"ex0308","ex0022",10
1,"ex0308","ex0183",10
1,"ex0308","ex0262",10
1,"ex0312","ex0101",1
1,"ex0312","ex0293",1
1,"ex0312","ex0201",1
1,"ex0312","ex0336",1
1,"ex0312","ex0313",3
1,"ex0312","ex0265",4
1,"ex0312","ex0134",4
1,"ex0312","ex0103",4
1,"ex0312","ex0205",4
1,"ex0312","ex0122",5
1,"ex0312","ex0192",6
1,"ex0312","ex0284",7
1,"ex0312","ex0356",7
1,"ex0312","ex0052",7
1,"ex0312","ex0090",9
1,"ex0312","ex0123",10
1,"ex0312","ex0295",10
1,"ex0313","ex0088",2
1,"ex0313","ex0272",4
1,"ex0313","ex0074",4
1,"ex0313","ex0168",5
1,"ex0313","ex0320",8
1,"ex0313","ex0288",9
1,"ex0313","ex0293",9
1,"ex0313","ex0292",10
1,"ex0314","ex0021",1
1,"ex0314","ex0321",1
1,"ex0314","ex0139",2
1,"ex0314","ex0297",3
1,"ex0314","ex0201",3
1,"ex0314","ex0114",4
1,"ex0314","ex0293",4
1,"ex0314","ex0116",4
1,"ex0314","ex0142",4
1,"ex0314","ex0150",5
1,"ex0314","ex0344",6
1,"ex0314","ex0217",6
1,"ex0314","ex0263",7
1,"ex0314","ex0083",8
1,"ex0314","ex0229",8
1,"ex0314","ex0250",9
1,"ex0314","ex0229",9
1,"ex0314","ex0135",10
1,"ex0315","ex0134",1
1,"ex0315","ex0348",1
1,"ex0315","ex0293",2
1,"ex0315","ex0348",3
1,"ex0315","ex0001",3
1,"ex0315","ex0213",3
1,"ex0315","ex0177",3
1,"ex0315","ex0356",4
1,"ex0315","ex0103",4
1,"ex0315","ex0004",4
1,"ex0315","ex0273",4
1,"ex0315","ex0051",5
1,"ex0315","ex0089",5
1,"ex0315","ex0333",5
1,"ex0315","ex0042",5
1,"ex0315","ex0230",6
1,"ex0315","ex0231",6
1,"ex0315","ex0030",6
1,"ex0315","ex0253",7
1,"ex0315","ex0282",7
1,"ex0315","ex0138",7
1,"ex0315","ex0010",7
1,"ex0315","ex0200",8
1,"ex0315","ex0191",9
1,"ex0315","ex0316",9
1,"ex0315","ex0228",9
1,"ex0315","ex0318",9
1,"ex0315","ex0355",10
1,"ex0315","ex0357",10
1,"ex0315","ex0183",10
1,"ex0315","ex0090",10
1,"ex0316","ex0307",1
1,"ex0316","ex0313",1
1,"ex0316","ex0213",1
1,"ex0316","ex0327",2
1,"ex0316","ex0148",2
1,"ex0316","ex0130",5
1,"ex0316","ex0098",5
1,"ex0316","ex0029",5
1,"ex0316","ex0049",6
1,"ex0316","ex0149",6
1,"ex0316","ex0008",7
1,"ex0316","ex0229",7
1,"ex0316","ex0174",7
1,"ex0316","ex0249",7
1,"ex0316","ex0135",8
1,"ex0316","ex0104",8
1,"ex0316","ex0117",8
1,"ex0316","ex0068",8
1,"ex0316","ex0339",10
1,"ex0317","ex0349",1
1,"ex0317","ex0314",1
1,"ex0317","ex0344",1
1,"ex0317","ex0067",1
1,"ex0317","ex0350",2
1,"ex0317","ex0002",2
1,"ex0317","ex0321",2
1,"ex0317","ex0022",4
1,"ex0317","ex0222",5
1,"ex0317","ex0295",5
1,"ex0317","ex0157",5
1,"ex0317","ex0219",6
1,"ex0317","ex0155",7
1,"ex0317","ex0308",7
1,"ex0317","ex0051",7
1,"ex0317","ex0090",7
1,"ex0317","ex0207",8
1,"ex0317","ex0242",8
1,"ex0317","ex0077",10
1,"ex0318","ex0042",1
1,"ex0318","ex0199",1
1,"ex0318","ex0280",1
1,"ex0318","ex0265",1
1,"ex0318","ex0089",2
1,"ex0318","ex0057",2
1,"ex0318","ex0135",4
1,"ex0318","ex0289",4
1,"ex0318","ex0358",5
1,"ex0318","ex0141",5
1,"ex0318","ex0296",5
1,"ex0318","ex0086",5
1,"ex0318","ex0082",6
1,"ex0318","ex0135",6
1,"ex0318","ex0308",6
1,"ex0318","ex0044",7
1,"ex0318","ex0060",7
1,"ex0318","ex0036",7
1,"ex0318","ex0191",8
1,"ex0318","ex0333",8
1,"ex0318","ex0313",9
1,"ex0320","ex0104",4
1,"ex0320","ex0342",5
1,"ex0320","ex0002",5
1,"ex0320","ex0060",6
1,"ex0320","ex0103",6
1,"ex0320","ex0084",7
1,"ex0320","ex0004",7
1,"ex0320","ex0134",7
1,"ex0320","ex0263",7
1,"ex0320","ex0044",8
1,"ex0320","ex0127",8
1,"ex0320","ex0287",8
1,"ex0320","ex0210",9
1,"ex0320","ex0252",9
1,"ex0320","ex0356",10
1,"ex0320","ex0329",10
1,"ex0320","ex0171",10
1,"ex0320","ex0140",10
1,"ex0321","ex0106",1
1,"ex0321","ex0079",1
1,"ex0321","ex0177",2
1,"ex0321","ex0229",3
1,"ex0321","ex0255",4
1,"ex0321","ex0308",4
1,"ex0321","ex0249",5
1,"ex0321","ex0050",5
1,"ex0321","ex0099",5
1,"ex0321","ex0188",6
1,"ex0321","ex0320",7
1,"ex0321","ex0021",7
1,"ex0321","ex0161",7
1,"ex0321","ex0092",7
1,"ex0321","ex0139",9
1,"ex0321","ex0136",9
1,"ex0321","ex0074",9
1,"ex0321","ex0033",10
1,"ex0321","ex0183",10
1,"ex0321","ex0218",10
1,"ex0327","ex0209",1
1,"ex0327","ex0079",2
1,"ex0327","ex0168",3
1,"ex0327","ex0142",3
1,"ex0327","ex0022",3
1,"ex0327","ex0296",4
1,"ex0327","ex0298",5
1,"ex0327","ex0165",7
1,"ex0327","ex0139",7
1,"ex0327","ex0074",8
1,"ex0327","ex0207",8
1,"ex0327","ex0303",8
1,"ex0327","ex0033",10
1,"ex0328","ex0274",3
1,"ex0328","ex0183",3
1,"ex0328","ex0040",4
1,"ex0328","ex0125",5
1,"ex0328","ex0222",5
1,"ex0328","ex0177",5
1,"ex0328","ex0277",6
1,"ex0328","ex0104",6
1,"ex0328","ex0348",6
1,"ex0328","ex0030",7
1,"ex0328","ex0340",8
1,"ex0328","ex0160",8
1,"ex0328","ex0086",8
1,"ex0328","ex0243",10
1,"ex0328","ex0362",10
1,"ex0328","ex0019",10
1,"ex0329","ex0023",1
1,"ex0329","ex0189",1
1,"ex0329","ex0176",1
1,"ex0329","ex0267",1
1,"ex0329","ex0230",4
1,"ex0329","ex0350",4
1,"ex0329","ex0061",4
1,"ex0329","ex0205",5
1,"ex0329","ex0234",5
1,"ex0329","ex0221",5
1,"ex0329","ex0001",6
1,"ex0329","ex0101",6
1,"ex0329","ex0148",7
1,"ex0329","ex0210",7
1,"ex0329","ex0358",7
1,"ex0329","ex0252",8
1,"ex0329","ex0343",8
1,"ex0333","ex0036",1
1,"ex0333","ex0303",2
1,"ex0333","ex0363",2
1,"ex0333","ex0287",3
1,"ex0333","ex0075",4
1,"ex0333","ex0154",5
1,"ex0333","ex0312",6
1,"ex0333","ex0012",9
1,"ex0333","ex0294",9
1,"ex0333","ex0127",9
1,"ex0333","ex0061",9
1,"ex0333","ex0029",10
1,"ex0333","ex0167",10
1,"ex0334","ex0242",1
1,"ex0334","ex0174",2
1,"ex0334","ex0096",2
1,"ex0334","ex0026",2
1,"ex0334","ex0282",3
1,"ex0334","ex0258",3
1,"ex0334","ex0142",3
1,"ex0334","ex0052",3
1,"ex0334","ex0243",4
1,"ex0334","ex0314",5
1,"ex0334","ex0083",5
1,"ex0334","ex0299",5
1,"ex0334","ex0265",5
1,"ex0334","ex0099",7
1,"ex0334","ex0349",8
1,"ex0334","ex0288",8
1,"ex0334","ex0317",8
1,"ex0334","ex0008",8
1,"ex0334","ex0030",10
1,"ex0335","ex0243",1
1,"ex0335","ex0018",2
1,"ex0335","ex0088",2
1,"ex0335","ex0187",3
1,"ex0335","ex0359",3
1,"ex0335","ex0092",3
1,"ex0335","ex0151",6
1,"ex0335","ex0277",6
1,"ex0335","ex0149",6
1,"ex0335","ex0032",7
1,"ex0335","ex0366",7
1,"ex0335","ex0004",7
1,"ex0335","ex0249",7
1,"ex0335","ex0275",9
1,"ex0335","ex0210",9
1,"ex0335","ex0298",9
1,"ex0335","ex0043",10
1,"ex0335","ex0237",10
1,"ex0336","ex0250",1
1,"ex0336","ex0018",1
1,"ex0336","ex0148",1
1,"ex0336","ex0247",2
1,"ex0336","ex0304",3
1,"ex0336","ex0050",3
1,"ex0336","ex0299",3
1,"ex0336","ex0251",4
1,"ex0336","ex0046",4
1,"ex0336","ex0117",4
1,"ex0336","ex0349",4
1,"ex0336","ex0009",5
1,"ex0336","ex0002",6
1,"ex0336","ex0116",7
1,"ex0336","ex0147",7
1,"ex0336","ex0221",7
1,"ex0336","ex0176",7
1,"ex0336","ex0125",8
1,"ex0336","ex0116",8
1,"ex0336","ex0210",10
1,"ex0336","ex0044",10
1,"ex0336","ex0031",10
1,"ex0338","ex0221",1
1,"ex0338","ex0150",1
1,"ex0338","ex0364",2
1,"ex0338","ex0008",2
1,"ex0338","ex0335",2
1,"ex0338","ex0029",3
1,"ex0338","ex0086",3
1,"ex0338","ex0036",5
1,"ex0338","ex0072",7
1,"ex0338","ex0143",7
1,"ex0338","ex0168",7
1,"ex0338","ex0193",8
1,"ex0338","ex0029",9
1,"ex0338","ex0104",9
1,"ex0338","ex0213",10
1,"ex0338","ex0130",10
1,"ex0338","ex0315",10
1,"ex0339","ex0275",2
1,"ex0339","ex0122",2
1,"ex0339","ex0222",2
1,"ex0339","ex0255",2
1,"ex0339","ex0293",3
1,"ex0339","ex0287",3
1,"ex0339","ex0140",4
1,"ex0339","ex0336",4
1,"ex0339","ex0255",4
1,"ex0339","ex0298",4
1,"ex0339","ex0320",6
1,"ex0339","ex0141",6
1,"ex0339","ex0220",8
1,"ex0339","ex0350",8
1,"ex0339","ex0108",8
1,"ex0339","ex0092",8
1,"ex0340","ex0108",1
1,"ex0340","ex0023",1
1,"ex0340","ex0180",2
1,"ex0340","ex0299",2
1,"ex0340","ex0217",5
1,"ex0340","ex0230",5
1,"ex0340","ex0052",5
1,"ex0340","ex0317",6
1,"ex0340","ex0182",6
1,"ex0340","ex0088",7
1,"ex0340","ex0276",7
1,"ex0340","ex0349",8
1,"ex0340","ex0089",9
1,"ex0340","ex0299",9
1,"ex0340","ex0292",9
1,"ex0340","ex0125",10
1,"ex0340","ex0251",10
1,"ex0342","ex0022",1
1,"ex0342","ex0295",1
1,"ex0342","ex0339",2
1,"ex0342","ex0174",2
1,"ex0342","ex0122",2
1,"ex0342","ex0243",2
1,"ex0342","ex0127",3
1,"ex0342","ex0192",3
1,"ex0342","ex0147",3
1,"ex0342","ex0052",3
1,"ex0342","ex0167",4
1,"ex0342","ex0192",4
1,"ex0342","ex0303",4
1,"ex0342","ex0032",4
1,"ex0342","ex0308",5
1,"ex0342","ex0216",5
1,"ex0342","ex0277",6
1,"ex0342","ex0114",8
1,"ex0342","ex0167",8
1,"ex0342","ex0220",8
1,"ex0342","ex0216",9
1,"ex0342","ex0266",9
1,"ex0342","ex0067",9
1,"ex0342","ex0328",10
1,"ex0342","ex0333",10
1,"ex0342","ex0339",10
1,"ex0342","ex0298",10
1,"ex0343","ex0189",1
1,"ex0343","ex0205",1
1,"ex0343","ex0066",1
1,"ex0343","ex0066",2
1,"ex0343","ex0316",2
1,"ex0343","ex0147",3
1,"ex0343","ex0328",3
1,"ex0343","ex0183",3
1,"ex0343","ex0191",3
1,"ex0343","ex0101",4
1,"ex0343","ex0009",4
1,"ex0343","ex0364",4
1,"ex0343","ex0338",4
1,"ex0343","ex0203",6
1,"ex0343","ex0218",6
1,"ex0343","ex0017",7
1,"ex0343","ex0220",7
1,"ex0343","ex0092",7
1,"ex0343","ex0364",8
1,"ex0343","ex0314",9
1,"ex0343","ex0067",10
1,"ex0343","ex0350",10
1,"ex0344","ex0066",1
1,"ex0344","ex0249",2
1,"ex0344","ex0277",2
1,"ex0344","ex0355",3
1,"ex0344","ex0068",3
1,"ex0344","ex0092",3
1,"ex0344","ex0135",5
1,"ex0344","ex0237",5
1,"ex0344","ex0077",6
1,"ex0344","ex0108",6
1,"ex0344","ex0182",6
1,"ex0344","ex0140",7
1,"ex0344","ex0290",7
1,"ex0344","ex0333",7
1,"ex0344","ex0146",9
1,"ex0344","ex0191",9
1,"ex0344","ex0160",10
1,"ex0344","ex0092",10
1,"ex0344","ex0058",10
1,"ex0344","ex0314",10
1,"ex0345","ex0047",3
1,"ex0345","ex0340",3
1,"ex0345","ex0236",3
1,"ex0345","ex0072",3
1,"ex0345","ex0139",5
1,"ex0345","ex0192",6
1,"ex0345","ex0217",7
1,"ex0345","ex0297",7
1,"ex0345","ex0350",8
1,"ex0345","ex0300",8
1,"ex0345","ex0276",8
1,"ex0345","ex0089",9
1,"ex0345","ex0295",10
1,"ex0345","ex0217",10
1,"ex0345","ex0012",10
1,"ex0345","ex0282",10
1,"ex0348","ex0203",1
1,"ex0348","ex0017",1
1,"ex0348","ex0109",3
1,"ex0348","ex0098",4
1,"ex0348","ex0312",5
1,"ex0348","ex0114",8
1,"ex0348","ex0220",8
1,"ex0348","ex0200",8
1,"ex0348","ex0096",10
1,"ex0348","ex0134",10
1,"ex0348","ex0060",10
1,"ex0348","ex0155",10
1,"ex0349","ex0364",1
1,"ex0349","ex0042",1
1,"ex0349","ex0287",1
1,"ex0349","ex0148",2
1,"ex0349","ex0339",3
1,"ex0349","ex0230",5
1,"ex0349","ex0292",5
1,"ex0349","ex0028",5
1,"ex0349","ex0044",5
1,"ex0349","ex0205",7
1,"ex0349","ex0242",7
1,"ex0349","ex0131",7
1,"ex0349","ex0334",7
1,"ex0349","ex0043",8
1,"ex0349","ex0115",8
1,"ex0349","ex0116",8
1,"ex0349","ex0338",8
1,"ex0349","ex0350",10
1,"ex0349","ex0144",10
1,"ex0350","ex0032",1
1,"ex0350","ex0222",2
1,"ex0350","ex0345",3
1,"ex0350","ex0157",3
1,"ex0350","ex0333",4
1,"ex0350","ex0182",4
1,"ex0350","ex0277",4
1,"ex0350","ex0099",4
1,"ex0350","ex0117",5
1,"ex0350","ex0060",5
1,"ex0350","ex0336",5
1,"ex0350","ex0329",6
1,"ex0350","ex0343",6
1,"ex0350","ex0342",6
1,"ex0350","ex0066",6
1,"ex0350","ex0204",8
1,"ex0350","ex0363",8
1,"ex0350","ex0123",8
1,"ex0350","ex0161",8
1,"ex0350","ex0170",9
1,"ex0350","ex0192",10
1,"ex0355","ex0349",1
1,"ex0355","ex0167",1
1,"ex0355","ex0286",3
1,"ex0355","ex0363",3
1,"ex0355","ex0344",3
1,"ex0355","ex0345",3
1,"ex0355","ex0020",4
1,"ex0355","ex0290",4
1,"ex0355","ex0205",4
1,"ex0355","ex0180",4
1,"ex0355","ex0026",5
1,"ex0355","ex0201",5
1,"ex0355","ex0192",5
1,"ex0355","ex0342",6
1,"ex0355","ex0217",6
1,"ex0355","ex0218",6
1,"ex0355","ex0046",6
1,"ex0355","ex0342",8
1,"ex0355","ex0334",8
1,"ex0355","ex0258",8
1,"ex0355","ex0303",9
1,"ex0355","ex0046",9
1,"ex0355","ex0213",9
1,"ex0355","ex0138",9
1,"ex0355","ex0177",10
1,"ex0355","ex0176",10
1,"ex0355","ex0022",10
1,"ex0356","ex0366",1
1,"ex0356","ex0274",2
1,"ex0356","ex0096",2
1,"ex0356","ex0189",3
1,"ex0356","ex0201",3
1,"ex0356","ex0296",3
1,"ex0356","ex0033",3
1,"ex0356","ex0046",4
1,"ex0356","ex0014",4
1,"ex0356","ex0140",4
1,"ex0356","ex0198",5
1,"ex0356","ex0266",5
1,"ex0356","ex0293",5
1,"ex0356","ex0221",5
1,"ex0356","ex0367",6
1,"ex0356","ex0074",6
1,"ex0356","ex0023",6
1,"ex0356","ex0103",6
1,"ex0356","ex0123",7
1,"ex0356","ex0358",7
1,"ex0356","ex0141",7
1,"ex0356","ex0176",8
1,"ex0356","ex0127",9
1,"ex0356","ex0234",9
1,"ex0357","ex0193",1
1,"ex0357","ex0259",1
1,"ex0357","ex0207",2
1,"ex0357","ex0191",2
1,"ex0357","ex0104",2
1,"ex0357","ex0300",3
1,"ex0357","ex0362",3
1,"ex0357","ex0099",4
1,"ex0357","ex0259",5
1,"ex0357","ex0072",5
1,"ex0357","ex0366",6
1,"ex0357","ex0181",6
1,"ex0357","ex0135",6
1,"ex0357","ex0300",7
1,"ex0357","ex0125",7
1,"ex0357","ex0139",8
1,"ex0357","ex0220",8
1,"ex0357","ex0249",8
1,"ex0357","ex0155",10
1,"ex0357","ex0255",10
1,"ex0357","ex0350",10
1,"ex0358","ex0230",1
1,"ex0358","ex0282",2
1,"ex0358","ex0002",2
1,"ex0358","ex0200",3
1,"ex0358","ex0086",3
1,"ex0358","ex0249",5
1,"ex0358","ex0036",5
1,"ex0358","ex0281",5
1,"ex0358","ex0221",6
1,"ex0358","ex0031",6
1,"ex0358","ex0133",6
1,"ex0358","ex0104",8
1,"ex0358","ex0259",8
1,"ex0358","ex0033",8
1,"ex0358","ex0089",8
1,"ex0358","ex0312",9
1,"ex0358","ex0252",10
1,"ex0358","ex0036",10
1,"ex0358","ex0236",10
1,"ex0358","ex0176",10
1,"ex0359","ex0174",1
1,"ex0359","ex0011",1
1,"ex0359","ex0366",1
1,"ex0359","ex0075",1
1,"ex0359","ex0312",2
1,"ex0359","ex0147",3
1,"ex0359","ex0027",4
1,"ex0359","ex0312",6
1,"ex0359","ex0335",8
1,"ex0359","ex0012",8
1,"ex0359","ex0314",8
1,"ex0359","ex0136",9
1,"ex0359","ex0265",9
1,"ex0359","ex0343",9
1,"ex0359","ex0335",9
1,"ex0359","ex0052",10
1,"ex0359","ex0273",10
1,"ex0359","ex0012",10
1,"ex0360","ex0052",1
1,"ex0360","ex0092",1
1,"ex0360","ex0075",1
1,"ex0360","ex0281",1
1,"ex0360","ex0019",2
1,"ex0360","ex0180",2
1,"ex0360","ex0154",2
1,"ex0360","ex0047",2
1,"ex0360","ex0308",3
1,"ex0360","ex0320",3
1,"ex0360","ex0329",4
1,"ex0360","ex0141",4
1,"ex0360","ex0004",4
1,"ex0360","ex0188",6
1,"ex0360","ex0074",6
1,"ex0360","ex0122",6
1,"ex0360","ex0180",7
1,"ex0360","ex0296",7
1,"ex0360","ex0187",7
1,"ex0360","ex0082",7
1,"ex0360","ex0204",9
1,"ex0360","ex0277",10
1,"ex0360","ex0109",10
1,"ex0360","ex0142",10
1,"ex0360","ex0083",10
1,"ex0362","ex0089",1
1,"ex0362","ex0133",2
1,"ex0362","ex0160",2
1,"ex0362","ex0043",2
1,"ex0362","ex0266",2
1,"ex0362","ex0050",3
1,"ex0362","ex0327",3
1,"ex0362","ex0266",3
1,"ex0362","ex0300",4
1,"ex0362","ex0123",4
1,"ex0362","ex0116",5
1,"ex0362","ex0223",5
1,"ex0362","ex0227",5
1,"ex0362","ex0221",5
1,"ex0362","ex0292",6
1,"ex0362","ex0196",6
1,"ex0362","ex0019",7
1,"ex0362","ex0060",8
1,"ex0362","ex0160",9
1,"ex0362","ex0192",9
1,"ex0362","ex0004",9
1,"ex0362","ex0298",9
1,"ex0362","ex0356",10
1,"ex0362","ex0304",10
1,"ex0362","ex0085",10
1,"ex0363","ex0301",1
1,"ex0363","ex0154",1
1,"ex0363","ex0061",1
1,"ex0363","ex0258",2
1,"ex0363","ex0016",2
1,"ex0363","ex0281",3
1,"ex0363","ex0251",3
1,"ex0363","ex0280",3
1,"ex0363","ex0355",5
1,"ex0363","ex0284",5
1,"ex0363","ex0133",7
1,"ex0363","ex0205",7
1,"ex0363","ex0138",7
1,"ex0363","ex0242",8
1,"ex0363","ex0216",8
1,"ex0363","ex0266",9
1,"ex0363","ex0040",9
1,"ex0363","ex0168",10
1,"ex0364","ex0079",1
1,"ex0364","ex0023",1
1,"ex0364","ex0366",1
1,"ex0364","ex0019",2
1,"ex0364","ex0219",2
1,"ex0364","ex0049",2
1,"ex0364","ex0027",3
1,"ex0364","ex0345",3
1,"ex0364","ex0154",4
1,"ex0364","ex0242",4
1,"ex0364","ex0289",4
1,"ex0364","ex0234",4
1,"ex0364","ex0251",5
1,"ex0364","ex0219",5
1,"ex0364","ex0029",5
1,"ex0364","ex0134",5
1,"ex0364","ex0075",6
1,"ex0364","ex0011",6
1,"ex0364","ex0061",6
1,"ex0364","ex0263",6
1,"ex0364","ex0349",7
1,"ex0364","ex0174",7
1,"ex0364","ex0075",7
1,"ex0364","ex0339",7
1,"ex0364","ex0018",8
1,"ex0364","ex0204",8
1,"ex0364","ex0157",8
1,"ex0364","ex0040",9
1,"ex0364","ex0128",9
1,"ex0364","ex0144",9
1,"ex0364","ex0091",10
1,"ex0364","ex0286",10
1,"ex0364","ex0356",10
1,"ex0366","ex0183",1
1,"ex0366","ex0092",1
1,"ex0366","ex0043",1
1,"ex0366","ex0192",1
1,"ex0366","ex0127",2
1,"ex0366","ex0046",2
1,"ex0366","ex0168",2
1,"ex0366","ex0115",3
1,"ex0366","ex0193",4
1,"ex0366","ex0336",4
1,"ex0366","ex0136",5
1,"ex0366","ex0189",5
1,"ex0366","ex0008",5
1,"ex0366","ex0023",5
1,"ex0366","ex0023",6
1,"ex0366","ex0262",6
1,"ex0366","ex0143",7
1,"ex0366","ex0047",7
1,"ex0366","ex0258",7
1,"ex0366","ex0207",8
1,"ex0366","ex0252",8
1,"ex0366","ex0299",9
1,"ex0366","ex0258",9
1,"ex0366","ex0249",10
1,"ex0366","ex0251",10
1,"ex0366","ex0155",10
1,"ex0367","ex0292",4
1,"ex0367","ex0108",4
1,"ex0367","ex0072",5
1,"ex0367","ex0096",5
1,"ex0367","ex0288",6
1,"ex0367","ex0067",6
1,"ex0367","ex0358",6
1,"ex0367","ex0209",7
1,"ex0367","ex0277",7
1,"ex0367","ex0086",8
1,"ex0367","ex0148",8
1,"ex0367","ex0334",8
1,"ex0367","ex0290",8
1,"ex0367","ex0199",10
1,"ex0367","ex0348",10
1,"ex0367","ex0139",10
