"waveid","personid","alterid","tie"
1,"sm0001","sm0288",1
1,"sm0001","sm0040",1
1,"sm0001","sm0139",4
1,"sm0001","sm0200",4
1,"sm0001","sm0329",5
1,"sm0001","sm0282",5
1,"sm0001","sm0379",5
1,"sm0001","sm0237",5
1,"sm0001","sm0198",6
1,"sm0001","sm0164",6
1,"sm0001","sm0449",7
1,"sm0001","sm0216",7
1,"sm0001","sm0036",9
1,"sm0001","sm0120",9
1,"sm0001","sm0097",9
1,"sm0001","sm0248",9
1,"sm0001","sm0451",10
1,"sm0002","sm0354",2
1,"sm0002","sm0138",2
1,"sm0002","sm0448",2
1,"sm0002","sm0052",2
1,"sm0002","sm0084",3
1,"sm0002","sm0029",3
1,"sm0002","sm0212",3
1,"sm0002","sm0016",3
1,"sm0002","sm0461",5
1,"sm0002","sm0348",5
1,"sm0002","sm0421",5
1,"sm0002","sm0324",5
1,"sm0002","sm0197",6
1,"sm0002","sm0210",6
1,"sm0002","sm0219",6
1,"sm0002","sm0262",6
1,"sm0002","sm0051",9
1,"sm0002","sm0076",9
1,"sm0002","sm0140",10
1,"sm0002","sm0430",10
1,"sm0003","sm0030",1
1,"sm0003","sm0139",1
1,"sm0003","sm0370",1
1,"sm0003","sm0158",2
1,"sm0003","sm0304",2
1,"sm0003","sm0197",3
1,"sm0003","sm0016",3
1,"sm0003","sm0150",3
1,"sm0003","sm0232",3
1,"sm0003","sm0363",6
1,"sm0003","sm0291",6
1,"sm0003","sm0157",6
1,"sm0003","sm0164",6
1,"sm0003","sm0112",7
1,"sm0003","sm0414",7
1,"sm0003","sm0063",7
1,"sm0003","sm0259",8
1,"sm0003","sm0204",10
1,"sm0003","sm0298",10
1,"sm0003","sm0183",10
1,"sm0006","sm0180",1
1,"sm0006","sm0333",1
1,"sm0006","sm0359",1
1,"sm0006","sm0007",2
1,"sm0006","sm0406",3
1,"sm0006","sm0232",4
1,"sm0006","sm0002",4
1,"sm0006","sm0242",5
1,"sm0006","sm0092",5
1,"sm0006","sm0405",5
1,"sm0006","sm0348",5
1,"sm0006","sm0127",6
1,"sm0006","sm0060",8
1,"sm0006","sm0484",8
1,"sm0006","sm0019",8
1,"sm0006","sm0443",8
1,"sm0006","sm0266",9
1,"sm0006","sm0247",9
1,"sm0006","sm0379",9
1,"sm0007","sm0198",1
1,"sm0007","sm0127",1
1,"sm0007","sm0256",2
1,"sm0007","sm0163",2
1,"sm0007","sm0232",2
1,"sm0007","sm0242",2
1,"sm0007","sm0144",3
1,"sm0007","sm0435",3
1,"sm0007","sm0126",4
1,"sm0007","sm0478",5
1,"sm0007","sm0252",5
1,"sm0007","sm0262",5
1,"sm0007","sm0062",5
1,"sm0007","sm0039",6
1,"sm0007","sm0429",8
1,"sm0007","sm0084",8
1,"sm0007","sm0216",8
1,"sm0007","sm0097",9
1,"sm0007","sm0068",10
1,"sm0007","sm0415",10
1,"sm0007","sm0451",10
1,"sm0010","sm0191",3
1,"sm0010","sm0280",3
1,"sm0010","sm0118",3
1,"sm0010","sm0452",3
1,"sm0010","sm0248",4
1,"sm0010","sm0180",4
1,"sm0010","sm0457",4
1,"sm0010","sm0271",4
1,"sm0010","sm0150",5
1,"sm0010","sm0209",5
1,"sm0010","sm0490",5
1,"sm0010","sm0013",6
1,"sm0010","sm0126",6
1,"sm0010","sm0283",6
1,"sm0010","sm0133",6
1,"sm0010","sm0302",9
1,"sm0010","sm0416",10
1,"sm0010","sm0276",10
1,"sm0010","sm0127",10
1,"sm0012","sm0288",1
1,"sm0012","sm0463",1
1,"sm0012","sm0118",1
1,"sm0012","sm0007",3
1,"sm0012","sm0262",5
1,"sm0012","sm0317",5
1,"sm0012","sm0359",6
1,"sm0012","sm0097",6
1,"sm0012","sm0435",6
1,"sm0012","sm0072",6
1,"sm0012","sm0306",7
1,"sm0012","sm0216",7
1,"sm0012","sm0113",7
1,"sm0012","sm0325",8
1,"sm0012","sm0411",8
1,"sm0012","sm0378",8
1,"sm0012","sm0224",9
1,"sm0012","sm0470",9
1,"sm0012","sm0123",9
1,"sm0012","sm0384",9
1,"sm0013","sm0462",2
1,"sm0013","sm0041",2
1,"sm0013","sm0476",2
1,"sm0013","sm0434",3
1,"sm0013","sm0113",4
1,"sm0013","sm0157",4
1,"sm0013","sm0242",4
1,"sm0013","sm0424",4
1,"sm0013","sm0282",5
1,"sm0013","sm0425",5
1,"sm0013","sm0202",5
1,"sm0013","sm0379",6
1,"sm0013","sm0227",6
1,"sm0013","sm0360",7
1,"sm0013","sm0420",7
1,"sm0013","sm0105",7
1,"sm0013","sm0490",8
1,"sm0013","sm0041",8
1,"sm0013","sm0053",9
1,"sm0013","sm0109",9
1,"sm0013","sm0230",9
1,"sm0013","sm0127",10
1,"sm0016","sm0470",1
1,"sm0016","sm0077",2
1,"sm0016","sm0079",2
1,"sm0016","sm0352",3
1,"sm0016","sm0470",3
1,"sm0016","sm0167",3
1,"sm0016","sm0337",4
1,"sm0016","sm0067",4
1,"sm0016","sm0022",5
1,"sm0016","sm0489",6
1,"sm0016","sm0478",7
1,"sm0016","sm0363",7
1,"sm0016","sm0280",7
1,"sm0016","sm0100",7
1,"sm0016","sm0321",9
1,"sm0016","sm0217",10
1,"sm0016","sm0199",10
1,"sm0017","sm0281",2
1,"sm0017","sm0154",2
1,"sm0017","sm0275",3
1,"sm0017","sm0466",3
1,"sm0017","sm0025",3
1,"sm0017","sm0299",4
1,"sm0017","sm0358",4
1,"sm0017","sm0411",5
1,"sm0017","sm0258",5
1,"sm0017","sm0421",5
1,"sm0017","sm0293",6
1,"sm0017","sm0188",6
1,"sm0017","sm0383",7
1,"sm0017","sm0358",7
1,"sm0017","sm0200",7
1,"sm0017","sm0072",8
1,"sm0017","sm0352",8
1,"sm0017","sm0007",8
1,"sm0017","sm0071",9
1,"sm0017","sm0421",10
1,"sm0019","sm0157",2
1,"sm0019","sm0122",2
1,"sm0019","sm0254",2
1,"sm0019","sm0258",2
1,"sm0019","sm0101",3
1,"sm0019","sm0074",3
1,"sm0019","sm0091",3
1,"sm0019","sm0156",3
1,"sm0019","sm0158",4
1,"sm0019","sm0416",4
1,"sm0019","sm0405",4
1,"sm0019","sm0068",4
1,"sm0019","sm0349",5
1,"sm0019","sm0021",5
1,"sm0019","sm0241",5
1,"sm0019","sm0416",5
1,"sm0019","sm0197",6
1,"sm0019","sm0025",6
1,"sm0019","sm0012",7
1,"sm0019","sm0277",7
1,"sm0019","sm0170",7
1,"sm0019","sm0269",7
1,"sm0019","sm0033",8
1,"sm0019","sm0248",8
1,"sm0019","sm0354",8
1,"sm0019","sm0050",9
1,"sm0019","sm0476",9
1,"sm0019","sm0300",10
1,"sm0019","sm0116",10
1,"sm0020","sm0218",1
1,"sm0020","sm0484",1
1,"sm0020","sm0071",1
1,"sm0020","sm0079",2
1,"sm0020","sm0222",2
1,"sm0020","sm0100",2
1,"sm0020","sm0442",2
1,"sm0020","sm0109",4
1,"sm0020","sm0191",5
1,"sm0020","sm0262",5
1,"sm0020","sm0370",5
1,"sm0020","sm0298",5
1,"sm0020","sm0428",6
1,"sm0020","sm0143",6
1,"sm0020","sm0147",6
1,"sm0020","sm0106",6
1,"sm0020","sm0342",7
1,"sm0020","sm0242",7
1,"sm0020","sm0250",7
1,"sm0020","sm0178",7
1,"sm0020","sm0415",9
1,"sm0020","sm0340",9
1,"sm0020","sm0349",9
1,"sm0020","sm0351",10
1,"sm0020","sm0016",10
1,"sm0021","sm0104",1
1,"sm0021","sm0086",2
1,"sm0021","sm0316",2
1,"sm0021","sm0197",2
1,"sm0021","sm0041",2
1,"sm0021","sm0473",3
1,"sm0021","sm0431",5
1,"sm0021","sm0316",7
1,"sm0021","sm0438",7
1,"sm0021","sm0181",7
1,"sm0021","sm0364",7
1,"sm0021","sm0061",8
1,"sm0021","sm0040",8
1,"sm0021","sm0124",8
1,"sm0021","sm0225",9
1,"sm0021","sm0376",10
1,"sm0022","sm0170",1
1,"sm0022","sm0144",1
1,"sm0022","sm0233",1
1,"sm0022","sm0051",2
1,"sm0022","sm0096",2
1,"sm0022","sm0160",2
1,"sm0022","sm0062",3
1,"sm0022","sm0418",3
1,"sm0022","sm0377",4
1,"sm0022","sm0255",4
1,"sm0022","sm0101",5
1,"sm0022","sm0263",7
1,"sm0022","sm0196",7
1,"sm0022","sm0033",9
1,"sm0022","sm0363",9
1,"sm0024","sm0092",1
1,"sm0024","sm0200",3
1,"sm0024","sm0225",3
1,"sm0024","sm0110",3
1,"sm0024","sm0006",4
1,"sm0024","sm0255",4
1,"sm0024","sm0293",5
1,"sm0024","sm0220",5
1,"sm0024","sm0329",5
1,"sm0024","sm0480",5
1,"sm0024","sm0289",7
1,"sm0024","sm0126",7
1,"sm0024","sm0410",8
1,"sm0024","sm0123",10
1,"sm0025","sm0080",2
1,"sm0025","sm0020",2
1,"sm0025","sm0191",2
1,"sm0025","sm0196",2
1,"sm0025","sm0059",3
1,"sm0025","sm0199",3
1,"sm0025","sm0147",3
1,"sm0025","sm0148",5
1,"sm0025","sm0163",5
1,"sm0025","sm0248",6
1,"sm0025","sm0337",6
1,"sm0025","sm0401",6
1,"sm0025","sm0188",6
1,"sm0025","sm0118",8
1,"sm0025","sm0266",8
1,"sm0025","sm0131",8
1,"sm0025","sm0163",9
1,"sm0025","sm0269",10
1,"sm0025","sm0064",10
1,"sm0025","sm0191",10
1,"sm0028","sm0199",1
1,"sm0028","sm0152",1
1,"sm0028","sm0143",1
1,"sm0028","sm0414",1
1,"sm0028","sm0071",2
1,"sm0028","sm0484",3
1,"sm0028","sm0041",3
1,"sm0028","sm0113",3
1,"sm0028","sm0118",4
1,"sm0028","sm0062",4
1,"sm0028","sm0230",4
1,"sm0028","sm0301",4
1,"sm0028","sm0258",5
1,"sm0028","sm0054",5
1,"sm0028","sm0397",5
1,"sm0028","sm0198",5
1,"sm0028","sm0414",6
1,"sm0028","sm0068",8
1,"sm0028","sm0473",8
1,"sm0028","sm0119",8
1,"sm0028","sm0200",9
1,"sm0028","sm0203",9
1,"sm0028","sm0349",9
1,"sm0028","sm0282",9
1,"sm0028","sm0333",10
1,"sm0028","sm0150",10
1,"sm0028","sm0112",10
1,"sm0029","sm0048",3
1,"sm0029","sm0109",3
1,"sm0029","sm0022",3
1,"sm0029","sm0306",3
1,"sm0029","sm0366",4
1,"sm0029","sm0216",5
1,"sm0029","sm0372",5
1,"sm0029","sm0262",5
1,"sm0029","sm0299",5
1,"sm0029","sm0068",6
1,"sm0029","sm0176",6
1,"sm0029","sm0159",6
1,"sm0029","sm0463",7
1,"sm0029","sm0013",8
1,"sm0029","sm0051",8
1,"sm0029","sm0344",8
1,"sm0029","sm0106",8
1,"sm0029","sm0484",10
1,"sm0029","sm0228",10
1,"sm0029","sm0282",10
1,"sm0029","sm0185",10
1,"sm0030","sm0264",4
1,"sm0030","sm0316",5
1,"sm0030","sm0309",5
1,"sm0030","sm0468",5
1,"sm0030","sm0428",5
1,"sm0030","sm0308",8
1,"sm0030","sm0343",8
1,"sm0030","sm0021",9
1,"sm0031","sm0352",1
1,"sm0031","sm0465",3
1,"sm0031","sm0071",3
1,"sm0031","sm0210",3
1,"sm0031","sm0291",4
1,"sm0031","sm0117",4
1,"sm0031","sm0200",4
1,"sm0031","sm0461",5
1,"sm0031","sm0474",5
1,"sm0031","sm0048",6
1,"sm0031","sm0040",6
1,"sm0031","sm0238",6
1,"sm0031","sm0355",6
1,"sm0031","sm0429",7
1,"sm0031","sm0157",7
1,"sm0031","sm0416",7
1,"sm0031","sm0250",8
1,"sm0031","sm0377",8
1,"sm0031","sm0256",8
1,"sm0031","sm0347",9
1,"sm0031","sm0333",9
1,"sm0031","sm0238",9
1,"sm0031","sm0219",10
1,"sm0031","sm0429",10
1,"sm0031","sm0156",10
1,"sm0033","sm0229",1
1,"sm0033","sm0188",1
1,"sm0033","sm0153",1
1,"sm0033","sm0040",2
1,"sm0033","sm0128",3
1,"sm0033","sm0288",3
1,"sm0033","sm0101",4
1,"sm0033","sm0143",5
1,"sm0033","sm0343",5
1,"sm0033","sm0125",5
1,"sm0033","sm0185",5
1,"sm0033","sm0351",6
1,"sm0033","sm0227",7
1,"sm0033","sm0131",7
1,"sm0033","sm0030",7
1,"sm0033","sm0003",7
1,"sm0033","sm0270",8
1,"sm0033","sm0319",9
1,"sm0033","sm0094",9
1,"sm0033","sm0432",9
1,"sm0033","sm0364",10
1,"sm0034","sm0197",1
1,"sm0034","sm0124",1
1,"sm0034","sm0432",2
1,"sm0034","sm0230",3
1,"sm0034","sm0143",3
1,"sm0034","sm0427",3
1,"sm0034","sm0238",4
1,"sm0034","sm0010",4
1,"sm0034","sm0413",4
1,"sm0034","sm0371",4
1,"sm0034","sm0270",5
1,"sm0034","sm0007",5
1,"sm0034","sm0116",5
1,"sm0034","sm0326",6
1,"sm0034","sm0213",7
1,"sm0034","sm0385",7
1,"sm0034","sm0495",7
1,"sm0034","sm0051",7
1,"sm0034","sm0308",8
1,"sm0034","sm0225",8
1,"sm0034","sm0322",8
1,"sm0034","sm0080",8
1,"sm0034","sm0228",9
1,"sm0034","sm0196",9
1,"sm0034","sm0010",9
1,"sm0034","sm0227",9
1,"sm0034","sm0202",10
1,"sm0034","sm0191",10
1,"sm0035","sm0458",1
1,"sm0035","sm0163",2
1,"sm0035","sm0452",2
1,"sm0035","sm0251",2
1,"sm0035","sm0312",3
1,"sm0035","sm0076",3
1,"sm0035","sm0188",6
1,"sm0035","sm0364",7
1,"sm0035","sm0139",8
1,"sm0035","sm0036",8
1,"sm0035","sm0289",8
1,"sm0035","sm0077",8
1,"sm0035","sm0138",10
1,"sm0036","sm0342",1
1,"sm0036","sm0269",2
1,"sm0036","sm0319",2
1,"sm0036","sm0498",2
1,"sm0036","sm0180",3
1,"sm0036","sm0342",3
1,"sm0036","sm0293",3
1,"sm0036","sm0317",3
1,"sm0036","sm0174",4
1,"sm0036","sm0034",5
1,"sm0036","sm0154",5
1,"sm0036","sm0074",5
1,"sm0036","sm0385",6
1,"sm0036","sm0393",6
1,"sm0036","sm0071",6
1,"sm0036","sm0494",7
1,"sm0036","sm0222",8
1,"sm0036","sm0002",8
1,"sm0036","sm0152",9
1,"sm0036","sm0427",9
1,"sm0036","sm0040",9
1,"sm0036","sm0417",10
1,"sm0036","sm0047",10
1,"sm0036","sm0452",10
1,"sm0037","sm0288",2
1,"sm0037","sm0298",2
1,"sm0037","sm0313",3
1,"sm0037","sm0159",4
1,"sm0037","sm0333",4
1,"sm0037","sm0053",5
1,"sm0037","sm0424",5
1,"sm0037","sm0212",5
1,"sm0037","sm0327",5
1,"sm0037","sm0039",6
1,"sm0037","sm0304",6
1,"sm0037","sm0067",6
1,"sm0037","sm0091",7
1,"sm0037","sm0100",7
1,"sm0037","sm0247",7
1,"sm0037","sm0282",8
1,"sm0037","sm0131",8
1,"sm0037","sm0084",9
1,"sm0037","sm0263",9
1,"sm0037","sm0304",9
1,"sm0037","sm0104",10
1,"sm0039","sm0417",1
1,"sm0039","sm0055",1
1,"sm0039","sm0188",1
1,"sm0039","sm0488",1
1,"sm0039","sm0464",2
1,"sm0039","sm0282",2
1,"sm0039","sm0371",2
1,"sm0039","sm0110",3
1,"sm0039","sm0379",3
1,"sm0039","sm0157",3
1,"sm0039","sm0252",3
1,"sm0039","sm0126",4
1,"sm0039","sm0064",4
1,"sm0039","sm0077",5
1,"sm0039","sm0125",5
1,"sm0039","sm0461",5
1,"sm0039","sm0254",5
1,"sm0039","sm0425",7
1,"sm0039","sm0442",8
1,"sm0039","sm0293",8
1,"sm0039","sm0109",8
1,"sm0039","sm0082",8
1,"sm0039","sm0174",9
1,"sm0039","sm0426",9
1,"sm0039","sm0405",10
1,"sm0039","sm0164",10
1,"sm0039","sm0007",10
1,"sm0040","sm0351",1
1,"sm0040","sm0411",1
1,"sm0040","sm0197",2
1,"sm0040","sm0363",2
1,"sm0040","sm0435",4
1,"sm0040","sm0339",4
1,"sm0040","sm0389",4
1,"sm0040","sm0298",5
1,"sm0040","sm0126",5
1,"sm0040","sm0077",5
1,"sm0040","sm0138",5
1,"sm0040","sm0030",6
1,"sm0040","sm0464",6
1,"sm0040","sm0186",9
1,"sm0040","sm0082",9
1,"sm0040","sm0250",9
1,"sm0040","sm0174",10
1,"sm0040","sm0012",10
1,"sm0040","sm0300",10
1,"sm0041","sm0116",1
1,"sm0041","sm0223",1
1,"sm0041","sm0192",1
1,"sm0041","sm0126",2
1,"sm0041","sm0147",2
1,"sm0041","sm0254",2
1,"sm0041","sm0019",2
1,"sm0041","sm0204",3
1,"sm0041","sm0079",3
1,"sm0041","sm0157",5
1,"sm0041","sm0237",5
1,"sm0041","sm0140",5
1,"sm0041","sm0185",7
1,"sm0041","sm0302",10
1,"sm0041","sm0355",10
1,"sm0042","sm0071",1
1,"sm0042","sm0321",1
1,"sm0042","sm0317",1
1,"sm0042","sm0220",2
1,"sm0042","sm0458",2
1,"sm0042","sm0112",2
1,"sm0042","sm0021",3
1,"sm0042","sm0169",3
1,"sm0042","sm0343",4
1,"sm0042","sm0040",4
1,"sm0042","sm0016",4
1,"sm0042","sm0212",4
1,"sm0042","sm0248",5
1,"sm0042","sm0372",5
1,"sm0042","sm0220",5
1,"sm0042","sm0220",7
1,"sm0042","sm0379",7
1,"sm0042","sm0120",7
1,"sm0042","sm0263",7
1,"sm0042","sm0122",8
1,"sm0042","sm0466",8
1,"sm0042","sm0383",8
1,"sm0042","sm0159",9
1,"sm0042","sm0321",9
1,"sm0042","sm0040",10
1,"sm0042","sm0418",10
1,"sm0046","sm0340",1
1,"sm0046","sm0022",1
1,"sm0046","sm0384",2
1,"sm0046","sm0363",3
1,"sm0046","sm0092",3
1,"sm0046","sm0416",3
1,"sm0046","sm0468",3
1,"sm0046","sm0063",4
1,"sm0046","sm0225",4
1,"sm0046","sm0384",4
1,"sm0046","sm0250",4
1,"sm0046","sm0150",6
1,"sm0046","sm0050",6
1,"sm0046","sm0012",9
1,"sm0046","sm0170",9
1,"sm0046","sm0034",9
1,"sm0047","sm0247",2
1,"sm0047","sm0117",2
1,"sm0047","sm0134",2
1,"sm0047","sm0074",2
1,"sm0047","sm0324",3
1,"sm0047","sm0218",3
1,"sm0047","sm0431",3
1,"sm0047","sm0126",3
1,"sm0047","sm0405",4
1,"sm0047","sm0232",6
1,"sm0047","sm0464",6
1,"sm0047","sm0062",6
1,"sm0047","sm0449",7
1,"sm0047","sm0219",7
1,"sm0047","sm0400",7
1,"sm0047","sm0154",7
1,"sm0047","sm0227",8
1,"sm0047","sm0428",9
1,"sm0047","sm0414",9
1,"sm0047","sm0264",9
1,"sm0047","sm0020",9
1,"sm0047","sm0437",10
1,"sm0048","sm0188",2
1,"sm0048","sm0138",3
1,"sm0048","sm0354",3
1,"sm0048","sm0116",3
1,"sm0048","sm0385",3
1,"sm0048","sm0064",5
1,"sm0048","sm0105",6
1,"sm0048","sm0351",7
1,"sm0048","sm0452",8
1,"sm0048","sm0091",8
1,"sm0048","sm0158",9
1,"sm0048","sm0368",9
1,"sm0048","sm0385",10
1,"sm0050","sm0222",1
1,"sm0050","sm0294",1
1,"sm0050","sm0277",1
1,"sm0050","sm0466",1
1,"sm0050","sm0039",2
1,"sm0050","sm0322",2
1,"sm0050","sm0404",2
1,"sm0050","sm0340",3
1,"sm0050","sm0263",3
1,"sm0050","sm0012",3
1,"sm0050","sm0081",3
1,"sm0050","sm0208",4
1,"sm0050","sm0133",5
1,"sm0050","sm0432",5
1,"sm0050","sm0427",7
1,"sm0050","sm0052",7
1,"sm0050","sm0469",8
1,"sm0050","sm0212",10
1,"sm0050","sm0119",10
1,"sm0050","sm0140",10
1,"sm0051","sm0478",2
1,"sm0051","sm0218",2
1,"sm0051","sm0116",2
1,"sm0051","sm0416",3
1,"sm0051","sm0466",4
1,"sm0051","sm0406",4
1,"sm0051","sm0046",4
1,"sm0051","sm0064",5
1,"sm0051","sm0143",5
1,"sm0051","sm0289",6
1,"sm0051","sm0212",6
1,"sm0051","sm0368",6
1,"sm0051","sm0094",7
1,"sm0051","sm0128",7
1,"sm0051","sm0127",7
1,"sm0051","sm0478",8
1,"sm0051","sm0227",8
1,"sm0051","sm0358",8
1,"sm0051","sm0379",9
1,"sm0051","sm0421",9
1,"sm0051","sm0299",10
1,"sm0051","sm0252",10
1,"sm0051","sm0329",10
1,"sm0051","sm0237",10
1,"sm0052","sm0003",1
1,"sm0052","sm0443",2
1,"sm0052","sm0342",4
1,"sm0052","sm0036",4
1,"sm0052","sm0113",5
1,"sm0052","sm0289",5
1,"sm0052","sm0304",5
1,"sm0052","sm0212",6
1,"sm0052","sm0349",6
1,"sm0052","sm0063",6
1,"sm0052","sm0344",6
1,"sm0052","sm0087",7
1,"sm0052","sm0152",8
1,"sm0052","sm0118",8
1,"sm0052","sm0256",9
1,"sm0052","sm0225",10
1,"sm0053","sm0159",1
1,"sm0053","sm0017",1
1,"sm0053","sm0039",2
1,"sm0053","sm0463",2
1,"sm0053","sm0160",2
1,"sm0053","sm0086",2
1,"sm0053","sm0397",3
1,"sm0053","sm0088",3
1,"sm0053","sm0358",3
1,"sm0053","sm0081",4
1,"sm0053","sm0313",4
1,"sm0053","sm0354",4
1,"sm0053","sm0372",4
1,"sm0053","sm0312",5
1,"sm0053","sm0254",5
1,"sm0053","sm0417",6
1,"sm0053","sm0034",6
1,"sm0053","sm0250",6
1,"sm0053","sm0383",6
1,"sm0053","sm0029",7
1,"sm0053","sm0270",7
1,"sm0053","sm0064",8
1,"sm0053","sm0154",8
1,"sm0053","sm0132",8
1,"sm0053","sm0088",8
1,"sm0053","sm0490",9
1,"sm0053","sm0141",10
1,"sm0053","sm0465",10
1,"sm0053","sm0109",10
1,"sm0054","sm0289",1
1,"sm0054","sm0016",1
1,"sm0054","sm0415",1
1,"sm0054","sm0377",1
1,"sm0054","sm0154",3
1,"sm0054","sm0476",4
1,"sm0054","sm0096",4
1,"sm0054","sm0414",4
1,"sm0054","sm0180",5
1,"sm0054","sm0150",5
1,"sm0054","sm0324",5
1,"sm0054","sm0451",6
1,"sm0054","sm0218",7
1,"sm0054","sm0381",7
1,"sm0054","sm0242",7
1,"sm0054","sm0243",9
1,"sm0054","sm0186",9
1,"sm0054","sm0372",10
1,"sm0055","sm0167",1
1,"sm0055","sm0110",1
1,"sm0055","sm0209",1
1,"sm0055","sm0224",2
1,"sm0055","sm0405",3
1,"sm0055","sm0138",3
1,"sm0055","sm0333",3
1,"sm0055","sm0076",4
1,"sm0055","sm0368",4
1,"sm0055","sm0368",6
1,"sm0055","sm0121",6
1,"sm0055","sm0160",6
1,"sm0055","sm0126",6
1,"sm0055","sm0332",7
1,"sm0055","sm0455",9
1,"sm0055","sm0325",9
1,"sm0055","sm0367",10
1,"sm0055","sm0159",10
1,"sm0055","sm0144",10
1,"sm0058","sm0096",1
1,"sm0058","sm0302",2
1,"sm0058","sm0325",5
1,"sm0058","sm0003",5
1,"sm0058","sm0210",5
1,"sm0058","sm0191",6
1,"sm0058","sm0344",6
1,"sm0058","sm0160",7
1,"sm0058","sm0255",7
1,"sm0058","sm0340",7
1,"sm0058","sm0326",8
1,"sm0058","sm0316",8
1,"sm0058","sm0347",8
1,"sm0058","sm0484",8
1,"sm0058","sm0275",9
1,"sm0058","sm0148",9
1,"sm0058","sm0291",9
1,"sm0058","sm0022",10
1,"sm0058","sm0076",10
1,"sm0058","sm0451",10
1,"sm0058","sm0256",10
1,"sm0059","sm0108",1
1,"sm0059","sm0418",1
1,"sm0059","sm0315",2
1,"sm0059","sm0052",2
1,"sm0059","sm0370",2
1,"sm0059","sm0143",2
1,"sm0059","sm0187",3
1,"sm0059","sm0198",3
1,"sm0059","sm0435",3
1,"sm0059","sm0393",4
1,"sm0059","sm0120",4
1,"sm0059","sm0191",4
1,"sm0059","sm0060",6
1,"sm0059","sm0086",6
1,"sm0059","sm0351",7
1,"sm0059","sm0132",7
1,"sm0059","sm0368",8
1,"sm0059","sm0393",9
1,"sm0059","sm0074",9
1,"sm0059","sm0254",9
1,"sm0059","sm0476",9
1,"sm0060","sm0230",1
1,"sm0060","sm0275",1
1,"sm0060","sm0262",1
1,"sm0060","sm0232",1
1,"sm0060","sm0067",2
1,"sm0060","sm0476",3
1,"sm0060","sm0381",3
1,"sm0060","sm0304",3
1,"sm0060","sm0197",6
1,"sm0060","sm0147",8
1,"sm0060","sm0355",8
1,"sm0060","sm0017",8
1,"sm0060","sm0231",9
1,"sm0060","sm0490",9
1,"sm0060","sm0126",9
1,"sm0060","sm0291",9
1,"sm0060","sm0315",10
1,"sm0060","sm0100",10
1,"sm0060","sm0119",10
1,"sm0060","sm0384",10
1,"sm0061","sm0170",1
1,"sm0061","sm0427",1
1,"sm0061","sm0091",1
1,"sm0061","sm0013",1
1,"sm0061","sm0100",2
1,"sm0061","sm0108",3
1,"sm0061","sm0476",3
1,"sm0061","sm0169",3
1,"sm0061","sm0030",4
1,"sm0061","sm0118",5
1,"sm0061","sm0262",5
1,"sm0061","sm0033",5
1,"sm0061","sm0364",5
1,"sm0061","sm0276",6
1,"sm0061","sm0213",6
1,"sm0061","sm0138",7
1,"sm0061","sm0352",9
1,"sm0061","sm0163",10
1,"sm0061","sm0354",10
1,"sm0062","sm0327",2
1,"sm0062","sm0050",2
1,"sm0062","sm0480",2
1,"sm0062","sm0163",3
1,"sm0062","sm0022",4
1,"sm0062","sm0490",4
1,"sm0062","sm0413",6
1,"sm0062","sm0154",7
1,"sm0062","sm0434",7
1,"sm0062","sm0007",9
1,"sm0062","sm0329",9
1,"sm0062","sm0041",10
1,"sm0062","sm0324",10
1,"sm0063","sm0293",1
1,"sm0063","sm0123",1
1,"sm0063","sm0188",1
1,"sm0063","sm0342",1
1,"sm0063","sm0370",3
1,"sm0063","sm0183",3
1,"sm0063","sm0264",4
1,"sm0063","sm0449",5
1,"sm0063","sm0256",5
1,"sm0063","sm0393",5
1,"sm0063","sm0054",6
1,"sm0063","sm0180",6
1,"sm0063","sm0031",6
1,"sm0063","sm0299",9
1,"sm0063","sm0332",10
1,"sm0064","sm0003",1
1,"sm0064","sm0152",1
1,"sm0064","sm0256",2
1,"sm0064","sm0088",2
1,"sm0064","sm0148",3
1,"sm0064","sm0437",3
1,"sm0064","sm0133",3
1,"sm0064","sm0269",3
1,"sm0064","sm0427",5
1,"sm0064","sm0443",5
1,"sm0064","sm0209",6
1,"sm0064","sm0465",6
1,"sm0064","sm0480",7
1,"sm0064","sm0329",7
1,"sm0064","sm0401",7
1,"sm0064","sm0248",7
1,"sm0064","sm0116",8
1,"sm0064","sm0474",8
1,"sm0064","sm0052",9
1,"sm0064","sm0289",9
1,"sm0064","sm0405",9
1,"sm0064","sm0178",9
1,"sm0064","sm0315",10
1,"sm0064","sm0382",10
1,"sm0067","sm0367",1
1,"sm0067","sm0055",1
1,"sm0067","sm0230",1
1,"sm0067","sm0319",2
1,"sm0067","sm0400",3
1,"sm0067","sm0185",3
1,"sm0067","sm0358",4
1,"sm0067","sm0322",4
1,"sm0067","sm0203",6
1,"sm0067","sm0034",6
1,"sm0067","sm0105",7
1,"sm0067","sm0437",7
1,"sm0067","sm0060",7
1,"sm0067","sm0237",7
1,"sm0067","sm0054",8
1,"sm0067","sm0494",8
1,"sm0067","sm0068",8
1,"sm0067","sm0288",8
1,"sm0067","sm0437",9
1,"sm0067","sm0050",9
1,"sm0067","sm0022",10
1,"sm0067","sm0232",10
1,"sm0067","sm0079",10
1,"sm0068","sm0122",1
1,"sm0068","sm0025",1
1,"sm0068","sm0445",1
1,"sm0068","sm0210",2
1,"sm0068","sm0429",2
1,"sm0068","sm0220",2
1,"sm0068","sm0410",4
1,"sm0068","sm0203",4
1,"sm0068","sm0157",4
1,"sm0068","sm0464",4
1,"sm0068","sm0212",5
1,"sm0068","sm0034",6
1,"sm0068","sm0112",6
1,"sm0068","sm0058",6
1,"sm0068","sm0469",6
1,"sm0068","sm0036",7
1,"sm0068","sm0321",7
1,"sm0068","sm0347",8
1,"sm0068","sm0126",8
1,"sm0068","sm0037",8
1,"sm0068","sm0316",8
1,"sm0068","sm0148",9
1,"sm0068","sm0063",9
1,"sm0068","sm0483",9
1,"sm0068","sm0217",9
1,"sm0071","sm0112",1
1,"sm0071","sm0079",1
1,"sm0071","sm0431",2
1,"sm0071","sm0372",3
1,"sm0071","sm0389",3
1,"sm0071","sm0041",5
1,"sm0071","sm0266",6
1,"sm0071","sm0474",6
1,"sm0071","sm0237",6
1,"sm0071","sm0128",7
1,"sm0071","sm0434",7
1,"sm0071","sm0218",7
1,"sm0071","sm0091",8
1,"sm0071","sm0484",10
1,"sm0071","sm0248",10
1,"sm0072","sm0313",1
1,"sm0072","sm0355",1
1,"sm0072","sm0266",2
1,"sm0072","sm0170",2
1,"sm0072","sm0197",3
1,"sm0072","sm0248",4
1,"sm0072","sm0077",4
1,"sm0072","sm0197",5
1,"sm0072","sm0401",6
1,"sm0072","sm0422",7
1,"sm0072","sm0106",8
1,"sm0072","sm0452",8
1,"sm0072","sm0143",10
1,"sm0072","sm0074",10
1,"sm0072","sm0200",10
1,"sm0072","sm0312",10
1,"sm0074","sm0291",1
1,"sm0074","sm0401",1
1,"sm0074","sm0160",1
1,"sm0074","sm0122",2
1,"sm0074","sm0052",2
1,"sm0074","sm0259",2
1,"sm0074","sm0298",2
1,"sm0074","sm0375",4
1,"sm0074","sm0081",4
1,"sm0074","sm0219",5
1,"sm0074","sm0253",5
1,"sm0074","sm0127",5
1,"sm0074","sm0271",5
1,"sm0074","sm0449",6
1,"sm0074","sm0021",6
1,"sm0074","sm0266",6
1,"sm0074","sm0327",7
1,"sm0074","sm0405",8
1,"sm0074","sm0093",8
1,"sm0074","sm0306",8
1,"sm0074","sm0364",9
1,"sm0074","sm0312",9
1,"sm0074","sm0059",9
1,"sm0074","sm0124",9
1,"sm0074","sm0406",10
1,"sm0074","sm0082",10
1,"sm0074","sm0355",10
1,"sm0074","sm0209",10
1,"sm0076","sm0247",1
1,"sm0076","sm0178",2
1,"sm0076","sm0175",2
1,"sm0076","sm0495",3
1,"sm0076","sm0252",3
1,"sm0076","sm0372",4
1,"sm0076","sm0199",4
1,"sm0076","sm0281",5
1,"sm0076","sm0317",5
1,"sm0076","sm0039",5
1,"sm0076","sm0230",6
1,"sm0076","sm0128",6
1,"sm0076","sm0113",7
1,"sm0076","sm0406",7
1,"sm0076","sm0442",8
1,"sm0076","sm0271",8
1,"sm0076","sm0003",8
1,"sm0076","sm0054",8
1,"sm0076","sm0480",9
1,"sm0076","sm0263",9
1,"sm0076","sm0046",9
1,"sm0076","sm0017",9
1,"sm0076","sm0120",10
1,"sm0076","sm0329",10
1,"sm0076","sm0025",10
1,"sm0077","sm0406",1
1,"sm0077","sm0304",1
1,"sm0077","sm0477",3
1,"sm0077","sm0087",4
1,"sm0077","sm0156",4
1,"sm0077","sm0424",5
1,"sm0077","sm0337",6
1,"sm0077","sm0053",6
1,"sm0077","sm0309",6
1,"sm0077","sm0041",8
1,"sm0077","sm0327",8
1,"sm0077","sm0405",8
1,"sm0077","sm0141",9
1,"sm0077","sm0087",9
1,"sm0077","sm0080",10
1,"sm0077","sm0327",10
1,"sm0077","sm0394",10
1,"sm0079","sm0055",1
1,"sm0079","sm0186",1
1,"sm0079","sm0097",2
1,"sm0079","sm0304",2
1,"sm0079","sm0474",2
1,"sm0079","sm0229",2
1,"sm0079","sm0230",3
1,"sm0079","sm0158",3
1,"sm0079","sm0281",4
1,"sm0079","sm0091",4
1,"sm0079","sm0347",4
1,"sm0079","sm0312",4
1,"sm0079","sm0048",5
1,"sm0079","sm0352",6
1,"sm0079","sm0269",6
1,"sm0079","sm0117",7
1,"sm0079","sm0191",7
1,"sm0079","sm0359",8
1,"sm0079","sm0262",8
1,"sm0079","sm0413",9
1,"sm0079","sm0355",9
1,"sm0079","sm0366",9
1,"sm0079","sm0112",9
1,"sm0079","sm0415",10
1,"sm0079","sm0443",10
1,"sm0079","sm0144",10
1,"sm0080","sm0153",1
1,"sm0080","sm0019",1
1,"sm0080","sm0255",1
1,"sm0080","sm0393",1
1,"sm0080","sm0061",2
1,"sm0080","sm0411",2
1,"sm0080","sm0181",3
1,"sm0080","sm0200",3
1,"sm0080","sm0148",3
1,"sm0080","sm0358",3
1,"sm0080","sm0013",4
1,"sm0080","sm0269",4
1,"sm0080","sm0010",5
1,"sm0080","sm0164",5
1,"sm0080","sm0016",5
1,"sm0080","sm0457",5
1,"sm0080","sm0093",6
1,"sm0080","sm0087",6
1,"sm0080","sm0039",7
1,"sm0080","sm0247",7
1,"sm0080","sm0261",7
1,"sm0080","sm0354",8
1,"sm0080","sm0068",8
1,"sm0080","sm0219",8
1,"sm0080","sm0277",8
1,"sm0080","sm0042",9
1,"sm0080","sm0087",9
1,"sm0080","sm0428",10
1,"sm0080","sm0101",10
1,"sm0081","sm0262",1
1,"sm0081","sm0319",2
1,"sm0081","sm0258",2
1,"sm0081","sm0490",3
1,"sm0081","sm0289",3
1,"sm0081","sm0152",3
1,"sm0081","sm0021",3
1,"sm0081","sm0134",4
1,"sm0081","sm0063",6
1,"sm0081","sm0067",9
1,"sm0081","sm0332",9
1,"sm0081","sm0160",9
1,"sm0081","sm0364",9
1,"sm0081","sm0053",10
1,"sm0082","sm0238",1
1,"sm0082","sm0354",1
1,"sm0082","sm0422",1
1,"sm0082","sm0096",1
1,"sm0082","sm0382",2
1,"sm0082","sm0208",3
1,"sm0082","sm0217",3
1,"sm0082","sm0301",3
1,"sm0082","sm0053",4
1,"sm0082","sm0072",4
1,"sm0082","sm0087",4
1,"sm0082","sm0227",5
1,"sm0082","sm0048",6
1,"sm0082","sm0434",6
1,"sm0082","sm0404",7
1,"sm0082","sm0473",7
1,"sm0082","sm0263",8
1,"sm0082","sm0134",8
1,"sm0082","sm0270",8
1,"sm0082","sm0249",8
1,"sm0082","sm0302",9
1,"sm0082","sm0147",9
1,"sm0082","sm0317",9
1,"sm0082","sm0426",9
1,"sm0084","sm0060",1
1,"sm0084","sm0348",1
1,"sm0084","sm0224",2
1,"sm0084","sm0249",2
1,"sm0084","sm0313",2
1,"sm0084","sm0298",3
1,"sm0084","sm0152",3
1,"sm0084","sm0209",3
1,"sm0084","sm0034",4
1,"sm0084","sm0101",5
1,"sm0084","sm0178",5
1,"sm0084","sm0428",6
1,"sm0084","sm0148",6
1,"sm0084","sm0121",6
1,"sm0084","sm0064",7
1,"sm0084","sm0197",7
1,"sm0084","sm0072",7
1,"sm0084","sm0262",8
1,"sm0084","sm0007",10
1,"sm0086","sm0368",2
1,"sm0086","sm0210",2
1,"sm0086","sm0072",2
1,"sm0086","sm0163",2
1,"sm0086","sm0198",3
1,"sm0086","sm0109",3
1,"sm0086","sm0020",4
1,"sm0086","sm0394",4
1,"sm0086","sm0247",5
1,"sm0086","sm0233",6
1,"sm0086","sm0036",9
1,"sm0086","sm0378",9
1,"sm0086","sm0302",9
1,"sm0086","sm0120",10
1,"sm0087","sm0461",1
1,"sm0087","sm0227",1
1,"sm0087","sm0431",1
1,"sm0087","sm0196",2
1,"sm0087","sm0281",2
1,"sm0087","sm0465",2
1,"sm0087","sm0094",3
1,"sm0087","sm0101",3
1,"sm0087","sm0277",4
1,"sm0087","sm0293",4
1,"sm0087","sm0324",4
1,"sm0087","sm0393",6
1,"sm0087","sm0351",8
1,"sm0087","sm0047",8
1,"sm0087","sm0426",8
1,"sm0087","sm0062",9
1,"sm0087","sm0034",10
1,"sm0087","sm0452",10
1,"sm0087","sm0118",10
1,"sm0087","sm0037",10
1,"sm0088","sm0476",1
1,"sm0088","sm0393",1
1,"sm0088","sm0470",2
1,"sm0088","sm0178",2
1,"sm0088","sm0202",2
1,"sm0088","sm0424",2
1,"sm0088","sm0384",4
1,"sm0088","sm0304",5
1,"sm0088","sm0444",5
1,"sm0088","sm0180",5
1,"sm0088","sm0133",5
1,"sm0088","sm0150",6
1,"sm0088","sm0054",6
1,"sm0088","sm0040",7
1,"sm0088","sm0448",7
1,"sm0088","sm0469",7
1,"sm0088","sm0080",8
1,"sm0088","sm0058",8
1,"sm0088","sm0007",8
1,"sm0088","sm0181",10
1,"sm0088","sm0086",10
1,"sm0089","sm0076",1
1,"sm0089","sm0316",1
1,"sm0089","sm0462",3
1,"sm0089","sm0068",3
1,"sm0089","sm0488",3
1,"sm0089","sm0197",3
1,"sm0089","sm0087",4
1,"sm0089","sm0116",4
1,"sm0089","sm0269",4
1,"sm0089","sm0184",5
1,"sm0089","sm0094",5
1,"sm0089","sm0302",6
1,"sm0089","sm0376",6
1,"sm0089","sm0029",7
1,"sm0089","sm0156",9
1,"sm0089","sm0144",9
1,"sm0089","sm0054",9
1,"sm0089","sm0469",9
1,"sm0091","sm0064",1
1,"sm0091","sm0339",1
1,"sm0091","sm0364",1
1,"sm0091","sm0476",1
1,"sm0091","sm0061",2
1,"sm0091","sm0093",2
1,"sm0091","sm0241",2
1,"sm0091","sm0280",2
1,"sm0091","sm0178",3
1,"sm0091","sm0250",3
1,"sm0091","sm0367",3
1,"sm0091","sm0122",3
1,"sm0091","sm0347",5
1,"sm0091","sm0122",5
1,"sm0091","sm0254",5
1,"sm0091","sm0404",6
1,"sm0091","sm0157",6
1,"sm0091","sm0263",7
1,"sm0091","sm0477",7
1,"sm0091","sm0164",9
1,"sm0091","sm0385",9
1,"sm0091","sm0298",9
1,"sm0091","sm0202",10
1,"sm0091","sm0118",10
1,"sm0092","sm0366",1
1,"sm0092","sm0086",1
1,"sm0092","sm0333",2
1,"sm0092","sm0277",2
1,"sm0092","sm0449",3
1,"sm0092","sm0381",4
1,"sm0092","sm0020",4
1,"sm0092","sm0383",4
1,"sm0092","sm0370",4
1,"sm0092","sm0488",5
1,"sm0092","sm0379",5
1,"sm0092","sm0219",5
1,"sm0092","sm0020",7
1,"sm0092","sm0344",9
1,"sm0092","sm0378",9
1,"sm0092","sm0269",10
1,"sm0093","sm0063",3
1,"sm0093","sm0238",3
1,"sm0093","sm0299",4
1,"sm0093","sm0030",4
1,"sm0093","sm0110",4
1,"sm0093","sm0164",4
1,"sm0093","sm0229",6
1,"sm0093","sm0466",7
1,"sm0093","sm0081",7
1,"sm0093","sm0055",8
1,"sm0093","sm0154",8
1,"sm0093","sm0384",9
1,"sm0093","sm0209",9
1,"sm0093","sm0289",9
1,"sm0093","sm0062",10
1,"sm0093","sm0339",10
1,"sm0093","sm0363",10
1,"sm0093","sm0376",10
1,"sm0094","sm0249",2
1,"sm0094","sm0370",3
1,"sm0094","sm0024",4
1,"sm0094","sm0225",4
1,"sm0094","sm0088",4
1,"sm0094","sm0116",6
1,"sm0094","sm0430",6
1,"sm0094","sm0271",6
1,"sm0094","sm0390",7
1,"sm0094","sm0002",7
1,"sm0094","sm0293",7
1,"sm0094","sm0497",8
1,"sm0094","sm0150",10
1,"sm0094","sm0046",10
1,"sm0094","sm0393",10
1,"sm0096","sm0306",1
1,"sm0096","sm0332",2
1,"sm0096","sm0034",2
1,"sm0096","sm0319",4
1,"sm0096","sm0458",4
1,"sm0096","sm0227",4
1,"sm0096","sm0259",4
1,"sm0096","sm0002",5
1,"sm0096","sm0428",5
1,"sm0096","sm0254",6
1,"sm0096","sm0478",7
1,"sm0096","sm0035",7
1,"sm0096","sm0434",8
1,"sm0096","sm0185",8
1,"sm0096","sm0165",8
1,"sm0096","sm0390",8
1,"sm0096","sm0134",9
1,"sm0097","sm0383",1
1,"sm0097","sm0400",1
1,"sm0097","sm0431",1
1,"sm0097","sm0397",2
1,"sm0097","sm0170",3
1,"sm0097","sm0022",4
1,"sm0097","sm0196",4
1,"sm0097","sm0424",4
1,"sm0097","sm0031",5
1,"sm0097","sm0293",7
1,"sm0097","sm0354",7
1,"sm0097","sm0077",8
1,"sm0097","sm0400",9
1,"sm0097","sm0017",9
1,"sm0097","sm0233",10
1,"sm0097","sm0252",10
1,"sm0097","sm0271",10
1,"sm0100","sm0237",1
1,"sm0100","sm0473",1
1,"sm0100","sm0025",1
1,"sm0100","sm0364",1
1,"sm0100","sm0469",4
1,"sm0100","sm0210",4
1,"sm0100","sm0256",4
1,"sm0100","sm0120",4
1,"sm0100","sm0116",6
1,"sm0100","sm0192",6
1,"sm0100","sm0490",7
1,"sm0100","sm0013",7
1,"sm0100","sm0153",7
1,"sm0100","sm0094",7
1,"sm0100","sm0379",8
1,"sm0100","sm0210",8
1,"sm0100","sm0390",8
1,"sm0100","sm0340",8
1,"sm0100","sm0289",9
1,"sm0100","sm0469",9
1,"sm0100","sm0322",10
1,"sm0100","sm0364",10
1,"sm0100","sm0019",10
1,"sm0100","sm0393",10
1,"sm0101","sm0256",1
1,"sm0101","sm0061",1
1,"sm0101","sm0120",1
1,"sm0101","sm0188",1
1,"sm0101","sm0117",2
1,"sm0101","sm0473",3
1,"sm0101","sm0202",3
1,"sm0101","sm0120",3
1,"sm0101","sm0017",3
1,"sm0101","sm0242",4
1,"sm0101","sm0258",5
1,"sm0101","sm0375",5
1,"sm0101","sm0141",5
1,"sm0101","sm0188",5
1,"sm0101","sm0327",6
1,"sm0101","sm0055",6
1,"sm0101","sm0163",6
1,"sm0101","sm0061",7
1,"sm0101","sm0147",7
1,"sm0101","sm0233",7
1,"sm0101","sm0438",7
1,"sm0101","sm0343",8
1,"sm0101","sm0469",10
1,"sm0104","sm0435",2
1,"sm0104","sm0281",2
1,"sm0104","sm0212",2
1,"sm0104","sm0210",3
1,"sm0104","sm0053",3
1,"sm0104","sm0466",3
1,"sm0104","sm0147",4
1,"sm0104","sm0242",4
1,"sm0104","sm0470",4
1,"sm0104","sm0126",6
1,"sm0104","sm0097",6
1,"sm0104","sm0067",6
1,"sm0104","sm0100",8
1,"sm0104","sm0417",8
1,"sm0104","sm0291",8
1,"sm0104","sm0128",8
1,"sm0104","sm0127",9
1,"sm0104","sm0259",9
1,"sm0104","sm0429",10
1,"sm0104","sm0291",10
1,"sm0105","sm0241",2
1,"sm0105","sm0010",3
1,"sm0105","sm0112",3
1,"sm0105","sm0188",3
1,"sm0105","sm0224",4
1,"sm0105","sm0169",5
1,"sm0105","sm0051",5
1,"sm0105","sm0490",6
1,"sm0105","sm0096",8
1,"sm0105","sm0100",8
1,"sm0105","sm0352",9
1,"sm0105","sm0116",9
1,"sm0105","sm0052",9
1,"sm0105","sm0483",9
1,"sm0105","sm0013",10
1,"sm0105","sm0108",10
1,"sm0105","sm0062",10
1,"sm0105","sm0021",10
1,"sm0106","sm0347",2
1,"sm0106","sm0414",2
1,"sm0106","sm0185",2
1,"sm0106","sm0300",3
1,"sm0106","sm0495",3
1,"sm0106","sm0351",5
1,"sm0106","sm0202",5
1,"sm0106","sm0192",5
1,"sm0106","sm0141",8
1,"sm0106","sm0141",9
1,"sm0106","sm0317",9
1,"sm0106","sm0158",9
1,"sm0106","sm0289",9
1,"sm0108","sm0163",1
1,"sm0108","sm0495",1
1,"sm0108","sm0037",2
1,"sm0108","sm0001",3
1,"sm0108","sm0368",4
1,"sm0108","sm0068",4
1,"sm0108","sm0434",4
1,"sm0108","sm0184",4
1,"sm0108","sm0477",6
1,"sm0108","sm0227",6
1,"sm0108","sm0289",7
1,"sm0108","sm0455",7
1,"sm0108","sm0367",8
1,"sm0108","sm0415",8
1,"sm0108","sm0495",9
1,"sm0108","sm0270",9
1,"sm0108","sm0029",9
1,"sm0108","sm0378",10
1,"sm0108","sm0377",10
1,"sm0108","sm0401",10
1,"sm0108","sm0191",10
1,"sm0109","sm0164",1
1,"sm0109","sm0241",1
1,"sm0109","sm0251",2
1,"sm0109","sm0105",2
1,"sm0109","sm0379",2
1,"sm0109","sm0133",2
1,"sm0109","sm0077",4
1,"sm0109","sm0452",4
1,"sm0109","sm0277",4
1,"sm0109","sm0208",5
1,"sm0109","sm0416",5
1,"sm0109","sm0116",5
1,"sm0109","sm0262",6
1,"sm0109","sm0156",6
1,"sm0109","sm0254",7
1,"sm0109","sm0319",7
1,"sm0109","sm0367",7
1,"sm0109","sm0079",9
1,"sm0109","sm0020",9
1,"sm0109","sm0413",10
1,"sm0109","sm0196",10
1,"sm0109","sm0213",10
1,"sm0109","sm0466",10
1,"sm0110","sm0299",1
1,"sm0110","sm0394",1
1,"sm0110","sm0131",1
1,"sm0110","sm0495",2
1,"sm0110","sm0281",2
1,"sm0110","sm0088",3
1,"sm0110","sm0210",3
1,"sm0110","sm0158",3
1,"sm0110","sm0427",3
1,"sm0110","sm0368",5
1,"sm0110","sm0347",5
1,"sm0110","sm0104",5
1,"sm0110","sm0232",6
1,"sm0110","sm0422",6
1,"sm0110","sm0084",7
1,"sm0110","sm0116",7
1,"sm0110","sm0054",8
1,"sm0110","sm0249",8
1,"sm0110","sm0058",8
1,"sm0110","sm0430",8
1,"sm0110","sm0406",9
1,"sm0110","sm0431",10
1,"sm0110","sm0169",10
1,"sm0110","sm0468",10
1,"sm0112","sm0416",1
1,"sm0112","sm0490",1
1,"sm0112","sm0352",2
1,"sm0112","sm0081",2
1,"sm0112","sm0198",4
1,"sm0112","sm0404",4
1,"sm0112","sm0063",4
1,"sm0112","sm0184",4
1,"sm0112","sm0119",6
1,"sm0112","sm0238",6
1,"sm0112","sm0223",6
1,"sm0112","sm0113",6
1,"sm0112","sm0003",7
1,"sm0112","sm0333",8
1,"sm0112","sm0430",8
1,"sm0112","sm0087",8
1,"sm0112","sm0091",8
1,"sm0112","sm0153",10
1,"sm0113","sm0150",2
1,"sm0113","sm0400",2
1,"sm0113","sm0281",3
1,"sm0113","sm0438",3
1,"sm0113","sm0293",3
1,"sm0113","sm0420",3
1,"sm0113","sm0484",4
1,"sm0113","sm0415",5
1,"sm0113","sm0224",5
1,"sm0113","sm0158",5
1,"sm0113","sm0131",5
1,"sm0113","sm0185",6
1,"sm0113","sm0112",6
1,"sm0113","sm0242",6
1,"sm0113","sm0437",6
1,"sm0113","sm0050",7
1,"sm0113","sm0384",7
1,"sm0113","sm0301",7
1,"sm0113","sm0209",8
1,"sm0113","sm0241",9
1,"sm0113","sm0104",9
1,"sm0116","sm0455",1
1,"sm0116","sm0344",1
1,"sm0116","sm0321",2
1,"sm0116","sm0169",2
1,"sm0116","sm0082",2
1,"sm0116","sm0264",2
1,"sm0116","sm0197",3
1,"sm0116","sm0198",3
1,"sm0116","sm0188",5
1,"sm0116","sm0370",5
1,"sm0116","sm0326",5
1,"sm0116","sm0375",6
1,"sm0116","sm0317",6
1,"sm0116","sm0212",7
1,"sm0116","sm0381",7
1,"sm0116","sm0210",8
1,"sm0116","sm0024",8
1,"sm0116","sm0047",8
1,"sm0116","sm0451",9
1,"sm0116","sm0055",9
1,"sm0116","sm0021",9
1,"sm0116","sm0081",9
1,"sm0116","sm0375",10
1,"sm0116","sm0293",10
1,"sm0116","sm0118",10
1,"sm0117","sm0088",1
1,"sm0117","sm0337",1
1,"sm0117","sm0428",1
1,"sm0117","sm0355",3
1,"sm0117","sm0041",3
1,"sm0117","sm0048",4
1,"sm0117","sm0413",6
1,"sm0117","sm0445",6
1,"sm0117","sm0465",6
1,"sm0117","sm0123",9
1,"sm0117","sm0250",9
1,"sm0117","sm0497",10
1,"sm0118","sm0364",1
1,"sm0118","sm0270",2
1,"sm0118","sm0223",2
1,"sm0118","sm0283",2
1,"sm0118","sm0153",3
1,"sm0118","sm0094",4
1,"sm0118","sm0384",4
1,"sm0118","sm0271",4
1,"sm0118","sm0232",4
1,"sm0118","sm0394",5
1,"sm0118","sm0152",5
1,"sm0118","sm0422",6
1,"sm0118","sm0132",6
1,"sm0118","sm0430",7
1,"sm0118","sm0261",9
1,"sm0118","sm0443",9
1,"sm0118","sm0422",9
1,"sm0118","sm0445",10
1,"sm0118","sm0317",10
1,"sm0118","sm0116",10
1,"sm0119","sm0420",1
1,"sm0119","sm0225",1
1,"sm0119","sm0431",1
1,"sm0119","sm0174",1
1,"sm0119","sm0342",2
1,"sm0119","sm0435",2
1,"sm0119","sm0176",2
1,"sm0119","sm0147",2
1,"sm0119","sm0288",3
1,"sm0119","sm0271",3
1,"sm0119","sm0283",4
1,"sm0119","sm0158",4
1,"sm0119","sm0330",4
1,"sm0119","sm0108",5
1,"sm0119","sm0465",5
1,"sm0119","sm0415",6
1,"sm0119","sm0384",6
1,"sm0119","sm0250",6
1,"sm0119","sm0480",7
1,"sm0119","sm0378",8
1,"sm0119","sm0156",9
1,"sm0119","sm0280",9
1,"sm0119","sm0319",10
1,"sm0119","sm0413",10
1,"sm0120","sm0237",2
1,"sm0120","sm0466",2
1,"sm0120","sm0170",6
1,"sm0120","sm0225",6
1,"sm0120","sm0363",7
1,"sm0120","sm0077",7
1,"sm0120","sm0452",9
1,"sm0120","sm0060",9
1,"sm0120","sm0330",9
1,"sm0120","sm0017",9
1,"sm0120","sm0119",10
1,"sm0120","sm0466",10
1,"sm0120","sm0225",10
1,"sm0120","sm0072",10
1,"sm0121","sm0476",1
1,"sm0121","sm0125",2
1,"sm0121","sm0473",2
1,"sm0121","sm0230",3
1,"sm0121","sm0344",3
1,"sm0121","sm0192",3
1,"sm0121","sm0185",4
1,"sm0121","sm0036",5
1,"sm0121","sm0420",5
1,"sm0121","sm0253",5
1,"sm0121","sm0261",6
1,"sm0121","sm0167",7
1,"sm0121","sm0266",7
1,"sm0121","sm0233",7
1,"sm0121","sm0315",8
1,"sm0121","sm0003",8
1,"sm0121","sm0068",8
1,"sm0121","sm0037",9
1,"sm0121","sm0476",9
1,"sm0121","sm0218",9
1,"sm0121","sm0322",9
1,"sm0121","sm0241",10
1,"sm0122","sm0176",1
1,"sm0122","sm0276",2
1,"sm0122","sm0262",2
1,"sm0122","sm0165",2
1,"sm0122","sm0477",3
1,"sm0122","sm0054",3
1,"sm0122","sm0489",3
1,"sm0122","sm0002",4
1,"sm0122","sm0164",4
1,"sm0122","sm0123",4
1,"sm0122","sm0340",5
1,"sm0122","sm0327",5
1,"sm0122","sm0218",6
1,"sm0122","sm0306",7
1,"sm0122","sm0061",7
1,"sm0122","sm0199",9
1,"sm0122","sm0288",10
1,"sm0123","sm0003",1
1,"sm0123","sm0228",1
1,"sm0123","sm0228",2
1,"sm0123","sm0164",2
1,"sm0123","sm0270",3
1,"sm0123","sm0478",3
1,"sm0123","sm0263",4
1,"sm0123","sm0091",5
1,"sm0123","sm0084",6
1,"sm0123","sm0476",7
1,"sm0123","sm0055",7
1,"sm0123","sm0042",8
1,"sm0123","sm0055",8
1,"sm0123","sm0401",8
1,"sm0123","sm0183",8
1,"sm0123","sm0425",9
1,"sm0123","sm0187",9
1,"sm0123","sm0298",9
1,"sm0123","sm0156",10
1,"sm0123","sm0301",10
1,"sm0124","sm0046",1
1,"sm0124","sm0170",1
1,"sm0124","sm0074",2
1,"sm0124","sm0020",2
1,"sm0124","sm0488",2
1,"sm0124","sm0352",2
1,"sm0124","sm0406",3
1,"sm0124","sm0082",3
1,"sm0124","sm0340",4
1,"sm0124","sm0003",4
1,"sm0124","sm0270",4
1,"sm0124","sm0007",5
1,"sm0124","sm0112",5
1,"sm0124","sm0383",5
1,"sm0124","sm0170",6
1,"sm0124","sm0007",6
1,"sm0124","sm0264",7
1,"sm0124","sm0404",7
1,"sm0124","sm0238",7
1,"sm0124","sm0270",7
1,"sm0124","sm0126",8
1,"sm0124","sm0275",9
1,"sm0124","sm0203",9
1,"sm0125","sm0474",1
1,"sm0125","sm0383",1
1,"sm0125","sm0452",2
1,"sm0125","sm0271",3
1,"sm0125","sm0241",3
1,"sm0125","sm0259",3
1,"sm0125","sm0434",4
1,"sm0125","sm0293",6
1,"sm0125","sm0225",6
1,"sm0125","sm0081",6
1,"sm0125","sm0048",7
1,"sm0125","sm0352",7
1,"sm0125","sm0313",7
1,"sm0125","sm0156",8
1,"sm0125","sm0124",8
1,"sm0125","sm0397",8
1,"sm0125","sm0490",8
1,"sm0125","sm0458",9
1,"sm0126","sm0119",1
1,"sm0126","sm0047",1
1,"sm0126","sm0118",1
1,"sm0126","sm0343",2
1,"sm0126","sm0125",2
1,"sm0126","sm0170",3
1,"sm0126","sm0498",4
1,"sm0126","sm0124",4
1,"sm0126","sm0199",4
1,"sm0126","sm0192",5
1,"sm0126","sm0328",6
1,"sm0126","sm0476",7
1,"sm0126","sm0451",7
1,"sm0126","sm0230",8
1,"sm0126","sm0209",8
1,"sm0126","sm0288",8
1,"sm0126","sm0495",9
1,"sm0126","sm0354",9
1,"sm0126","sm0431",9
1,"sm0126","sm0282",10
1,"sm0127","sm0319",1
1,"sm0127","sm0494",1
1,"sm0127","sm0383",1
1,"sm0127","sm0016",1
1,"sm0127","sm0216",2
1,"sm0127","sm0047",2
1,"sm0127","sm0007",2
1,"sm0127","sm0178",3
1,"sm0127","sm0141",3
1,"sm0127","sm0261",3
1,"sm0127","sm0139",4
1,"sm0127","sm0180",5
1,"sm0127","sm0093",5
1,"sm0127","sm0293",6
1,"sm0127","sm0326",6
1,"sm0127","sm0461",6
1,"sm0127","sm0376",7
1,"sm0127","sm0084",7
1,"sm0127","sm0242",7
1,"sm0127","sm0120",7
1,"sm0127","sm0007",8
1,"sm0127","sm0405",8
1,"sm0127","sm0218",8
1,"sm0127","sm0490",9
1,"sm0127","sm0200",10
1,"sm0127","sm0315",10
1,"sm0127","sm0316",10
1,"sm0127","sm0217",10
1,"sm0128","sm0306",1
1,"sm0128","sm0431",1
1,"sm0128","sm0352",2
1,"sm0128","sm0063",2
1,"sm0128","sm0329",2
1,"sm0128","sm0382",3
1,"sm0128","sm0383",5
1,"sm0128","sm0152",5
1,"sm0128","sm0154",6
1,"sm0128","sm0063",6
1,"sm0128","sm0288",6
1,"sm0128","sm0125",7
1,"sm0128","sm0293",7
1,"sm0128","sm0174",7
1,"sm0128","sm0251",8
1,"sm0128","sm0231",8
1,"sm0128","sm0262",9
1,"sm0128","sm0443",9
1,"sm0128","sm0120",9
1,"sm0131","sm0143",1
1,"sm0131","sm0237",1
1,"sm0131","sm0192",1
1,"sm0131","sm0393",1
1,"sm0131","sm0421",2
1,"sm0131","sm0364",2
1,"sm0131","sm0202",2
1,"sm0131","sm0233",2
1,"sm0131","sm0495",3
1,"sm0131","sm0308",3
1,"sm0131","sm0377",3
1,"sm0131","sm0435",3
1,"sm0131","sm0203",4
1,"sm0131","sm0196",5
1,"sm0131","sm0470",5
1,"sm0131","sm0105",6
1,"sm0131","sm0127",6
1,"sm0131","sm0022",6
1,"sm0131","sm0280",6
1,"sm0131","sm0100",7
1,"sm0131","sm0143",8
1,"sm0131","sm0457",8
1,"sm0131","sm0269",8
1,"sm0131","sm0367",8
1,"sm0131","sm0389",9
1,"sm0131","sm0213",10
1,"sm0131","sm0490",10
1,"sm0131","sm0381",10
1,"sm0131","sm0437",10
1,"sm0132","sm0050",1
1,"sm0132","sm0367",1
1,"sm0132","sm0200",1
1,"sm0132","sm0175",1
1,"sm0132","sm0269",2
1,"sm0132","sm0393",2
1,"sm0132","sm0181",2
1,"sm0132","sm0128",3
1,"sm0132","sm0251",3
1,"sm0132","sm0196",3
1,"sm0132","sm0199",3
1,"sm0132","sm0047",4
1,"sm0132","sm0249",7
1,"sm0132","sm0426",7
1,"sm0132","sm0337",7
1,"sm0132","sm0125",7
1,"sm0132","sm0169",8
1,"sm0132","sm0371",8
1,"sm0132","sm0377",8
1,"sm0132","sm0140",10
1,"sm0132","sm0258",10
1,"sm0132","sm0181",10
1,"sm0132","sm0270",10
1,"sm0133","sm0469",2
1,"sm0133","sm0293",2
1,"sm0133","sm0154",2
1,"sm0133","sm0444",3
1,"sm0133","sm0217",3
1,"sm0133","sm0414",3
1,"sm0133","sm0139",3
1,"sm0133","sm0230",4
1,"sm0133","sm0100",4
1,"sm0133","sm0158",4
1,"sm0133","sm0294",5
1,"sm0133","sm0378",5
1,"sm0133","sm0426",5
1,"sm0133","sm0087",6
1,"sm0133","sm0037",6
1,"sm0133","sm0134",6
1,"sm0133","sm0141",6
1,"sm0133","sm0125",7
1,"sm0133","sm0252",8
1,"sm0133","sm0359",10
1,"sm0133","sm0390",10
1,"sm0133","sm0393",10
1,"sm0133","sm0200",10
1,"sm0134","sm0217",1
1,"sm0134","sm0141",1
1,"sm0134","sm0389",1
1,"sm0134","sm0489",2
1,"sm0134","sm0434",4
1,"sm0134","sm0309",5
1,"sm0134","sm0254",5
1,"sm0134","sm0251",6
1,"sm0134","sm0275",6
1,"sm0134","sm0178",6
1,"sm0134","sm0084",7
1,"sm0134","sm0033",7
1,"sm0134","sm0216",7
1,"sm0134","sm0138",7
1,"sm0134","sm0156",8
1,"sm0134","sm0174",8
1,"sm0134","sm0437",8
1,"sm0134","sm0463",9
1,"sm0134","sm0448",9
1,"sm0134","sm0010",10
1,"sm0134","sm0327",10
1,"sm0134","sm0036",10
1,"sm0134","sm0186",10
1,"sm0138","sm0250",1
1,"sm0138","sm0252",1
1,"sm0138","sm0474",1
1,"sm0138","sm0254",1
1,"sm0138","sm0416",3
1,"sm0138","sm0127",3
1,"sm0138","sm0354",3
1,"sm0138","sm0167",3
1,"sm0138","sm0299",4
1,"sm0138","sm0275",4
1,"sm0138","sm0464",4
1,"sm0138","sm0359",6
1,"sm0138","sm0178",6
1,"sm0138","sm0003",6
1,"sm0138","sm0126",6
1,"sm0138","sm0366",7
1,"sm0138","sm0001",7
1,"sm0138","sm0480",7
1,"sm0138","sm0055",8
1,"sm0138","sm0461",10
1,"sm0139","sm0219",1
1,"sm0139","sm0143",1
1,"sm0139","sm0249",2
1,"sm0139","sm0252",3
1,"sm0139","sm0054",3
1,"sm0139","sm0092",4
1,"sm0139","sm0463",4
1,"sm0139","sm0457",5
1,"sm0139","sm0167",6
1,"sm0139","sm0204",7
1,"sm0139","sm0163",7
1,"sm0139","sm0031",8
1,"sm0139","sm0133",8
1,"sm0139","sm0058",8
1,"sm0139","sm0377",9
1,"sm0139","sm0431",9
1,"sm0139","sm0254",9
1,"sm0139","sm0185",9
1,"sm0139","sm0225",10
1,"sm0139","sm0415",10
1,"sm0139","sm0262",10
1,"sm0140","sm0385",1
1,"sm0140","sm0184",1
1,"sm0140","sm0420",1
1,"sm0140","sm0405",2
1,"sm0140","sm0003",2
1,"sm0140","sm0424",2
1,"sm0140","sm0178",2
1,"sm0140","sm0178",4
1,"sm0140","sm0059",4
1,"sm0140","sm0256",4
1,"sm0140","sm0016",6
1,"sm0140","sm0118",6
1,"sm0140","sm0012",6
1,"sm0140","sm0247",9
1,"sm0140","sm0495",9
1,"sm0140","sm0384",9
1,"sm0140","sm0325",10
1,"sm0140","sm0280",10
1,"sm0141","sm0097",1
1,"sm0141","sm0002",1
1,"sm0141","sm0091",2
1,"sm0141","sm0086",2
1,"sm0141","sm0210",2
1,"sm0141","sm0359",3
1,"sm0141","sm0385",4
1,"sm0141","sm0047",5
1,"sm0141","sm0358",5
1,"sm0141","sm0010",5
1,"sm0141","sm0051",5
1,"sm0141","sm0288",7
1,"sm0141","sm0411",7
1,"sm0141","sm0382",7
1,"sm0141","sm0121",8
1,"sm0141","sm0063",8
1,"sm0141","sm0301",8
1,"sm0141","sm0061",9
1,"sm0141","sm0421",10
1,"sm0141","sm0134",10
1,"sm0141","sm0169",10
1,"sm0141","sm0074",10
1,"sm0143","sm0233",2
1,"sm0143","sm0238",2
1,"sm0143","sm0243",2
1,"sm0143","sm0213",3
1,"sm0143","sm0417",3
1,"sm0143","sm0118",5
1,"sm0143","sm0498",5
1,"sm0143","sm0219",6
1,"sm0143","sm0262",6
1,"sm0143","sm0379",6
1,"sm0143","sm0159",6
1,"sm0143","sm0126",7
1,"sm0143","sm0148",7
1,"sm0143","sm0382",9
1,"sm0143","sm0354",9
1,"sm0143","sm0406",9
1,"sm0143","sm0232",9
1,"sm0143","sm0071",10
1,"sm0143","sm0144",10
1,"sm0144","sm0169",1
1,"sm0144","sm0394",1
1,"sm0144","sm0117",3
1,"sm0144","sm0462",3
1,"sm0144","sm0347",3
1,"sm0144","sm0119",3
1,"sm0144","sm0457",4
1,"sm0144","sm0140",4
1,"sm0144","sm0053",5
1,"sm0144","sm0116",7
1,"sm0144","sm0088",7
1,"sm0144","sm0360",7
1,"sm0144","sm0343",7
1,"sm0144","sm0141",8
1,"sm0144","sm0143",8
1,"sm0144","sm0438",8
1,"sm0144","sm0147",9
1,"sm0144","sm0400",10
1,"sm0144","sm0060",10
1,"sm0147","sm0047",3
1,"sm0147","sm0249",3
1,"sm0147","sm0251",3
1,"sm0147","sm0424",3
1,"sm0147","sm0289",5
1,"sm0147","sm0437",5
1,"sm0147","sm0483",5
1,"sm0147","sm0033",6
1,"sm0147","sm0477",7
1,"sm0147","sm0352",7
1,"sm0147","sm0164",7
1,"sm0147","sm0383",9
1,"sm0147","sm0063",10
1,"sm0147","sm0488",10
1,"sm0147","sm0462",10
1,"sm0147","sm0364",10
1,"sm0148","sm0112",1
1,"sm0148","sm0165",3
1,"sm0148","sm0494",3
1,"sm0148","sm0319",3
1,"sm0148","sm0464",4
1,"sm0148","sm0003",4
1,"sm0148","sm0141",5
1,"sm0148","sm0289",5
1,"sm0148","sm0383",5
1,"sm0148","sm0165",7
1,"sm0148","sm0241",7
1,"sm0148","sm0076",7
1,"sm0148","sm0298",8
1,"sm0148","sm0154",8
1,"sm0148","sm0021",9
1,"sm0148","sm0192",9
1,"sm0148","sm0110",10
1,"sm0148","sm0181",10
1,"sm0150","sm0224",1
1,"sm0150","sm0322",1
1,"sm0150","sm0417",1
1,"sm0150","sm0180",1
1,"sm0150","sm0134",2
1,"sm0150","sm0264",2
1,"sm0150","sm0061",2
1,"sm0150","sm0254",2
1,"sm0150","sm0382",4
1,"sm0150","sm0243",5
1,"sm0150","sm0229",7
1,"sm0150","sm0390",7
1,"sm0150","sm0405",7
1,"sm0150","sm0429",7
1,"sm0150","sm0497",8
1,"sm0150","sm0147",9
1,"sm0150","sm0411",9
1,"sm0150","sm0122",9
1,"sm0150","sm0124",9
1,"sm0150","sm0340",10
1,"sm0150","sm0222",10
1,"sm0150","sm0309",10
1,"sm0152","sm0393",2
1,"sm0152","sm0400",3
1,"sm0152","sm0016",3
1,"sm0152","sm0478",5
1,"sm0152","sm0326",5
1,"sm0152","sm0035",5
1,"sm0152","sm0266",6
1,"sm0152","sm0077",6
1,"sm0152","sm0232",7
1,"sm0152","sm0123",8
1,"sm0152","sm0337",8
1,"sm0152","sm0304",10
1,"sm0152","sm0326",10
1,"sm0153","sm0254",1
1,"sm0153","sm0238",1
1,"sm0153","sm0204",2
1,"sm0153","sm0025",2
1,"sm0153","sm0006",2
1,"sm0153","sm0001",3
1,"sm0153","sm0092",4
1,"sm0153","sm0033",5
1,"sm0153","sm0106",5
1,"sm0153","sm0154",6
1,"sm0153","sm0299",6
1,"sm0153","sm0124",6
1,"sm0153","sm0101",7
1,"sm0153","sm0006",8
1,"sm0153","sm0124",9
1,"sm0153","sm0263",9
1,"sm0153","sm0060",9
1,"sm0153","sm0003",10
1,"sm0154","sm0138",1
1,"sm0154","sm0437",1
1,"sm0154","sm0108",1
1,"sm0154","sm0488",1
1,"sm0154","sm0191",2
1,"sm0154","sm0457",2
1,"sm0154","sm0218",2
1,"sm0154","sm0339",2
1,"sm0154","sm0247",3
1,"sm0154","sm0428",3
1,"sm0154","sm0185",3
1,"sm0154","sm0437",3
1,"sm0154","sm0181",5
1,"sm0154","sm0281",5
1,"sm0154","sm0448",5
1,"sm0154","sm0100",6
1,"sm0154","sm0283",6
1,"sm0154","sm0430",6
1,"sm0154","sm0458",6
1,"sm0154","sm0366",8
1,"sm0154","sm0202",8
1,"sm0154","sm0277",9
1,"sm0154","sm0379",9
1,"sm0154","sm0106",9
1,"sm0154","sm0242",9
1,"sm0154","sm0488",10
1,"sm0154","sm0086",10
1,"sm0154","sm0128",10
1,"sm0156","sm0082",1
1,"sm0156","sm0053",1
1,"sm0156","sm0091",2
1,"sm0156","sm0242",2
1,"sm0156","sm0227",3
1,"sm0156","sm0218",3
1,"sm0156","sm0020",3
1,"sm0156","sm0187",4
1,"sm0156","sm0141",4
1,"sm0156","sm0258",4
1,"sm0156","sm0122",4
1,"sm0156","sm0079",5
1,"sm0156","sm0484",5
1,"sm0156","sm0276",6
1,"sm0156","sm0473",7
1,"sm0156","sm0294",7
1,"sm0156","sm0024",8
1,"sm0156","sm0112",9
1,"sm0156","sm0148",9
1,"sm0156","sm0055",9
1,"sm0156","sm0443",9
1,"sm0156","sm0494",10
1,"sm0156","sm0352",10
1,"sm0156","sm0175",10
1,"sm0156","sm0127",10
1,"sm0157","sm0036",1
1,"sm0157","sm0231",1
1,"sm0157","sm0219",1
1,"sm0157","sm0020",1
1,"sm0157","sm0229",2
1,"sm0157","sm0449",3
1,"sm0157","sm0020",3
1,"sm0157","sm0298",3
1,"sm0157","sm0021",3
1,"sm0157","sm0079",4
1,"sm0157","sm0352",4
1,"sm0157","sm0489",5
1,"sm0157","sm0061",5
1,"sm0157","sm0264",6
1,"sm0157","sm0081",6
1,"sm0157","sm0175",7
1,"sm0157","sm0317",8
1,"sm0157","sm0081",10
1,"sm0157","sm0210",10
1,"sm0157","sm0196",10
1,"sm0157","sm0469",10
1,"sm0158","sm0042",1
1,"sm0158","sm0124",2
1,"sm0158","sm0248",2
1,"sm0158","sm0165",5
1,"sm0158","sm0093",6
1,"sm0158","sm0462",7
1,"sm0158","sm0375",7
1,"sm0158","sm0332",8
1,"sm0158","sm0051",8
1,"sm0158","sm0077",8
1,"sm0158","sm0063",8
1,"sm0158","sm0288",9
1,"sm0158","sm0174",9
1,"sm0158","sm0382",9
1,"sm0158","sm0003",9
1,"sm0158","sm0192",10
1,"sm0158","sm0067",10
1,"sm0159","sm0174",1
1,"sm0159","sm0378",1
1,"sm0159","sm0465",1
1,"sm0159","sm0344",4
1,"sm0159","sm0263",4
1,"sm0159","sm0497",4
1,"sm0159","sm0393",5
1,"sm0159","sm0181",5
1,"sm0159","sm0140",5
1,"sm0159","sm0112",6
1,"sm0159","sm0230",7
1,"sm0159","sm0224",7
1,"sm0159","sm0052",7
1,"sm0159","sm0316",7
1,"sm0159","sm0343",9
1,"sm0159","sm0269",10
1,"sm0160","sm0259",1
1,"sm0160","sm0186",1
1,"sm0160","sm0192",2
1,"sm0160","sm0252",2
1,"sm0160","sm0321",3
1,"sm0160","sm0048",4
1,"sm0160","sm0288",4
1,"sm0160","sm0231",6
1,"sm0160","sm0039",6
1,"sm0160","sm0280",6
1,"sm0160","sm0118",7
1,"sm0160","sm0451",7
1,"sm0160","sm0448",7
1,"sm0160","sm0007",7
1,"sm0160","sm0466",9
1,"sm0160","sm0183",9
1,"sm0160","sm0061",9
1,"sm0160","sm0128",9
1,"sm0160","sm0348",10
1,"sm0160","sm0269",10
1,"sm0163","sm0354",1
1,"sm0163","sm0444",1
1,"sm0163","sm0425",3
1,"sm0163","sm0186",3
1,"sm0163","sm0039",3
1,"sm0163","sm0062",4
1,"sm0163","sm0064",4
1,"sm0163","sm0132",4
1,"sm0163","sm0230",4
1,"sm0163","sm0001",5
1,"sm0163","sm0418",5
1,"sm0163","sm0352",5
1,"sm0163","sm0258",7
1,"sm0163","sm0452",7
1,"sm0163","sm0030",7
1,"sm0163","sm0223",8
1,"sm0163","sm0228",8
1,"sm0163","sm0266",9
1,"sm0163","sm0012",9
1,"sm0163","sm0322",10
1,"sm0163","sm0134",10
1,"sm0164","sm0106",1
1,"sm0164","sm0217",1
1,"sm0164","sm0178",2
1,"sm0164","sm0131",2
1,"sm0164","sm0442",3
1,"sm0164","sm0466",3
1,"sm0164","sm0397",4
1,"sm0164","sm0259",4
1,"sm0164","sm0187",5
1,"sm0164","sm0340",5
1,"sm0164","sm0228",7
1,"sm0164","sm0271",7
1,"sm0164","sm0389",7
1,"sm0164","sm0477",7
1,"sm0164","sm0222",9
1,"sm0164","sm0084",10
1,"sm0164","sm0333",10
1,"sm0164","sm0299",10
1,"sm0165","sm0271",1
1,"sm0165","sm0156",4
1,"sm0165","sm0276",4
1,"sm0165","sm0041",4
1,"sm0165","sm0376",4
1,"sm0165","sm0358",5
1,"sm0165","sm0230",5
1,"sm0165","sm0109",6
1,"sm0165","sm0266",6
1,"sm0165","sm0204",6
1,"sm0165","sm0097",7
1,"sm0165","sm0061",7
1,"sm0165","sm0261",8
1,"sm0165","sm0420",8
1,"sm0165","sm0192",8
1,"sm0165","sm0191",9
1,"sm0165","sm0249",10
1,"sm0165","sm0317",10
1,"sm0165","sm0087",10
1,"sm0167","sm0153",1
1,"sm0167","sm0163",1
1,"sm0167","sm0462",3
1,"sm0167","sm0132",4
1,"sm0167","sm0198",4
1,"sm0167","sm0036",5
1,"sm0167","sm0382",6
1,"sm0167","sm0430",6
1,"sm0167","sm0192",6
1,"sm0167","sm0087",6
1,"sm0167","sm0354",7
1,"sm0167","sm0118",7
1,"sm0167","sm0438",8
1,"sm0167","sm0452",10
1,"sm0169","sm0321",2
1,"sm0169","sm0325",2
1,"sm0169","sm0308",4
1,"sm0169","sm0269",4
1,"sm0169","sm0384",4
1,"sm0169","sm0117",4
1,"sm0169","sm0196",5
1,"sm0169","sm0141",5
1,"sm0169","sm0470",6
1,"sm0169","sm0421",7
1,"sm0169","sm0299",7
1,"sm0169","sm0191",8
1,"sm0169","sm0247",10
1,"sm0169","sm0220",10
1,"sm0169","sm0430",10
1,"sm0169","sm0469",10
1,"sm0170","sm0261",2
1,"sm0170","sm0238",2
1,"sm0170","sm0224",2
1,"sm0170","sm0462",3
1,"sm0170","sm0355",3
1,"sm0170","sm0094",4
1,"sm0170","sm0495",4
1,"sm0170","sm0319",4
1,"sm0170","sm0315",4
1,"sm0170","sm0397",6
1,"sm0170","sm0112",6
1,"sm0170","sm0375",6
1,"sm0170","sm0364",7
1,"sm0170","sm0105",8
1,"sm0170","sm0329",8
1,"sm0170","sm0435",8
1,"sm0170","sm0256",8
1,"sm0170","sm0212",9
1,"sm0170","sm0298",9
1,"sm0170","sm0003",9
1,"sm0170","sm0242",9
1,"sm0170","sm0196",10
1,"sm0170","sm0089",10
1,"sm0174","sm0002",1
1,"sm0174","sm0415",1
1,"sm0174","sm0466",3
1,"sm0174","sm0411",3
1,"sm0174","sm0128",3
1,"sm0174","sm0275",3
1,"sm0174","sm0317",4
1,"sm0174","sm0263",6
1,"sm0174","sm0001",6
1,"sm0174","sm0170",6
1,"sm0174","sm0332",6
1,"sm0174","sm0354",8
1,"sm0174","sm0108",9
1,"sm0174","sm0416",10
1,"sm0174","sm0086",10
1,"sm0174","sm0175",10
1,"sm0175","sm0330",1
1,"sm0175","sm0082",2
1,"sm0175","sm0258",2
1,"sm0175","sm0328",3
1,"sm0175","sm0104",3
1,"sm0175","sm0480",3
1,"sm0175","sm0192",3
1,"sm0175","sm0484",4
1,"sm0175","sm0413",4
1,"sm0175","sm0017",4
1,"sm0175","sm0158",5
1,"sm0175","sm0344",6
1,"sm0175","sm0033",6
1,"sm0175","sm0042",6
1,"sm0175","sm0031",7
1,"sm0175","sm0060",8
1,"sm0175","sm0271",8
1,"sm0175","sm0126",9
1,"sm0175","sm0134",10
1,"sm0175","sm0122",10
1,"sm0176","sm0434",3
1,"sm0176","sm0041",3
1,"sm0176","sm0316",5
1,"sm0176","sm0106",7
1,"sm0176","sm0167",7
1,"sm0176","sm0134",8
1,"sm0176","sm0124",8
1,"sm0176","sm0030",8
1,"sm0178","sm0449",1
1,"sm0178","sm0013",1
1,"sm0178","sm0366",1
1,"sm0178","sm0181",2
1,"sm0178","sm0059",2
1,"sm0178","sm0101",3
1,"sm0178","sm0063",3
1,"sm0178","sm0470",4
1,"sm0178","sm0458",4
1,"sm0178","sm0139",4
1,"sm0178","sm0299",4
1,"sm0178","sm0200",5
1,"sm0178","sm0249",5
1,"sm0178","sm0196",5
1,"sm0178","sm0340",5
1,"sm0178","sm0443",6
1,"sm0178","sm0153",6
1,"sm0178","sm0231",7
1,"sm0178","sm0461",7
1,"sm0178","sm0198",7
1,"sm0178","sm0330",8
1,"sm0178","sm0258",8
1,"sm0178","sm0364",10
1,"sm0178","sm0175",10
1,"sm0180","sm0031",1
1,"sm0180","sm0116",2
1,"sm0180","sm0126",2
1,"sm0180","sm0054",3
1,"sm0180","sm0028",3
1,"sm0180","sm0181",3
1,"sm0180","sm0112",4
1,"sm0180","sm0183",4
1,"sm0180","sm0178",4
1,"sm0180","sm0442",4
1,"sm0180","sm0371",5
1,"sm0180","sm0028",5
1,"sm0180","sm0154",6
1,"sm0180","sm0124",6
1,"sm0180","sm0418",6
1,"sm0180","sm0068",6
1,"sm0180","sm0432",7
1,"sm0180","sm0444",8
1,"sm0180","sm0488",8
1,"sm0180","sm0243",8
1,"sm0180","sm0477",8
1,"sm0180","sm0405",9
1,"sm0180","sm0022",9
1,"sm0180","sm0110",9
1,"sm0180","sm0118",9
1,"sm0180","sm0017",10
1,"sm0181","sm0140",2
1,"sm0181","sm0302",2
1,"sm0181","sm0180",3
1,"sm0181","sm0469",3
1,"sm0181","sm0252",3
1,"sm0181","sm0054",3
1,"sm0181","sm0343",4
1,"sm0181","sm0068",4
1,"sm0181","sm0003",4
1,"sm0181","sm0022",5
1,"sm0181","sm0329",5
1,"sm0181","sm0101",5
1,"sm0181","sm0324",6
1,"sm0181","sm0125",6
1,"sm0181","sm0381",6
1,"sm0181","sm0317",6
1,"sm0181","sm0148",7
1,"sm0181","sm0429",7
1,"sm0181","sm0243",8
1,"sm0181","sm0216",8
1,"sm0181","sm0319",8
1,"sm0181","sm0300",9
1,"sm0181","sm0410",10
1,"sm0181","sm0186",10
1,"sm0183","sm0344",1
1,"sm0183","sm0139",1
1,"sm0183","sm0159",1
1,"sm0183","sm0364",2
1,"sm0183","sm0426",2
1,"sm0183","sm0216",3
1,"sm0183","sm0204",3
1,"sm0183","sm0377",3
1,"sm0183","sm0344",3
1,"sm0183","sm0457",5
1,"sm0183","sm0007",5
1,"sm0183","sm0119",6
1,"sm0183","sm0276",6
1,"sm0183","sm0468",6
1,"sm0183","sm0429",6
1,"sm0183","sm0448",7
1,"sm0183","sm0033",7
1,"sm0183","sm0198",7
1,"sm0183","sm0200",7
1,"sm0183","sm0072",8
1,"sm0183","sm0055",8
1,"sm0183","sm0067",8
1,"sm0183","sm0375",9
1,"sm0183","sm0109",9
1,"sm0183","sm0081",9
1,"sm0184","sm0366",1
1,"sm0184","sm0259",2
1,"sm0184","sm0299",2
1,"sm0184","sm0007",2
1,"sm0184","sm0160",3
1,"sm0184","sm0270",4
1,"sm0184","sm0051",5
1,"sm0184","sm0101",6
1,"sm0184","sm0203",6
1,"sm0184","sm0222",6
1,"sm0184","sm0156",6
1,"sm0184","sm0160",8
1,"sm0184","sm0317",8
1,"sm0184","sm0093",10
1,"sm0184","sm0024",10
1,"sm0184","sm0104",10
1,"sm0184","sm0040",10
1,"sm0185","sm0152",1
1,"sm0185","sm0397",2
1,"sm0185","sm0039",2
1,"sm0185","sm0167",2
1,"sm0185","sm0156",3
1,"sm0185","sm0455",3
1,"sm0185","sm0321",4
1,"sm0185","sm0030",4
1,"sm0185","sm0061",4
1,"sm0185","sm0308",5
1,"sm0185","sm0300",5
1,"sm0185","sm0483",7
1,"sm0185","sm0072",7
1,"sm0185","sm0051",7
1,"sm0185","sm0383",8
1,"sm0185","sm0315",8
1,"sm0185","sm0233",8
1,"sm0185","sm0347",8
1,"sm0185","sm0029",10
1,"sm0186","sm0250",1
1,"sm0186","sm0483",1
1,"sm0186","sm0339",1
1,"sm0186","sm0134",1
1,"sm0186","sm0229",2
1,"sm0186","sm0101",2
1,"sm0186","sm0174",2
1,"sm0186","sm0116",2
1,"sm0186","sm0432",4
1,"sm0186","sm0119",5
1,"sm0186","sm0302",6
1,"sm0186","sm0202",8
1,"sm0186","sm0261",8
1,"sm0186","sm0263",8
1,"sm0186","sm0293",8
1,"sm0186","sm0138",9
1,"sm0186","sm0200",9
1,"sm0187","sm0001",1
1,"sm0187","sm0175",1
1,"sm0187","sm0174",2
1,"sm0187","sm0216",3
1,"sm0187","sm0468",3
1,"sm0187","sm0378",3
1,"sm0187","sm0498",3
1,"sm0187","sm0443",5
1,"sm0187","sm0430",5
1,"sm0187","sm0379",5
1,"sm0187","sm0088",5
1,"sm0187","sm0332",7
1,"sm0187","sm0438",8
1,"sm0187","sm0352",8
1,"sm0187","sm0397",8
1,"sm0187","sm0381",9
1,"sm0187","sm0152",9
1,"sm0187","sm0192",9
1,"sm0187","sm0088",9
1,"sm0187","sm0058",10
1,"sm0187","sm0224",10
1,"sm0188","sm0034",2
1,"sm0188","sm0184",2
1,"sm0188","sm0293",2
1,"sm0188","sm0126",2
1,"sm0188","sm0400",4
1,"sm0188","sm0372",4
1,"sm0188","sm0048",4
1,"sm0188","sm0106",4
1,"sm0188","sm0418",5
1,"sm0188","sm0204",5
1,"sm0188","sm0209",5
1,"sm0188","sm0134",5
1,"sm0188","sm0319",6
1,"sm0188","sm0488",6
1,"sm0188","sm0393",6
1,"sm0188","sm0321",7
1,"sm0188","sm0169",7
1,"sm0188","sm0421",7
1,"sm0188","sm0262",7
1,"sm0188","sm0079",8
1,"sm0188","sm0254",8
1,"sm0188","sm0237",9
1,"sm0188","sm0416",10
1,"sm0188","sm0445",10
1,"sm0188","sm0254",10
1,"sm0191","sm0488",1
1,"sm0191","sm0055",2
1,"sm0191","sm0025",3
1,"sm0191","sm0087",3
1,"sm0191","sm0250",3
1,"sm0191","sm0077",4
1,"sm0191","sm0330",4
1,"sm0191","sm0432",4
1,"sm0191","sm0148",5
1,"sm0191","sm0271",5
1,"sm0191","sm0025",5
1,"sm0191","sm0197",5
1,"sm0191","sm0091",7
1,"sm0191","sm0007",8
1,"sm0191","sm0112",8
1,"sm0191","sm0333",8
1,"sm0191","sm0304",8
1,"sm0191","sm0047",9
1,"sm0191","sm0370",9
1,"sm0191","sm0175",9
1,"sm0192","sm0448",1
1,"sm0192","sm0041",1
1,"sm0192","sm0384",1
1,"sm0192","sm0258",2
1,"sm0192","sm0079",2
1,"sm0192","sm0452",2
1,"sm0192","sm0096",2
1,"sm0192","sm0100",4
1,"sm0192","sm0055",4
1,"sm0192","sm0354",4
1,"sm0192","sm0176",4
1,"sm0192","sm0016",5
1,"sm0192","sm0468",5
1,"sm0192","sm0121",6
1,"sm0192","sm0261",7
1,"sm0192","sm0252",8
1,"sm0192","sm0449",8
1,"sm0192","sm0060",8
1,"sm0192","sm0378",9
1,"sm0192","sm0188",9
1,"sm0192","sm0291",9
1,"sm0192","sm0470",10
1,"sm0192","sm0112",10
1,"sm0192","sm0037",10
1,"sm0196","sm0261",1
1,"sm0196","sm0478",1
1,"sm0196","sm0061",1
1,"sm0196","sm0158",1
1,"sm0196","sm0210",2
1,"sm0196","sm0405",2
1,"sm0196","sm0317",3
1,"sm0196","sm0131",3
1,"sm0196","sm0432",3
1,"sm0196","sm0237",3
1,"sm0196","sm0281",4
1,"sm0196","sm0248",4
1,"sm0196","sm0197",4
1,"sm0196","sm0088",4
1,"sm0196","sm0243",5
1,"sm0196","sm0266",5
1,"sm0196","sm0176",5
1,"sm0196","sm0462",5
1,"sm0196","sm0153",6
1,"sm0196","sm0422",6
1,"sm0196","sm0181",6
1,"sm0196","sm0224",6
1,"sm0196","sm0227",7
1,"sm0196","sm0477",7
1,"sm0196","sm0382",8
1,"sm0196","sm0425",8
1,"sm0196","sm0420",8
1,"sm0196","sm0468",8
1,"sm0196","sm0410",9
1,"sm0196","sm0233",9
1,"sm0197","sm0028",1
1,"sm0197","sm0264",1
1,"sm0197","sm0368",1
1,"sm0197","sm0112",1
1,"sm0197","sm0393",4
1,"sm0197","sm0308",4
1,"sm0197","sm0040",4
1,"sm0197","sm0021",4
1,"sm0197","sm0100",6
1,"sm0197","sm0019",6
1,"sm0197","sm0180",6
1,"sm0197","sm0019",7
1,"sm0197","sm0096",7
1,"sm0197","sm0022",7
1,"sm0197","sm0443",7
1,"sm0197","sm0086",8
1,"sm0197","sm0072",9
1,"sm0197","sm0124",9
1,"sm0197","sm0401",9
1,"sm0197","sm0134",10
1,"sm0198","sm0092",1
1,"sm0198","sm0112",1
1,"sm0198","sm0389",1
1,"sm0198","sm0031",1
1,"sm0198","sm0332",2
1,"sm0198","sm0122",5
1,"sm0198","sm0183",8
1,"sm0198","sm0383",8
1,"sm0199","sm0333",1
1,"sm0199","sm0324",1
1,"sm0199","sm0401",2
1,"sm0199","sm0291",2
1,"sm0199","sm0322",2
1,"sm0199","sm0125",3
1,"sm0199","sm0393",3
1,"sm0199","sm0222",4
1,"sm0199","sm0152",4
1,"sm0199","sm0465",4
1,"sm0199","sm0259",5
1,"sm0199","sm0006",6
1,"sm0199","sm0476",7
1,"sm0199","sm0266",7
1,"sm0199","sm0468",7
1,"sm0199","sm0227",9
1,"sm0199","sm0039",9
1,"sm0199","sm0104",10
1,"sm0199","sm0426",10
1,"sm0199","sm0262",10
1,"sm0199","sm0063",10
1,"sm0200","sm0417",1
1,"sm0200","sm0325",1
1,"sm0200","sm0382",3
1,"sm0200","sm0012",3
1,"sm0200","sm0174",3
1,"sm0200","sm0051",4
1,"sm0200","sm0216",4
1,"sm0200","sm0328",5
1,"sm0200","sm0204",6
1,"sm0200","sm0469",6
1,"sm0200","sm0198",6
1,"sm0200","sm0282",6
1,"sm0200","sm0457",7
1,"sm0200","sm0062",8
1,"sm0200","sm0344",8
1,"sm0200","sm0426",8
1,"sm0200","sm0210",9
1,"sm0200","sm0164",9
1,"sm0200","sm0382",9
1,"sm0200","sm0010",9
1,"sm0200","sm0117",10
1,"sm0200","sm0381",10
1,"sm0200","sm0074",10
1,"sm0202","sm0007",1
1,"sm0202","sm0258",3
1,"sm0202","sm0355",3
1,"sm0202","sm0490",4
1,"sm0202","sm0184",4
1,"sm0202","sm0250",4
1,"sm0202","sm0390",4
1,"sm0202","sm0022",5
1,"sm0202","sm0495",5
1,"sm0202","sm0100",5
1,"sm0202","sm0041",5
1,"sm0202","sm0071",6
1,"sm0202","sm0112",7
1,"sm0202","sm0183",7
1,"sm0202","sm0002",7
1,"sm0202","sm0354",7
1,"sm0202","sm0002",10
1,"sm0202","sm0256",10
1,"sm0203","sm0466",2
1,"sm0203","sm0216",2
1,"sm0203","sm0025",3
1,"sm0203","sm0141",3
1,"sm0203","sm0483",3
1,"sm0203","sm0250",4
1,"sm0203","sm0170",4
1,"sm0203","sm0415",6
1,"sm0203","sm0097",6
1,"sm0203","sm0263",7
1,"sm0203","sm0118",8
1,"sm0203","sm0489",8
1,"sm0203","sm0301",9
1,"sm0203","sm0385",9
1,"sm0203","sm0079",10
1,"sm0204","sm0328",1
1,"sm0204","sm0119",1
1,"sm0204","sm0406",1
1,"sm0204","sm0062",1
1,"sm0204","sm0169",2
1,"sm0204","sm0138",2
1,"sm0204","sm0077",2
1,"sm0204","sm0256",2
1,"sm0204","sm0191",3
1,"sm0204","sm0213",3
1,"sm0204","sm0210",3
1,"sm0204","sm0174",3
1,"sm0204","sm0093",4
1,"sm0204","sm0199",4
1,"sm0204","sm0147",5
1,"sm0204","sm0030",6
1,"sm0204","sm0191",6
1,"sm0204","sm0170",6
1,"sm0204","sm0322",8
1,"sm0204","sm0089",8
1,"sm0204","sm0133",8
1,"sm0204","sm0302",8
1,"sm0204","sm0110",9
1,"sm0204","sm0466",9
1,"sm0204","sm0344",9
1,"sm0204","sm0428",9
1,"sm0204","sm0159",10
1,"sm0208","sm0424",2
1,"sm0208","sm0231",5
1,"sm0208","sm0021",5
1,"sm0208","sm0250",5
1,"sm0208","sm0452",6
1,"sm0208","sm0067",7
1,"sm0208","sm0328",7
1,"sm0208","sm0170",7
1,"sm0208","sm0131",8
1,"sm0208","sm0031",8
1,"sm0208","sm0138",8
1,"sm0208","sm0037",8
1,"sm0208","sm0092",9
1,"sm0208","sm0462",10
1,"sm0208","sm0093",10
1,"sm0209","sm0034",2
1,"sm0209","sm0449",2
1,"sm0209","sm0068",2
1,"sm0209","sm0355",2
1,"sm0209","sm0377",4
1,"sm0209","sm0119",4
1,"sm0209","sm0371",5
1,"sm0209","sm0180",5
1,"sm0209","sm0291",6
1,"sm0209","sm0294",6
1,"sm0209","sm0109",7
1,"sm0209","sm0476",8
1,"sm0209","sm0348",9
1,"sm0209","sm0358",10
1,"sm0209","sm0160",10
1,"sm0209","sm0477",10
1,"sm0210","sm0188",1
1,"sm0210","sm0319",1
1,"sm0210","sm0301",1
1,"sm0210","sm0376",2
1,"sm0210","sm0266",2
1,"sm0210","sm0181",5
1,"sm0210","sm0484",5
1,"sm0210","sm0097",5
1,"sm0210","sm0231",5
1,"sm0210","sm0160",6
1,"sm0210","sm0021",6
1,"sm0210","sm0249",6
1,"sm0210","sm0381",6
1,"sm0210","sm0466",7
1,"sm0210","sm0108",8
1,"sm0210","sm0457",8
1,"sm0210","sm0422",9
1,"sm0210","sm0461",9
1,"sm0210","sm0364",10
1,"sm0210","sm0261",10
1,"sm0210","sm0007",10
1,"sm0212","sm0322",1
1,"sm0212","sm0301",1
1,"sm0212","sm0463",2
1,"sm0212","sm0051",2
1,"sm0212","sm0213",2
1,"sm0212","sm0406",2
1,"sm0212","sm0264",3
1,"sm0212","sm0420",4
1,"sm0212","sm0370",4
1,"sm0212","sm0010",4
1,"sm0212","sm0249",5
1,"sm0212","sm0024",6
1,"sm0212","sm0003",6
1,"sm0212","sm0231",7
1,"sm0212","sm0208",7
1,"sm0212","sm0251",8
1,"sm0212","sm0046",8
1,"sm0213","sm0438",2
1,"sm0213","sm0242",2
1,"sm0213","sm0092",2
1,"sm0213","sm0055",3
1,"sm0213","sm0233",4
1,"sm0213","sm0164",4
1,"sm0213","sm0074",4
1,"sm0213","sm0003",4
1,"sm0213","sm0079",5
1,"sm0213","sm0081",5
1,"sm0213","sm0180",6
1,"sm0213","sm0437",6
1,"sm0213","sm0200",6
1,"sm0213","sm0022",7
1,"sm0213","sm0462",7
1,"sm0213","sm0366",8
1,"sm0213","sm0281",8
1,"sm0213","sm0483",9
1,"sm0213","sm0397",9
1,"sm0213","sm0451",9
1,"sm0213","sm0091",10
1,"sm0216","sm0384",1
1,"sm0216","sm0495",1
1,"sm0216","sm0118",1
1,"sm0216","sm0144",1
1,"sm0216","sm0275",2
1,"sm0216","sm0308",2
1,"sm0216","sm0484",3
1,"sm0216","sm0092",3
1,"sm0216","sm0062",3
1,"sm0216","sm0100",3
1,"sm0216","sm0077",4
1,"sm0216","sm0258",6
1,"sm0216","sm0351",7
1,"sm0216","sm0092",7
1,"sm0216","sm0316",8
1,"sm0216","sm0405",8
1,"sm0216","sm0304",8
1,"sm0216","sm0306",9
1,"sm0217","sm0169",2
1,"sm0217","sm0490",2
1,"sm0217","sm0154",3
1,"sm0217","sm0228",3
1,"sm0217","sm0261",3
1,"sm0217","sm0418",4
1,"sm0217","sm0252",4
1,"sm0217","sm0360",4
1,"sm0217","sm0054",5
1,"sm0217","sm0252",5
1,"sm0217","sm0118",5
1,"sm0217","sm0413",5
1,"sm0217","sm0416",6
1,"sm0217","sm0288",6
1,"sm0217","sm0463",6
1,"sm0217","sm0347",8
1,"sm0217","sm0477",8
1,"sm0217","sm0192",8
1,"sm0217","sm0299",9
1,"sm0217","sm0484",9
1,"sm0217","sm0397",10
1,"sm0217","sm0372",10
1,"sm0217","sm0302",10
1,"sm0217","sm0401",10
1,"sm0218","sm0498",1
1,"sm0218","sm0029",1
1,"sm0218","sm0024",2
1,"sm0218","sm0364",2
1,"sm0218","sm0125",2
1,"sm0218","sm0188",3
1,"sm0218","sm0343",3
1,"sm0218","sm0449",3
1,"sm0218","sm0378",4
1,"sm0218","sm0417",4
1,"sm0218","sm0021",4
1,"sm0218","sm0354",4
1,"sm0218","sm0372",5
1,"sm0218","sm0108",5
1,"sm0218","sm0231",5
1,"sm0218","sm0198",6
1,"sm0218","sm0082",6
1,"sm0218","sm0164",6
1,"sm0218","sm0141",7
1,"sm0218","sm0488",7
1,"sm0218","sm0283",7
1,"sm0218","sm0400",8
1,"sm0218","sm0170",8
1,"sm0218","sm0197",8
1,"sm0218","sm0466",8
1,"sm0218","sm0348",9
1,"sm0218","sm0094",9
1,"sm0218","sm0276",9
1,"sm0218","sm0322",10
1,"sm0218","sm0199",10
1,"sm0219","sm0376",1
1,"sm0219","sm0490",1
1,"sm0219","sm0055",1
1,"sm0219","sm0250",1
1,"sm0219","sm0167",3
1,"sm0219","sm0424",3
1,"sm0219","sm0163",3
1,"sm0219","sm0329",3
1,"sm0219","sm0192",4
1,"sm0219","sm0252",4
1,"sm0219","sm0183",4
1,"sm0219","sm0013",5
1,"sm0219","sm0438",5
1,"sm0219","sm0094",5
1,"sm0219","sm0019",8
1,"sm0219","sm0247",8
1,"sm0219","sm0092",9
1,"sm0219","sm0067",9
1,"sm0219","sm0329",9
1,"sm0219","sm0160",9
1,"sm0219","sm0105",10
1,"sm0219","sm0034",10
1,"sm0219","sm0148",10
1,"sm0219","sm0061",10
1,"sm0220","sm0140",1
1,"sm0220","sm0164",3
1,"sm0220","sm0184",4
1,"sm0220","sm0062",4
1,"sm0220","sm0176",4
1,"sm0220","sm0360",7
1,"sm0220","sm0224",7
1,"sm0220","sm0178",7
1,"sm0220","sm0067",8
1,"sm0220","sm0165",8
1,"sm0220","sm0040",8
1,"sm0220","sm0031",8
1,"sm0220","sm0184",9
1,"sm0220","sm0251",9
1,"sm0220","sm0448",9
1,"sm0220","sm0216",9
1,"sm0220","sm0064",10
1,"sm0220","sm0241",10
1,"sm0220","sm0464",10
1,"sm0222","sm0477",1
1,"sm0222","sm0435",1
1,"sm0222","sm0382",2
1,"sm0222","sm0389",2
1,"sm0222","sm0191",2
1,"sm0222","sm0185",3
1,"sm0222","sm0299",5
1,"sm0222","sm0466",6
1,"sm0222","sm0405",6
1,"sm0222","sm0185",8
1,"sm0222","sm0261",8
1,"sm0222","sm0243",8
1,"sm0222","sm0242",8
1,"sm0222","sm0159",9
1,"sm0222","sm0309",9
1,"sm0222","sm0079",10
1,"sm0223","sm0138",1
1,"sm0223","sm0108",1
1,"sm0223","sm0002",2
1,"sm0223","sm0352",2
1,"sm0223","sm0416",3
1,"sm0223","sm0379",3
1,"sm0223","sm0233",3
1,"sm0223","sm0096",3
1,"sm0223","sm0133",4
1,"sm0223","sm0333",5
1,"sm0223","sm0160",5
1,"sm0223","sm0329",5
1,"sm0223","sm0021",6
1,"sm0223","sm0184",6
1,"sm0223","sm0418",6
1,"sm0223","sm0147",7
1,"sm0223","sm0349",8
1,"sm0223","sm0238",9
1,"sm0223","sm0121",9
1,"sm0223","sm0152",9
1,"sm0224","sm0473",1
1,"sm0224","sm0223",1
1,"sm0224","sm0359",1
1,"sm0224","sm0349",2
1,"sm0224","sm0489",2
1,"sm0224","sm0312",3
1,"sm0224","sm0413",3
1,"sm0224","sm0483",3
1,"sm0224","sm0484",3
1,"sm0224","sm0198",4
1,"sm0224","sm0376",5
1,"sm0224","sm0422",5
1,"sm0224","sm0347",5
1,"sm0224","sm0074",5
1,"sm0224","sm0127",6
1,"sm0224","sm0238",7
1,"sm0224","sm0417",7
1,"sm0224","sm0255",7
1,"sm0224","sm0192",7
1,"sm0224","sm0092",9
1,"sm0224","sm0219",9
1,"sm0224","sm0052",9
1,"sm0224","sm0355",9
1,"sm0224","sm0086",10
1,"sm0225","sm0497",1
1,"sm0225","sm0118",1
1,"sm0225","sm0025",1
1,"sm0225","sm0062",1
1,"sm0225","sm0474",2
1,"sm0225","sm0332",2
1,"sm0225","sm0081",4
1,"sm0225","sm0127",4
1,"sm0225","sm0428",4
1,"sm0225","sm0288",6
1,"sm0225","sm0415",6
1,"sm0225","sm0342",8
1,"sm0225","sm0200",8
1,"sm0225","sm0431",8
1,"sm0225","sm0054",8
1,"sm0225","sm0243",9
1,"sm0225","sm0132",9
1,"sm0225","sm0488",10
1,"sm0225","sm0474",10
1,"sm0225","sm0113",10
1,"sm0225","sm0159",10
1,"sm0227","sm0120",1
1,"sm0227","sm0132",1
1,"sm0227","sm0379",1
1,"sm0227","sm0271",1
1,"sm0227","sm0478",2
1,"sm0227","sm0198",2
1,"sm0227","sm0232",2
1,"sm0227","sm0259",2
1,"sm0227","sm0204",3
1,"sm0227","sm0304",3
1,"sm0227","sm0474",3
1,"sm0227","sm0455",3
1,"sm0227","sm0127",4
1,"sm0227","sm0288",4
1,"sm0227","sm0003",4
1,"sm0227","sm0204",5
1,"sm0227","sm0021",7
1,"sm0227","sm0119",7
1,"sm0227","sm0435",7
1,"sm0228","sm0080",1
1,"sm0228","sm0313",1
1,"sm0228","sm0400",1
1,"sm0228","sm0131",1
1,"sm0228","sm0132",2
1,"sm0228","sm0315",2
1,"sm0228","sm0157",2
1,"sm0228","sm0178",2
1,"sm0228","sm0241",3
1,"sm0228","sm0051",4
1,"sm0228","sm0462",4
1,"sm0228","sm0428",4
1,"sm0228","sm0010",4
1,"sm0228","sm0113",6
1,"sm0228","sm0053",6
1,"sm0228","sm0417",6
1,"sm0228","sm0094",6
1,"sm0228","sm0344",8
1,"sm0228","sm0063",8
1,"sm0228","sm0178",8
1,"sm0228","sm0126",9
1,"sm0228","sm0344",10
1,"sm0228","sm0464",10
1,"sm0228","sm0462",10
1,"sm0229","sm0483",1
1,"sm0229","sm0490",1
1,"sm0229","sm0414",2
1,"sm0229","sm0097",2
1,"sm0229","sm0324",2
1,"sm0229","sm0126",2
1,"sm0229","sm0017",3
1,"sm0229","sm0400",3
1,"sm0229","sm0315",3
1,"sm0229","sm0202",3
1,"sm0229","sm0019",4
1,"sm0229","sm0227",5
1,"sm0229","sm0242",5
1,"sm0229","sm0106",7
1,"sm0229","sm0017",7
1,"sm0229","sm0021",8
1,"sm0229","sm0140",9
1,"sm0229","sm0252",9
1,"sm0229","sm0465",9
1,"sm0229","sm0030",10
1,"sm0229","sm0152",10
1,"sm0229","sm0376",10
1,"sm0229","sm0159",10
1,"sm0230","sm0220",1
1,"sm0230","sm0210",1
1,"sm0230","sm0105",1
1,"sm0230","sm0164",1
1,"sm0230","sm0150",2
1,"sm0230","sm0306",2
1,"sm0230","sm0192",2
1,"sm0230","sm0473",3
1,"sm0230","sm0139",3
1,"sm0230","sm0470",3
1,"sm0230","sm0382",4
1,"sm0230","sm0359",4
1,"sm0230","sm0465",4
1,"sm0230","sm0104",5
1,"sm0230","sm0294",5
1,"sm0230","sm0376",6
1,"sm0230","sm0483",6
1,"sm0230","sm0074",6
1,"sm0230","sm0031",6
1,"sm0230","sm0251",7
1,"sm0230","sm0220",7
1,"sm0230","sm0462",10
1,"sm0230","sm0209",10
1,"sm0230","sm0231",10
1,"sm0231","sm0198",1
1,"sm0231","sm0339",1
1,"sm0231","sm0333",1
1,"sm0231","sm0159",2
1,"sm0231","sm0119",5
1,"sm0231","sm0343",5
1,"sm0231","sm0029",5
1,"sm0231","sm0382",5
1,"sm0231","sm0256",6
1,"sm0231","sm0116",6
1,"sm0231","sm0463",7
1,"sm0231","sm0347",7
1,"sm0231","sm0298",7
1,"sm0231","sm0139",8
1,"sm0231","sm0012",10
1,"sm0231","sm0144",10
1,"sm0232","sm0477",2
1,"sm0232","sm0476",4
1,"sm0232","sm0282",4
1,"sm0232","sm0337",5
1,"sm0232","sm0144",5
1,"sm0232","sm0432",5
1,"sm0232","sm0321",6
1,"sm0232","sm0180",6
1,"sm0232","sm0359",6
1,"sm0232","sm0466",6
1,"sm0232","sm0468",7
1,"sm0232","sm0291",7
1,"sm0232","sm0306",8
1,"sm0232","sm0385",8
1,"sm0232","sm0086",10
1,"sm0232","sm0192",10
1,"sm0233","sm0375",2
1,"sm0233","sm0002",2
1,"sm0233","sm0119",5
1,"sm0233","sm0133",5
1,"sm0233","sm0089",5
1,"sm0233","sm0366",6
1,"sm0233","sm0241",6
1,"sm0233","sm0473",8
1,"sm0233","sm0490",8
1,"sm0233","sm0133",8
1,"sm0233","sm0253",9
1,"sm0233","sm0113",10
1,"sm0233","sm0046",10
1,"sm0237","sm0294",1
1,"sm0237","sm0428",1
1,"sm0237","sm0252",1
1,"sm0237","sm0375",1
1,"sm0237","sm0122",2
1,"sm0237","sm0258",2
1,"sm0237","sm0298",2
1,"sm0237","sm0248",2
1,"sm0237","sm0254",4
1,"sm0237","sm0096",4
1,"sm0237","sm0002",5
1,"sm0237","sm0035",5
1,"sm0237","sm0333",5
1,"sm0237","sm0430",5
1,"sm0237","sm0055",6
1,"sm0237","sm0438",6
1,"sm0237","sm0401",6
1,"sm0237","sm0183",8
1,"sm0237","sm0063",8
1,"sm0237","sm0003",8
1,"sm0237","sm0252",9
1,"sm0237","sm0116",10
1,"sm0237","sm0039",10
1,"sm0237","sm0464",10
1,"sm0237","sm0333",10
1,"sm0238","sm0068",1
1,"sm0238","sm0348",1
1,"sm0238","sm0461",1
1,"sm0238","sm0258",2
1,"sm0238","sm0080",3
1,"sm0238","sm0204",3
1,"sm0238","sm0148",4
1,"sm0238","sm0463",4
1,"sm0238","sm0076",4
1,"sm0238","sm0039",7
1,"sm0238","sm0042",7
1,"sm0238","sm0417",7
1,"sm0238","sm0024",7
1,"sm0238","sm0262",9
1,"sm0238","sm0354",9
1,"sm0238","sm0476",9
1,"sm0238","sm0055",10
1,"sm0241","sm0425",1
1,"sm0241","sm0256",2
1,"sm0241","sm0082",2
1,"sm0241","sm0370",2
1,"sm0241","sm0432",3
1,"sm0241","sm0404",3
1,"sm0241","sm0097",3
1,"sm0241","sm0442",5
1,"sm0241","sm0348",7
1,"sm0241","sm0223",7
1,"sm0241","sm0125",8
1,"sm0241","sm0389",8
1,"sm0241","sm0087",9
1,"sm0241","sm0277",9
1,"sm0241","sm0344",10
1,"sm0241","sm0427",10
1,"sm0242","sm0170",1
1,"sm0242","sm0484",1
1,"sm0242","sm0480",1
1,"sm0242","sm0466",1
1,"sm0242","sm0432",3
1,"sm0242","sm0400",3
1,"sm0242","sm0139",4
1,"sm0242","sm0035",5
1,"sm0242","sm0227",6
1,"sm0242","sm0431",6
1,"sm0242","sm0092",6
1,"sm0242","sm0277",6
1,"sm0242","sm0077",8
1,"sm0242","sm0241",8
1,"sm0242","sm0001",8
1,"sm0242","sm0383",9
1,"sm0242","sm0219",9
1,"sm0242","sm0210",10
1,"sm0242","sm0238",10
1,"sm0243","sm0277",1
1,"sm0243","sm0094",1
1,"sm0243","sm0071",2
1,"sm0243","sm0089",2
1,"sm0243","sm0337",3
1,"sm0243","sm0117",3
1,"sm0243","sm0404",5
1,"sm0243","sm0421",5
1,"sm0243","sm0060",5
1,"sm0243","sm0187",7
1,"sm0243","sm0413",7
1,"sm0243","sm0248",8
1,"sm0243","sm0159",8
1,"sm0243","sm0127",8
1,"sm0247","sm0218",2
1,"sm0247","sm0413",3
1,"sm0247","sm0097",3
1,"sm0247","sm0443",3
1,"sm0247","sm0390",4
1,"sm0247","sm0421",4
1,"sm0247","sm0276",4
1,"sm0247","sm0042",5
1,"sm0247","sm0152",5
1,"sm0247","sm0269",5
1,"sm0247","sm0406",5
1,"sm0247","sm0086",6
1,"sm0247","sm0067",7
1,"sm0247","sm0237",7
1,"sm0247","sm0086",7
1,"sm0247","sm0181",7
1,"sm0247","sm0463",9
1,"sm0247","sm0452",9
1,"sm0247","sm0040",9
1,"sm0248","sm0480",2
1,"sm0248","sm0060",3
1,"sm0248","sm0277",3
1,"sm0248","sm0104",3
1,"sm0248","sm0264",4
1,"sm0248","sm0381",4
1,"sm0248","sm0415",4
1,"sm0248","sm0039",4
1,"sm0248","sm0321",5
1,"sm0248","sm0366",5
1,"sm0248","sm0300",5
1,"sm0248","sm0301",5
1,"sm0248","sm0208",7
1,"sm0248","sm0077",8
1,"sm0248","sm0364",9
1,"sm0248","sm0425",10
1,"sm0249","sm0449",1
1,"sm0249","sm0121",1
1,"sm0249","sm0394",1
1,"sm0249","sm0231",1
1,"sm0249","sm0322",3
1,"sm0249","sm0444",3
1,"sm0249","sm0461",4
1,"sm0249","sm0328",5
1,"sm0249","sm0382",5
1,"sm0249","sm0187",6
1,"sm0249","sm0175",6
1,"sm0249","sm0024",6
1,"sm0249","sm0448",6
1,"sm0249","sm0153",7
1,"sm0249","sm0147",7
1,"sm0249","sm0167",7
1,"sm0249","sm0468",7
1,"sm0249","sm0333",9
1,"sm0249","sm0294",9
1,"sm0250","sm0121",1
1,"sm0250","sm0484",1
1,"sm0250","sm0300",1
1,"sm0250","sm0289",1
1,"sm0250","sm0322",2
1,"sm0250","sm0301",2
1,"sm0250","sm0185",2
1,"sm0250","sm0101",2
1,"sm0250","sm0315",3
1,"sm0250","sm0230",3
1,"sm0250","sm0301",4
1,"sm0250","sm0462",4
1,"sm0250","sm0238",5
1,"sm0250","sm0120",5
1,"sm0250","sm0001",7
1,"sm0250","sm0227",7
1,"sm0250","sm0368",7
1,"sm0250","sm0184",7
1,"sm0250","sm0228",8
1,"sm0250","sm0371",8
1,"sm0250","sm0431",9
1,"sm0250","sm0060",9
1,"sm0250","sm0425",10
1,"sm0250","sm0060",10
1,"sm0251","sm0230",1
1,"sm0251","sm0148",1
1,"sm0251","sm0445",2
1,"sm0251","sm0248",2
1,"sm0251","sm0074",2
1,"sm0251","sm0401",3
1,"sm0251","sm0225",3
1,"sm0251","sm0001",3
1,"sm0251","sm0415",3
1,"sm0251","sm0309",4
1,"sm0251","sm0178",4
1,"sm0251","sm0154",5
1,"sm0251","sm0480",5
1,"sm0251","sm0465",5
1,"sm0251","sm0470",6
1,"sm0251","sm0359",6
1,"sm0251","sm0222",6
1,"sm0251","sm0185",6
1,"sm0251","sm0138",7
1,"sm0251","sm0332",7
1,"sm0251","sm0379",8
1,"sm0251","sm0247",8
1,"sm0251","sm0028",8
1,"sm0251","sm0101",8
1,"sm0251","sm0343",9
1,"sm0251","sm0465",9
1,"sm0251","sm0429",9
1,"sm0251","sm0275",10
1,"sm0251","sm0474",10
1,"sm0252","sm0117",1
1,"sm0252","sm0042",1
1,"sm0252","sm0490",1
1,"sm0252","sm0092",2
1,"sm0252","sm0062",4
1,"sm0252","sm0088",4
1,"sm0252","sm0256",4
1,"sm0252","sm0060",6
1,"sm0252","sm0283",8
1,"sm0252","sm0088",9
1,"sm0252","sm0112",10
1,"sm0252","sm0007",10
1,"sm0252","sm0434",10
1,"sm0253","sm0263",1
1,"sm0253","sm0230",1
1,"sm0253","sm0238",1
1,"sm0253","sm0455",2
1,"sm0253","sm0252",2
1,"sm0253","sm0243",2
1,"sm0253","sm0421",2
1,"sm0253","sm0202",3
1,"sm0253","sm0123",3
1,"sm0253","sm0063",5
1,"sm0253","sm0143",5
1,"sm0253","sm0385",5
1,"sm0253","sm0443",5
1,"sm0253","sm0150",6
1,"sm0253","sm0060",6
1,"sm0253","sm0349",7
1,"sm0253","sm0094",7
1,"sm0253","sm0322",7
1,"sm0253","sm0019",7
1,"sm0253","sm0068",8
1,"sm0253","sm0158",8
1,"sm0253","sm0261",8
1,"sm0253","sm0222",10
1,"sm0254","sm0359",1
1,"sm0254","sm0451",1
1,"sm0254","sm0064",2
1,"sm0254","sm0317",2
1,"sm0254","sm0180",2
1,"sm0254","sm0393",2
1,"sm0254","sm0266",3
1,"sm0254","sm0230",3
1,"sm0254","sm0355",5
1,"sm0254","sm0468",7
1,"sm0254","sm0029",7
1,"sm0254","sm0461",7
1,"sm0254","sm0092",10
1,"sm0255","sm0030",1
1,"sm0255","sm0054",1
1,"sm0255","sm0138",2
1,"sm0255","sm0077",2
1,"sm0255","sm0256",4
1,"sm0255","sm0212",4
1,"sm0255","sm0381",5
1,"sm0255","sm0455",5
1,"sm0255","sm0232",5
1,"sm0255","sm0431",6
1,"sm0255","sm0263",6
1,"sm0255","sm0100",6
1,"sm0255","sm0174",6
1,"sm0255","sm0104",8
1,"sm0255","sm0148",8
1,"sm0255","sm0222",10
1,"sm0256","sm0147",1
1,"sm0256","sm0379",1
1,"sm0256","sm0040",1
1,"sm0256","sm0002",1
1,"sm0256","sm0291",3
1,"sm0256","sm0466",4
1,"sm0256","sm0363",4
1,"sm0256","sm0432",4
1,"sm0256","sm0131",4
1,"sm0256","sm0461",5
1,"sm0256","sm0301",5
1,"sm0256","sm0249",5
1,"sm0256","sm0109",5
1,"sm0256","sm0243",6
1,"sm0256","sm0247",6
1,"sm0256","sm0006",6
1,"sm0256","sm0219",6
1,"sm0256","sm0269",7
1,"sm0256","sm0289",7
1,"sm0256","sm0169",7
1,"sm0256","sm0134",7
1,"sm0256","sm0233",8
1,"sm0256","sm0093",9
1,"sm0256","sm0025",9
1,"sm0256","sm0039",10
1,"sm0256","sm0438",10
1,"sm0256","sm0086",10
1,"sm0256","sm0430",10
1,"sm0258","sm0176",1
1,"sm0258","sm0432",2
1,"sm0258","sm0133",2
1,"sm0258","sm0490",2
1,"sm0258","sm0368",3
1,"sm0258","sm0025",3
1,"sm0258","sm0480",4
1,"sm0258","sm0333",4
1,"sm0258","sm0140",5
1,"sm0258","sm0185",5
1,"sm0258","sm0277",5
1,"sm0258","sm0063",6
1,"sm0258","sm0271",6
1,"sm0258","sm0344",6
1,"sm0258","sm0170",6
1,"sm0258","sm0089",7
1,"sm0258","sm0094",7
1,"sm0258","sm0160",8
1,"sm0258","sm0367",8
1,"sm0258","sm0271",8
1,"sm0258","sm0340",9
1,"sm0258","sm0280",10
1,"sm0259","sm0159",1
1,"sm0259","sm0007",1
1,"sm0259","sm0039",1
1,"sm0259","sm0060",2
1,"sm0259","sm0034",2
1,"sm0259","sm0381",2
1,"sm0259","sm0170",2
1,"sm0259","sm0175",3
1,"sm0259","sm0185",3
1,"sm0259","sm0262",3
1,"sm0259","sm0250",4
1,"sm0259","sm0270",4
1,"sm0259","sm0434",5
1,"sm0259","sm0371",9
1,"sm0259","sm0159",9
1,"sm0259","sm0364",9
1,"sm0259","sm0301",10
1,"sm0259","sm0253",10
1,"sm0259","sm0202",10
1,"sm0261","sm0086",1
1,"sm0261","sm0329",1
1,"sm0261","sm0473",1
1,"sm0261","sm0052",2
1,"sm0261","sm0438",2
1,"sm0261","sm0029",3
1,"sm0261","sm0372",3
1,"sm0261","sm0020",4
1,"sm0261","sm0156",4
1,"sm0261","sm0097",4
1,"sm0261","sm0490",5
1,"sm0261","sm0047",5
1,"sm0261","sm0006",5
1,"sm0261","sm0394",5
1,"sm0261","sm0105",7
1,"sm0261","sm0438",8
1,"sm0261","sm0183",8
1,"sm0261","sm0084",10
1,"sm0261","sm0117",10
1,"sm0261","sm0339",10
1,"sm0262","sm0133",1
1,"sm0262","sm0343",1
1,"sm0262","sm0208",2
1,"sm0262","sm0322",2
1,"sm0262","sm0181",2
1,"sm0262","sm0417",3
1,"sm0262","sm0054",3
1,"sm0262","sm0139",3
1,"sm0262","sm0157",3
1,"sm0262","sm0497",4
1,"sm0262","sm0199",4
1,"sm0262","sm0202",4
1,"sm0262","sm0046",5
1,"sm0262","sm0250",5
1,"sm0262","sm0271",5
1,"sm0262","sm0050",6
1,"sm0262","sm0449",6
1,"sm0262","sm0222",6
1,"sm0262","sm0060",6
1,"sm0262","sm0157",7
1,"sm0262","sm0327",7
1,"sm0262","sm0139",8
1,"sm0262","sm0291",8
1,"sm0262","sm0132",8
1,"sm0262","sm0302",8
1,"sm0262","sm0077",9
1,"sm0262","sm0217",10
1,"sm0262","sm0269",10
1,"sm0263","sm0199",2
1,"sm0263","sm0040",2
1,"sm0263","sm0270",3
1,"sm0263","sm0437",3
1,"sm0263","sm0174",3
1,"sm0263","sm0197",3
1,"sm0263","sm0092",4
1,"sm0263","sm0477",5
1,"sm0263","sm0054",7
1,"sm0263","sm0094",7
1,"sm0263","sm0404",7
1,"sm0263","sm0024",8
1,"sm0263","sm0157",9
1,"sm0263","sm0165",9
1,"sm0263","sm0184",9
1,"sm0264","sm0465",1
1,"sm0264","sm0304",1
1,"sm0264","sm0342",1
1,"sm0264","sm0316",2
1,"sm0264","sm0309",2
1,"sm0264","sm0054",2
1,"sm0264","sm0298",2
1,"sm0264","sm0270",3
1,"sm0264","sm0225",4
1,"sm0264","sm0443",5
1,"sm0264","sm0237",5
1,"sm0264","sm0476",5
1,"sm0264","sm0270",5
1,"sm0264","sm0348",6
1,"sm0264","sm0270",6
1,"sm0264","sm0174",6
1,"sm0264","sm0300",6
1,"sm0264","sm0119",7
1,"sm0264","sm0344",7
1,"sm0264","sm0376",7
1,"sm0264","sm0170",7
1,"sm0264","sm0170",8
1,"sm0264","sm0259",9
1,"sm0264","sm0377",9
1,"sm0264","sm0263",10
1,"sm0264","sm0381",10
1,"sm0264","sm0339",10
1,"sm0266","sm0119",1
1,"sm0266","sm0170",1
1,"sm0266","sm0144",2
1,"sm0266","sm0494",3
1,"sm0266","sm0002",3
1,"sm0266","sm0199",3
1,"sm0266","sm0359",3
1,"sm0266","sm0448",4
1,"sm0266","sm0417",4
1,"sm0266","sm0096",5
1,"sm0266","sm0147",5
1,"sm0266","sm0490",5
1,"sm0266","sm0337",5
1,"sm0266","sm0368",6
1,"sm0266","sm0109",7
1,"sm0266","sm0010",7
1,"sm0266","sm0417",7
1,"sm0266","sm0458",8
1,"sm0266","sm0093",9
1,"sm0266","sm0034",9
1,"sm0266","sm0424",9
1,"sm0266","sm0264",9
1,"sm0266","sm0275",10
1,"sm0269","sm0061",1
1,"sm0269","sm0426",1
1,"sm0269","sm0016",1
1,"sm0269","sm0016",2
1,"sm0269","sm0405",3
1,"sm0269","sm0379",4
1,"sm0269","sm0054",4
1,"sm0269","sm0476",4
1,"sm0269","sm0059",5
1,"sm0269","sm0375",5
1,"sm0269","sm0375",6
1,"sm0269","sm0451",6
1,"sm0269","sm0120",7
1,"sm0269","sm0112",7
1,"sm0269","sm0022",7
1,"sm0269","sm0037",8
1,"sm0269","sm0036",8
1,"sm0269","sm0200",8
1,"sm0269","sm0072",8
1,"sm0269","sm0092",9
1,"sm0269","sm0410",9
1,"sm0269","sm0062",9
1,"sm0269","sm0039",9
1,"sm0269","sm0198",10
1,"sm0269","sm0140",10
1,"sm0269","sm0230",10
1,"sm0269","sm0124",10
1,"sm0270","sm0251",2
1,"sm0270","sm0081",2
1,"sm0270","sm0394",2
1,"sm0270","sm0337",2
1,"sm0270","sm0332",3
1,"sm0270","sm0012",5
1,"sm0270","sm0046",8
1,"sm0270","sm0241",8
1,"sm0270","sm0368",10
1,"sm0270","sm0370",10
1,"sm0270","sm0063",10
1,"sm0271","sm0247",4
1,"sm0271","sm0054",4
1,"sm0271","sm0342",4
1,"sm0271","sm0163",5
1,"sm0271","sm0063",5
1,"sm0271","sm0052",5
1,"sm0271","sm0203",5
1,"sm0271","sm0247",6
1,"sm0271","sm0058",6
1,"sm0271","sm0180",7
1,"sm0271","sm0041",8
1,"sm0271","sm0062",9
1,"sm0271","sm0480",10
1,"sm0275","sm0001",1
1,"sm0275","sm0058",1
1,"sm0275","sm0488",2
1,"sm0275","sm0324",4
1,"sm0275","sm0325",5
1,"sm0275","sm0153",5
1,"sm0275","sm0319",5
1,"sm0275","sm0366",6
1,"sm0275","sm0343",7
1,"sm0275","sm0351",7
1,"sm0275","sm0363",10
1,"sm0275","sm0462",10
1,"sm0276","sm0364",1
1,"sm0276","sm0316",1
1,"sm0276","sm0344",1
1,"sm0276","sm0312",2
1,"sm0276","sm0035",2
1,"sm0276","sm0238",2
1,"sm0276","sm0494",3
1,"sm0276","sm0058",3
1,"sm0276","sm0313",3
1,"sm0276","sm0474",3
1,"sm0276","sm0293",4
1,"sm0276","sm0418",5
1,"sm0276","sm0021",5
1,"sm0276","sm0484",5
1,"sm0276","sm0086",5
1,"sm0276","sm0266",6
1,"sm0276","sm0112",6
1,"sm0276","sm0397",7
1,"sm0276","sm0384",7
1,"sm0276","sm0122",7
1,"sm0276","sm0202",7
1,"sm0276","sm0416",8
1,"sm0276","sm0262",8
1,"sm0276","sm0462",10
1,"sm0276","sm0264",10
1,"sm0277","sm0231",1
1,"sm0277","sm0030",1
1,"sm0277","sm0271",1
1,"sm0277","sm0063",3
1,"sm0277","sm0424",3
1,"sm0277","sm0119",7
1,"sm0277","sm0256",7
1,"sm0277","sm0288",7
1,"sm0277","sm0377",8
1,"sm0277","sm0452",8
1,"sm0277","sm0457",8
1,"sm0280","sm0469",1
1,"sm0280","sm0077",1
1,"sm0280","sm0067",2
1,"sm0280","sm0498",2
1,"sm0280","sm0113",2
1,"sm0280","sm0425",2
1,"sm0280","sm0153",4
1,"sm0280","sm0087",4
1,"sm0280","sm0224",5
1,"sm0280","sm0217",6
1,"sm0280","sm0058",6
1,"sm0280","sm0200",6
1,"sm0280","sm0158",7
1,"sm0280","sm0261",8
1,"sm0280","sm0329",8
1,"sm0280","sm0021",8
1,"sm0280","sm0435",9
1,"sm0280","sm0124",10
1,"sm0280","sm0259",10
1,"sm0280","sm0132",10
1,"sm0280","sm0431",10
1,"sm0281","sm0370",2
1,"sm0281","sm0327",2
1,"sm0281","sm0313",2
1,"sm0281","sm0029",3
1,"sm0281","sm0498",5
1,"sm0281","sm0175",5
1,"sm0281","sm0096",5
1,"sm0281","sm0342",5
1,"sm0281","sm0490",6
1,"sm0281","sm0169",6
1,"sm0281","sm0250",6
1,"sm0281","sm0464",6
1,"sm0281","sm0410",7
1,"sm0281","sm0052",8
1,"sm0281","sm0372",8
1,"sm0281","sm0019",8
1,"sm0281","sm0053",9
1,"sm0281","sm0167",10
1,"sm0281","sm0312",10
1,"sm0282","sm0209",1
1,"sm0282","sm0497",1
1,"sm0282","sm0445",1
1,"sm0282","sm0061",2
1,"sm0282","sm0017",2
1,"sm0282","sm0097",2
1,"sm0282","sm0020",2
1,"sm0282","sm0042",3
1,"sm0282","sm0199",3
1,"sm0282","sm0020",3
1,"sm0282","sm0478",3
1,"sm0282","sm0029",4
1,"sm0282","sm0153",4
1,"sm0282","sm0039",6
1,"sm0282","sm0413",9
1,"sm0282","sm0249",9
1,"sm0282","sm0007",9
1,"sm0282","sm0063",9
1,"sm0282","sm0143",10
1,"sm0282","sm0001",10
1,"sm0282","sm0113",10
1,"sm0283","sm0371",1
1,"sm0283","sm0035",1
1,"sm0283","sm0143",1
1,"sm0283","sm0123",1
1,"sm0283","sm0006",2
1,"sm0283","sm0223",3
1,"sm0283","sm0017",4
1,"sm0283","sm0232",4
1,"sm0283","sm0326",4
1,"sm0283","sm0187",4
1,"sm0283","sm0316",7
1,"sm0283","sm0185",7
1,"sm0283","sm0176",8
1,"sm0283","sm0299",8
1,"sm0283","sm0061",8
1,"sm0283","sm0390",8
1,"sm0283","sm0187",10
1,"sm0288","sm0134",1
1,"sm0288","sm0091",1
1,"sm0288","sm0019",1
1,"sm0288","sm0280",2
1,"sm0288","sm0375",2
1,"sm0288","sm0422",2
1,"sm0288","sm0494",2
1,"sm0288","sm0029",4
1,"sm0288","sm0298",4
1,"sm0288","sm0223",5
1,"sm0288","sm0416",5
1,"sm0288","sm0252",5
1,"sm0288","sm0462",5
1,"sm0288","sm0468",6
1,"sm0288","sm0283",6
1,"sm0288","sm0241",7
1,"sm0288","sm0429",8
1,"sm0288","sm0312",8
1,"sm0288","sm0020",8
1,"sm0288","sm0100",10
1,"sm0288","sm0059",10
1,"sm0289","sm0277",1
1,"sm0289","sm0002",1
1,"sm0289","sm0376",2
1,"sm0289","sm0199",3
1,"sm0289","sm0328",3
1,"sm0289","sm0326",3
1,"sm0289","sm0203",4
1,"sm0289","sm0019",6
1,"sm0289","sm0293",6
1,"sm0289","sm0463",6
1,"sm0289","sm0055",8
1,"sm0289","sm0327",8
1,"sm0289","sm0366",8
1,"sm0289","sm0340",10
1,"sm0291","sm0228",1
1,"sm0291","sm0021",1
1,"sm0291","sm0116",1
1,"sm0291","sm0237",1
1,"sm0291","sm0359",2
1,"sm0291","sm0156",2
1,"sm0291","sm0324",2
1,"sm0291","sm0422",2
1,"sm0291","sm0352",3
1,"sm0291","sm0252",3
1,"sm0291","sm0230",3
1,"sm0291","sm0424",4
1,"sm0291","sm0489",4
1,"sm0291","sm0157",5
1,"sm0291","sm0231",5
1,"sm0291","sm0020",6
1,"sm0291","sm0425",6
1,"sm0291","sm0184",6
1,"sm0291","sm0050",6
1,"sm0291","sm0424",7
1,"sm0291","sm0432",8
1,"sm0291","sm0241",8
1,"sm0291","sm0401",8
1,"sm0291","sm0191",9
1,"sm0291","sm0148",9
1,"sm0291","sm0497",10
1,"sm0291","sm0209",10
1,"sm0291","sm0445",10
1,"sm0291","sm0319",10
1,"sm0293","sm0316",1
1,"sm0293","sm0333",2
1,"sm0293","sm0249",3
1,"sm0293","sm0277",4
1,"sm0293","sm0101",5
1,"sm0293","sm0157",6
1,"sm0293","sm0039",7
1,"sm0293","sm0118",8
1,"sm0293","sm0383",8
1,"sm0293","sm0121",9
1,"sm0293","sm0463",9
1,"sm0293","sm0154",9
1,"sm0294","sm0490",1
1,"sm0294","sm0488",2
1,"sm0294","sm0144",2
1,"sm0294","sm0157",2
1,"sm0294","sm0041",2
1,"sm0294","sm0316",3
1,"sm0294","sm0282",3
1,"sm0294","sm0174",3
1,"sm0294","sm0347",5
1,"sm0294","sm0067",6
1,"sm0294","sm0266",6
1,"sm0294","sm0086",6
1,"sm0294","sm0019",6
1,"sm0294","sm0381",7
1,"sm0294","sm0101",7
1,"sm0294","sm0360",7
1,"sm0294","sm0082",9
1,"sm0294","sm0088",9
1,"sm0294","sm0010",9
1,"sm0294","sm0434",10
1,"sm0294","sm0324",10
1,"sm0294","sm0017",10
1,"sm0294","sm0302",10
1,"sm0298","sm0477",1
1,"sm0298","sm0076",2
1,"sm0298","sm0312",2
1,"sm0298","sm0304",4
1,"sm0298","sm0010",4
1,"sm0298","sm0330",4
1,"sm0298","sm0281",4
1,"sm0298","sm0097",5
1,"sm0298","sm0328",5
1,"sm0298","sm0381",5
1,"sm0298","sm0360",7
1,"sm0298","sm0313",7
1,"sm0298","sm0022",8
1,"sm0298","sm0416",10
1,"sm0298","sm0219",10
1,"sm0298","sm0013",10
1,"sm0298","sm0082",10
1,"sm0299","sm0224",3
1,"sm0299","sm0370",3
1,"sm0299","sm0415",4
1,"sm0299","sm0219",4
1,"sm0299","sm0313",6
1,"sm0299","sm0291",6
1,"sm0299","sm0448",6
1,"sm0299","sm0141",7
1,"sm0299","sm0002",7
1,"sm0299","sm0322",9
1,"sm0299","sm0389",10
1,"sm0299","sm0364",10
1,"sm0299","sm0157",10
1,"sm0300","sm0108",1
1,"sm0300","sm0118",1
1,"sm0300","sm0448",2
1,"sm0300","sm0186",2
1,"sm0300","sm0494",2
1,"sm0300","sm0154",3
1,"sm0300","sm0192",3
1,"sm0300","sm0013",3
1,"sm0300","sm0293",3
1,"sm0300","sm0422",4
1,"sm0300","sm0170",5
1,"sm0300","sm0355",5
1,"sm0300","sm0322",5
1,"sm0300","sm0134",5
1,"sm0300","sm0212",6
1,"sm0300","sm0222",6
1,"sm0300","sm0080",6
1,"sm0300","sm0370",6
1,"sm0300","sm0175",7
1,"sm0300","sm0463",7
1,"sm0300","sm0081",10
1,"sm0300","sm0039",10
1,"sm0300","sm0109",10
1,"sm0301","sm0360",1
1,"sm0301","sm0227",2
1,"sm0301","sm0383",2
1,"sm0301","sm0354",2
1,"sm0301","sm0013",3
1,"sm0301","sm0125",3
1,"sm0301","sm0228",3
1,"sm0301","sm0364",4
1,"sm0301","sm0208",4
1,"sm0301","sm0429",5
1,"sm0301","sm0340",6
1,"sm0301","sm0451",6
1,"sm0301","sm0316",6
1,"sm0301","sm0100",7
1,"sm0301","sm0054",7
1,"sm0301","sm0352",7
1,"sm0301","sm0064",7
1,"sm0301","sm0024",8
1,"sm0301","sm0469",8
1,"sm0301","sm0259",9
1,"sm0301","sm0464",9
1,"sm0301","sm0064",9
1,"sm0301","sm0411",10
1,"sm0301","sm0360",10
1,"sm0301","sm0183",10
1,"sm0302","sm0477",1
1,"sm0302","sm0010",2
1,"sm0302","sm0084",2
1,"sm0302","sm0451",4
1,"sm0302","sm0202",4
1,"sm0302","sm0438",7
1,"sm0302","sm0458",7
1,"sm0302","sm0068",7
1,"sm0302","sm0416",7
1,"sm0302","sm0259",8
1,"sm0302","sm0451",8
1,"sm0302","sm0218",8
1,"sm0302","sm0012",9
1,"sm0302","sm0021",9
1,"sm0302","sm0452",9
1,"sm0302","sm0368",9
1,"sm0302","sm0213",10
1,"sm0302","sm0404",10
1,"sm0304","sm0378",1
1,"sm0304","sm0152",1
1,"sm0304","sm0312",1
1,"sm0304","sm0164",1
1,"sm0304","sm0420",2
1,"sm0304","sm0139",2
1,"sm0304","sm0020",2
1,"sm0304","sm0262",2
1,"sm0304","sm0488",3
1,"sm0304","sm0283",4
1,"sm0304","sm0109",4
1,"sm0304","sm0455",4
1,"sm0304","sm0270",6
1,"sm0304","sm0225",7
1,"sm0304","sm0210",7
1,"sm0304","sm0223",7
1,"sm0304","sm0197",7
1,"sm0304","sm0139",8
1,"sm0304","sm0030",8
1,"sm0304","sm0153",8
1,"sm0304","sm0163",8
1,"sm0304","sm0315",9
1,"sm0304","sm0406",9
1,"sm0304","sm0343",10
1,"sm0304","sm0089",10
1,"sm0304","sm0186",10
1,"sm0304","sm0249",10
1,"sm0306","sm0076",1
1,"sm0306","sm0021",1
1,"sm0306","sm0080",1
1,"sm0306","sm0256",2
1,"sm0306","sm0100",2
1,"sm0306","sm0343",3
1,"sm0306","sm0047",3
1,"sm0306","sm0384",3
1,"sm0306","sm0233",4
1,"sm0306","sm0469",4
1,"sm0306","sm0224",5
1,"sm0306","sm0291",5
1,"sm0306","sm0367",5
1,"sm0306","sm0184",5
1,"sm0306","sm0123",6
1,"sm0306","sm0451",6
1,"sm0306","sm0094",6
1,"sm0306","sm0204",7
1,"sm0306","sm0383",7
1,"sm0306","sm0113",8
1,"sm0306","sm0355",8
1,"sm0306","sm0042",8
1,"sm0306","sm0238",8
1,"sm0306","sm0217",9
1,"sm0306","sm0259",9
1,"sm0306","sm0313",10
1,"sm0306","sm0248",10
1,"sm0306","sm0010",10
1,"sm0306","sm0059",10
1,"sm0308","sm0498",1
1,"sm0308","sm0029",1
1,"sm0308","sm0230",1
1,"sm0308","sm0180",2
1,"sm0308","sm0037",2
1,"sm0308","sm0079",2
1,"sm0308","sm0470",2
1,"sm0308","sm0397",3
1,"sm0308","sm0494",3
1,"sm0308","sm0382",3
1,"sm0308","sm0389",3
1,"sm0308","sm0406",4
1,"sm0308","sm0152",4
1,"sm0308","sm0264",4
1,"sm0308","sm0021",6
1,"sm0308","sm0321",6
1,"sm0308","sm0426",6
1,"sm0309","sm0243",2
1,"sm0309","sm0233",2
1,"sm0309","sm0473",2
1,"sm0309","sm0304",2
1,"sm0309","sm0463",3
1,"sm0309","sm0037",4
1,"sm0309","sm0325",5
1,"sm0309","sm0163",5
1,"sm0309","sm0208",5
1,"sm0309","sm0181",5
1,"sm0309","sm0397",6
1,"sm0309","sm0468",6
1,"sm0309","sm0281",6
1,"sm0309","sm0300",6
1,"sm0309","sm0230",7
1,"sm0309","sm0132",7
1,"sm0309","sm0094",10
1,"sm0309","sm0230",10
1,"sm0312","sm0131",1
1,"sm0312","sm0204",1
1,"sm0312","sm0040",1
1,"sm0312","sm0483",2
1,"sm0312","sm0042",2
1,"sm0312","sm0192",4
1,"sm0312","sm0039",4
1,"sm0312","sm0329",4
1,"sm0312","sm0061",5
1,"sm0312","sm0480",6
1,"sm0312","sm0324",6
1,"sm0312","sm0376",6
1,"sm0312","sm0263",6
1,"sm0312","sm0249",7
1,"sm0312","sm0371",8
1,"sm0312","sm0119",8
1,"sm0312","sm0319",9
1,"sm0312","sm0250",10
1,"sm0312","sm0203",10
1,"sm0313","sm0452",2
1,"sm0313","sm0053",2
1,"sm0313","sm0131",4
1,"sm0313","sm0480",4
1,"sm0313","sm0363",4
1,"sm0313","sm0322",4
1,"sm0313","sm0448",5
1,"sm0313","sm0134",5
1,"sm0313","sm0262",5
1,"sm0313","sm0432",6
1,"sm0313","sm0463",9
1,"sm0313","sm0048",9
1,"sm0313","sm0354",9
1,"sm0313","sm0156",9
1,"sm0313","sm0217",10
1,"sm0315","sm0339",1
1,"sm0315","sm0449",1
1,"sm0315","sm0156",1
1,"sm0315","sm0332",1
1,"sm0315","sm0497",3
1,"sm0315","sm0139",3
1,"sm0315","sm0187",3
1,"sm0315","sm0333",5
1,"sm0315","sm0328",5
1,"sm0315","sm0119",7
1,"sm0315","sm0185",8
1,"sm0315","sm0421",8
1,"sm0315","sm0183",9
1,"sm0315","sm0170",10
1,"sm0315","sm0094",10
1,"sm0315","sm0349",10
1,"sm0316","sm0416",3
1,"sm0316","sm0041",3
1,"sm0316","sm0033",3
1,"sm0316","sm0202",3
1,"sm0316","sm0461",4
1,"sm0316","sm0269",6
1,"sm0316","sm0175",6
1,"sm0316","sm0315",7
1,"sm0316","sm0420",8
1,"sm0316","sm0125",8
1,"sm0316","sm0280",9
1,"sm0316","sm0042",9
1,"sm0316","sm0451",9
1,"sm0316","sm0117",9
1,"sm0316","sm0164",10
1,"sm0316","sm0134",10
1,"sm0316","sm0033",10
1,"sm0317","sm0282",1
1,"sm0317","sm0348",1
1,"sm0317","sm0351",1
1,"sm0317","sm0116",2
1,"sm0317","sm0051",2
1,"sm0317","sm0002",3
1,"sm0317","sm0381",3
1,"sm0317","sm0329",3
1,"sm0317","sm0197",4
1,"sm0317","sm0209",4
1,"sm0317","sm0366",6
1,"sm0317","sm0364",6
1,"sm0317","sm0188",6
1,"sm0317","sm0466",6
1,"sm0317","sm0463",7
1,"sm0317","sm0382",8
1,"sm0317","sm0037",8
1,"sm0317","sm0019",8
1,"sm0317","sm0484",8
1,"sm0317","sm0401",9
1,"sm0317","sm0378",9
1,"sm0317","sm0152",10
1,"sm0317","sm0084",10
1,"sm0317","sm0430",10
1,"sm0317","sm0022",10
1,"sm0319","sm0159",2
1,"sm0319","sm0313",2
1,"sm0319","sm0176",2
1,"sm0319","sm0270",2
1,"sm0319","sm0483",3
1,"sm0319","sm0186",3
1,"sm0319","sm0028",3
1,"sm0319","sm0448",4
1,"sm0319","sm0110",4
1,"sm0319","sm0141",4
1,"sm0319","sm0013",4
1,"sm0319","sm0461",7
1,"sm0319","sm0147",7
1,"sm0319","sm0091",8
1,"sm0319","sm0368",8
1,"sm0319","sm0438",8
1,"sm0319","sm0448",9
1,"sm0319","sm0096",9
1,"sm0319","sm0463",9
1,"sm0321","sm0228",1
1,"sm0321","sm0249",2
1,"sm0321","sm0188",2
1,"sm0321","sm0470",2
1,"sm0321","sm0464",2
1,"sm0321","sm0376",3
1,"sm0321","sm0013",3
1,"sm0321","sm0428",4
1,"sm0321","sm0414",4
1,"sm0321","sm0132",5
1,"sm0321","sm0088",7
1,"sm0321","sm0042",7
1,"sm0321","sm0001",7
1,"sm0321","sm0237",7
1,"sm0321","sm0140",9
1,"sm0321","sm0112",9
1,"sm0322","sm0308",1
1,"sm0322","sm0313",1
1,"sm0322","sm0175",1
1,"sm0322","sm0457",3
1,"sm0322","sm0302",3
1,"sm0322","sm0086",3
1,"sm0322","sm0255",3
1,"sm0322","sm0104",7
1,"sm0322","sm0243",7
1,"sm0322","sm0358",7
1,"sm0322","sm0200",8
1,"sm0322","sm0291",9
1,"sm0322","sm0157",9
1,"sm0322","sm0435",9
1,"sm0322","sm0232",10
1,"sm0322","sm0030",10
1,"sm0324","sm0105",1
1,"sm0324","sm0210",1
1,"sm0324","sm0368",2
1,"sm0324","sm0401",3
1,"sm0324","sm0390",5
1,"sm0324","sm0489",7
1,"sm0324","sm0319",7
1,"sm0324","sm0243",8
1,"sm0324","sm0455",8
1,"sm0324","sm0091",8
1,"sm0324","sm0400",8
1,"sm0324","sm0216",9
1,"sm0324","sm0355",9
1,"sm0324","sm0138",9
1,"sm0324","sm0238",9
1,"sm0324","sm0420",10
1,"sm0324","sm0432",10
1,"sm0324","sm0351",10
1,"sm0324","sm0208",10
1,"sm0325","sm0483",1
1,"sm0325","sm0413",1
1,"sm0325","sm0096",1
1,"sm0325","sm0089",2
1,"sm0325","sm0302",2
1,"sm0325","sm0300",3
1,"sm0325","sm0055",3
1,"sm0325","sm0010",4
1,"sm0325","sm0465",4
1,"sm0325","sm0227",4
1,"sm0325","sm0401",7
1,"sm0325","sm0300",7
1,"sm0325","sm0427",7
1,"sm0325","sm0158",7
1,"sm0325","sm0153",8
1,"sm0325","sm0416",8
1,"sm0325","sm0175",8
1,"sm0325","sm0401",10
1,"sm0326","sm0091",1
1,"sm0326","sm0393",1
1,"sm0326","sm0333",2
1,"sm0326","sm0199",2
1,"sm0326","sm0281",2
1,"sm0326","sm0276",3
1,"sm0326","sm0281",3
1,"sm0326","sm0256",3
1,"sm0326","sm0294",4
1,"sm0326","sm0003",4
1,"sm0326","sm0354",5
1,"sm0326","sm0039",5
1,"sm0326","sm0428",5
1,"sm0326","sm0405",7
1,"sm0326","sm0330",7
1,"sm0326","sm0122",7
1,"sm0326","sm0122",8
1,"sm0326","sm0188",8
1,"sm0326","sm0461",8
1,"sm0326","sm0176",9
1,"sm0326","sm0389",9
1,"sm0326","sm0352",10
1,"sm0326","sm0367",10
1,"sm0326","sm0063",10
1,"sm0327","sm0159",1
1,"sm0327","sm0203",1
1,"sm0327","sm0347",1
1,"sm0327","sm0413",1
1,"sm0327","sm0249",2
1,"sm0327","sm0438",2
1,"sm0327","sm0466",2
1,"sm0327","sm0304",2
1,"sm0327","sm0167",3
1,"sm0327","sm0468",3
1,"sm0327","sm0413",5
1,"sm0327","sm0096",5
1,"sm0327","sm0186",5
1,"sm0327","sm0147",5
1,"sm0327","sm0127",6
1,"sm0327","sm0079",6
1,"sm0327","sm0046",6
1,"sm0327","sm0393",7
1,"sm0327","sm0127",8
1,"sm0327","sm0084",8
1,"sm0327","sm0480",8
1,"sm0327","sm0117",8
1,"sm0327","sm0081",10
1,"sm0327","sm0042",10
1,"sm0327","sm0223",10
1,"sm0328","sm0326",1
1,"sm0328","sm0036",1
1,"sm0328","sm0202",1
1,"sm0328","sm0470",2
1,"sm0328","sm0435",2
1,"sm0328","sm0381",2
1,"sm0328","sm0348",2
1,"sm0328","sm0405",3
1,"sm0328","sm0021",4
1,"sm0328","sm0378",5
1,"sm0328","sm0209",5
1,"sm0328","sm0120",5
1,"sm0328","sm0002",5
1,"sm0328","sm0141",7
1,"sm0328","sm0170",8
1,"sm0328","sm0160",8
1,"sm0328","sm0191",8
1,"sm0328","sm0247",9
1,"sm0328","sm0333",9
1,"sm0328","sm0443",9
1,"sm0328","sm0169",9
1,"sm0329","sm0445",1
1,"sm0329","sm0039",1
1,"sm0329","sm0379",3
1,"sm0329","sm0494",3
1,"sm0329","sm0225",3
1,"sm0329","sm0364",3
1,"sm0329","sm0120",4
1,"sm0329","sm0271",4
1,"sm0329","sm0203",4
1,"sm0329","sm0352",5
1,"sm0329","sm0270",6
1,"sm0329","sm0184",6
1,"sm0329","sm0488",8
1,"sm0329","sm0462",8
1,"sm0329","sm0293",8
1,"sm0329","sm0154",9
1,"sm0329","sm0071",9
1,"sm0329","sm0118",9
1,"sm0329","sm0451",10
1,"sm0329","sm0414",10
1,"sm0329","sm0198",10
1,"sm0329","sm0048",10
1,"sm0330","sm0332",1
1,"sm0330","sm0002",2
1,"sm0330","sm0154",2
1,"sm0330","sm0034",3
1,"sm0330","sm0210",3
1,"sm0330","sm0185",3
1,"sm0330","sm0232",3
1,"sm0330","sm0131",4
1,"sm0330","sm0478",4
1,"sm0330","sm0184",4
1,"sm0330","sm0258",4
1,"sm0330","sm0184",5
1,"sm0330","sm0425",5
1,"sm0330","sm0389",5
1,"sm0330","sm0154",5
1,"sm0330","sm0174",6
1,"sm0330","sm0474",7
1,"sm0330","sm0385",7
1,"sm0330","sm0470",7
1,"sm0330","sm0255",7
1,"sm0330","sm0283",8
1,"sm0330","sm0120",10
1,"sm0330","sm0455",10
1,"sm0332","sm0034",1
1,"sm0332","sm0435",1
1,"sm0332","sm0199",1
1,"sm0332","sm0477",3
1,"sm0332","sm0227",4
1,"sm0332","sm0028",4
1,"sm0332","sm0212",6
1,"sm0332","sm0222",6
1,"sm0332","sm0141",7
1,"sm0332","sm0243",7
1,"sm0332","sm0406",7
1,"sm0332","sm0105",7
1,"sm0332","sm0414",9
1,"sm0332","sm0400",9
1,"sm0332","sm0473",9
1,"sm0332","sm0404",9
1,"sm0332","sm0040",10
1,"sm0333","sm0185",1
1,"sm0333","sm0050",1
1,"sm0333","sm0152",2
1,"sm0333","sm0418",2
1,"sm0333","sm0088",2
1,"sm0333","sm0480",3
1,"sm0333","sm0426",3
1,"sm0333","sm0364",4
1,"sm0333","sm0116",4
1,"sm0333","sm0317",4
1,"sm0333","sm0470",4
1,"sm0333","sm0438",6
1,"sm0333","sm0464",6
1,"sm0333","sm0405",6
1,"sm0333","sm0461",6
1,"sm0333","sm0203",7
1,"sm0333","sm0055",8
1,"sm0333","sm0280",8
1,"sm0333","sm0348",8
1,"sm0333","sm0154",8
1,"sm0333","sm0024",9
1,"sm0333","sm0443",10
1,"sm0337","sm0225",1
1,"sm0337","sm0324",1
1,"sm0337","sm0464",2
1,"sm0337","sm0451",3
1,"sm0337","sm0435",3
1,"sm0337","sm0120",3
1,"sm0337","sm0077",4
1,"sm0337","sm0202",4
1,"sm0337","sm0052",5
1,"sm0337","sm0072",5
1,"sm0337","sm0382",6
1,"sm0337","sm0132",7
1,"sm0337","sm0176",7
1,"sm0337","sm0048",7
1,"sm0337","sm0128",8
1,"sm0337","sm0133",9
1,"sm0337","sm0330",9
1,"sm0337","sm0048",9
1,"sm0337","sm0329",9
1,"sm0337","sm0131",10
1,"sm0337","sm0039",10
1,"sm0337","sm0183",10
1,"sm0337","sm0289",10
1,"sm0339","sm0147",1
1,"sm0339","sm0348",1
1,"sm0339","sm0176",1
1,"sm0339","sm0411",2
1,"sm0339","sm0401",2
1,"sm0339","sm0480",2
1,"sm0339","sm0434",2
1,"sm0339","sm0375",3
1,"sm0339","sm0230",3
1,"sm0339","sm0372",3
1,"sm0339","sm0340",4
1,"sm0339","sm0343",4
1,"sm0339","sm0249",5
1,"sm0339","sm0133",7
1,"sm0339","sm0435",7
1,"sm0339","sm0405",7
1,"sm0339","sm0143",8
1,"sm0339","sm0421",10
1,"sm0339","sm0270",10
1,"sm0339","sm0251",10
1,"sm0339","sm0121",10
1,"sm0340","sm0309",1
1,"sm0340","sm0175",2
1,"sm0340","sm0332",2
1,"sm0340","sm0106",3
1,"sm0340","sm0384",3
1,"sm0340","sm0152",4
1,"sm0340","sm0344",4
1,"sm0340","sm0082",4
1,"sm0340","sm0322",5
1,"sm0340","sm0163",5
1,"sm0340","sm0218",5
1,"sm0340","sm0355",5
1,"sm0340","sm0498",6
1,"sm0340","sm0061",6
1,"sm0340","sm0035",7
1,"sm0340","sm0041",7
1,"sm0340","sm0291",7
1,"sm0340","sm0001",10
1,"sm0340","sm0022",10
1,"sm0342","sm0238",1
1,"sm0342","sm0079",2
1,"sm0342","sm0443",3
1,"sm0342","sm0117",3
1,"sm0342","sm0097",3
1,"sm0342","sm0294",3
1,"sm0342","sm0126",5
1,"sm0342","sm0277",6
1,"sm0342","sm0140",6
1,"sm0342","sm0271",6
1,"sm0342","sm0013",7
1,"sm0342","sm0208",7
1,"sm0342","sm0385",7
1,"sm0342","sm0002",8
1,"sm0342","sm0213",9
1,"sm0342","sm0376",10
1,"sm0343","sm0217",1
1,"sm0343","sm0497",1
1,"sm0343","sm0428",2
1,"sm0343","sm0463",2
1,"sm0343","sm0222",5
1,"sm0343","sm0316",5
1,"sm0343","sm0020",6
1,"sm0343","sm0451",6
1,"sm0343","sm0048",7
1,"sm0343","sm0156",7
1,"sm0343","sm0118",7
1,"sm0343","sm0324",7
1,"sm0343","sm0313",8
1,"sm0343","sm0096",8
1,"sm0343","sm0309",9
1,"sm0343","sm0427",9
1,"sm0343","sm0124",9
1,"sm0343","sm0165",9
1,"sm0343","sm0434",10
1,"sm0343","sm0209",10
1,"sm0343","sm0192",10
1,"sm0343","sm0462",10
1,"sm0344","sm0134",2
1,"sm0344","sm0199",2
1,"sm0344","sm0325",2
1,"sm0344","sm0354",2
1,"sm0344","sm0058",3
1,"sm0344","sm0263",3
1,"sm0344","sm0035",4
1,"sm0344","sm0488",4
1,"sm0344","sm0092",4
1,"sm0344","sm0042",5
1,"sm0344","sm0238",6
1,"sm0344","sm0167",6
1,"sm0344","sm0327",6
1,"sm0344","sm0328",7
1,"sm0344","sm0092",7
1,"sm0344","sm0233",7
1,"sm0344","sm0413",8
1,"sm0344","sm0156",8
1,"sm0344","sm0150",8
1,"sm0344","sm0390",8
1,"sm0344","sm0256",9
1,"sm0344","sm0060",9
1,"sm0344","sm0294",10
1,"sm0347","sm0108",2
1,"sm0347","sm0427",2
1,"sm0347","sm0344",3
1,"sm0347","sm0050",3
1,"sm0347","sm0326",4
1,"sm0347","sm0064",4
1,"sm0347","sm0213",4
1,"sm0347","sm0233",5
1,"sm0347","sm0104",6
1,"sm0347","sm0033",6
1,"sm0347","sm0329",6
1,"sm0347","sm0324",7
1,"sm0347","sm0169",8
1,"sm0347","sm0263",8
1,"sm0347","sm0016",8
1,"sm0347","sm0036",9
1,"sm0348","sm0370",2
1,"sm0348","sm0368",3
1,"sm0348","sm0417",3
1,"sm0348","sm0035",4
1,"sm0348","sm0372",4
1,"sm0348","sm0132",4
1,"sm0348","sm0263",4
1,"sm0348","sm0304",5
1,"sm0348","sm0377",6
1,"sm0348","sm0100",6
1,"sm0348","sm0254",6
1,"sm0348","sm0344",8
1,"sm0348","sm0175",8
1,"sm0348","sm0094",8
1,"sm0348","sm0449",9
1,"sm0348","sm0031",9
1,"sm0348","sm0478",9
1,"sm0348","sm0256",9
1,"sm0348","sm0417",10
1,"sm0348","sm0269",10
1,"sm0349","sm0033",4
1,"sm0349","sm0256",4
1,"sm0349","sm0343",4
1,"sm0349","sm0184",5
1,"sm0349","sm0474",5
1,"sm0349","sm0351",5
1,"sm0349","sm0498",6
1,"sm0349","sm0165",6
1,"sm0349","sm0333",7
1,"sm0349","sm0076",7
1,"sm0349","sm0223",7
1,"sm0349","sm0100",7
1,"sm0349","sm0037",8
1,"sm0349","sm0327",8
1,"sm0349","sm0371",9
1,"sm0349","sm0319",9
1,"sm0349","sm0198",10
1,"sm0349","sm0255",10
1,"sm0349","sm0464",10
1,"sm0349","sm0105",10
1,"sm0351","sm0263",1
1,"sm0351","sm0060",1
1,"sm0351","sm0301",2
1,"sm0351","sm0123",2
1,"sm0351","sm0343",3
1,"sm0351","sm0470",3
1,"sm0351","sm0464",3
1,"sm0351","sm0442",4
1,"sm0351","sm0237",5
1,"sm0351","sm0283",5
1,"sm0351","sm0153",5
1,"sm0351","sm0055",5
1,"sm0351","sm0275",7
1,"sm0351","sm0059",7
1,"sm0351","sm0480",7
1,"sm0351","sm0096",8
1,"sm0351","sm0113",8
1,"sm0351","sm0271",9
1,"sm0352","sm0490",1
1,"sm0352","sm0060",1
1,"sm0352","sm0242",1
1,"sm0352","sm0167",1
1,"sm0352","sm0039",2
1,"sm0352","sm0241",2
1,"sm0352","sm0197",3
1,"sm0352","sm0371",3
1,"sm0352","sm0181",4
1,"sm0352","sm0383",5
1,"sm0352","sm0141",7
1,"sm0352","sm0269",7
1,"sm0352","sm0428",7
1,"sm0352","sm0025",8
1,"sm0352","sm0367",8
1,"sm0352","sm0022",8
1,"sm0352","sm0212",8
1,"sm0352","sm0349",9
1,"sm0352","sm0074",9
1,"sm0354","sm0465",1
1,"sm0354","sm0282",1
1,"sm0354","sm0200",2
1,"sm0354","sm0429",2
1,"sm0354","sm0316",2
1,"sm0354","sm0153",3
1,"sm0354","sm0400",3
1,"sm0354","sm0089",4
1,"sm0354","sm0022",4
1,"sm0354","sm0256",4
1,"sm0354","sm0169",4
1,"sm0354","sm0404",5
1,"sm0354","sm0457",5
1,"sm0354","sm0175",5
1,"sm0354","sm0349",5
1,"sm0354","sm0200",6
1,"sm0354","sm0340",6
1,"sm0354","sm0308",6
1,"sm0354","sm0208",6
1,"sm0354","sm0178",8
1,"sm0354","sm0468",9
1,"sm0354","sm0424",9
1,"sm0354","sm0141",9
1,"sm0354","sm0121",10
1,"sm0354","sm0124",10
1,"sm0354","sm0248",10
1,"sm0355","sm0024",1
1,"sm0355","sm0261",1
1,"sm0355","sm0321",2
1,"sm0355","sm0312",2
1,"sm0355","sm0430",2
1,"sm0355","sm0298",3
1,"sm0355","sm0442",4
1,"sm0355","sm0269",4
1,"sm0355","sm0039",5
1,"sm0355","sm0228",5
1,"sm0355","sm0110",5
1,"sm0355","sm0431",6
1,"sm0355","sm0006",6
1,"sm0355","sm0003",6
1,"sm0355","sm0393",6
1,"sm0355","sm0020",7
1,"sm0355","sm0434",7
1,"sm0355","sm0091",9
1,"sm0355","sm0389",9
1,"sm0355","sm0176",9
1,"sm0355","sm0498",10
1,"sm0358","sm0030",1
1,"sm0358","sm0097",1
1,"sm0358","sm0294",2
1,"sm0358","sm0210",2
1,"sm0358","sm0119",2
1,"sm0358","sm0159",3
1,"sm0358","sm0218",3
1,"sm0358","sm0417",4
1,"sm0358","sm0217",5
1,"sm0358","sm0176",5
1,"sm0358","sm0033",5
1,"sm0358","sm0082",7
1,"sm0358","sm0156",7
1,"sm0358","sm0122",7
1,"sm0358","sm0480",7
1,"sm0358","sm0123",8
1,"sm0358","sm0116",8
1,"sm0358","sm0039",8
1,"sm0358","sm0237",8
1,"sm0358","sm0128",9
1,"sm0359","sm0355",1
1,"sm0359","sm0321",1
1,"sm0359","sm0148",1
1,"sm0359","sm0363",1
1,"sm0359","sm0354",2
1,"sm0359","sm0072",2
1,"sm0359","sm0140",2
1,"sm0359","sm0122",4
1,"sm0359","sm0469",5
1,"sm0359","sm0042",5
1,"sm0359","sm0389",7
1,"sm0359","sm0033",7
1,"sm0359","sm0046",8
1,"sm0359","sm0033",8
1,"sm0359","sm0313",8
1,"sm0359","sm0434",9
1,"sm0359","sm0105",9
1,"sm0359","sm0132",10
1,"sm0360","sm0431",1
1,"sm0360","sm0050",1
1,"sm0360","sm0405",1
1,"sm0360","sm0181",2
1,"sm0360","sm0376",2
1,"sm0360","sm0316",2
1,"sm0360","sm0263",2
1,"sm0360","sm0033",5
1,"sm0360","sm0370",6
1,"sm0360","sm0291",6
1,"sm0360","sm0497",6
1,"sm0360","sm0242",6
1,"sm0360","sm0041",7
1,"sm0360","sm0163",7
1,"sm0360","sm0001",8
1,"sm0360","sm0381",8
1,"sm0360","sm0474",8
1,"sm0360","sm0462",8
1,"sm0360","sm0469",9
1,"sm0360","sm0055",9
1,"sm0360","sm0055",10
1,"sm0360","sm0337",10
1,"sm0360","sm0034",10
1,"sm0360","sm0368",10
1,"sm0363","sm0330",1
1,"sm0363","sm0464",1
1,"sm0363","sm0081",1
1,"sm0363","sm0059",2
1,"sm0363","sm0232",2
1,"sm0363","sm0280",2
1,"sm0363","sm0300",2
1,"sm0363","sm0264",3
1,"sm0363","sm0199",3
1,"sm0363","sm0035",3
1,"sm0363","sm0325",4
1,"sm0363","sm0112",4
1,"sm0363","sm0355",4
1,"sm0363","sm0417",4
1,"sm0363","sm0017",5
1,"sm0363","sm0034",5
1,"sm0363","sm0250",6
1,"sm0363","sm0112",6
1,"sm0363","sm0452",6
1,"sm0363","sm0184",6
1,"sm0363","sm0071",7
1,"sm0363","sm0473",8
1,"sm0363","sm0022",8
1,"sm0363","sm0208",8
1,"sm0363","sm0046",9
1,"sm0363","sm0094",9
1,"sm0363","sm0185",10
1,"sm0363","sm0003",10
1,"sm0363","sm0470",10
1,"sm0364","sm0477",2
1,"sm0364","sm0123",2
1,"sm0364","sm0160",2
1,"sm0364","sm0300",3
1,"sm0364","sm0001",3
1,"sm0364","sm0169",3
1,"sm0364","sm0055",4
1,"sm0364","sm0079",5
1,"sm0364","sm0343",5
1,"sm0364","sm0414",5
1,"sm0364","sm0192",5
1,"sm0364","sm0042",6
1,"sm0364","sm0101",6
1,"sm0364","sm0019",6
1,"sm0364","sm0180",6
1,"sm0364","sm0243",7
1,"sm0364","sm0275",7
1,"sm0364","sm0096",7
1,"sm0364","sm0218",7
1,"sm0364","sm0219",8
1,"sm0364","sm0253",8
1,"sm0364","sm0321",9
1,"sm0364","sm0050",9
1,"sm0364","sm0096",9
1,"sm0364","sm0325",10
1,"sm0364","sm0379",10
1,"sm0364","sm0405",10
1,"sm0366","sm0116",1
1,"sm0366","sm0488",1
1,"sm0366","sm0154",1
1,"sm0366","sm0426",1
1,"sm0366","sm0489",2
1,"sm0366","sm0223",2
1,"sm0366","sm0204",4
1,"sm0366","sm0489",5
1,"sm0366","sm0429",5
1,"sm0366","sm0053",9
1,"sm0366","sm0140",10
1,"sm0366","sm0064",10
1,"sm0367","sm0144",1
1,"sm0367","sm0393",1
1,"sm0367","sm0377",1
1,"sm0367","sm0443",1
1,"sm0367","sm0150",2
1,"sm0367","sm0224",2
1,"sm0367","sm0127",2
1,"sm0367","sm0200",3
1,"sm0367","sm0178",3
1,"sm0367","sm0372",4
1,"sm0367","sm0140",4
1,"sm0367","sm0397",4
1,"sm0367","sm0421",4
1,"sm0367","sm0262",6
1,"sm0367","sm0248",7
1,"sm0367","sm0020",7
1,"sm0367","sm0143",8
1,"sm0367","sm0106",9
1,"sm0367","sm0449",9
1,"sm0367","sm0034",9
1,"sm0367","sm0298",9
1,"sm0367","sm0262",10
1,"sm0367","sm0327",10
1,"sm0367","sm0084",10
1,"sm0368","sm0198",1
1,"sm0368","sm0351",1
1,"sm0368","sm0421",1
1,"sm0368","sm0013",2
1,"sm0368","sm0062",2
1,"sm0368","sm0110",2
1,"sm0368","sm0269",2
1,"sm0368","sm0041",3
1,"sm0368","sm0363",3
1,"sm0368","sm0301",3
1,"sm0368","sm0348",3
1,"sm0368","sm0063",4
1,"sm0368","sm0437",4
1,"sm0368","sm0202",4
1,"sm0368","sm0497",4
1,"sm0368","sm0271",5
1,"sm0368","sm0067",6
1,"sm0368","sm0328",6
1,"sm0368","sm0367",6
1,"sm0368","sm0176",7
1,"sm0368","sm0188",7
1,"sm0368","sm0126",7
1,"sm0368","sm0184",9
1,"sm0368","sm0012",9
1,"sm0368","sm0253",10
1,"sm0368","sm0217",10
1,"sm0368","sm0354",10
1,"sm0370","sm0271",1
1,"sm0370","sm0241",1
1,"sm0370","sm0150",1
1,"sm0370","sm0071",2
1,"sm0370","sm0021",2
1,"sm0370","sm0277",3
1,"sm0370","sm0231",4
1,"sm0370","sm0051",4
1,"sm0370","sm0067",5
1,"sm0370","sm0003",5
1,"sm0370","sm0087",5
1,"sm0370","sm0324",5
1,"sm0370","sm0158",7
1,"sm0370","sm0175",7
1,"sm0370","sm0060",7
1,"sm0370","sm0169",8
1,"sm0370","sm0415",8
1,"sm0370","sm0254",9
1,"sm0371","sm0385",1
1,"sm0371","sm0153",1
1,"sm0371","sm0231",1
1,"sm0371","sm0418",1
1,"sm0371","sm0140",2
1,"sm0371","sm0163",2
1,"sm0371","sm0261",2
1,"sm0371","sm0089",2
1,"sm0371","sm0178",4
1,"sm0371","sm0225",4
1,"sm0371","sm0313",4
1,"sm0371","sm0034",4
1,"sm0371","sm0126",5
1,"sm0371","sm0218",5
1,"sm0371","sm0060",5
1,"sm0371","sm0312",5
1,"sm0371","sm0264",6
1,"sm0371","sm0039",6
1,"sm0371","sm0321",6
1,"sm0371","sm0052",7
1,"sm0371","sm0088",8
1,"sm0371","sm0063",8
1,"sm0371","sm0322",8
1,"sm0371","sm0309",9
1,"sm0371","sm0422",9
1,"sm0371","sm0247",9
1,"sm0371","sm0271",9
1,"sm0372","sm0261",1
1,"sm0372","sm0040",1
1,"sm0372","sm0159",1
1,"sm0372","sm0430",1
1,"sm0372","sm0283",3
1,"sm0372","sm0363",4
1,"sm0372","sm0077",4
1,"sm0372","sm0339",4
1,"sm0372","sm0474",5
1,"sm0372","sm0291",5
1,"sm0372","sm0013",5
1,"sm0372","sm0209",6
1,"sm0372","sm0031",6
1,"sm0372","sm0186",8
1,"sm0372","sm0064",8
1,"sm0372","sm0067",10
1,"sm0375","sm0054",2
1,"sm0375","sm0340",3
1,"sm0375","sm0092",3
1,"sm0375","sm0389",3
1,"sm0375","sm0312",3
1,"sm0375","sm0249",4
1,"sm0375","sm0030",5
1,"sm0375","sm0371",6
1,"sm0375","sm0156",6
1,"sm0375","sm0451",6
1,"sm0375","sm0148",6
1,"sm0375","sm0343",7
1,"sm0375","sm0404",7
1,"sm0375","sm0128",7
1,"sm0375","sm0390",8
1,"sm0375","sm0121",8
1,"sm0375","sm0077",8
1,"sm0375","sm0379",8
1,"sm0375","sm0059",10
1,"sm0375","sm0082",10
1,"sm0376","sm0021",1
1,"sm0376","sm0203",2
1,"sm0376","sm0264",2
1,"sm0376","sm0326",2
1,"sm0376","sm0495",3
1,"sm0376","sm0101",3
1,"sm0376","sm0127",3
1,"sm0376","sm0164",4
1,"sm0376","sm0212",4
1,"sm0376","sm0462",5
1,"sm0376","sm0364",6
1,"sm0376","sm0328",7
1,"sm0376","sm0256",7
1,"sm0376","sm0199",7
1,"sm0376","sm0048",10
1,"sm0376","sm0494",10
1,"sm0377","sm0443",1
1,"sm0377","sm0134",2
1,"sm0377","sm0429",2
1,"sm0377","sm0050",2
1,"sm0377","sm0204",3
1,"sm0377","sm0223",3
1,"sm0377","sm0170",5
1,"sm0377","sm0100",5
1,"sm0377","sm0309",5
1,"sm0377","sm0117",5
1,"sm0377","sm0104",7
1,"sm0377","sm0432",8
1,"sm0377","sm0051",8
1,"sm0377","sm0081",9
1,"sm0377","sm0463",9
1,"sm0377","sm0229",9
1,"sm0377","sm0359",9
1,"sm0377","sm0191",10
1,"sm0377","sm0067",10
1,"sm0377","sm0445",10
1,"sm0377","sm0495",10
1,"sm0378","sm0006",2
1,"sm0378","sm0317",2
1,"sm0378","sm0434",2
1,"sm0378","sm0397",5
1,"sm0378","sm0254",8
1,"sm0378","sm0329",8
1,"sm0378","sm0113",8
1,"sm0378","sm0462",9
1,"sm0378","sm0123",10
1,"sm0378","sm0006",10
1,"sm0378","sm0119",10
1,"sm0379","sm0147",1
1,"sm0379","sm0466",2
1,"sm0379","sm0360",3
1,"sm0379","sm0096",3
1,"sm0379","sm0377",4
1,"sm0379","sm0231",4
1,"sm0379","sm0208",4
1,"sm0379","sm0134",4
1,"sm0379","sm0434",5
1,"sm0379","sm0452",5
1,"sm0379","sm0096",5
1,"sm0379","sm0343",6
1,"sm0379","sm0466",6
1,"sm0379","sm0328",6
1,"sm0379","sm0428",8
1,"sm0379","sm0106",8
1,"sm0379","sm0223",8
1,"sm0379","sm0131",9
1,"sm0379","sm0013",9
1,"sm0379","sm0427",9
1,"sm0381","sm0088",1
1,"sm0381","sm0448",2
1,"sm0381","sm0420",2
1,"sm0381","sm0132",2
1,"sm0381","sm0254",3
1,"sm0381","sm0185",3
1,"sm0381","sm0174",3
1,"sm0381","sm0304",3
1,"sm0381","sm0228",4
1,"sm0381","sm0063",4
1,"sm0381","sm0498",4
1,"sm0381","sm0468",5
1,"sm0381","sm0116",5
1,"sm0381","sm0293",5
1,"sm0381","sm0041",6
1,"sm0381","sm0414",6
1,"sm0381","sm0348",6
1,"sm0381","sm0416",6
1,"sm0381","sm0349",7
1,"sm0381","sm0158",8
1,"sm0381","sm0364",8
1,"sm0381","sm0225",9
1,"sm0381","sm0199",9
1,"sm0381","sm0121",10
1,"sm0381","sm0347",10
1,"sm0381","sm0326",10
1,"sm0381","sm0289",10
1,"sm0382","sm0212",3
1,"sm0382","sm0053",3
1,"sm0382","sm0271",3
1,"sm0382","sm0216",4
1,"sm0382","sm0185",5
1,"sm0382","sm0092",5
1,"sm0382","sm0150",5
1,"sm0382","sm0339",5
1,"sm0382","sm0071",6
1,"sm0382","sm0117",6
1,"sm0382","sm0187",7
1,"sm0382","sm0110",8
1,"sm0382","sm0013",9
1,"sm0382","sm0302",9
1,"sm0382","sm0306",9
1,"sm0382","sm0389",9
1,"sm0382","sm0366",10
1,"sm0382","sm0249",10
1,"sm0383","sm0319",1
1,"sm0383","sm0144",1
1,"sm0383","sm0251",1
1,"sm0383","sm0261",2
1,"sm0383","sm0210",2
1,"sm0383","sm0224",2
1,"sm0383","sm0478",3
1,"sm0383","sm0316",3
1,"sm0383","sm0131",3
1,"sm0383","sm0165",3
1,"sm0383","sm0119",4
1,"sm0383","sm0121",5
1,"sm0383","sm0448",5
1,"sm0383","sm0061",5
1,"sm0383","sm0444",5
1,"sm0383","sm0490",6
1,"sm0383","sm0048",6
1,"sm0383","sm0275",6
1,"sm0383","sm0288",6
1,"sm0383","sm0410",7
1,"sm0383","sm0227",7
1,"sm0383","sm0469",7
1,"sm0383","sm0089",8
1,"sm0383","sm0139",8
1,"sm0383","sm0175",9
1,"sm0384","sm0121",1
1,"sm0384","sm0313",2
1,"sm0384","sm0061",3
1,"sm0384","sm0122",3
1,"sm0384","sm0347",5
1,"sm0384","sm0437",5
1,"sm0384","sm0477",5
1,"sm0384","sm0313",5
1,"sm0384","sm0442",6
1,"sm0384","sm0024",6
1,"sm0384","sm0053",6
1,"sm0384","sm0139",6
1,"sm0384","sm0092",7
1,"sm0384","sm0071",7
1,"sm0384","sm0169",8
1,"sm0384","sm0118",8
1,"sm0384","sm0138",8
1,"sm0385","sm0132",1
1,"sm0385","sm0100",1
1,"sm0385","sm0258",1
1,"sm0385","sm0275",1
1,"sm0385","sm0263",2
1,"sm0385","sm0093",2
1,"sm0385","sm0359",2
1,"sm0385","sm0282",2
1,"sm0385","sm0425",3
1,"sm0385","sm0349",3
1,"sm0385","sm0052",4
1,"sm0385","sm0076",4
1,"sm0385","sm0063",4
1,"sm0385","sm0051",4
1,"sm0385","sm0383",5
1,"sm0385","sm0225",5
1,"sm0385","sm0262",6
1,"sm0385","sm0371",7
1,"sm0385","sm0025",7
1,"sm0385","sm0131",7
1,"sm0385","sm0208",7
1,"sm0385","sm0417",8
1,"sm0385","sm0052",8
1,"sm0385","sm0231",8
1,"sm0385","sm0322",8
1,"sm0385","sm0191",9
1,"sm0385","sm0210",9
1,"sm0385","sm0377",10
1,"sm0385","sm0282",10
1,"sm0385","sm0203",10
1,"sm0385","sm0425",10
1,"sm0389","sm0269",1
1,"sm0389","sm0294",1
1,"sm0389","sm0163",1
1,"sm0389","sm0067",1
1,"sm0389","sm0355",2
1,"sm0389","sm0437",2
1,"sm0389","sm0134",4
1,"sm0389","sm0452",4
1,"sm0389","sm0030",4
1,"sm0389","sm0422",4
1,"sm0389","sm0432",5
1,"sm0389","sm0327",5
1,"sm0389","sm0370",5
1,"sm0389","sm0003",5
1,"sm0389","sm0288",8
1,"sm0389","sm0231",8
1,"sm0389","sm0021",8
1,"sm0389","sm0024",9
1,"sm0389","sm0017",9
1,"sm0390","sm0213",2
1,"sm0390","sm0230",2
1,"sm0390","sm0321",2
1,"sm0390","sm0046",3
1,"sm0390","sm0329",3
1,"sm0390","sm0442",4
1,"sm0390","sm0192",4
1,"sm0390","sm0420",6
1,"sm0390","sm0476",6
1,"sm0390","sm0016",6
1,"sm0390","sm0366",6
1,"sm0390","sm0247",7
1,"sm0390","sm0198",7
1,"sm0390","sm0462",7
1,"sm0390","sm0422",8
1,"sm0390","sm0229",8
1,"sm0390","sm0309",8
1,"sm0390","sm0096",9
1,"sm0390","sm0001",9
1,"sm0390","sm0377",9
1,"sm0390","sm0405",9
1,"sm0390","sm0225",10
1,"sm0390","sm0358",10
1,"sm0390","sm0094",10
1,"sm0393","sm0067",1
1,"sm0393","sm0037",1
1,"sm0393","sm0464",1
1,"sm0393","sm0059",1
1,"sm0393","sm0227",2
1,"sm0393","sm0269",2
1,"sm0393","sm0006",3
1,"sm0393","sm0400",3
1,"sm0393","sm0243",4
1,"sm0393","sm0347",4
1,"sm0393","sm0328",5
1,"sm0393","sm0198",5
1,"sm0393","sm0076",5
1,"sm0393","sm0294",5
1,"sm0393","sm0220",6
1,"sm0393","sm0237",7
1,"sm0393","sm0160",7
1,"sm0393","sm0495",7
1,"sm0393","sm0242",8
1,"sm0393","sm0084",8
1,"sm0393","sm0444",8
1,"sm0393","sm0104",8
1,"sm0393","sm0421",9
1,"sm0393","sm0167",9
1,"sm0393","sm0328",9
1,"sm0393","sm0092",10
1,"sm0393","sm0228",10
1,"sm0393","sm0384",10
1,"sm0394","sm0400",2
1,"sm0394","sm0164",3
1,"sm0394","sm0477",4
1,"sm0394","sm0427",4
1,"sm0394","sm0119",5
1,"sm0394","sm0448",5
1,"sm0394","sm0152",5
1,"sm0394","sm0347",5
1,"sm0394","sm0242",6
1,"sm0394","sm0055",6
1,"sm0394","sm0390",8
1,"sm0394","sm0438",8
1,"sm0394","sm0270",9
1,"sm0394","sm0003",9
1,"sm0394","sm0120",10
1,"sm0394","sm0134",10
1,"sm0394","sm0124",10
1,"sm0394","sm0202",10
1,"sm0397","sm0217",1
1,"sm0397","sm0059",2
1,"sm0397","sm0405",2
1,"sm0397","sm0081",3
1,"sm0397","sm0126",3
1,"sm0397","sm0258",3
1,"sm0397","sm0003",4
1,"sm0397","sm0039",4
1,"sm0397","sm0410",4
1,"sm0397","sm0156",4
1,"sm0397","sm0470",5
1,"sm0397","sm0036",5
1,"sm0397","sm0186",5
1,"sm0397","sm0154",7
1,"sm0397","sm0152",7
1,"sm0397","sm0347",7
1,"sm0397","sm0174",7
1,"sm0397","sm0464",8
1,"sm0397","sm0385",8
1,"sm0397","sm0308",8
1,"sm0397","sm0263",8
1,"sm0397","sm0488",9
1,"sm0397","sm0181",9
1,"sm0397","sm0411",9
1,"sm0397","sm0132",9
1,"sm0397","sm0178",10
1,"sm0397","sm0474",10
1,"sm0397","sm0364",10
1,"sm0397","sm0119",10
1,"sm0400","sm0327",1
1,"sm0400","sm0253",1
1,"sm0400","sm0478",1
1,"sm0400","sm0109",2
1,"sm0400","sm0058",3
1,"sm0400","sm0252",3
1,"sm0400","sm0217",5
1,"sm0400","sm0349",5
1,"sm0400","sm0029",5
1,"sm0400","sm0261",5
1,"sm0400","sm0154",6
1,"sm0400","sm0124",6
1,"sm0400","sm0426",6
1,"sm0400","sm0438",7
1,"sm0400","sm0416",7
1,"sm0400","sm0231",7
1,"sm0400","sm0089",7
1,"sm0400","sm0430",9
1,"sm0400","sm0495",10
1,"sm0400","sm0306",10
1,"sm0400","sm0001",10
1,"sm0400","sm0384",10
1,"sm0401","sm0035",1
1,"sm0401","sm0230",1
1,"sm0401","sm0067",1
1,"sm0401","sm0376",2
1,"sm0401","sm0109",3
1,"sm0401","sm0498",3
1,"sm0401","sm0237",3
1,"sm0401","sm0020",3
1,"sm0401","sm0269",4
1,"sm0401","sm0133",4
1,"sm0401","sm0097",4
1,"sm0401","sm0062",4
1,"sm0401","sm0077",6
1,"sm0401","sm0255",6
1,"sm0401","sm0422",6
1,"sm0401","sm0455",6
1,"sm0401","sm0093",8
1,"sm0401","sm0315",9
1,"sm0401","sm0329",9
1,"sm0401","sm0213",9
1,"sm0404","sm0237",1
1,"sm0404","sm0170",1
1,"sm0404","sm0468",1
1,"sm0404","sm0304",2
1,"sm0404","sm0042",2
1,"sm0404","sm0263",3
1,"sm0404","sm0385",3
1,"sm0404","sm0242",3
1,"sm0404","sm0449",5
1,"sm0404","sm0280",5
1,"sm0404","sm0125",5
1,"sm0404","sm0328",6
1,"sm0404","sm0216",6
1,"sm0404","sm0259",6
1,"sm0404","sm0480",7
1,"sm0404","sm0080",7
1,"sm0404","sm0148",7
1,"sm0404","sm0219",8
1,"sm0404","sm0344",8
1,"sm0404","sm0294",9
1,"sm0404","sm0469",10
1,"sm0405","sm0087",2
1,"sm0405","sm0321",2
1,"sm0405","sm0393",2
1,"sm0405","sm0125",5
1,"sm0405","sm0393",6
1,"sm0405","sm0394",7
1,"sm0405","sm0022",7
1,"sm0405","sm0092",7
1,"sm0405","sm0100",7
1,"sm0405","sm0094",8
1,"sm0405","sm0123",8
1,"sm0405","sm0280",8
1,"sm0405","sm0444",9
1,"sm0405","sm0434",9
1,"sm0405","sm0220",9
1,"sm0405","sm0181",10
1,"sm0405","sm0187",10
1,"sm0406","sm0309",1
1,"sm0406","sm0368",2
1,"sm0406","sm0088",3
1,"sm0406","sm0092",3
1,"sm0406","sm0421",3
1,"sm0406","sm0497",3
1,"sm0406","sm0247",4
1,"sm0406","sm0118",6
1,"sm0406","sm0324",6
1,"sm0406","sm0231",6
1,"sm0406","sm0128",6
1,"sm0406","sm0281",7
1,"sm0406","sm0225",7
1,"sm0406","sm0384",8
1,"sm0406","sm0225",8
1,"sm0406","sm0113",9
1,"sm0406","sm0046",9
1,"sm0406","sm0080",10
1,"sm0406","sm0342",10
1,"sm0410","sm0191",1
1,"sm0410","sm0128",1
1,"sm0410","sm0222",1
1,"sm0410","sm0280",1
1,"sm0410","sm0034",2
1,"sm0410","sm0084",2
1,"sm0410","sm0437",2
1,"sm0410","sm0094",4
1,"sm0410","sm0497",4
1,"sm0410","sm0294",4
1,"sm0410","sm0477",4
1,"sm0410","sm0067",5
1,"sm0410","sm0313",5
1,"sm0410","sm0059",5
1,"sm0410","sm0204",6
1,"sm0410","sm0080",8
1,"sm0410","sm0165",8
1,"sm0410","sm0071",10
1,"sm0410","sm0474",10
1,"sm0411","sm0093",3
1,"sm0411","sm0183",3
1,"sm0411","sm0209",3
1,"sm0411","sm0474",3
1,"sm0411","sm0489",4
1,"sm0411","sm0157",5
1,"sm0411","sm0405",5
1,"sm0411","sm0110",5
1,"sm0411","sm0250",6
1,"sm0411","sm0425",7
1,"sm0411","sm0191",7
1,"sm0411","sm0465",7
1,"sm0411","sm0096",7
1,"sm0411","sm0127",8
1,"sm0411","sm0289",8
1,"sm0411","sm0037",8
1,"sm0411","sm0163",8
1,"sm0411","sm0343",9
1,"sm0413","sm0462",2
1,"sm0413","sm0131",2
1,"sm0413","sm0463",2
1,"sm0413","sm0309",2
1,"sm0413","sm0329",3
1,"sm0413","sm0262",3
1,"sm0413","sm0228",3
1,"sm0413","sm0144",3
1,"sm0413","sm0088",4
1,"sm0413","sm0052",4
1,"sm0413","sm0181",4
1,"sm0413","sm0251",5
1,"sm0413","sm0476",5
1,"sm0413","sm0342",5
1,"sm0413","sm0253",5
1,"sm0413","sm0068",6
1,"sm0413","sm0474",7
1,"sm0413","sm0339",7
1,"sm0413","sm0337",7
1,"sm0413","sm0105",7
1,"sm0413","sm0422",8
1,"sm0413","sm0452",8
1,"sm0413","sm0382",9
1,"sm0413","sm0352",9
1,"sm0413","sm0097",9
1,"sm0413","sm0127",10
1,"sm0413","sm0394",10
1,"sm0414","sm0117",1
1,"sm0414","sm0167",1
1,"sm0414","sm0410",1
1,"sm0414","sm0251",1
1,"sm0414","sm0474",2
1,"sm0414","sm0306",2
1,"sm0414","sm0469",2
1,"sm0414","sm0377",2
1,"sm0414","sm0061",4
1,"sm0414","sm0033",4
1,"sm0414","sm0082",5
1,"sm0414","sm0064",5
1,"sm0414","sm0084",5
1,"sm0414","sm0242",5
1,"sm0414","sm0024",6
1,"sm0414","sm0342",6
1,"sm0414","sm0321",6
1,"sm0414","sm0025",6
1,"sm0415","sm0444",2
1,"sm0415","sm0308",2
1,"sm0415","sm0309",2
1,"sm0415","sm0048",3
1,"sm0415","sm0180",3
1,"sm0415","sm0141",3
1,"sm0415","sm0349",4
1,"sm0415","sm0355",4
1,"sm0415","sm0022",4
1,"sm0415","sm0458",6
1,"sm0415","sm0422",7
1,"sm0415","sm0220",9
1,"sm0415","sm0164",9
1,"sm0415","sm0086",9
1,"sm0415","sm0252",9
1,"sm0415","sm0337",10
1,"sm0415","sm0150",10
1,"sm0415","sm0181",10
1,"sm0416","sm0039",1
1,"sm0416","sm0013",1
1,"sm0416","sm0019",1
1,"sm0416","sm0054",2
1,"sm0416","sm0424",2
1,"sm0416","sm0139",2
1,"sm0416","sm0227",3
1,"sm0416","sm0253",3
1,"sm0416","sm0258",3
1,"sm0416","sm0117",3
1,"sm0416","sm0165",4
1,"sm0416","sm0022",4
1,"sm0416","sm0411",5
1,"sm0416","sm0164",5
1,"sm0416","sm0096",5
1,"sm0416","sm0455",5
1,"sm0416","sm0410",6
1,"sm0416","sm0333",6
1,"sm0416","sm0052",7
1,"sm0416","sm0077",7
1,"sm0416","sm0016",7
1,"sm0416","sm0413",8
1,"sm0416","sm0220",9
1,"sm0416","sm0216",9
1,"sm0417","sm0028",2
1,"sm0417","sm0188",2
1,"sm0417","sm0427",2
1,"sm0417","sm0313",2
1,"sm0417","sm0293",3
1,"sm0417","sm0458",3
1,"sm0417","sm0484",4
1,"sm0417","sm0352",4
1,"sm0417","sm0217",4
1,"sm0417","sm0298",9
1,"sm0417","sm0012",9
1,"sm0417","sm0379",10
1,"sm0417","sm0438",10
1,"sm0417","sm0170",10
1,"sm0417","sm0230",10
1,"sm0418","sm0119",1
1,"sm0418","sm0264",1
1,"sm0418","sm0277",1
1,"sm0418","sm0131",3
1,"sm0418","sm0344",3
1,"sm0418","sm0457",3
1,"sm0418","sm0461",3
1,"sm0418","sm0462",4
1,"sm0418","sm0352",4
1,"sm0418","sm0270",4
1,"sm0418","sm0344",4
1,"sm0418","sm0243",5
1,"sm0418","sm0281",5
1,"sm0418","sm0316",5
1,"sm0418","sm0121",6
1,"sm0418","sm0344",6
1,"sm0418","sm0028",7
1,"sm0418","sm0495",8
1,"sm0418","sm0094",8
1,"sm0418","sm0312",9
1,"sm0418","sm0093",9
1,"sm0418","sm0243",9
1,"sm0418","sm0495",9
1,"sm0418","sm0153",10
1,"sm0418","sm0319",10
1,"sm0420","sm0368",1
1,"sm0420","sm0144",1
1,"sm0420","sm0329",4
1,"sm0420","sm0313",4
1,"sm0420","sm0228",4
1,"sm0420","sm0458",5
1,"sm0420","sm0062",6
1,"sm0420","sm0052",6
1,"sm0420","sm0139",6
1,"sm0420","sm0222",6
1,"sm0420","sm0381",7
1,"sm0420","sm0019",7
1,"sm0420","sm0112",7
1,"sm0420","sm0227",7
1,"sm0420","sm0424",8
1,"sm0420","sm0465",8
1,"sm0420","sm0417",9
1,"sm0420","sm0367",9
1,"sm0420","sm0010",9
1,"sm0420","sm0313",9
1,"sm0421","sm0480",1
1,"sm0421","sm0144",1
1,"sm0421","sm0178",1
1,"sm0421","sm0122",1
1,"sm0421","sm0058",3
1,"sm0421","sm0022",3
1,"sm0421","sm0253",4
1,"sm0421","sm0213",4
1,"sm0421","sm0269",5
1,"sm0421","sm0187",5
1,"sm0421","sm0050",6
1,"sm0421","sm0222",7
1,"sm0421","sm0035",8
1,"sm0421","sm0183",8
1,"sm0421","sm0238",8
1,"sm0421","sm0420",9
1,"sm0421","sm0327",10
1,"sm0421","sm0157",10
1,"sm0422","sm0060",1
1,"sm0422","sm0093",1
1,"sm0422","sm0445",1
1,"sm0422","sm0112",3
1,"sm0422","sm0445",3
1,"sm0422","sm0367",4
1,"sm0422","sm0076",4
1,"sm0422","sm0029",5
1,"sm0422","sm0397",5
1,"sm0422","sm0366",5
1,"sm0422","sm0088",6
1,"sm0422","sm0022",6
1,"sm0422","sm0117",6
1,"sm0422","sm0198",7
1,"sm0422","sm0048",7
1,"sm0422","sm0277",8
1,"sm0422","sm0264",8
1,"sm0422","sm0368",9
1,"sm0422","sm0401",10
1,"sm0422","sm0225",10
1,"sm0422","sm0280",10
1,"sm0424","sm0222",1
1,"sm0424","sm0118",1
1,"sm0424","sm0213",1
1,"sm0424","sm0258",1
1,"sm0424","sm0259",2
1,"sm0424","sm0371",2
1,"sm0424","sm0277",2
1,"sm0424","sm0178",2
1,"sm0424","sm0468",5
1,"sm0424","sm0457",5
1,"sm0424","sm0477",5
1,"sm0424","sm0176",6
1,"sm0424","sm0291",6
1,"sm0424","sm0074",6
1,"sm0424","sm0351",6
1,"sm0424","sm0110",8
1,"sm0424","sm0223",10
1,"sm0425","sm0458",1
1,"sm0425","sm0282",1
1,"sm0425","sm0016",2
1,"sm0425","sm0156",2
1,"sm0425","sm0061",2
1,"sm0425","sm0376",2
1,"sm0425","sm0022",4
1,"sm0425","sm0321",6
1,"sm0425","sm0042",7
1,"sm0425","sm0385",7
1,"sm0425","sm0030",7
1,"sm0425","sm0163",7
1,"sm0426","sm0458",1
1,"sm0426","sm0337",1
1,"sm0426","sm0123",1
1,"sm0426","sm0415",1
1,"sm0426","sm0093",2
1,"sm0426","sm0019",2
1,"sm0426","sm0113",2
1,"sm0426","sm0266",3
1,"sm0426","sm0174",3
1,"sm0426","sm0203",4
1,"sm0426","sm0379",5
1,"sm0426","sm0468",5
1,"sm0426","sm0046",5
1,"sm0426","sm0097",6
1,"sm0426","sm0139",6
1,"sm0426","sm0322",6
1,"sm0426","sm0220",6
1,"sm0426","sm0282",7
1,"sm0426","sm0375",7
1,"sm0426","sm0230",8
1,"sm0426","sm0138",9
1,"sm0426","sm0192",10
1,"sm0427","sm0134",1
1,"sm0427","sm0144",2
1,"sm0427","sm0051",2
1,"sm0427","sm0124",2
1,"sm0427","sm0048",5
1,"sm0427","sm0053",5
1,"sm0427","sm0384",6
1,"sm0427","sm0024",7
1,"sm0427","sm0113",7
1,"sm0427","sm0263",8
1,"sm0427","sm0104",8
1,"sm0427","sm0186",8
1,"sm0427","sm0438",8
1,"sm0427","sm0047",9
1,"sm0427","sm0074",9
1,"sm0427","sm0216",10
1,"sm0427","sm0330",10
1,"sm0427","sm0213",10
1,"sm0428","sm0147",1
1,"sm0428","sm0401",1
1,"sm0428","sm0321",1
1,"sm0428","sm0112",1
1,"sm0428","sm0084",4
1,"sm0428","sm0062",5
1,"sm0428","sm0061",5
1,"sm0428","sm0394",5
1,"sm0428","sm0228",5
1,"sm0428","sm0140",6
1,"sm0428","sm0051",6
1,"sm0428","sm0041",7
1,"sm0428","sm0281",8
1,"sm0428","sm0465",8
1,"sm0428","sm0293",8
1,"sm0428","sm0269",8
1,"sm0428","sm0030",9
1,"sm0428","sm0442",9
1,"sm0428","sm0088",10
1,"sm0428","sm0133",10
1,"sm0428","sm0019",10
1,"sm0428","sm0006",10
1,"sm0429","sm0451",2
1,"sm0429","sm0051",3
1,"sm0429","sm0183",5
1,"sm0429","sm0209",7
1,"sm0429","sm0169",7
1,"sm0429","sm0117",8
1,"sm0429","sm0381",8
1,"sm0429","sm0024",8
1,"sm0429","sm0061",8
1,"sm0429","sm0106",9
1,"sm0429","sm0280",9
1,"sm0429","sm0420",9
1,"sm0430","sm0299",1
1,"sm0430","sm0280",1
1,"sm0430","sm0041",1
1,"sm0430","sm0372",1
1,"sm0430","sm0383",2
1,"sm0430","sm0414",2
1,"sm0430","sm0344",2
1,"sm0430","sm0159",4
1,"sm0430","sm0079",4
1,"sm0430","sm0366",4
1,"sm0430","sm0451",5
1,"sm0430","sm0022",5
1,"sm0430","sm0199",6
1,"sm0430","sm0062",7
1,"sm0430","sm0158",9
1,"sm0430","sm0302",9
1,"sm0430","sm0185",9
1,"sm0430","sm0364",9
1,"sm0430","sm0298",10
1,"sm0430","sm0251",10
1,"sm0430","sm0048",10
1,"sm0431","sm0321",1
1,"sm0431","sm0230",2
1,"sm0431","sm0084",2
1,"sm0431","sm0128",2
1,"sm0431","sm0488",3
1,"sm0431","sm0393",3
1,"sm0431","sm0144",3
1,"sm0431","sm0255",4
1,"sm0431","sm0337",7
1,"sm0431","sm0271",8
1,"sm0431","sm0253",8
1,"sm0431","sm0489",8
1,"sm0431","sm0416",8
1,"sm0431","sm0132",9
1,"sm0431","sm0445",9
1,"sm0431","sm0363",9
1,"sm0431","sm0478",9
1,"sm0431","sm0276",10
1,"sm0431","sm0464",10
1,"sm0432","sm0104",1
1,"sm0432","sm0082",1
1,"sm0432","sm0249",1
1,"sm0432","sm0367",2
1,"sm0432","sm0306",2
1,"sm0432","sm0202",3
1,"sm0432","sm0281",3
1,"sm0432","sm0300",3
1,"sm0432","sm0121",4
1,"sm0432","sm0488",4
1,"sm0432","sm0175",4
1,"sm0432","sm0003",4
1,"sm0432","sm0068",5
1,"sm0432","sm0405",5
1,"sm0432","sm0280",5
1,"sm0432","sm0368",5
1,"sm0432","sm0001",6
1,"sm0432","sm0322",7
1,"sm0432","sm0313",8
1,"sm0432","sm0463",8
1,"sm0432","sm0231",8
1,"sm0432","sm0232",10
1,"sm0432","sm0315",10
1,"sm0432","sm0169",10
1,"sm0432","sm0289",10
1,"sm0434","sm0183",1
1,"sm0434","sm0020",1
1,"sm0434","sm0435",1
1,"sm0434","sm0068",2
1,"sm0434","sm0332",2
1,"sm0434","sm0430",2
1,"sm0434","sm0298",3
1,"sm0434","sm0255",3
1,"sm0434","sm0363",3
1,"sm0434","sm0484",7
1,"sm0434","sm0376",7
1,"sm0434","sm0250",9
1,"sm0434","sm0076",9
1,"sm0434","sm0053",10
1,"sm0435","sm0302",1
1,"sm0435","sm0332",1
1,"sm0435","sm0443",1
1,"sm0435","sm0275",2
1,"sm0435","sm0414",2
1,"sm0435","sm0198",3
1,"sm0435","sm0381",3
1,"sm0435","sm0384",6
1,"sm0435","sm0231",7
1,"sm0435","sm0051",7
1,"sm0435","sm0422",7
1,"sm0435","sm0302",7
1,"sm0435","sm0153",9
1,"sm0435","sm0466",9
1,"sm0435","sm0494",9
1,"sm0435","sm0280",10
1,"sm0437","sm0153",1
1,"sm0437","sm0036",1
1,"sm0437","sm0138",2
1,"sm0437","sm0473",2
1,"sm0437","sm0422",2
1,"sm0437","sm0217",2
1,"sm0437","sm0317",3
1,"sm0437","sm0227",4
1,"sm0437","sm0183",4
1,"sm0437","sm0204",4
1,"sm0437","sm0469",4
1,"sm0437","sm0266",5
1,"sm0437","sm0203",5
1,"sm0437","sm0048",5
1,"sm0437","sm0068",6
1,"sm0437","sm0462",6
1,"sm0437","sm0424",8
1,"sm0437","sm0046",9
1,"sm0437","sm0263",9
1,"sm0437","sm0061",9
1,"sm0437","sm0438",9
1,"sm0438","sm0001",1
1,"sm0438","sm0180",1
1,"sm0438","sm0324",2
1,"sm0438","sm0067",2
1,"sm0438","sm0187",2
1,"sm0438","sm0343",3
1,"sm0438","sm0382",3
1,"sm0438","sm0301",4
1,"sm0438","sm0432",4
1,"sm0438","sm0222",4
1,"sm0438","sm0476",5
1,"sm0438","sm0281",6
1,"sm0438","sm0490",9
1,"sm0438","sm0002",9
1,"sm0438","sm0282",10
1,"sm0438","sm0372",10
1,"sm0438","sm0275",10
1,"sm0438","sm0367",10
1,"sm0442","sm0071",2
1,"sm0442","sm0138",2
1,"sm0442","sm0204",2
1,"sm0442","sm0160",2
1,"sm0442","sm0478",3
1,"sm0442","sm0444",4
1,"sm0442","sm0086",4
1,"sm0442","sm0394",5
1,"sm0442","sm0229",5
1,"sm0442","sm0339",6
1,"sm0442","sm0132",6
1,"sm0442","sm0204",6
1,"sm0442","sm0488",7
1,"sm0442","sm0081",7
1,"sm0442","sm0411",7
1,"sm0442","sm0366",8
1,"sm0442","sm0100",8
1,"sm0442","sm0383",8
1,"sm0442","sm0406",9
1,"sm0443","sm0306",1
1,"sm0443","sm0082",1
1,"sm0443","sm0261",1
1,"sm0443","sm0031",3
1,"sm0443","sm0185",3
1,"sm0443","sm0003",6
1,"sm0443","sm0351",6
1,"sm0443","sm0488",6
1,"sm0443","sm0376",7
1,"sm0443","sm0294",7
1,"sm0443","sm0250",8
1,"sm0443","sm0031",9
1,"sm0443","sm0116",10
1,"sm0443","sm0256",10
1,"sm0443","sm0127",10
1,"sm0443","sm0363",10
1,"sm0444","sm0468",2
1,"sm0444","sm0457",2
1,"sm0444","sm0127",2
1,"sm0444","sm0001",2
1,"sm0444","sm0252",3
1,"sm0444","sm0209",3
1,"sm0444","sm0348",3
1,"sm0444","sm0031",3
1,"sm0444","sm0293",4
1,"sm0444","sm0458",4
1,"sm0444","sm0238",4
1,"sm0444","sm0247",4
1,"sm0444","sm0105",5
1,"sm0444","sm0159",5
1,"sm0444","sm0209",5
1,"sm0444","sm0024",6
1,"sm0444","sm0153",6
1,"sm0444","sm0252",6
1,"sm0444","sm0212",6
1,"sm0444","sm0204",7
1,"sm0444","sm0079",7
1,"sm0444","sm0248",7
1,"sm0444","sm0001",7
1,"sm0444","sm0001",8
1,"sm0444","sm0384",8
1,"sm0444","sm0372",9
1,"sm0444","sm0062",10
1,"sm0444","sm0123",10
1,"sm0444","sm0405",10
1,"sm0445","sm0352",1
1,"sm0445","sm0389",5
1,"sm0445","sm0406",5
1,"sm0445","sm0164",5
1,"sm0445","sm0342",5
1,"sm0445","sm0294",6
1,"sm0445","sm0159",6
1,"sm0445","sm0330",8
1,"sm0445","sm0003",8
1,"sm0445","sm0299",9
1,"sm0445","sm0187",9
1,"sm0445","sm0158",10
1,"sm0445","sm0169",10
1,"sm0448","sm0275",1
1,"sm0448","sm0351",1
1,"sm0448","sm0431",2
1,"sm0448","sm0466",2
1,"sm0448","sm0017",2
1,"sm0448","sm0282",3
1,"sm0448","sm0452",4
1,"sm0448","sm0405",4
1,"sm0448","sm0169",4
1,"sm0448","sm0255",5
1,"sm0448","sm0458",5
1,"sm0448","sm0148",6
1,"sm0448","sm0112",6
1,"sm0448","sm0364",6
1,"sm0448","sm0150",8
1,"sm0448","sm0349",8
1,"sm0448","sm0417",8
1,"sm0448","sm0347",9
1,"sm0448","sm0223",9
1,"sm0448","sm0091",9
1,"sm0448","sm0488",9
1,"sm0448","sm0247",10
1,"sm0448","sm0394",10
1,"sm0449","sm0270",1
1,"sm0449","sm0035",1
1,"sm0449","sm0490",2
1,"sm0449","sm0401",4
1,"sm0449","sm0064",4
1,"sm0449","sm0448",4
1,"sm0449","sm0088",5
1,"sm0449","sm0033",5
1,"sm0449","sm0055",5
1,"sm0449","sm0420",7
1,"sm0449","sm0252",7
1,"sm0449","sm0291",7
1,"sm0449","sm0381",8
1,"sm0451","sm0427",3
1,"sm0451","sm0367",4
1,"sm0451","sm0326",5
1,"sm0451","sm0494",5
1,"sm0451","sm0055",5
1,"sm0451","sm0422",5
1,"sm0451","sm0432",6
1,"sm0451","sm0225",6
1,"sm0451","sm0410",6
1,"sm0451","sm0330",6
1,"sm0451","sm0385",8
1,"sm0451","sm0252",8
1,"sm0451","sm0332",9
1,"sm0451","sm0062",9
1,"sm0451","sm0081",9
1,"sm0451","sm0144",9
1,"sm0451","sm0254",10
1,"sm0452","sm0165",2
1,"sm0452","sm0339",2
1,"sm0452","sm0343",2
1,"sm0452","sm0209",3
1,"sm0452","sm0364",4
1,"sm0452","sm0340",4
1,"sm0452","sm0096",4
1,"sm0452","sm0167",4
1,"sm0452","sm0012",5
1,"sm0452","sm0248",6
1,"sm0452","sm0416",6
1,"sm0452","sm0105",6
1,"sm0452","sm0414",6
1,"sm0452","sm0046",7
1,"sm0452","sm0196",8
1,"sm0452","sm0414",8
1,"sm0452","sm0444",8
1,"sm0452","sm0141",9
1,"sm0455","sm0223",1
1,"sm0455","sm0122",1
1,"sm0455","sm0156",2
1,"sm0455","sm0462",2
1,"sm0455","sm0271",2
1,"sm0455","sm0390",2
1,"sm0455","sm0498",3
1,"sm0455","sm0300",3
1,"sm0455","sm0229",3
1,"sm0455","sm0086",3
1,"sm0455","sm0156",6
1,"sm0455","sm0210",6
1,"sm0455","sm0337",6
1,"sm0455","sm0266",7
1,"sm0455","sm0050",8
1,"sm0455","sm0031",8
1,"sm0455","sm0360",8
1,"sm0455","sm0106",9
1,"sm0455","sm0139",9
1,"sm0455","sm0203",10
1,"sm0455","sm0339",10
1,"sm0455","sm0041",10
1,"sm0455","sm0160",10
1,"sm0457","sm0430",1
1,"sm0457","sm0428",1
1,"sm0457","sm0371",2
1,"sm0457","sm0385",2
1,"sm0457","sm0276",2
1,"sm0457","sm0465",3
1,"sm0457","sm0291",3
1,"sm0457","sm0277",5
1,"sm0457","sm0054",5
1,"sm0457","sm0452",5
1,"sm0457","sm0229",5
1,"sm0457","sm0122",6
1,"sm0457","sm0332",6
1,"sm0457","sm0390",7
1,"sm0457","sm0371",7
1,"sm0457","sm0414",7
1,"sm0457","sm0462",7
1,"sm0457","sm0451",8
1,"sm0457","sm0445",8
1,"sm0457","sm0378",8
1,"sm0457","sm0186",9
1,"sm0458","sm0122",1
1,"sm0458","sm0344",2
1,"sm0458","sm0076",2
1,"sm0458","sm0064",3
1,"sm0458","sm0059",4
1,"sm0458","sm0253",5
1,"sm0458","sm0165",5
1,"sm0458","sm0277",5
1,"sm0458","sm0462",5
1,"sm0458","sm0435",6
1,"sm0458","sm0222",6
1,"sm0458","sm0160",6
1,"sm0458","sm0253",6
1,"sm0458","sm0455",7
1,"sm0458","sm0157",7
1,"sm0458","sm0097",8
1,"sm0458","sm0002",9
1,"sm0458","sm0281",9
1,"sm0458","sm0220",9
1,"sm0458","sm0106",9
1,"sm0461","sm0170",1
1,"sm0461","sm0379",1
1,"sm0461","sm0119",2
1,"sm0461","sm0017",3
1,"sm0461","sm0106",3
1,"sm0461","sm0080",3
1,"sm0461","sm0132",4
1,"sm0461","sm0118",4
1,"sm0461","sm0397",4
1,"sm0461","sm0455",4
1,"sm0461","sm0451",5
1,"sm0461","sm0425",6
1,"sm0461","sm0422",8
1,"sm0461","sm0321",8
1,"sm0461","sm0253",8
1,"sm0461","sm0442",9
1,"sm0461","sm0315",9
1,"sm0461","sm0483",10
1,"sm0461","sm0191",10
1,"sm0461","sm0435",10
1,"sm0462","sm0400",1
1,"sm0462","sm0125",1
1,"sm0462","sm0458",2
1,"sm0462","sm0324",2
1,"sm0462","sm0445",2
1,"sm0462","sm0251",4
1,"sm0462","sm0325",4
1,"sm0462","sm0248",4
1,"sm0462","sm0301",4
1,"sm0462","sm0054",5
1,"sm0462","sm0299",5
1,"sm0462","sm0228",5
1,"sm0462","sm0469",5
1,"sm0462","sm0304",6
1,"sm0462","sm0413",6
1,"sm0462","sm0104",6
1,"sm0462","sm0367",7
1,"sm0462","sm0196",7
1,"sm0462","sm0390",8
1,"sm0462","sm0071",8
1,"sm0462","sm0404",8
1,"sm0462","sm0470",8
1,"sm0462","sm0175",9
1,"sm0462","sm0001",9
1,"sm0462","sm0007",9
1,"sm0462","sm0199",9
1,"sm0462","sm0457",10
1,"sm0463","sm0322",1
1,"sm0463","sm0119",1
1,"sm0463","sm0428",1
1,"sm0463","sm0052",3
1,"sm0463","sm0003",4
1,"sm0463","sm0031",5
1,"sm0463","sm0124",5
1,"sm0463","sm0390",5
1,"sm0463","sm0175",6
1,"sm0463","sm0449",6
1,"sm0463","sm0121",6
1,"sm0463","sm0120",7
1,"sm0463","sm0449",10
1,"sm0463","sm0343",10
1,"sm0463","sm0225",10
1,"sm0464","sm0041",1
1,"sm0464","sm0024",1
1,"sm0464","sm0001",1
1,"sm0464","sm0094",2
1,"sm0464","sm0417",2
1,"sm0464","sm0053",3
1,"sm0464","sm0248",3
1,"sm0464","sm0251",3
1,"sm0464","sm0385",3
1,"sm0464","sm0413",4
1,"sm0464","sm0494",5
1,"sm0464","sm0414",5
1,"sm0464","sm0080",6
1,"sm0464","sm0012",6
1,"sm0464","sm0218",7
1,"sm0464","sm0152",7
1,"sm0464","sm0455",7
1,"sm0464","sm0352",8
1,"sm0464","sm0169",8
1,"sm0464","sm0360",8
1,"sm0464","sm0304",9
1,"sm0464","sm0375",9
1,"sm0465","sm0271",1
1,"sm0465","sm0263",1
1,"sm0465","sm0332",1
1,"sm0465","sm0050",1
1,"sm0465","sm0406",2
1,"sm0465","sm0159",3
1,"sm0465","sm0277",3
1,"sm0465","sm0275",3
1,"sm0465","sm0176",3
1,"sm0465","sm0052",5
1,"sm0465","sm0139",5
1,"sm0465","sm0124",7
1,"sm0465","sm0410",8
1,"sm0465","sm0216",9
1,"sm0465","sm0120",9
1,"sm0465","sm0288",10
1,"sm0465","sm0405",10
1,"sm0465","sm0122",10
1,"sm0465","sm0181",10
1,"sm0466","sm0132",1
1,"sm0466","sm0128",2
1,"sm0466","sm0087",2
1,"sm0466","sm0299",3
1,"sm0466","sm0375",3
1,"sm0466","sm0464",4
1,"sm0466","sm0192",5
1,"sm0466","sm0067",5
1,"sm0466","sm0468",5
1,"sm0466","sm0178",5
1,"sm0466","sm0406",6
1,"sm0466","sm0024",8
1,"sm0468","sm0319",2
1,"sm0468","sm0255",2
1,"sm0468","sm0442",2
1,"sm0468","sm0330",2
1,"sm0468","sm0120",4
1,"sm0468","sm0410",4
1,"sm0468","sm0019",4
1,"sm0468","sm0223",4
1,"sm0468","sm0157",5
1,"sm0468","sm0302",5
1,"sm0468","sm0150",5
1,"sm0468","sm0280",6
1,"sm0468","sm0080",6
1,"sm0468","sm0196",6
1,"sm0468","sm0428",6
1,"sm0468","sm0263",7
1,"sm0468","sm0064",7
1,"sm0468","sm0154",7
1,"sm0468","sm0003",8
1,"sm0468","sm0474",8
1,"sm0468","sm0191",9
1,"sm0468","sm0140",9
1,"sm0468","sm0096",9
1,"sm0468","sm0294",10
1,"sm0468","sm0048",10
1,"sm0468","sm0490",10
1,"sm0468","sm0313",10
1,"sm0469","sm0050",1
1,"sm0469","sm0213",1
1,"sm0469","sm0283",1
1,"sm0469","sm0144",2
1,"sm0469","sm0113",2
1,"sm0469","sm0223",3
1,"sm0469","sm0167",3
1,"sm0469","sm0209",3
1,"sm0469","sm0017",5
1,"sm0469","sm0384",6
1,"sm0469","sm0037",8
1,"sm0469","sm0400",8
1,"sm0469","sm0036",9
1,"sm0469","sm0291",9
1,"sm0469","sm0231",9
1,"sm0469","sm0231",10
1,"sm0469","sm0348",10
1,"sm0469","sm0298",10
1,"sm0470","sm0082",1
1,"sm0470","sm0081",3
1,"sm0470","sm0112",3
1,"sm0470","sm0133",4
1,"sm0470","sm0410",6
1,"sm0470","sm0184",6
1,"sm0470","sm0378",7
1,"sm0470","sm0034",7
1,"sm0470","sm0158",7
1,"sm0470","sm0022",8
1,"sm0470","sm0164",9
1,"sm0470","sm0354",9
1,"sm0470","sm0430",9
1,"sm0473","sm0033",1
1,"sm0473","sm0092",1
1,"sm0473","sm0127",1
1,"sm0473","sm0428",1
1,"sm0473","sm0259",2
1,"sm0473","sm0241",2
1,"sm0473","sm0170",2
1,"sm0473","sm0119",2
1,"sm0473","sm0126",3
1,"sm0473","sm0238",3
1,"sm0473","sm0030",5
1,"sm0473","sm0028",5
1,"sm0473","sm0328",5
1,"sm0473","sm0313",6
1,"sm0473","sm0210",6
1,"sm0473","sm0252",7
1,"sm0473","sm0035",7
1,"sm0473","sm0283",8
1,"sm0473","sm0185",8
1,"sm0473","sm0262",8
1,"sm0473","sm0076",9
1,"sm0473","sm0415",10
1,"sm0473","sm0003",10
1,"sm0473","sm0294",10
1,"sm0473","sm0255",10
1,"sm0474","sm0442",2
1,"sm0474","sm0418",2
1,"sm0474","sm0148",2
1,"sm0474","sm0208",3
1,"sm0474","sm0118",3
1,"sm0474","sm0183",3
1,"sm0474","sm0367",3
1,"sm0474","sm0091",4
1,"sm0474","sm0427",4
1,"sm0474","sm0204",4
1,"sm0474","sm0283",5
1,"sm0474","sm0036",5
1,"sm0474","sm0067",5
1,"sm0474","sm0352",5
1,"sm0474","sm0256",8
1,"sm0474","sm0466",9
1,"sm0474","sm0185",10
1,"sm0474","sm0241",10
1,"sm0474","sm0248",10
1,"sm0476","sm0218",1
1,"sm0476","sm0059",2
1,"sm0476","sm0444",4
1,"sm0476","sm0330",4
1,"sm0476","sm0170",4
1,"sm0476","sm0224",4
1,"sm0476","sm0196",6
1,"sm0476","sm0232",6
1,"sm0476","sm0176",7
1,"sm0476","sm0208",7
1,"sm0476","sm0204",7
1,"sm0476","sm0222",7
1,"sm0476","sm0371",8
1,"sm0476","sm0165",8
1,"sm0476","sm0444",8
1,"sm0476","sm0058",9
1,"sm0476","sm0458",9
1,"sm0476","sm0022",9
1,"sm0476","sm0426",10
1,"sm0477","sm0494",1
1,"sm0477","sm0113",3
1,"sm0477","sm0293",4
1,"sm0477","sm0354",6
1,"sm0477","sm0128",6
1,"sm0477","sm0188",7
1,"sm0477","sm0072",8
1,"sm0477","sm0308",8
1,"sm0477","sm0375",8
1,"sm0477","sm0212",8
1,"sm0477","sm0183",9
1,"sm0477","sm0466",10
1,"sm0477","sm0432",10
1,"sm0477","sm0017",10
1,"sm0478","sm0219",3
1,"sm0478","sm0002",3
1,"sm0478","sm0370",3
1,"sm0478","sm0337",4
1,"sm0478","sm0128",4
1,"sm0478","sm0261",4
1,"sm0478","sm0131",5
1,"sm0478","sm0220",5
1,"sm0478","sm0138",6
1,"sm0478","sm0253",6
1,"sm0478","sm0360",6
1,"sm0478","sm0046",7
1,"sm0478","sm0247",7
1,"sm0478","sm0317",9
1,"sm0478","sm0348",10
1,"sm0480","sm0006",3
1,"sm0480","sm0328",3
1,"sm0480","sm0154",4
1,"sm0480","sm0299",4
1,"sm0480","sm0116",5
1,"sm0480","sm0418",5
1,"sm0480","sm0429",5
1,"sm0480","sm0258",6
1,"sm0480","sm0319",6
1,"sm0480","sm0158",7
1,"sm0480","sm0458",7
1,"sm0480","sm0013",7
1,"sm0480","sm0339",7
1,"sm0480","sm0340",10
1,"sm0480","sm0084",10
1,"sm0480","sm0276",10
1,"sm0483","sm0223",1
1,"sm0483","sm0325",1
1,"sm0483","sm0169",3
1,"sm0483","sm0333",4
1,"sm0483","sm0150",4
1,"sm0483","sm0470",6
1,"sm0483","sm0127",6
1,"sm0483","sm0181",7
1,"sm0483","sm0269",7
1,"sm0483","sm0138",7
1,"sm0483","sm0053",8
1,"sm0483","sm0198",8
1,"sm0483","sm0495",8
1,"sm0483","sm0120",9
1,"sm0484","sm0478",1
1,"sm0484","sm0306",1
1,"sm0484","sm0203",1
1,"sm0484","sm0277",2
1,"sm0484","sm0025",2
1,"sm0484","sm0332",3
1,"sm0484","sm0105",4
1,"sm0484","sm0001",5
1,"sm0484","sm0178",5
1,"sm0484","sm0048",6
1,"sm0484","sm0321",6
1,"sm0484","sm0363",6
1,"sm0484","sm0416",6
1,"sm0484","sm0225",7
1,"sm0484","sm0079",8
1,"sm0484","sm0229",10
1,"sm0488","sm0421",1
1,"sm0488","sm0118",1
1,"sm0488","sm0422",1
1,"sm0488","sm0452",3
1,"sm0488","sm0106",3
1,"sm0488","sm0002",3
1,"sm0488","sm0108",4
1,"sm0488","sm0028",6
1,"sm0488","sm0275",6
1,"sm0488","sm0042",6
1,"sm0488","sm0010",7
1,"sm0488","sm0282",8
1,"sm0488","sm0128",8
1,"sm0488","sm0060",8
1,"sm0488","sm0019",9
1,"sm0488","sm0289",9
1,"sm0488","sm0271",9
1,"sm0488","sm0306",9
1,"sm0488","sm0076",10
1,"sm0488","sm0385",10
1,"sm0488","sm0359",10
1,"sm0489","sm0304",1
1,"sm0489","sm0167",1
1,"sm0489","sm0452",1
1,"sm0489","sm0381",1
1,"sm0489","sm0230",2
1,"sm0489","sm0104",3
1,"sm0489","sm0222",3
1,"sm0489","sm0497",3
1,"sm0489","sm0180",3
1,"sm0489","sm0370",4
1,"sm0489","sm0280",4
1,"sm0489","sm0217",5
1,"sm0489","sm0435",5
1,"sm0489","sm0313",7
1,"sm0489","sm0321",7
1,"sm0489","sm0127",8
1,"sm0489","sm0067",9
1,"sm0489","sm0289",9
1,"sm0489","sm0006",10
1,"sm0490","sm0184",1
1,"sm0490","sm0216",1
1,"sm0490","sm0442",1
1,"sm0490","sm0213",1
1,"sm0490","sm0253",2
1,"sm0490","sm0316",2
1,"sm0490","sm0432",3
1,"sm0490","sm0140",3
1,"sm0490","sm0148",5
1,"sm0490","sm0093",5
1,"sm0490","sm0138",5
1,"sm0490","sm0324",6
1,"sm0490","sm0058",6
1,"sm0490","sm0384",6
1,"sm0490","sm0024",7
1,"sm0490","sm0143",7
1,"sm0490","sm0209",7
1,"sm0490","sm0112",7
1,"sm0490","sm0208",9
1,"sm0490","sm0033",9
1,"sm0490","sm0302",9
1,"sm0490","sm0093",9
1,"sm0490","sm0019",10
1,"sm0490","sm0443",10
1,"sm0490","sm0077",10
1,"sm0494","sm0147",2
1,"sm0494","sm0360",2
1,"sm0494","sm0283",3
1,"sm0494","sm0041",4
1,"sm0494","sm0328",4
1,"sm0494","sm0227",7
1,"sm0494","sm0451",7
1,"sm0494","sm0371",7
1,"sm0494","sm0360",7
1,"sm0494","sm0455",9
1,"sm0494","sm0317",9
1,"sm0494","sm0062",9
1,"sm0495","sm0252",1
1,"sm0495","sm0165",4
1,"sm0495","sm0025",4
1,"sm0495","sm0497",4
1,"sm0495","sm0351",4
1,"sm0495","sm0233",5
1,"sm0495","sm0241",5
1,"sm0495","sm0020",5
1,"sm0495","sm0109",6
1,"sm0495","sm0242",6
1,"sm0495","sm0247",6
1,"sm0495","sm0117",7
1,"sm0495","sm0222",7
1,"sm0495","sm0427",7
1,"sm0495","sm0139",7
1,"sm0495","sm0181",8
1,"sm0495","sm0020",9
1,"sm0495","sm0484",10
1,"sm0495","sm0035",10
1,"sm0497","sm0288",1
1,"sm0497","sm0144",1
1,"sm0497","sm0326",1
1,"sm0497","sm0126",1
1,"sm0497","sm0397",2
1,"sm0497","sm0301",2
1,"sm0497","sm0212",2
1,"sm0497","sm0351",4
1,"sm0497","sm0097",4
1,"sm0497","sm0217",4
1,"sm0497","sm0238",4
1,"sm0497","sm0308",5
1,"sm0497","sm0430",5
1,"sm0497","sm0019",5
1,"sm0497","sm0120",6
1,"sm0497","sm0100",6
1,"sm0497","sm0457",6
1,"sm0497","sm0122",7
1,"sm0497","sm0192",7
1,"sm0497","sm0414",7
1,"sm0497","sm0007",8
1,"sm0497","sm0255",8
1,"sm0497","sm0105",8
1,"sm0497","sm0298",10
1,"sm0497","sm0252",10
1,"sm0497","sm0170",10
1,"sm0497","sm0024",10
1,"sm0498","sm0406",1
1,"sm0498","sm0178",1
1,"sm0498","sm0154",1
1,"sm0498","sm0389",1
1,"sm0498","sm0466",3
1,"sm0498","sm0022",3
1,"sm0498","sm0112",3
1,"sm0498","sm0050",4
1,"sm0498","sm0097",4
1,"sm0498","sm0147",4
1,"sm0498","sm0405",5
1,"sm0498","sm0275",5
1,"sm0498","sm0309",6
1,"sm0498","sm0432",6
1,"sm0498","sm0074",6
1,"sm0498","sm0093",8
1,"sm0498","sm0382",8
1,"sm0498","sm0425",9
1,"sm0498","sm0410",9
1,"sm0498","sm0372",9
1,"sm0498","sm0181",10
1,"sm0498","sm0199",10
1,"sm0498","sm0034",10
